---------------------------------------------------------------------------------------------------------------------------------------------------------------------------------------------------------------------------------------------------------------
      name:  <unnamed>
       log:  /shared/boston_zoning/working_paper/replication_package/analysis/amenities_mtlines_output/amenities_mtlines_log_2025-04-18.log
  log type:  text
 opened on:  18 Apr 2025, 11:00:24

. 
. 
. ********************************************************************************
. * File name:            amenities_mtlines.do
. *
. * Project title:        Boston Zoning Paper
. *
. * Description:          This is primarily a robustness focused file that tests the 
. *                   model against various amenities indicators to check if there
. *                   is any discontinuity across boundaries.
. *
. * Inputs:                   mt_orthogonal_dist_100m_07-01-22_v2.dta
. *                                   dist_south_station_2022_09_29.csv
. *                   transit_distance.csv
. *                   soil_quality_matches.dta
. *                   warren_group_walkability.dta
. *                   within_town_analysis_data.dta
. *
. * Outputs:                  amenities_table_road.tex
. *                       coef_road_du.gph (pdf)
. *                       coef_road_he.gph (pdf)
. *                   amenities_table_river.tex
. *                       coef_river_mf.gph (pdf)
. *                   amenities_table_space.tex
. *                       coef_psace_mfdu.gph (pdf)
. *                   amenities_table_school.tex
. *                       coef_school_duhe.gph (pdf)
. *                   amenities_table_center.tex
. *                       coef_center_mfhe.gph (pdf)
. *                   amenities_table_transit.tex
. *                       coef_transit_du.gph (pdf)
. *                   amenities_table_slope.tex
. *                       coef_slope_du.gph (pdf)
. *                       coef_slope_mfdu.gph (pdf)
. *                   amenities_table_slope15.tex
. *                       (no graphs)
. *                   amenities_table_depth.tex
. *                       coef_depht_mfdu.gph (pdf)
. *                   amenities_table_sand.tex
. *                       coef_sand_duhe.gph (pdf)
. *                   amenities_table_clay.tex
. *                       coef_clay_mfdu.gph (pdf)
. *                   amenities_table_walkability.tex
. *                       (no graphs)
. *                   amenities_table_emplmix.tex
. *                       (no graphs)
. *
. * Created:                  06/23/2021
. * Updated:                  03/17/2025
. ********************************************************************************
. 
. * confirm that all input data files are present under $DATAPATH
. confirm file "$DATAPATH/mt_orthogonal_dist_100m_07-01-22_v2.dta"

. confirm file "$DATAPATH/dist_south_station_2022_09_29.csv"

. confirm file "$DATAPATH/transit_distance.csv"

. confirm file "$DATAPATH/soil_quality_matches.dta"

. confirm file "$DATAPATH/warren_group_walkability.dta"

. confirm file "$DATAPATH/within_town_analysis_data.dta"

. 
. 
. ********************************************************************************
. ** load and tempsave the mt lines data
. ********************************************************************************
. use "$DATAPATH/mt_orthogonal_dist_100m_07-01-22_v2.dta", clear

. 
. destring prop_id, replace
prop_id: all characters numeric; replaced as long

. 
. tempfile mtlines

. save `mtlines', replace
(file /tmp/343956.1.sta.q/St2124155.000001 not found)
file /tmp/343956.1.sta.q/St2124155.000001 saved as .dta format

. 
. 
. ********************************************************************************
. ** load and tempsave the transit data
. ********************************************************************************
. import delimited "$DATAPATH/dist_south_station_2022_09_29.csv", clear stringcols(_all)
(encoding automatically selected: ISO-8859-1)
(10 vars, 303 obs)

. 
. tempfile dist_south_station

. save `dist_south_station', replace
(file /tmp/343956.1.sta.q/St2124155.000002 not found)
file /tmp/343956.1.sta.q/St2124155.000002 saved as .dta format

. 
. import delimited "$DATAPATH/transit_distance.csv", clear stringcols(_all)
(encoding automatically selected: ISO-8859-1)
(10 vars, 821,237 obs)

. 
. merge m:1 station_id using `dist_south_station'

    Result                      Number of obs
    -----------------------------------------
    Not matched                            11
        from master                         0  (_merge==1)
        from using                         11  (_merge==2)

    Matched                           821,237  (_merge==3)
    -----------------------------------------

.                 
.                 * merge error check
.                 sum _merge

    Variable |        Obs        Mean    Std. dev.       Min        Max
-------------+---------------------------------------------------------
      _merge |    821,248    2.999987    .0036598          2          3

.                 assert `r(N)' ==  821248

.                 assert `r(sum_w)' ==  821248

.                 assert `r(mean)' ==  2.999986605751247

.                 assert `r(Var)' ==  .0000133940856566

.                 assert `r(sd)' ==  .0036597931166456

.                 assert `r(min)' ==  2

.                 assert `r(max)' ==  3

.                 assert `r(sum)' ==  2463733

. 
.                 drop if _merge == 2
(11 observations deleted)

.                 drop _merge

.         
. keep prop_id station_id station_name distance_m_* length_m

. 
. destring prop_id distance_m_* length_m, replace
prop_id: all characters numeric; replaced as long
distance_m_euc: all characters numeric; replaced as double
distance_m_man: all characters numeric; replaced as double
length_m: all characters numeric; replaced as long
(3660 missing values generated)

. 
. gen transit_dist_m = distance_m_man + length_m
(3,660 missing values generated)

. 
. tempfile transit

. save `transit', replace
(file /tmp/343956.1.sta.q/St2124155.000003 not found)
file /tmp/343956.1.sta.q/St2124155.000003 saved as .dta format

. 
. 
. ********************************************************************************
. ** load and tempsave the soil data //new variables added 19.05.2024
. ********************************************************************************
. use "$DATAPATH/soil_quality_matches.dta", clear // bringing back the old soil data

. 
. keep prop_id avg_slope slope_15 avg_restri avg_sand avg_clay

. 
. destring  avg_slope slope_15 avg_restri avg_sand avg_clay, replace
avg_slope: all characters numeric; replaced as double
(164372 missing values generated)
slope_15: all characters numeric; replaced as double
(164372 missing values generated)
avg_restri: all characters numeric; replaced as double
(164372 missing values generated)
avg_sand: all characters numeric; replaced as double
(164372 missing values generated)
avg_clay: all characters numeric; replaced as double
(164372 missing values generated)

. 
. tempfile soil

. save `soil', replace
(file /tmp/343956.1.sta.q/St2124155.000004 not found)
file /tmp/343956.1.sta.q/St2124155.000004 saved as .dta format

. 
. 
. ********************************************************************************
. ** load and tempsave the walk score data 19.05.2024
. ********************************************************************************
. use "$DATAPATH/warren_group_walkability.dta" // set to file path

. 
. keep prop_id d2b_e8mixa d2a_ephhm d3b d2a_ranked d2b_ranked d3b_ranked natwalkind

. 
. tempfile walkscore

. save `walkscore', replace
(file /tmp/343956.1.sta.q/St2124155.000005 not found)
file /tmp/343956.1.sta.q/St2124155.000005 saved as .dta format

. 
. 
. ********************************************************************************
. ** create working dataset
. ********************************************************************************
. use "$DATAPATH/within_town_analysis_data.dta", clear

. 
. 
. ********************************************************************************
. ** merge on transit data
. ********************************************************************************
. merge m:1 prop_id using `transit'

    Result                      Number of obs
    -----------------------------------------
    Not matched                       443,044
        from master                         0  (_merge==1)
        from using                    443,044  (_merge==2)

    Matched                         3,199,248  (_merge==3)
    -----------------------------------------

.         
.         * merge error check
.         sum _merge

    Variable |        Obs        Mean    Std. dev.       Min        Max
-------------+---------------------------------------------------------
      _merge |  3,642,292    2.878361    .3268682          2          3

.         assert `r(N)' ==  3642292

.         assert `r(sum_w)' ==  3642292

.         assert `r(mean)' ==  2.878361207723049

.         assert `r(Var)' ==  .1068428258243096

.         assert `r(sd)' ==  .3268682086473226

.         assert `r(min)' ==  2

.         assert `r(max)' ==  3

.         assert `r(sum)' ==  10483832

.         
.         drop if _merge == 2
(443,044 observations deleted)

.         drop _merge

. 
.         
. ********************************************************************************
. ** merge on soil quality data
. ********************************************************************************
. merge m:1 prop_id using `soil'

    Result                      Number of obs
    -----------------------------------------
    Not matched                       443,044
        from master                         0  (_merge==1)
        from using                    443,044  (_merge==2)

    Matched                         3,199,248  (_merge==3)
    -----------------------------------------

.         
.         * merge error check
.         sum _merge

    Variable |        Obs        Mean    Std. dev.       Min        Max
-------------+---------------------------------------------------------
      _merge |  3,642,292    2.878361    .3268682          2          3

.         assert `r(N)' ==  3642292

.         assert `r(sum_w)' ==  3642292

.         assert `r(mean)' ==  2.878361207723049

.         assert `r(Var)' ==  .1068428258243096

.         assert `r(sd)' ==  .3268682086473226

.         assert `r(min)' ==  2

.         assert `r(max)' ==  3

.         assert `r(sum)' ==  10483832

. 
.         drop if _merge == 2
(443,044 observations deleted)

.         drop _merge

. 
.         
. ********************************************************************************
. ** merge on mt lines to keep straight line properties
. ********************************************************************************
. merge m:1 prop_id using `mtlines', keepusing(straight_line)

    Result                      Number of obs
    -----------------------------------------
    Not matched                       201,049
        from master                         0  (_merge==1)
        from using                    201,049  (_merge==2)

    Matched                         3,199,248  (_merge==3)
    -----------------------------------------

.         
.         * merge error check
.         sum _merge

    Variable |        Obs        Mean    Std. dev.       Min        Max
-------------+---------------------------------------------------------
      _merge |  3,400,297    2.940873    .2358621          2          3

.         assert `r(N)' ==  3400297

.         assert `r(sum_w)' ==  3400297

.         assert `r(mean)' ==  2.940873106084557

.         assert `r(Var)' ==  .0556309206919615

.         assert `r(sd)' ==  .235862079809285

.         assert `r(min)' ==  2

.         assert `r(max)' ==  3

.         assert `r(sum)' ==  9999842

. 
.         drop if _merge == 2
(201,049 observations deleted)

.         drop _merge

. 
. keep if straight_line == 1  // <-- drops non-straight line properties
(2,237,233 observations deleted)

. 
. 
. ********************************************************************************
. ** merge on walkscore variables 
. ********************************************************************************
. merge m:1 prop_id using `walkscore', 

    Result                      Number of obs
    -----------------------------------------
    Not matched                       466,112
        from master                         0  (_merge==1)
        from using                    466,112  (_merge==2)

    Matched                           962,015  (_merge==3)
    -----------------------------------------

.     sum _merge

    Variable |        Obs        Mean    Std. dev.       Min        Max
-------------+---------------------------------------------------------
      _merge |  1,428,127     2.67362    .4688883          2          3

.     drop if _merge == 2
(466,112 observations deleted)

.     drop _merge 

. 
. 
. ********************************************************************************
. ** drop out of scope years
. ********************************************************************************
. keep if (year >= 2010 & year <= 2018)
(0 observations deleted)

. 
. tab year

       year |      Freq.     Percent        Cum.
------------+-----------------------------------
       2010 |    104,264       10.84       10.84
       2011 |    107,230       11.15       21.98
       2012 |    106,561       11.08       33.06
       2013 |    106,732       11.09       44.16
       2014 |    105,275       10.94       55.10
       2015 |    107,440       11.17       66.27
       2016 |    107,865       11.21       77.48
       2017 |    108,234       11.25       88.73
       2018 |    108,414       11.27      100.00
------------+-----------------------------------
      Total |    962,015      100.00

. 
. 
. ********************************************************************************
. ** gen amenity variables
. ********************************************************************************
. gen dist_school = closest_school_dist

. gen dist_center = closest_city_dist

. gen dist_road = closest_road_dist

. gen dist_river = closest_river_dist

. gen dist_space = closest_green_dist

. 
. gen transit_dist = transit_dist_m/1609
(6,421 missing values generated)

. 
. gen soil_avgslope = avg_slope
(182,953 missing values generated)

. gen soil_slope15 = slope_15
(182,953 missing values generated)

. gen soil_avgrestri = avg_restri
(182,953 missing values generated)

. gen soil_avgsand = avg_sand
(182,953 missing values generated)

. gen soil_avgclay = avg_clay
(182,953 missing values generated)

. 
. 
. ********************************************************************************
. ** distance to highway 
. ********************************************************************************
. ** regressions
. quietly eststo road_du: reg dist_road ib26.dist3 i.lam_seg i.year if year==2018 & (dist_both<=0.21 & dist_both>=-0.2 & only_du == 1 & res_typex !="Condominiums") , vce(cluster lam_seg)

. sum dist_road if only_du == 1 & year==2018 & (dist_both<=0.02 & dist_both>0) & res_typex != "Condominiums" 

    Variable |        Obs        Mean    Std. dev.       Min        Max
-------------+---------------------------------------------------------
   dist_road |      4,487    .2270223     .228046   .0010556   1.281684

. sum dist_road if only_du == 1 & year==2018 & (dist_both<=0 & dist_both>-0.02) & res_typex != "Condominiums"

    Variable |        Obs        Mean    Std. dev.       Min        Max
-------------+---------------------------------------------------------
   dist_road |      3,461    .2069163    .2159999   .0024783   1.400412

.         
. quietly eststo road_duhe: reg dist_road ib26.dist3 i.lam_seg i.year if year==2018 & (dist_both<=0.21 & dist_both>=-0.2 & du_he == 1 & res_typex !="Condominiums") , vce(cluster lam_seg)

. sum dist_road if du_he == 1 & year==2018 & (dist_both<=0.02 & dist_both>0) & res_typex != "Condominiums" 

    Variable |        Obs        Mean    Std. dev.       Min        Max
-------------+---------------------------------------------------------
   dist_road |        565    .0660841    .0614524   .0012665   .4031383

. sum dist_road if du_he == 1 & year==2018 & (dist_both<=0 & dist_both>-0.02) & res_typex != "Condominiums"

    Variable |        Obs        Mean    Std. dev.       Min        Max
-------------+---------------------------------------------------------
   dist_road |        711    .0684712    .0620955   .0041209   .4032276

. 
. quietly eststo road_mfdu: reg dist_road ib26.dist3 i.lam_seg i.year if year==2018 & (dist_both<=0.21 & dist_both>=-0.2 & mf_du == 1 & res_typex !="Condominiums") , vce(cluster lam_seg)

. sum dist_road if mf_du == 1 & year==2018 & (dist_both<=0.02 & dist_both>0) & res_typex != "Condominiums" 

    Variable |        Obs        Mean    Std. dev.       Min        Max
-------------+---------------------------------------------------------
   dist_road |      1,983    .1326872    .1032312   .0039332   .5836043

. sum dist_road if mf_du == 1 & year==2018 & (dist_both<=0 & dist_both>-0.02) & res_typex != "Condominiums"

    Variable |        Obs        Mean    Std. dev.       Min        Max
-------------+---------------------------------------------------------
   dist_road |      1,979     .133727    .1015776   .0036978   .6327035

. 
. quietly eststo road_mf: reg dist_road ib26.dist3 i.lam_seg i.year if year==2018 & (dist_both<=0.21 & dist_both>=-0.2 & only_mf== 1 & res_typex !="Condominiums") , vce(cluster lam_seg)

. sum dist_road if only_mf == 1 & year==2018 & (dist_both<=0.02 & dist_both>0) & res_typex != "Condominiums" 

    Variable |        Obs        Mean    Std. dev.       Min        Max
-------------+---------------------------------------------------------
   dist_road |        387    .1236954    .0844375   .0020515   .7823246

. sum dist_road if only_mf == 1 & year==2018 & (dist_both<=0 & dist_both>-0.02) & res_typex != "Condominiums"

    Variable |        Obs        Mean    Std. dev.       Min        Max
-------------+---------------------------------------------------------
   dist_road |        401    .1273922     .076204   .0021242   .5089302

. 
. quietly eststo road_mfhe: reg dist_road ib26.dist3 i.lam_seg i.year if year==2018 & (dist_both<=0.21 & dist_both>=-0.2 & mf_he == 1 & res_typex !="Condominiums") , vce(cluster lam_seg)

. sum dist_road if mf_he == 1 & year==2018 & (dist_both<=0.02 & dist_both>0) & res_typex != "Condominiums" 

    Variable |        Obs        Mean    Std. dev.       Min        Max
-------------+---------------------------------------------------------
   dist_road |        119    .1459354    .1118518   .0040685   .3592291

. sum dist_road if mf_he == 1 & year==2018 & (dist_both<=0 & dist_both>-0.02) & res_typex != "Condominiums"

    Variable |        Obs        Mean    Std. dev.       Min        Max
-------------+---------------------------------------------------------
   dist_road |        132    .1194542    .0950711   .0061171   .5171229

. 
. quietly eststo road_he: reg dist_road ib26.dist3 i.lam_seg i.year if year==2018 & (dist_both<=0.21 & dist_both>=-0.2 & only_he == 1 & res_typex !="Condominiums") , vce(cluster lam_seg)

. sum dist_road if only_he == 1 & year==2018 & (dist_both<=0.02 & dist_both>0) & res_typex != "Condominiums" 

    Variable |        Obs        Mean    Std. dev.       Min        Max
-------------+---------------------------------------------------------
   dist_road |        300    .1586792    .1668504   .0012742   .7354826

. sum dist_road if only_he == 1 & year==2018 & (dist_both<=0 & dist_both>-0.02) & res_typex != "Condominiums"

    Variable |        Obs        Mean    Std. dev.       Min        Max
-------------+---------------------------------------------------------
   dist_road |        251    .1757779    .2023559   .0060319    .777288

. 
. esttab road_du road_duhe road_mfdu road_mf road_mfhe road_he, ///
>         se r2 indicate("Boundary f.e.=*lam_seg" "Year f.e.=*year") interaction(" X ") ///
>         label mtitles("road_du" "road_duhe" "road_mfdu" "road_mf" "road_mfhe" "road_he") title("Distance to Highway (miles)") 

Distance to Highway (miles)
--------------------------------------------------------------------------------------------------------------------
                              (1)             (2)             (3)             (4)             (5)             (6)   
                          road_du       road_duhe       road_mfdu         road_mf       road_mfhe         road_he   
--------------------------------------------------------------------------------------------------------------------
-.2                        0.0471*         0.0388*         0.0629**        0.0838*        -0.0421         -0.0148   
                         (0.0194)        (0.0191)        (0.0211)        (0.0318)        (0.0411)        (0.0273)   

-.18                       0.0451**        0.0379*         0.0604***      -0.0312         -0.0545         -0.0424   
                         (0.0146)        (0.0177)        (0.0142)        (0.0698)        (0.0274)        (0.0252)   

-.16                       0.0309          0.0363*         0.0454***        0.107          0.0286        -0.00201   
                         (0.0166)        (0.0163)        (0.0120)        (0.0586)        (0.0562)        (0.0201)   

-.14                       0.0343**        0.0376*         0.0427***        0.125*         0.0417         -0.0261   
                         (0.0131)        (0.0152)        (0.0102)        (0.0597)        (0.0247)        (0.0264)   

-.12                       0.0300*         0.0412***       0.0374***       0.0396          0.0483        -0.00595   
                         (0.0142)        (0.0113)        (0.0100)        (0.0233)        (0.0280)        (0.0242)   

-.1                        0.0217*         0.0385***       0.0245**        0.0177          0.0163          0.0308   
                         (0.0108)       (0.00979)       (0.00817)        (0.0117)        (0.0368)        (0.0214)   

-.08                       0.0116          0.0391***       0.0239**        0.0213**        0.0118         0.00540   
                        (0.00969)       (0.00888)       (0.00741)       (0.00804)        (0.0256)        (0.0161)   

-.06                       0.0183*         0.0299***       0.0115          0.0132*        0.00642         -0.0416   
                        (0.00889)       (0.00697)       (0.00714)       (0.00596)        (0.0250)        (0.0263)   

-.04                      0.00857          0.0185**       0.00701         0.00367         -0.0132          0.0178*  
                        (0.00983)       (0.00682)       (0.00463)        (0.0101)        (0.0144)       (0.00815)   

-.02                       0.0106*        0.00755         0.00547         0.00384        -0.00606          0.0288   
                        (0.00493)       (0.00434)       (0.00349)       (0.00389)       (0.00870)        (0.0176)   

0                               0               0               0               0               0               0   
                              (.)             (.)             (.)             (.)             (.)             (.)   

.02                       -0.0196*        0.00341        -0.00665         -0.0152*        -0.0692*       -0.00922   
                        (0.00952)       (0.00362)       (0.00494)       (0.00648)        (0.0316)       (0.00966)   

.04                       -0.0234*         0.0116         -0.0104         -0.0181**       -0.0697*        -0.0200   
                        (0.00946)       (0.00907)       (0.00536)       (0.00676)        (0.0327)        (0.0183)   

.06                       -0.0214          0.0121        -0.00766         -0.0429***      -0.0531*        -0.0272   
                         (0.0124)        (0.0134)       (0.00840)        (0.0118)        (0.0243)        (0.0213)   

.08                       -0.0235*         0.0162         -0.0248***      -0.0471***      -0.0782***      -0.0398   
                         (0.0103)        (0.0138)       (0.00642)        (0.0127)        (0.0180)        (0.0296)   

.1                        -0.0282**        0.0143         -0.0261***      -0.0220         -0.0771**       -0.0252   
                        (0.00948)        (0.0165)       (0.00764)        (0.0145)        (0.0218)        (0.0257)   

.12                       -0.0417**        0.0127         -0.0254*        -0.0534***      -0.0765*        -0.0374   
                         (0.0130)        (0.0223)       (0.00998)        (0.0113)        (0.0315)        (0.0333)   

.14                       -0.0383*         0.0369         -0.0377**       -0.0650***      -0.0717         -0.0299   
                         (0.0155)        (0.0285)        (0.0129)        (0.0136)        (0.0423)        (0.0419)   

.16                       -0.0425*         0.0404*        -0.0414**       -0.0818         -0.0592        -0.00886   
                         (0.0168)        (0.0163)        (0.0152)        (0.0460)        (0.0358)        (0.0440)   

.18                       -0.0410*        -0.0370         -0.0380          -0.137*        -0.0347         -0.0324   
                         (0.0196)        (0.0194)        (0.0204)        (0.0652)        (0.0536)        (0.0656)   

.2                        -0.0260          -0.391***      -0.0410         -0.0283         -0.0217         -0.0394   
                         (0.0253)        (0.0163)        (0.0341)        (0.0465)        (0.0459)        (0.0863)   

Constant                    0.282***        0.403***       0.0414**         0.132***        0.440***       0.0419***
                        (0.00983)        (0.0163)        (0.0126)       (0.00809)        (0.0270)      (1.43e-14)   

Boundary f.e.                 Yes             Yes             Yes             Yes             Yes             Yes   

Year f.e.                     Yes             Yes             Yes             Yes             Yes             Yes   
--------------------------------------------------------------------------------------------------------------------
Observations                42702            4570           17184            2298             753            2593   
R-squared                   0.718           0.865           0.688           0.821           0.819           0.771   
--------------------------------------------------------------------------------------------------------------------
Standard errors in parentheses
* p<0.05, ** p<0.01, *** p<0.001

. 
. esttab road_du road_duhe road_mfdu road_mf road_mfhe road_he using "$EXPORTPATH/amenities_table_road.tex", replace keep(25.dist3) ///
>         se r2 indicate("Boundary f.e.=*lam_seg" "Year f.e.=*year") interaction(" X ") ///
>         label mtitles("road_du" "road_duhe" "road_mfdu" "road_mf" "road_mfhe" "road_he") ///
>         title("Distance to Highway (miles)")
(file /shared/boston_zoning/working_paper/replication_package/analysis/amenities_mtlines_output/amenities_table_road.tex not found)
(output written to /shared/boston_zoning/working_paper/replication_package/analysis/amenities_mtlines_output/amenities_table_road.tex)

.         
. ** robust s.e.
. quietly eststo road_du_robust: reg dist_road ib26.dist3 i.lam_seg i.year if year==2018 & (dist_both<=0.21 & dist_both>=-0.2 & only_du == 1 & res_typex !="Condominiums") , vce(robust)

.         
. quietly eststo road_duhe_robust: reg dist_road ib26.dist3 i.lam_seg i.year if year==2018 & (dist_both<=0.21 & dist_both>=-0.2 & du_he == 1 & res_typex !="Condominiums") , vce(robust)

. 
. quietly eststo road_mfdu_robust: reg dist_road ib26.dist3 i.lam_seg i.year if year==2018 & (dist_both<=0.21 & dist_both>=-0.2 & mf_du == 1 & res_typex !="Condominiums") , vce(robust)

. 
. quietly eststo road_mf_robust: reg dist_road ib26.dist3 i.lam_seg i.year if year==2018 & (dist_both<=0.21 & dist_both>=-0.2 & only_mf== 1 & res_typex !="Condominiums") , vce(robust)

. 
. quietly eststo road_mfhe_robust: reg dist_road ib26.dist3 i.lam_seg i.year if year==2018 & (dist_both<=0.21 & dist_both>=-0.2 & mf_he == 1 & res_typex !="Condominiums") , vce(robust)

. 
. quietly eststo road_he_robust: reg dist_road ib26.dist3 i.lam_seg i.year if year==2018 & (dist_both<=0.21 & dist_both>=-0.2 & only_he == 1 & res_typex !="Condominiums") , vce(robust)

. 
. esttab road_du_robust road_duhe_robust road_mfdu_robust road_mf_robust road_mfhe_robust road_he_robust, ///
>         se r2 indicate("Boundary f.e.=*lam_seg" "Year f.e.=*year") interaction(" X ") ///
>         label mtitles("road_du" "road_duhe" "road_mfdu" "road_mf" "road_mfhe" "road_he") title("Distance to Highway (miles), robust s.e.") 

Distance to Highway (miles), robust s.e.
--------------------------------------------------------------------------------------------------------------------
                              (1)             (2)             (3)             (4)             (5)             (6)   
                          road_du       road_duhe       road_mfdu         road_mf       road_mfhe         road_he   
--------------------------------------------------------------------------------------------------------------------
-.2                        0.0471***       0.0388***       0.0629***       0.0838***      -0.0421         -0.0148   
                        (0.00644)       (0.00647)       (0.00695)        (0.0218)        (0.0358)        (0.0170)   

-.18                       0.0451***       0.0379***       0.0604***      -0.0312         -0.0545***      -0.0424*  
                        (0.00581)       (0.00602)       (0.00490)        (0.0239)        (0.0117)        (0.0173)   

-.16                       0.0309***       0.0363***       0.0454***        0.107***       0.0286        -0.00201   
                        (0.00533)       (0.00515)       (0.00453)        (0.0253)        (0.0283)        (0.0109)   

-.14                       0.0343***       0.0376***       0.0427***        0.125***       0.0417**       -0.0261   
                        (0.00448)       (0.00428)       (0.00399)        (0.0255)        (0.0133)        (0.0205)   

-.12                       0.0300***       0.0412***       0.0374***       0.0396**        0.0483***     -0.00595   
                        (0.00442)       (0.00367)       (0.00328)        (0.0139)       (0.00939)        (0.0147)   

-.1                        0.0217***       0.0385***       0.0245***       0.0177*         0.0163          0.0308***
                        (0.00404)       (0.00297)       (0.00285)       (0.00706)        (0.0126)       (0.00783)   

-.08                       0.0116***       0.0391***       0.0239***       0.0213***       0.0118         0.00540   
                        (0.00347)       (0.00262)       (0.00247)       (0.00420)       (0.00981)       (0.00845)   

-.06                       0.0183***       0.0299***       0.0115***       0.0132***      0.00642         -0.0416***
                        (0.00301)       (0.00243)       (0.00218)       (0.00397)       (0.00867)       (0.00763)   

-.04                      0.00857**        0.0185***      0.00701***      0.00367         -0.0132*         0.0178*  
                        (0.00301)       (0.00220)       (0.00196)       (0.00474)       (0.00666)       (0.00705)   

-.02                       0.0106***      0.00755***      0.00547**       0.00384        -0.00606          0.0288***
                        (0.00305)       (0.00203)       (0.00180)       (0.00322)       (0.00460)       (0.00719)   

0                               0               0               0               0               0               0   
                              (.)             (.)             (.)             (.)             (.)             (.)   

.02                       -0.0196***      0.00341        -0.00665**       -0.0152***      -0.0692***     -0.00922   
                        (0.00278)       (0.00251)       (0.00207)       (0.00400)       (0.00969)       (0.00580)   

.04                       -0.0234***       0.0116**       -0.0104***      -0.0181***      -0.0697***      -0.0200** 
                        (0.00312)       (0.00363)       (0.00233)       (0.00378)        (0.0129)       (0.00634)   

.06                       -0.0214***       0.0121**      -0.00766**       -0.0429***      -0.0531***      -0.0272***
                        (0.00343)       (0.00415)       (0.00294)       (0.00874)        (0.0106)       (0.00646)   

.08                       -0.0235***       0.0162**       -0.0248***      -0.0471***      -0.0782***      -0.0398***
                        (0.00370)       (0.00514)       (0.00265)       (0.00990)       (0.00755)       (0.00667)   

.1                        -0.0282***       0.0143**       -0.0261***      -0.0220         -0.0771***      -0.0252** 
                        (0.00438)       (0.00534)       (0.00298)        (0.0150)       (0.00606)       (0.00796)   

.12                       -0.0417***       0.0127         -0.0254***      -0.0534***      -0.0765***      -0.0374***
                        (0.00419)       (0.00723)       (0.00344)       (0.00825)       (0.00778)       (0.00845)   

.14                       -0.0383***       0.0369*        -0.0377***      -0.0650***      -0.0717***      -0.0299** 
                        (0.00464)        (0.0170)       (0.00372)        (0.0138)       (0.00963)        (0.0106)   

.16                       -0.0425***       0.0404***      -0.0414***      -0.0818***      -0.0592***     -0.00886   
                        (0.00495)       (0.00780)       (0.00451)        (0.0178)        (0.0138)        (0.0108)   

.18                       -0.0410***      -0.0370***      -0.0380***       -0.137***      -0.0347*        -0.0324*  
                        (0.00554)       (0.00642)       (0.00540)        (0.0399)        (0.0175)        (0.0157)   

.2                        -0.0260**        -0.391***      -0.0410***      -0.0283         -0.0217         -0.0394   
                        (0.00889)       (0.00515)       (0.00935)        (0.0434)        (0.0244)        (0.0265)   

Constant                    0.282***        0.403***       0.0414***        0.132***        0.440***       0.0419***
                        (0.00550)       (0.00515)       (0.00401)       (0.00714)        (0.0214)        (0.0124)   

Boundary f.e.                 Yes             Yes             Yes             Yes             Yes             Yes   

Year f.e.                     Yes             Yes             Yes             Yes             Yes             Yes   
--------------------------------------------------------------------------------------------------------------------
Observations                42702            4570           17184            2298             753            2593   
R-squared                   0.718           0.865           0.688           0.821           0.819           0.771   
--------------------------------------------------------------------------------------------------------------------
Standard errors in parentheses
* p<0.05, ** p<0.01, *** p<0.001

.         
. ** coefplots
. local plot_list road_du road_he

. local l1_title "Distance to Highway (miles)"

. local b1_title "<-More restrictive  |  Less restrictive ->"

. local b2_title "Distance to Boundary (miles)"

. local graph_title "coef_road_all"

. 
. foreach r in `plot_list' {
  2.         if "`r'" == "road_du" {
  3.                 local title "Only DUPAC Changes"
  4.         }
  5.         
.         if "`r'" == "road_he" {
  6.                 local title "Only Height Changes"
  7.         }
  8.         
.         * coefplots
.         #delimit ;
delimiter now ;
.                 coefplot 
>                         
>                         /* relaxed side graphing variables */
>                         (`r', keep(16.dist3 17.dist3 18.dist3 19.dist3 20.dist3 21.dist3 22.dist3 23.dist3 24.dist3 25.dist3) 
>                                 recast(line) color(midblue) 
>                                 ciopts(recast(rarea) color(midblue%30) lwidth(none))
>                                 )
>                         
>                         /* strict side graphing variables */
>                         (`r', keep(26.dist3 27.dist3 28.dist3 29.dist3 30.dist3 31.dist3 32.dist3 33.dist3 34.dist3 35.dist3) 
>                                 recast(line) color(maroon)
>                                 ciopts(recast(rarea) color(maroon%30) lwidth(none))
>                                 ),
> 
>                         /* plot region */
>                         vertical levels(95) baselevels offset(0)
>                         graphregion(fc(white) lcolor(white)) plotregion(fc(white) lcolor(white))
> 
>                         xline(10.5, lpattern(dash) lwidth(thin) lcolor(black))
>                         yline(0, lpattern(dash) lwidth(thin) lcolor(black))
> 
>                         /* titles, subtitles, notes */          
>                         title("{bf:`title'}", size(3) pos(12) margin(t=0 b=0 l=0 r=0) span)
> 
>                         /* axis titles and labels */            
>                         ylabel(, labsize(4) gmin gmax) ymtick() 
>                         
>                         xlabel(1 "-.20" 2 "-.18" 3 "-.16" 4 "-.14" 5 "-.12" 6 "-.10" 7 "-.08" 8 "-.06" 9 "-.04" 10 "-.02" 10.5 "0"
>                                 11 ".02" 12 ".04" 13 ".06" 14 ".08" 15 ".10" 16 ".12" 17 ".14" 18 ".16" 19 ".18" 20 ".20", labsize(3) angle(45) gmax)
>                                 
>                         /* legend */
>                         legend(off position(6) 
>                                 order()
>                                 symy(2) symx(3) 
>                                 rows(1) cols() size(2) 
>                                 nobox fcolor()
>                                 region(fcolor(none) lpattern(blank))
>                                 margin(t=1 b=1 l=0 r=0)span)
>                         name("`r'", replace) ;
  9.                                         graph combine `r',
>                         graphregion(fc(white) lcolor(white))
>                         l1title("{bf:`l1_title'}", size(3) margin(t=0 b=0 l=0 r=1))
>                         b1title("`b1_title'", size(2))
>                         b2title("{bf:`b2_title'}", size(3) margin(t=1 b=0 l=0 r=0))
>                         name("`r'a", replace);
 10.                                 graph save "`r'a" "$EXPORTPATH/coef_`r'", replace;
 11.         #delimit cr
delimiter now cr
. }
(file /shared/boston_zoning/working_paper/replication_package/analysis/amenities_mtlines_output/coef_road_du.gph not found)
file /shared/boston_zoning/working_paper/replication_package/analysis/amenities_mtlines_output/coef_road_du.gph saved
(file /shared/boston_zoning/working_paper/replication_package/analysis/amenities_mtlines_output/coef_road_he.gph not found)
file /shared/boston_zoning/working_paper/replication_package/analysis/amenities_mtlines_output/coef_road_he.gph saved

.         
. * combine all graphs
. #delimit ;
delimiter now ;
.         graph combine `plot_list',
>                 rows(3) cols(2) ysize() xsize() iscale() imargin(0)
>                 graphregion(fc(white) lcolor(white))
>                 l1title("{bf:`l1_title'}", size(3) margin(t=0 b=0 l=0 r=1))
>                 b1title("`b1_title'", size(2))
>                 b2title("{bf:`b2_title'}", size(3) margin(t=1 b=0 l=0 r=0))
>                 name("graph_all", replace);
(note:  named style 0 not found in class margin, default attributes used)
(note:  named style 0 not found in class margin, default attributes used)

.         graph save "graph_all" "$EXPORTPATH/`graph_title'", replace;
(file /shared/boston_zoning/working_paper/replication_package/analysis/amenities_mtlines_output/coef_road_all.gph not found)
file /shared/boston_zoning/working_paper/replication_package/analysis/amenities_mtlines_output/coef_road_all.gph saved

. #delimit cr     
delimiter now cr
. 
. eststo clear

. graph close _all

.         
.         
. ********************************************************************************
. ** distance to river
. ********************************************************************************
. ** regressions
. quietly eststo river_du: reg dist_river ib26.dist3 i.lam_seg i.year if year==2018 & (dist_both<=0.21 & dist_both>=-0.2 & only_du == 1 & res_typex !="Condominiums") , vce(cluster lam_seg)

. sum dist_river if only_du == 1 & year==2018 & (dist_both<=0.02 & dist_both>0) & res_typex != "Condominiums" 

    Variable |        Obs        Mean    Std. dev.       Min        Max
-------------+---------------------------------------------------------
  dist_river |      4,487    .4170586    .3161721   .0026918   2.176667

. sum dist_river if only_du == 1 & year==2018 & (dist_both<=0 & dist_both>-0.02) & res_typex != "Condominiums"

    Variable |        Obs        Mean    Std. dev.       Min        Max
-------------+---------------------------------------------------------
  dist_river |      3,461     .445885     .330613   .0070916   2.240264

. 
. quietly eststo river_duhe: reg dist_river ib26.dist3 i.lam_seg i.year if year==2018 & (dist_both<=0.21 & dist_both>=-0.2 & du_he == 1 & res_typex !="Condominiums") , vce(cluster lam_seg)

. sum dist_river if du_he == 1 & year==2018 & (dist_both<=0.02 & dist_both>0) & res_typex != "Condominiums" 

    Variable |        Obs        Mean    Std. dev.       Min        Max
-------------+---------------------------------------------------------
  dist_river |        565    .8121843    .6503465   .0317508   2.780305

. sum dist_river if du_he == 1 & year==2018 & (dist_both<=0 & dist_both>-0.02) & res_typex != "Condominiums"

    Variable |        Obs        Mean    Std. dev.       Min        Max
-------------+---------------------------------------------------------
  dist_river |        711    .7119208    .5524888   .0358574   2.790909

. 
. quietly eststo river_mfdu: reg dist_river ib26.dist3 i.lam_seg i.year if year==2018 & (dist_both<=0.21 & dist_both>=-0.2 & mf_du == 1 & res_typex !="Condominiums") , vce(cluster lam_seg)

. sum dist_river if mf_du == 1 & year==2018 & (dist_both<=0.02 & dist_both>0) & res_typex != "Condominiums" 

    Variable |        Obs        Mean    Std. dev.       Min        Max
-------------+---------------------------------------------------------
  dist_river |      1,983    .6526411    .6401803   .0068855    2.97395

. sum dist_river if mf_du == 1 & year==2018 & (dist_both<=0 & dist_both>-0.02) & res_typex != "Condominiums"

    Variable |        Obs        Mean    Std. dev.       Min        Max
-------------+---------------------------------------------------------
  dist_river |      1,979    .6850999    .6891151   .0057006   2.967546

. 
. quietly eststo river_mf: reg dist_river ib26.dist3 i.lam_seg i.year if year==2018 & (dist_both<=0.21 & dist_both>=-0.2 & only_mf== 1 & res_typex !="Condominiums") , vce(cluster lam_seg)

. sum dist_river if only_mf == 1 & year==2018 & (dist_both<=0.02 & dist_both>0) & res_typex != "Condominiums" 

    Variable |        Obs        Mean    Std. dev.       Min        Max
-------------+---------------------------------------------------------
  dist_river |        387    .7045413    .5588348   .0360011   2.750644

. sum dist_river if only_mf == 1 & year==2018 & (dist_both<=0 & dist_both>-0.02) & res_typex != "Condominiums"

    Variable |        Obs        Mean    Std. dev.       Min        Max
-------------+---------------------------------------------------------
  dist_river |        401    .7044735     .568687   .0214477   2.934438

. 
. quietly eststo river_mfhe: reg dist_river ib26.dist3 i.lam_seg i.year if year==2018 & (dist_both<=0.21 & dist_both>=-0.2 & mf_he == 1 & res_typex !="Condominiums") , vce(cluster lam_seg)

. sum dist_river if mf_he == 1 & year==2018 & (dist_both<=0.02 & dist_both>0) & res_typex != "Condominiums" 

    Variable |        Obs        Mean    Std. dev.       Min        Max
-------------+---------------------------------------------------------
  dist_river |        119    .6722096    .8201451   .0128899   2.816846

. sum dist_river if mf_he == 1 & year==2018 & (dist_both<=0 & dist_both>-0.02) & res_typex != "Condominiums"

    Variable |        Obs        Mean    Std. dev.       Min        Max
-------------+---------------------------------------------------------
  dist_river |        132    .8529027    .8854874     .02713   2.867477

. 
. quietly eststo river_he: reg dist_river ib26.dist3 i.lam_seg i.year if year==2018 & (dist_both<=0.21 & dist_both>=-0.2 & only_he == 1 & res_typex !="Condominiums") , vce(cluster lam_seg)

. sum dist_river if only_he == 1 & year==2018 & (dist_both<=0.02 & dist_both>0) & res_typex != "Condominiums" 

    Variable |        Obs        Mean    Std. dev.       Min        Max
-------------+---------------------------------------------------------
  dist_river |        300    1.152018    .7868192   .0708914   2.906911

. sum dist_river if only_he == 1 & year==2018 & (dist_both<=0 & dist_both>-0.02) & res_typex != "Condominiums"

    Variable |        Obs        Mean    Std. dev.       Min        Max
-------------+---------------------------------------------------------
  dist_river |        251    1.217922    .8781343   .0824582   2.762743

. 
. esttab river_du river_duhe river_mfdu river_mf river_mfhe river_he, se r2 indicate("Boundary f.e.=*lam_seg" "Year f.e.=*year") interaction(" X ") ///
>         label mtitles("river_du" "river_duhe" "river_mfdu" "river_mf" "river_mfhe" "river_he") title("Distance to River (miles)") 

Distance to River (miles)
--------------------------------------------------------------------------------------------------------------------
                              (1)             (2)             (3)             (4)             (5)             (6)   
                         river_du      river_duhe      river_mfdu        river_mf      river_mfhe        river_he   
--------------------------------------------------------------------------------------------------------------------
-.2                      -0.00940         -0.0317         0.00611         -0.0172         -0.0691          0.0428   
                         (0.0109)        (0.0471)        (0.0169)        (0.0734)         (0.106)        (0.0305)   

-.18                     -0.00765         -0.0592          0.0150         -0.0747*        0.00743          0.0580*  
                         (0.0132)        (0.0351)        (0.0181)        (0.0354)        (0.0468)        (0.0272)   

-.16                      -0.0102         -0.0319         0.00739        0.000373         -0.0484          0.0234   
                         (0.0114)        (0.0410)        (0.0142)        (0.0348)        (0.0331)        (0.0257)   

-.14                     -0.00385         -0.0301         0.00788          0.0218        -0.00333          0.0403   
                         (0.0111)        (0.0268)        (0.0105)        (0.0289)        (0.0446)        (0.0429)   

-.12                     -0.00971         -0.0250          0.0174        0.000959          0.0237          0.0139   
                        (0.00915)        (0.0241)        (0.0101)        (0.0177)        (0.0443)        (0.0306)   

-.1                     -0.000946         -0.0195          0.0129          0.0150         -0.0101          0.0480   
                        (0.00764)        (0.0127)       (0.00890)        (0.0192)        (0.0313)        (0.0318)   

-.08                      0.00620         -0.0224*        0.00939        -0.00126         0.00569          0.0465*  
                        (0.00635)        (0.0111)       (0.00906)        (0.0142)        (0.0366)        (0.0208)   

-.06                     -0.00806        -0.00676         0.00869         0.00621          0.0197          0.0301   
                        (0.00589)       (0.00747)       (0.00794)        (0.0106)        (0.0256)        (0.0342)   

-.04                     0.000657        -0.00449       -0.000477        -0.00534        -0.00519          0.0177   
                        (0.00552)       (0.00688)       (0.00490)       (0.00723)        (0.0185)        (0.0313)   

-.02                    -0.000736         0.00248         0.00503         0.00195         0.00622          0.0441   
                        (0.00345)       (0.00602)       (0.00346)       (0.00500)       (0.00506)        (0.0223)   

0                               0               0               0               0               0               0   
                              (.)             (.)             (.)             (.)             (.)             (.)   

.02                     -0.000552         0.00923        -0.00521         -0.0146       -0.000941        -0.00494   
                        (0.00571)       (0.00871)       (0.00583)       (0.00850)        (0.0197)        (0.0124)   

.04                       0.00390          0.0249*         0.0114         -0.0121         0.00492        0.000643   
                        (0.00558)        (0.0123)       (0.00632)       (0.00931)        (0.0193)        (0.0288)   

.06                      -0.00361          0.0370*         0.0178*        -0.0292*         0.0193        -0.00982   
                        (0.00674)        (0.0158)       (0.00846)        (0.0137)        (0.0193)        (0.0395)   

.08                       0.00180          0.0358*        0.00508         -0.0266*         0.0168        -0.00919   
                        (0.00756)        (0.0157)       (0.00774)        (0.0126)        (0.0317)        (0.0566)   

.1                        0.00717          0.0293         0.00698         -0.0217          0.0204          0.0119   
                        (0.00847)        (0.0167)        (0.0105)        (0.0176)        (0.0415)        (0.0332)   

.12                        0.0128          0.0165         0.00681         -0.0357          0.0124          0.0180   
                        (0.00894)        (0.0158)        (0.0111)        (0.0192)        (0.0648)        (0.0380)   

.14                       0.00725          0.0110        -0.00305         -0.0236          0.0220         -0.0282   
                         (0.0121)        (0.0149)        (0.0185)        (0.0219)        (0.0747)        (0.0308)   

.16                        0.0139          0.0164          0.0143        -0.00165          0.0526         -0.0524   
                         (0.0112)        (0.0164)        (0.0180)        (0.0158)        (0.0551)        (0.0494)   

.18                        0.0138          0.0242          0.0169          0.0269          0.0678         -0.0919*  
                         (0.0140)        (0.0153)        (0.0234)        (0.0174)        (0.0741)        (0.0420)   

.2                        0.00265           0.507***       0.0472          0.0127          0.0937          0.0521   
                         (0.0178)        (0.0410)        (0.0288)        (0.0221)        (0.0478)         (0.109)   

Constant                    0.170***        0.440***       0.0719***        0.239***        0.127***        0.234***
                        (0.00652)        (0.0410)        (0.0134)       (0.00886)        (0.0297)      (3.99e-13)   

Boundary f.e.                 Yes             Yes             Yes             Yes             Yes             Yes   

Year f.e.                     Yes             Yes             Yes             Yes             Yes             Yes   
--------------------------------------------------------------------------------------------------------------------
Observations                42702            4570           17184            2298             753            2593   
R-squared                   0.900           0.992           0.983           0.992           0.996           0.958   
--------------------------------------------------------------------------------------------------------------------
Standard errors in parentheses
* p<0.05, ** p<0.01, *** p<0.001

. 
. /* REStat Revision 03-27-2024 - allow for table - NC check
>         - keeping only the first coefficient on the more restrictive side of the 
>           boundary, check if correct bin kept */
. 
. esttab river_du river_duhe river_mfdu river_mf river_mfhe river_he using "$EXPORTPATH/amenities_table_river.tex", replace keep(25.dist3) ///
>         se r2 indicate("Boundary f.e.=*lam_seg" "Year f.e.=*year") interaction(" X ") ///
>         label mtitles("river_du" "river_duhe" "river_mfdu" "river_mf" "river_mfhe" "river_he") ///
>         title("Distance to River (miles)") 
(file /shared/boston_zoning/working_paper/replication_package/analysis/amenities_mtlines_output/amenities_table_river.tex not found)
(output written to /shared/boston_zoning/working_paper/replication_package/analysis/amenities_mtlines_output/amenities_table_river.tex)

.         
. *robust s.e.
. quietly eststo river_du_robust: reg dist_river ib26.dist3 i.lam_seg i.year if year==2018 & (dist_both<=0.21 & dist_both>=-0.2 & only_du == 1 & res_typex !="Condominiums") , vce(robust)

. 
. quietly eststo river_duhe_robust: reg dist_river ib26.dist3 i.lam_seg i.year if year==2018 & (dist_both<=0.21 & dist_both>=-0.2 & du_he == 1 & res_typex !="Condominiums") , vce(robust)

. 
. quietly eststo river_mfdu_robust: reg dist_river ib26.dist3 i.lam_seg i.year if year==2018 & (dist_both<=0.21 & dist_both>=-0.2 & mf_du == 1 & res_typex !="Condominiums") , vce(robust)

. 
. quietly eststo river_mf_robust: reg dist_river ib26.dist3 i.lam_seg i.year if year==2018 & (dist_both<=0.21 & dist_both>=-0.2 & only_mf== 1 & res_typex !="Condominiums") , vce(robust)

. 
. quietly eststo river_mfhe_robust: reg dist_river ib26.dist3 i.lam_seg i.year if year==2018 & (dist_both<=0.21 & dist_both>=-0.2 & mf_he == 1 & res_typex !="Condominiums") , vce(robust)

. 
. quietly eststo river_he_robust: reg dist_river ib26.dist3 i.lam_seg i.year if year==2018 & (dist_both<=0.21 & dist_both>=-0.2 & only_he == 1 & res_typex !="Condominiums") , vce(robust)

. 
. esttab river_du_robust river_duhe_robust river_mfdu_robust river_mf_robust river_mfhe_robust river_he_robust, se r2 indicate("Boundary f.e.=*lam_seg" "Year f.e.=*year") interaction(" X ") ///
>         label mtitles("river_du" "river_duhe" "river_mfdu" "river_mf" "river_mfhe" "river_he") title("Distance to River (miles), robust s.e.") 

Distance to River (miles), robust s.e.
--------------------------------------------------------------------------------------------------------------------
                              (1)             (2)             (3)             (4)             (5)             (6)   
                         river_du      river_duhe      river_mfdu        river_mf      river_mfhe        river_he   
--------------------------------------------------------------------------------------------------------------------
-.2                      -0.00940*        -0.0317**       0.00611         -0.0172         -0.0691          0.0428*  
                        (0.00467)        (0.0121)       (0.00602)        (0.0264)        (0.0942)        (0.0212)   

-.18                     -0.00765         -0.0592***       0.0150**       -0.0747***      0.00743          0.0580** 
                        (0.00473)       (0.00948)       (0.00551)        (0.0192)        (0.0198)        (0.0201)   

-.16                      -0.0102*        -0.0319**       0.00739        0.000373         -0.0484***       0.0234   
                        (0.00433)        (0.0100)       (0.00534)        (0.0164)        (0.0146)        (0.0180)   

-.14                     -0.00385         -0.0301***      0.00788          0.0218        -0.00333          0.0403   
                        (0.00366)       (0.00774)       (0.00458)        (0.0159)        (0.0155)        (0.0387)   

-.12                     -0.00971**       -0.0250***       0.0174***     0.000959          0.0237*         0.0139   
                        (0.00322)       (0.00616)       (0.00371)        (0.0106)        (0.0112)        (0.0226)   

-.1                     -0.000946         -0.0195***       0.0129***       0.0150         -0.0101          0.0480***
                        (0.00302)       (0.00565)       (0.00355)       (0.00793)       (0.00951)        (0.0139)   

-.08                      0.00620*        -0.0224***      0.00939**      -0.00126         0.00569          0.0465***
                        (0.00275)       (0.00477)       (0.00316)       (0.00593)       (0.00971)        (0.0140)   

-.06                     -0.00806***     -0.00676         0.00869**       0.00621          0.0197**        0.0301*  
                        (0.00239)       (0.00451)       (0.00285)       (0.00437)       (0.00700)        (0.0128)   

-.04                     0.000657        -0.00449       -0.000477        -0.00534        -0.00519          0.0177   
                        (0.00234)       (0.00404)       (0.00251)       (0.00479)       (0.00770)        (0.0170)   

-.02                    -0.000736         0.00248         0.00503*        0.00195         0.00622          0.0441** 
                        (0.00207)       (0.00375)       (0.00221)       (0.00394)       (0.00597)        (0.0166)   

0                               0               0               0               0               0               0   
                              (.)             (.)             (.)             (.)             (.)             (.)   

.02                     -0.000552         0.00923*       -0.00521*        -0.0146**     -0.000941        -0.00494   
                        (0.00208)       (0.00428)       (0.00248)       (0.00452)       (0.00843)        (0.0152)   

.04                       0.00390          0.0249***       0.0114***      -0.0121*        0.00492        0.000643   
                        (0.00228)       (0.00487)       (0.00286)       (0.00489)       (0.00974)        (0.0147)   

.06                      -0.00361          0.0370***       0.0178***      -0.0292***       0.0193*       -0.00982   
                        (0.00238)       (0.00532)       (0.00352)       (0.00756)       (0.00950)        (0.0152)   

.08                       0.00180          0.0358***      0.00508         -0.0266**        0.0168*       -0.00919   
                        (0.00242)       (0.00706)       (0.00350)       (0.00818)       (0.00744)        (0.0169)   

.1                        0.00717**        0.0293***      0.00698         -0.0217          0.0204*         0.0119   
                        (0.00269)       (0.00621)       (0.00485)        (0.0124)        (0.0101)        (0.0204)   

.12                        0.0128***       0.0165*        0.00681         -0.0357***       0.0124          0.0180   
                        (0.00303)       (0.00822)       (0.00513)       (0.00895)        (0.0171)        (0.0205)   

.14                       0.00725*         0.0110        -0.00305         -0.0236          0.0220         -0.0282   
                        (0.00345)        (0.0126)       (0.00567)        (0.0122)        (0.0176)        (0.0243)   

.16                        0.0139***       0.0164          0.0143*       -0.00165          0.0526**       -0.0524*  
                        (0.00372)        (0.0120)       (0.00698)        (0.0106)        (0.0202)        (0.0261)   

.18                        0.0138**        0.0242***       0.0169*         0.0269*         0.0678**       -0.0919***
                        (0.00445)       (0.00667)       (0.00794)        (0.0116)        (0.0234)        (0.0278)   

.2                        0.00265           0.507***       0.0472***       0.0127          0.0937**        0.0521   
                        (0.00674)        (0.0100)        (0.0120)        (0.0157)        (0.0338)        (0.0385)   

Constant                    0.170***        0.440***       0.0719***        0.239***        0.127***        0.234***
                         (0.0123)        (0.0100)       (0.00766)       (0.00809)       (0.00967)       (0.00775)   

Boundary f.e.                 Yes             Yes             Yes             Yes             Yes             Yes   

Year f.e.                     Yes             Yes             Yes             Yes             Yes             Yes   
--------------------------------------------------------------------------------------------------------------------
Observations                42702            4570           17184            2298             753            2593   
R-squared                   0.900           0.992           0.983           0.992           0.996           0.958   
--------------------------------------------------------------------------------------------------------------------
Standard errors in parentheses
* p<0.05, ** p<0.01, *** p<0.001

.         
. ** coefplots
. local plot_list river_mf 

. local l1_title "Distance to River (miles)"

. local b1_title "<-More restrictive  |  Less restrictive ->"

. local b2_title "Distance to Boundary (miles)"

. local graph_title "coef_river_all"

. 
. foreach r in `plot_list' {      
  2.         if "`r'" == "river_mf" {
  3.                 local title "Only MF Allowed Changes"
  4.         }
  5.         
.         * coefplots
.         #delimit ;
delimiter now ;
.                 coefplot 
>                         
>                         /* relaxed side graphing variables */
>                         (`r', keep(16.dist3 17.dist3 18.dist3 19.dist3 20.dist3 21.dist3 22.dist3 23.dist3 24.dist3 25.dist3) 
>                                 recast(line) color(midblue) 
>                                 ciopts(recast(rarea) color(midblue%30) lwidth(none))
>                                 )
>                         
>                         /* strict side graphing variables */
>                         (`r', keep(26.dist3 27.dist3 28.dist3 29.dist3 30.dist3 31.dist3 32.dist3 33.dist3 34.dist3 35.dist3) 
>                                 recast(line) color(maroon)
>                                 ciopts(recast(rarea) color(maroon%30) lwidth(none))
>                                 ),
> 
>                         /* plot region */
>                         vertical levels(95) baselevels offset(0)
>                         graphregion(fc(white) lcolor(white)) plotregion(fc(white) lcolor(white))
> 
>                         xline(10.5, lpattern(dash) lwidth(thin) lcolor(black))
>                         yline(0, lpattern(dash) lwidth(thin) lcolor(black))
> 
>                         /* titles, subtitles, notes */          
>                         title("{bf:`title'}", size(3) pos(12) margin(t=0 b=0 l=0 r=0) span)
> 
>                         /* axis titles and labels */            
>                         ylabel(, labsize(4) gmin gmax) ymtick() 
>                         
>                         xlabel(1 "-.20" 2 "-.18" 3 "-.16" 4 "-.14" 5 "-.12" 6 "-.10" 7 "-.08" 8 "-.06" 9 "-.04" 10 "-.02" 10.5 "0"
>                                 11 ".02" 12 ".04" 13 ".06" 14 ".08" 15 ".10" 16 ".12" 17 ".14" 18 ".16" 19 ".18" 20 ".20", labsize(3) angle(45) gmax)
>                                 
>                         /* legend */
>                         legend(off position(6) 
>                                 order()
>                                 symy(2) symx(3) 
>                                 rows(1) cols() size(2) 
>                                 nobox fcolor()
>                                 region(fcolor(none) lpattern(blank))
>                                 margin(t=1 b=1 l=0 r=0)span)
>                         name("`r'", replace) ;
  6.                                         graph combine `r',
>                         graphregion(fc(white) lcolor(white))
>                         l1title("{bf:`l1_title'}", size(3) margin(t=0 b=0 l=0 r=1))
>                         b1title("`b1_title'", size(2))
>                         b2title("{bf:`b2_title'}", size(3) margin(t=1 b=0 l=0 r=0))
>                         name("`r'a", replace);
  7.                                 graph save "`r'a" "$EXPORTPATH/coef_`r'", replace;
  8.         #delimit cr
delimiter now cr
. }
(file /shared/boston_zoning/working_paper/replication_package/analysis/amenities_mtlines_output/coef_river_mf.gph not found)
file /shared/boston_zoning/working_paper/replication_package/analysis/amenities_mtlines_output/coef_river_mf.gph saved

.         
. * combine all graphs
. #delimit ;
delimiter now ;
.         graph combine `plot_list',
>                 rows(3) cols(2) ysize() xsize() iscale() imargin(0)
>                 graphregion(fc(white) lcolor(white))
>                 l1title("{bf:`l1_title'}", size(3) margin(t=0 b=0 l=0 r=1))
>                 b1title("`b1_title'", size(2))
>                 b2title("{bf:`b2_title'}", size(3) margin(t=1 b=0 l=0 r=0))
>                 name("graph_all", replace);
(note:  named style 0 not found in class margin, default attributes used)

.         graph save "graph_all" "$EXPORTPATH/`graph_title'", replace;
(file /shared/boston_zoning/working_paper/replication_package/analysis/amenities_mtlines_output/coef_river_all.gph not found)
file /shared/boston_zoning/working_paper/replication_package/analysis/amenities_mtlines_output/coef_river_all.gph saved

. #delimit cr     
delimiter now cr
. 
. eststo clear

. graph close _all

. 
. 
. ********************************************************************************
. ** distance to green space
. ********************************************************************************
. ** regressions
. quietly eststo space_du: reg dist_space ib26.dist3 i.lam_seg i.year if year==2018 & (dist_both<=0.21 & dist_both>=-0.2 & only_du == 1 & res_typex !="Condominiums") , vce(cluster lam_seg)

. sum dist_space if only_du == 1 & year==2018 & (dist_both<=0.02 & dist_both>0) & res_typex != "Condominiums" 

    Variable |        Obs        Mean    Std. dev.       Min        Max
-------------+---------------------------------------------------------
  dist_space |      4,487    2.142267    2.763595   .0099845   20.39728

. sum dist_space if only_du == 1 & year==2018 & (dist_both<=0 & dist_both>-0.02) & res_typex != "Condominiums"

    Variable |        Obs        Mean    Std. dev.       Min        Max
-------------+---------------------------------------------------------
  dist_space |      3,461    1.991129    2.509972   .0063942   20.25423

.         
. quietly eststo space_duhe: reg dist_space ib26.dist3 i.lam_seg i.year if year==2018 & (dist_both<=0.21 & dist_both>=-0.2 & du_he == 1 & res_typex !="Condominiums") , vce(cluster lam_seg)

. sum dist_space if du_he == 1 & year==2018 & (dist_both<=0.02 & dist_both>0) & res_typex != "Condominiums" 

    Variable |        Obs        Mean    Std. dev.       Min        Max
-------------+---------------------------------------------------------
  dist_space |        565    1.677447    2.225293    .001842   10.97677

. sum dist_space if du_he == 1 & year==2018 & (dist_both<=0 & dist_both>-0.02) & res_typex != "Condominiums"

    Variable |        Obs        Mean    Std. dev.       Min        Max
-------------+---------------------------------------------------------
  dist_space |        711    1.190302    1.356798   .0220673   10.92384

. 
. quietly eststo space_mfdu: reg dist_space ib26.dist3 i.lam_seg i.year if year==2018 & (dist_both<=0.21 & dist_both>=-0.2 & mf_du == 1 & res_typex !="Condominiums") , vce(cluster lam_seg)

. sum dist_space if mf_du == 1 & year==2018 & (dist_both<=0.02 & dist_both>0) & res_typex != "Condominiums" 

    Variable |        Obs        Mean    Std. dev.       Min        Max
-------------+---------------------------------------------------------
  dist_space |      1,983    2.519357    2.249532   .0108335   20.39905

. sum dist_space if mf_du == 1 & year==2018 & (dist_both<=0 & dist_both>-0.02) & res_typex != "Condominiums"

    Variable |        Obs        Mean    Std. dev.       Min        Max
-------------+---------------------------------------------------------
  dist_space |      1,979    2.317545    1.846813     .02526   20.40466

. 
. quietly eststo space_mf: reg dist_space ib26.dist3 i.lam_seg i.year if year==2018 & (dist_both<=0.21 & dist_both>=-0.2 & only_mf== 1 & res_typex !="Condominiums") , vce(cluster lam_seg)

. sum dist_space if only_mf == 1 & year==2018 & (dist_both<=0.02 & dist_both>0) & res_typex != "Condominiums" 

    Variable |        Obs        Mean    Std. dev.       Min        Max
-------------+---------------------------------------------------------
  dist_space |        387    2.623753    5.105385   .0126636   20.75406

. sum dist_space if only_mf == 1 & year==2018 & (dist_both<=0 & dist_both>-0.02) & res_typex != "Condominiums"

    Variable |        Obs        Mean    Std. dev.       Min        Max
-------------+---------------------------------------------------------
  dist_space |        401    2.476023    4.861845   .0121973   20.77848

. 
. quietly eststo space_mfhe: reg dist_space ib26.dist3 i.lam_seg i.year if year==2018 & (dist_both<=0.21 & dist_both>=-0.2 & mf_he == 1 & res_typex !="Condominiums") , vce(cluster lam_seg)

. sum dist_space if mf_he == 1 & year==2018 & (dist_both<=0.02 & dist_both>0) & res_typex != "Condominiums" 

    Variable |        Obs        Mean    Std. dev.       Min        Max
-------------+---------------------------------------------------------
  dist_space |        119    1.584263    1.109215   .1953669   3.571569

. sum dist_space if mf_he == 1 & year==2018 & (dist_both<=0 & dist_both>-0.02) & res_typex != "Condominiums"

    Variable |        Obs        Mean    Std. dev.       Min        Max
-------------+---------------------------------------------------------
  dist_space |        132    1.258429     .728048   .0264991   3.485832

. 
. quietly eststo space_he: reg dist_space ib26.dist3 i.lam_seg i.year if year==2018 & (dist_both<=0.21 & dist_both>=-0.2 & only_he == 1 & res_typex !="Condominiums") , vce(cluster lam_seg)

. sum dist_space if only_he == 1 & year==2018 & (dist_both<=0.02 & dist_both>0) & res_typex != "Condominiums" 

    Variable |        Obs        Mean    Std. dev.       Min        Max
-------------+---------------------------------------------------------
  dist_space |        300    3.103023    1.678857   .0324943   9.305794

. sum dist_space if only_he == 1 & year==2018 & (dist_both<=0 & dist_both>-0.02) & res_typex != "Condominiums"

    Variable |        Obs        Mean    Std. dev.       Min        Max
-------------+---------------------------------------------------------
  dist_space |        251    2.728038     1.88464   .0192392   7.256652

. 
. esttab space_du space_duhe space_mfdu space_mf space_mfhe space_he, se r2 indicate("Boundary f.e.=*lam_seg" "Year f.e.=*year") interaction(" X ") ///
>         label mtitles("space_du" "space_duhe" "space_mfdu" "space_mf" "space_mfhe" "space_he") title("Distance to Green Space (miles)") 

Distance to Green Space (miles)
--------------------------------------------------------------------------------------------------------------------
                              (1)             (2)             (3)             (4)             (5)             (6)   
                         space_du      space_duhe      space_mfdu        space_mf      space_mfhe        space_he   
--------------------------------------------------------------------------------------------------------------------
-.2                        0.0215          0.0196         -0.0207        -0.00513          -0.149          0.0494   
                         (0.0236)        (0.0420)        (0.0290)        (0.0736)        (0.0814)        (0.0724)   

-.18                       0.0274          0.0104         0.00473          -0.181          -0.215***      -0.0277   
                         (0.0238)        (0.0492)        (0.0191)         (0.169)        (0.0486)        (0.0746)   

-.16                    -0.000929         0.00239         -0.0230           0.168          -0.185*         0.0491   
                         (0.0177)        (0.0367)        (0.0365)         (0.101)        (0.0714)        (0.0593)   

-.14                      0.00871         -0.0185       -0.000574           0.132          -0.127***      -0.0442   
                         (0.0185)        (0.0225)        (0.0162)        (0.0933)        (0.0308)        (0.0694)   

-.12                      0.00993         -0.0188        -0.00453          0.0563          -0.110**       0.00879   
                         (0.0159)        (0.0240)        (0.0145)        (0.0348)        (0.0350)        (0.0397)   

-.1                        0.0120         -0.0281         0.00103          0.0103         -0.0871*         0.0943   
                         (0.0143)        (0.0143)        (0.0133)        (0.0179)        (0.0344)        (0.0693)   

-.08                      0.00553         -0.0183          0.0101        0.000353          -0.127***       0.0269   
                         (0.0152)        (0.0116)        (0.0127)        (0.0159)        (0.0305)        (0.0357)   

-.06                      -0.0194         -0.0126          0.0120         0.00127         -0.0912***     -0.00708   
                         (0.0140)       (0.00875)        (0.0154)        (0.0111)        (0.0243)        (0.0573)   

-.04                     -0.00706        -0.00930         0.00122         -0.0234         -0.0511***     -0.00354   
                        (0.00990)       (0.00658)       (0.00914)        (0.0246)        (0.0137)        (0.0345)   

-.02                     -0.00378        -0.00724         0.00593         0.00252         -0.0216          0.0534*  
                        (0.00806)       (0.00529)       (0.00729)       (0.00522)        (0.0110)        (0.0263)   

0                               0               0               0               0               0               0   
                              (.)             (.)             (.)             (.)             (.)             (.)   

.02                       0.00595         0.00599        -0.00163        -0.00420          -0.101         -0.0115   
                         (0.0147)       (0.00804)        (0.0106)       (0.00739)        (0.0822)        (0.0145)   

.04                       0.00859          0.0113         -0.0202         0.00295          -0.133          0.0147   
                         (0.0121)        (0.0106)        (0.0145)        (0.0102)        (0.0802)        (0.0420)   

.06                        0.0189          0.0161         -0.0201         -0.0378          -0.105         0.00536   
                         (0.0134)        (0.0168)        (0.0138)        (0.0246)        (0.0572)        (0.0423)   

.08                        0.0219          0.0284         -0.0199         -0.0548**        -0.107         0.00386   
                         (0.0168)        (0.0190)        (0.0140)        (0.0163)        (0.0731)        (0.0577)   

.1                       -0.00279          0.0326        -0.00218         -0.0348          -0.135          0.0400   
                         (0.0208)        (0.0306)        (0.0173)        (0.0275)        (0.0843)        (0.0342)   

.12                        0.0218          0.0385         0.00810         -0.0490          -0.104          0.0531   
                         (0.0218)        (0.0453)        (0.0227)        (0.0350)        (0.0832)        (0.0393)   

.14                        0.0181          0.0526          0.0166        -0.00296         -0.0905          0.0196   
                         (0.0199)        (0.0309)        (0.0253)        (0.0214)        (0.0835)        (0.0373)   

.16                        0.0119          0.0415*         0.0107          -0.119          -0.101        -0.00700   
                         (0.0245)        (0.0192)        (0.0374)        (0.0627)        (0.0805)        (0.0408)   

.18                        0.0295        -0.00169          0.0160          -0.205*        -0.0908         -0.0377   
                         (0.0317)        (0.0380)        (0.0336)        (0.0792)        (0.0682)        (0.0439)   

.2                         0.0454           0.400***        0.105*        -0.0646         -0.0309           0.126   
                         (0.0374)        (0.0367)        (0.0486)        (0.0656)        (0.0240)        (0.0825)   

Constant                    0.232***      0.00692           14.49***        2.099***       0.0981***        9.302***
                         (0.0135)        (0.0367)        (0.0245)        (0.0155)        (0.0273)      (1.81e-12)   

Boundary f.e.                 Yes             Yes             Yes             Yes             Yes             Yes   

Year f.e.                     Yes             Yes             Yes             Yes             Yes             Yes   
--------------------------------------------------------------------------------------------------------------------
Observations                42702            4570           17184            2298             753            2593   
R-squared                   0.996           0.999           0.997           1.000           0.994           0.988   
--------------------------------------------------------------------------------------------------------------------
Standard errors in parentheses
* p<0.05, ** p<0.01, *** p<0.001

.         
. /* REStat Revision 03-27-2024 - allow for table - NC check
>         - keeping only the first coefficient on the more restrictive side of the 
>           boundary, check if correct bin kept */
.           
. esttab space_du space_duhe space_mfdu space_mf space_mfhe space_he using "$EXPORTPATH/amenities_table_space.tex", replace keep(25.dist3) ///
>         se r2 indicate("Boundary f.e.=*lam_seg" "Year f.e.=*year") interaction(" X ") ///
>         label mtitles("space_du" "space_duhe" "space_mfdu" "space_mf" "space_mfhe" "space_he") ///
>         title("Distance to Green Space (miles)") 
(file /shared/boston_zoning/working_paper/replication_package/analysis/amenities_mtlines_output/amenities_table_space.tex not found)
(output written to /shared/boston_zoning/working_paper/replication_package/analysis/amenities_mtlines_output/amenities_table_space.tex)

.         
. ** robust s.e.
. quietly eststo space_du_robust: reg dist_space ib26.dist3 i.lam_seg i.year if year==2018 & (dist_both<=0.21 & dist_both>=-0.2 & only_du == 1 & res_typex !="Condominiums") , vce(robust)

.         
. quietly eststo space_duhe_robust: reg dist_space ib26.dist3 i.lam_seg i.year if year==2018 & (dist_both<=0.21 & dist_both>=-0.2 & du_he == 1 & res_typex !="Condominiums") , vce(robust)

. 
. quietly eststo space_mfdu_robust: reg dist_space ib26.dist3 i.lam_seg i.year if year==2018 & (dist_both<=0.21 & dist_both>=-0.2 & mf_du == 1 & res_typex !="Condominiums") , vce(robust)

. 
. quietly eststo space_mf_robust: reg dist_space ib26.dist3 i.lam_seg i.year if year==2018 & (dist_both<=0.21 & dist_both>=-0.2 & only_mf== 1 & res_typex !="Condominiums") , vce(robust)

. 
. quietly eststo space_mfhe_robust: reg dist_space ib26.dist3 i.lam_seg i.year if year==2018 & (dist_both<=0.21 & dist_both>=-0.2 & mf_he == 1 & res_typex !="Condominiums") , vce(robust)

. 
. quietly eststo space_he_robust: reg dist_space ib26.dist3 i.lam_seg i.year if year==2018 & (dist_both<=0.21 & dist_both>=-0.2 & only_he == 1 & res_typex !="Condominiums") , vce(robust)

. 
. esttab space_du_robust space_duhe_robust space_mfdu_robust space_mf_robust space_mfhe_robust space_he_robust, se r2 indicate("Boundary f.e.=*lam_seg" "Year f.e.=*year") interaction(" X ") ///
>         label mtitles("space_du" "space_duhe" "space_mfdu" "space_mf" "space_mfhe" "space_he") title("Distance to Green Space (miles), robust s.e.") 

Distance to Green Space (miles), robust s.e.
--------------------------------------------------------------------------------------------------------------------
                              (1)             (2)             (3)             (4)             (5)             (6)   
                         space_du      space_duhe      space_mfdu        space_mf      space_mfhe        space_he   
--------------------------------------------------------------------------------------------------------------------
-.2                        0.0215          0.0196         -0.0207        -0.00513          -0.149*         0.0494   
                         (0.0118)        (0.0163)        (0.0107)        (0.0424)        (0.0735)        (0.0414)   

-.18                       0.0274*         0.0104         0.00473          -0.181**        -0.215***      -0.0277   
                         (0.0114)        (0.0151)       (0.00923)        (0.0560)        (0.0244)        (0.0472)   

-.16                    -0.000929         0.00239         -0.0230*          0.168***       -0.185***       0.0491   
                        (0.00923)        (0.0114)        (0.0105)        (0.0419)        (0.0284)        (0.0291)   

-.14                      0.00871         -0.0185*      -0.000574           0.132***       -0.127***      -0.0442   
                        (0.00841)       (0.00895)       (0.00770)        (0.0363)        (0.0180)        (0.0505)   

-.12                      0.00993         -0.0188**      -0.00453          0.0563**        -0.110***      0.00879   
                        (0.00682)       (0.00715)       (0.00566)        (0.0194)        (0.0150)        (0.0293)   

-.1                        0.0120         -0.0281***      0.00103          0.0103         -0.0871***       0.0943***
                        (0.00650)       (0.00641)       (0.00554)       (0.00752)        (0.0151)        (0.0204)   

-.08                      0.00553         -0.0183***       0.0101        0.000353          -0.127***       0.0269   
                        (0.00620)       (0.00456)       (0.00529)       (0.00574)        (0.0160)        (0.0181)   

-.06                      -0.0194***      -0.0126**        0.0120*        0.00127         -0.0912***     -0.00708   
                        (0.00498)       (0.00393)       (0.00471)       (0.00404)        (0.0148)        (0.0188)   

-.04                     -0.00706        -0.00930**       0.00122         -0.0234*        -0.0511**      -0.00354   
                        (0.00422)       (0.00331)       (0.00373)       (0.00924)        (0.0162)        (0.0192)   

-.02                     -0.00378        -0.00724*        0.00593         0.00252         -0.0216*         0.0534** 
                        (0.00443)       (0.00302)       (0.00331)       (0.00363)        (0.0103)        (0.0195)   

0                               0               0               0               0               0               0   
                              (.)             (.)             (.)             (.)             (.)             (.)   

.02                       0.00595         0.00599        -0.00163        -0.00420          -0.101***      -0.0115   
                        (0.00445)       (0.00386)       (0.00362)       (0.00620)        (0.0193)        (0.0183)   

.04                       0.00859          0.0113*        -0.0202***      0.00295          -0.133***       0.0147   
                        (0.00486)       (0.00440)       (0.00458)       (0.00597)        (0.0220)        (0.0179)   

.06                        0.0189***       0.0161**       -0.0201***      -0.0378**        -0.105***      0.00536   
                        (0.00504)       (0.00560)       (0.00569)        (0.0137)        (0.0161)        (0.0183)   

.08                        0.0219***       0.0284***      -0.0199***      -0.0548***       -0.107***      0.00386   
                        (0.00577)       (0.00731)       (0.00574)        (0.0135)        (0.0167)        (0.0208)   

.1                       -0.00279          0.0326***     -0.00218         -0.0348**        -0.135***       0.0400   
                        (0.00696)       (0.00858)       (0.00741)        (0.0133)        (0.0209)        (0.0252)   

.12                        0.0218**        0.0385**       0.00810         -0.0490**        -0.104***       0.0531*  
                        (0.00680)        (0.0150)       (0.00911)        (0.0149)        (0.0224)        (0.0257)   

.14                        0.0181*         0.0526**        0.0166        -0.00296         -0.0905***       0.0196   
                        (0.00731)        (0.0177)       (0.00958)        (0.0306)        (0.0209)        (0.0314)   

.16                        0.0119          0.0415***       0.0107          -0.119***       -0.101***     -0.00700   
                        (0.00782)       (0.00795)        (0.0129)        (0.0284)        (0.0261)        (0.0334)   

.18                        0.0295***     -0.00169          0.0160          -0.205***      -0.0908***      -0.0377   
                        (0.00885)        (0.0155)        (0.0132)        (0.0574)        (0.0192)        (0.0342)   

.2                         0.0454***        0.400***        0.105***      -0.0646         -0.0309           0.126** 
                         (0.0126)        (0.0114)        (0.0224)        (0.0521)        (0.0469)        (0.0442)   

Constant                    0.232***      0.00692           14.49***        2.099***       0.0981***        9.302***
                        (0.00570)        (0.0114)       (0.00855)       (0.00907)        (0.0164)       (0.00280)   

Boundary f.e.                 Yes             Yes             Yes             Yes             Yes             Yes   

Year f.e.                     Yes             Yes             Yes             Yes             Yes             Yes   
--------------------------------------------------------------------------------------------------------------------
Observations                42702            4570           17184            2298             753            2593   
R-squared                   0.996           0.999           0.997           1.000           0.994           0.988   
--------------------------------------------------------------------------------------------------------------------
Standard errors in parentheses
* p<0.05, ** p<0.01, *** p<0.001

.         
. ** coefplots
. local plot_list space_mfdu 

. local l1_title "Distance to Green Space (miles)"

. local b1_title "<-More restrictive  |  Less restrictive ->"

. local b2_title "Distance to Boundary (miles)"

. local graph_title "coef_space_all"

. 
. foreach r in `plot_list' {
  2.         if "`r'" == "space_mfdu" {
  3.                 local title "MF Allowed and DUPAC Change"
  4.         }
  5.         
.         * coefplots
.         #delimit ;
delimiter now ;
.                 coefplot 
>                         
>                         /* relaxed side graphing variables */
>                         (`r', keep(16.dist3 17.dist3 18.dist3 19.dist3 20.dist3 21.dist3 22.dist3 23.dist3 24.dist3 25.dist3) 
>                                 recast(line) color(midblue) 
>                                 ciopts(recast(rarea) color(midblue%30) lwidth(none))
>                                 )
>                         
>                         /* strict side graphing variables */
>                         (`r', keep(26.dist3 27.dist3 28.dist3 29.dist3 30.dist3 31.dist3 32.dist3 33.dist3 34.dist3 35.dist3) 
>                                 recast(line) color(maroon)
>                                 ciopts(recast(rarea) color(maroon%30) lwidth(none))
>                                 ),
> 
>                         /* plot region */
>                         vertical levels(95) baselevels offset(0)
>                         graphregion(fc(white) lcolor(white)) plotregion(fc(white) lcolor(white))
> 
>                         xline(10.5, lpattern(dash) lwidth(thin) lcolor(black))
>                         yline(0, lpattern(dash) lwidth(thin) lcolor(black))
> 
>                         /* titles, subtitles, notes */          
>                         title("{bf:`title'}", size(3) pos(12) margin(t=0 b=0 l=0 r=0) span)
> 
>                         /* axis titles and labels */            
>                         ylabel(, labsize(4) gmin gmax) ymtick() 
>                         
>                         xlabel(1 "-.20" 2 "-.18" 3 "-.16" 4 "-.14" 5 "-.12" 6 "-.10" 7 "-.08" 8 "-.06" 9 "-.04" 10 "-.02" 10.5 "0"
>                                 11 ".02" 12 ".04" 13 ".06" 14 ".08" 15 ".10" 16 ".12" 17 ".14" 18 ".16" 19 ".18" 20 ".20", labsize(3) angle(45) gmax)
>                                 
>                         /* legend */
>                         legend(off position(6) 
>                                 order()
>                                 symy(2) symx(3) 
>                                 rows(1) cols() size(2) 
>                                 nobox fcolor()
>                                 region(fcolor(none) lpattern(blank))
>                                 margin(t=1 b=1 l=0 r=0)span)
>                         name("`r'", replace) ;
  6.                                         graph combine `r',
>                         graphregion(fc(white) lcolor(white))
>                         l1title("{bf:`l1_title'}", size(3) margin(t=0 b=0 l=0 r=1))
>                         b1title("`b1_title'", size(2))
>                         b2title("{bf:`b2_title'}", size(3) margin(t=1 b=0 l=0 r=0))
>                         name("`r'a", replace);
  7.                                 graph save "`r'a" "$EXPORTPATH/coef_`r'", replace;
  8.         #delimit cr
delimiter now cr
. }
(file /shared/boston_zoning/working_paper/replication_package/analysis/amenities_mtlines_output/coef_space_mfdu.gph not found)
file /shared/boston_zoning/working_paper/replication_package/analysis/amenities_mtlines_output/coef_space_mfdu.gph saved

.         
. * combine all graphs
. #delimit ;
delimiter now ;
.         graph combine `plot_list',
>                 rows(3) cols(2) ysize() xsize() iscale() imargin(0)
>                 graphregion(fc(white) lcolor(white))
>                 l1title("{bf:`l1_title'}", size(3) margin(t=0 b=0 l=0 r=1))
>                 b1title("`b1_title'", size(2))
>                 b2title("{bf:`b2_title'}", size(3) margin(t=1 b=0 l=0 r=0))
>                 name("graph_all", replace);
(note:  named style 0 not found in class margin, default attributes used)

.         graph save "graph_all" "$EXPORTPATH/`graph_title'", replace;
(file /shared/boston_zoning/working_paper/replication_package/analysis/amenities_mtlines_output/coef_space_all.gph not found)
file /shared/boston_zoning/working_paper/replication_package/analysis/amenities_mtlines_output/coef_space_all.gph saved

. #delimit cr     
delimiter now cr
. 
. eststo clear

. graph close _all

. 
. 
. ********************************************************************************
. * distance to school
. ********************************************************************************
. ** regressions
. quietly eststo school_du: reg dist_school ib26.dist3 i.lam_seg i.year if year==2018 & (dist_both<=0.21 & dist_both>=-0.2 & only_du == 1 & res_typex !="Condominiums") , vce(cluster lam_seg)

. sum dist_school if only_du == 1 & year==2018 & (dist_both<=0.02 & dist_both>0) & res_typex != "Condominiums" 

    Variable |        Obs        Mean    Std. dev.       Min        Max
-------------+---------------------------------------------------------
 dist_school |      4,487     .605158    .4788215   .0181495   3.707598

. sum dist_school if only_du == 1 & year==2018 & (dist_both<=0 & dist_both>-0.02) & res_typex != "Condominiums"

    Variable |        Obs        Mean    Std. dev.       Min        Max
-------------+---------------------------------------------------------
 dist_school |      3,461    .5910029    .4984731   .0227307   3.695114

.         
. quietly eststo school_duhe: reg dist_school ib26.dist3 i.lam_seg i.year if year==2018 & (dist_both<=0.21 & dist_both>=-0.2 & du_he == 1 & res_typex !="Condominiums") , vce(cluster lam_seg)

. sum dist_school if du_he == 1 & year==2018 & (dist_both<=0.02 & dist_both>0) & res_typex != "Condominiums" 

    Variable |        Obs        Mean    Std. dev.       Min        Max
-------------+---------------------------------------------------------
 dist_school |        565    .3381452    .1803596   .0237308   .9481481

. sum dist_school if du_he == 1 & year==2018 & (dist_both<=0 & dist_both>-0.02) & res_typex != "Condominiums"

    Variable |        Obs        Mean    Std. dev.       Min        Max
-------------+---------------------------------------------------------
 dist_school |        711     .324587    .1880866   .0229702   1.635834

. 
. quietly eststo school_mfdu: reg dist_school ib26.dist3 i.lam_seg i.year if year==2018 & (dist_both<=0.21 & dist_both>=-0.2 & mf_du == 1 & res_typex !="Condominiums") , vce(cluster lam_seg)

. sum dist_school if mf_du == 1 & year==2018 & (dist_both<=0.02 & dist_both>0) & res_typex != "Condominiums" 

    Variable |        Obs        Mean    Std. dev.       Min        Max
-------------+---------------------------------------------------------
 dist_school |      1,983    .4381367    .3425781   .0093486   2.630236

. sum dist_school if mf_du == 1 & year==2018 & (dist_both<=0 & dist_both>-0.02) & res_typex != "Condominiums"

    Variable |        Obs        Mean    Std. dev.       Min        Max
-------------+---------------------------------------------------------
 dist_school |      1,979    .4581691    .3756769   .0197228   2.609851

. 
. quietly eststo school_mf: reg dist_school ib26.dist3 i.lam_seg i.year if year==2018 & (dist_both<=0.21 & dist_both>=-0.2 & only_mf== 1 & res_typex !="Condominiums") , vce(cluster lam_seg)

. sum dist_school if only_mf == 1 & year==2018 & (dist_both<=0.02 & dist_both>0) & res_typex != "Condominiums" 

    Variable |        Obs        Mean    Std. dev.       Min        Max
-------------+---------------------------------------------------------
 dist_school |        387    .3189021    .2552806   .0339233   2.077218

. sum dist_school if only_mf == 1 & year==2018 & (dist_both<=0 & dist_both>-0.02) & res_typex != "Condominiums"

    Variable |        Obs        Mean    Std. dev.       Min        Max
-------------+---------------------------------------------------------
 dist_school |        401    .3204441    .2408234   .0641951   2.098329

. 
. quietly eststo school_mfhe: reg dist_school ib26.dist3 i.lam_seg i.year if year==2018 & (dist_both<=0.21 & dist_both>=-0.2 & mf_he == 1 & res_typex !="Condominiums") , vce(cluster lam_seg)

. sum dist_school if mf_he == 1 & year==2018 & (dist_both<=0.02 & dist_both>0) & res_typex != "Condominiums" 

    Variable |        Obs        Mean    Std. dev.       Min        Max
-------------+---------------------------------------------------------
 dist_school |        119    .4232471    .1837131   .0746152   .8582179

. sum dist_school if mf_he == 1 & year==2018 & (dist_both<=0 & dist_both>-0.02) & res_typex != "Condominiums"

    Variable |        Obs        Mean    Std. dev.       Min        Max
-------------+---------------------------------------------------------
 dist_school |        132    .4284007      .34947   .0895399     3.6045

. 
. quietly eststo school_he: reg dist_school ib26.dist3 i.lam_seg i.year if year==2018 & (dist_both<=0.21 & dist_both>=-0.2 & only_he == 1 & res_typex !="Condominiums") , vce(cluster lam_seg)

. sum dist_school if only_he == 1 & year==2018 & (dist_both<=0.02 & dist_both>0) & res_typex != "Condominiums" 

    Variable |        Obs        Mean    Std. dev.       Min        Max
-------------+---------------------------------------------------------
 dist_school |        300    .6101146     .332935   .0918462   1.595338

. sum dist_school if only_he == 1 & year==2018 & (dist_both<=0 & dist_both>-0.02) & res_typex != "Condominiums"

    Variable |        Obs        Mean    Std. dev.       Min        Max
-------------+---------------------------------------------------------
 dist_school |        251    .6643647    .3833873   .1021787   1.615798

. 
. esttab school_du school_duhe school_mfdu school_mf school_mfhe school_he, se r2 indicate("Boundary f.e.=*lam_seg" "Year f.e.=*year") interaction(" X ") ///
>         label mtitles("school_du" "school_duhe" "school_mfdu" "school_mf" "school_mfhe" "school_he") title("Distance to School (miles)") 

Distance to School (miles)
--------------------------------------------------------------------------------------------------------------------
                              (1)             (2)             (3)             (4)             (5)             (6)   
                        school_du     school_duhe     school_mfdu       school_mf     school_mfhe       school_he   
--------------------------------------------------------------------------------------------------------------------
-.2                        0.0548*       -0.00505         -0.0641*         0.0345          0.0630         -0.0253   
                         (0.0237)        (0.0346)        (0.0257)        (0.0569)        (0.0943)        (0.0991)   

-.18                       0.0754***      0.00340        -0.00578          -0.105         -0.0477          0.0450   
                         (0.0168)        (0.0333)        (0.0212)        (0.0871)        (0.0398)         (0.178)   

-.16                       0.0448*         0.0138          0.0187           0.121         -0.0333         -0.0238   
                         (0.0183)        (0.0228)        (0.0159)         (0.114)        (0.0438)        (0.0843)   

-.14                       0.0316        0.000783          0.0145          0.0597         -0.0226           0.105   
                         (0.0178)        (0.0174)        (0.0135)         (0.111)        (0.0528)         (0.126)   

-.12                       0.0147         -0.0294         0.00683         -0.0118         -0.0100          0.0215   
                         (0.0153)        (0.0188)        (0.0127)        (0.0588)        (0.0492)        (0.0364)   

-.1                        0.0113         -0.0167         0.00431         -0.0274         -0.0372         -0.0713   
                         (0.0131)        (0.0237)        (0.0108)        (0.0207)        (0.0387)        (0.0684)   

-.08                       0.0116         -0.0149        0.000963         -0.0121         -0.0835         0.00650   
                         (0.0127)        (0.0177)        (0.0103)        (0.0140)        (0.0480)        (0.0213)   

-.06                      0.00378        -0.00497          0.0131       0.0000194         -0.0522        -0.00304   
                         (0.0120)        (0.0115)       (0.00864)        (0.0103)        (0.0440)        (0.0162)   

-.04                      -0.0133        -0.00676         0.00499         -0.0340          0.0105          0.0171   
                         (0.0125)       (0.00856)       (0.00654)        (0.0252)        (0.0235)        (0.0125)   

-.02                      0.00374        -0.00476         0.00544       -0.000225        -0.00569          0.0152   
                        (0.00588)       (0.00635)       (0.00490)       (0.00399)        (0.0105)        (0.0174)   

0                               0               0               0               0               0               0   
                              (.)             (.)             (.)             (.)             (.)             (.)   

.02                      -0.00669        -0.00379         0.00565         0.00609          -0.101         -0.0178   
                         (0.0123)       (0.00700)       (0.00680)        (0.0101)        (0.0690)        (0.0108)   

.04                       -0.0153        -0.00449         0.00702          0.0104          -0.112         -0.0107   
                         (0.0101)        (0.0128)       (0.00850)        (0.0127)        (0.0779)        (0.0243)   

.06                       -0.0271*       -0.00744         -0.0105         -0.0277         -0.0741         -0.0509*  
                         (0.0113)        (0.0178)        (0.0104)        (0.0203)        (0.0550)        (0.0236)   

.08                       -0.0142        0.000191         -0.0145         -0.0117        -0.00870         -0.0758*  
                        (0.00955)        (0.0166)       (0.00884)        (0.0278)        (0.0764)        (0.0339)   

.1                       -0.00931         0.00665         -0.0204          0.0439         -0.0380         -0.0726*  
                         (0.0138)        (0.0230)        (0.0120)        (0.0325)        (0.0662)        (0.0291)   

.12                       -0.0260          0.0225        -0.00337          0.0494         -0.0542         -0.0510   
                         (0.0166)        (0.0325)        (0.0160)        (0.0500)        (0.0777)        (0.0348)   

.14                       -0.0225         0.00422        -0.00734          0.0893***     -0.00756         -0.0640*  
                         (0.0176)        (0.0244)        (0.0192)        (0.0243)         (0.106)        (0.0303)   

.16                       -0.0314         0.00645         -0.0116          0.0231         -0.0116         -0.0861** 
                         (0.0184)        (0.0231)        (0.0320)        (0.0875)        (0.0929)        (0.0319)   

.18                       -0.0497*         0.0535         -0.0309         -0.0506          0.0783         -0.0891*  
                         (0.0215)        (0.0279)        (0.0355)         (0.140)         (0.111)        (0.0422)   

.2                        -0.0417          -0.853***      -0.0666          0.0445          0.0698          -0.164   
                         (0.0303)        (0.0228)        (0.0488)         (0.120)         (0.114)        (0.0876)   

Constant                    1.964***        1.073***        4.490***        0.298***        3.552***        1.561***
                         (0.0120)        (0.0228)        (0.0228)        (0.0177)        (0.0351)      (2.37e-13)   

Boundary f.e.                 Yes             Yes             Yes             Yes             Yes             Yes   

Year f.e.                     Yes             Yes             Yes             Yes             Yes             Yes   
--------------------------------------------------------------------------------------------------------------------
Observations                42702            4570           17184            2298             753            2593   
R-squared                   0.902           0.957           0.944           0.960           0.979           0.901   
--------------------------------------------------------------------------------------------------------------------
Standard errors in parentheses
* p<0.05, ** p<0.01, *** p<0.001

.           
. esttab school_du school_duhe school_mfdu school_mf school_mfhe school_he using "$EXPORTPATH/amenities_table_school.tex", replace keep(25.dist3) ///
>         se r2 indicate("Boundary f.e.=*lam_seg" "Year f.e.=*year") interaction(" X ") ///
>         label mtitles("school_du" "school_duhe" "school_mfdu" "school_mf" "school_mfhe" "school_he") ///
>         title("Distance to School (miles)") 
(file /shared/boston_zoning/working_paper/replication_package/analysis/amenities_mtlines_output/amenities_table_school.tex not found)
(output written to /shared/boston_zoning/working_paper/replication_package/analysis/amenities_mtlines_output/amenities_table_school.tex)

.         
. *robust s.e.
. quietly eststo school_du_robust: reg dist_school ib26.dist3 i.lam_seg i.year if year==2018 & (dist_both<=0.21 & dist_both>=-0.2 & only_du == 1 & res_typex !="Condominiums") , vce(robust)

.         
. quietly eststo school_duhe_robust: reg dist_school ib26.dist3 i.lam_seg i.year if year==2018 & (dist_both<=0.21 & dist_both>=-0.2 & du_he == 1 & res_typex !="Condominiums") , vce(robust)

. 
. quietly eststo school_mfdu_robust: reg dist_school ib26.dist3 i.lam_seg i.year if year==2018 & (dist_both<=0.21 & dist_both>=-0.2 & mf_du == 1 & res_typex !="Condominiums") , vce(robust)

. 
. quietly eststo school_mf_robust: reg dist_school ib26.dist3 i.lam_seg i.year if year==2018 & (dist_both<=0.21 & dist_both>=-0.2 & only_mf== 1 & res_typex !="Condominiums") , vce(robust)

. 
. quietly eststo school_mfhe_robust: reg dist_school ib26.dist3 i.lam_seg i.year if year==2018 & (dist_both<=0.21 & dist_both>=-0.2 & mf_he == 1 & res_typex !="Condominiums") , vce(robust)

. 
. quietly eststo school_he_robust: reg dist_school ib26.dist3 i.lam_seg i.year if year==2018 & (dist_both<=0.21 & dist_both>=-0.2 & only_he == 1 & res_typex !="Condominiums") , vce(robust)

. 
. esttab school_du_robust school_duhe_robust school_mfdu_robust school_mf_robust school_mfhe_robust school_he_robust, se r2 indicate("Boundary f.e.=*lam_seg" "Year f.e.=*year") interaction(" X ") ///
>         label mtitles("school_du" "school_duhe" "school_mfdu" "school_mf" "school_mfhe" "school_he") title("Distance to School (miles), robust s.e.") 

Distance to School (miles), robust s.e.
--------------------------------------------------------------------------------------------------------------------
                              (1)             (2)             (3)             (4)             (5)             (6)   
                        school_du     school_duhe     school_mfdu       school_mf     school_mfhe       school_he   
--------------------------------------------------------------------------------------------------------------------
-.2                        0.0548***     -0.00505         -0.0641***       0.0345          0.0630         -0.0253   
                        (0.00865)        (0.0119)       (0.00949)        (0.0372)        (0.0834)        (0.0662)   

-.18                       0.0754***      0.00340        -0.00578          -0.105***      -0.0477**        0.0450   
                        (0.00739)        (0.0116)       (0.00740)        (0.0318)        (0.0149)         (0.126)   

-.16                       0.0448***       0.0138          0.0187**         0.121**       -0.0333*        -0.0238   
                        (0.00684)       (0.00845)       (0.00650)        (0.0469)        (0.0153)        (0.0549)   

-.14                       0.0316***     0.000783          0.0145**        0.0597         -0.0226           0.105   
                        (0.00624)       (0.00761)       (0.00546)        (0.0442)        (0.0220)         (0.107)   

-.12                       0.0147**       -0.0294***      0.00683         -0.0118         -0.0100          0.0215   
                        (0.00559)       (0.00622)       (0.00454)        (0.0255)        (0.0148)        (0.0216)   

-.1                        0.0113*        -0.0167*        0.00431         -0.0274***      -0.0372**       -0.0713***
                        (0.00479)       (0.00649)       (0.00425)       (0.00799)        (0.0120)        (0.0179)   

-.08                       0.0116**       -0.0149**      0.000963         -0.0121*        -0.0835***      0.00650   
                        (0.00440)       (0.00501)       (0.00383)       (0.00595)        (0.0163)        (0.0174)   

-.06                      0.00378        -0.00497          0.0131***    0.0000194         -0.0522**      -0.00304   
                        (0.00388)       (0.00443)       (0.00310)       (0.00434)        (0.0171)        (0.0103)   

-.04                      -0.0133***     -0.00676         0.00499         -0.0340***       0.0105          0.0171   
                        (0.00363)       (0.00391)       (0.00296)       (0.00956)        (0.0151)       (0.00970)   

-.02                      0.00374        -0.00476         0.00544*      -0.000225        -0.00569          0.0152   
                        (0.00370)       (0.00363)       (0.00267)       (0.00380)        (0.0109)       (0.00970)   

0                               0               0               0               0               0               0   
                              (.)             (.)             (.)             (.)             (.)             (.)   

.02                      -0.00669*       -0.00379         0.00565         0.00609          -0.101***      -0.0178   
                        (0.00336)       (0.00426)       (0.00291)       (0.00657)        (0.0171)       (0.00982)   

.04                       -0.0153***     -0.00449         0.00702*         0.0104          -0.112***      -0.0107   
                        (0.00373)       (0.00539)       (0.00327)       (0.00608)        (0.0199)        (0.0106)   

.06                       -0.0271***     -0.00744         -0.0105**       -0.0277*        -0.0741***      -0.0509***
                        (0.00401)       (0.00629)       (0.00400)        (0.0127)        (0.0166)       (0.00995)   

.08                       -0.0142**      0.000191         -0.0145***      -0.0117        -0.00870         -0.0758***
                        (0.00441)       (0.00771)       (0.00410)        (0.0157)        (0.0179)        (0.0114)   

.1                       -0.00931         0.00665         -0.0204***       0.0439*        -0.0380*        -0.0726***
                        (0.00522)       (0.00829)       (0.00508)        (0.0170)        (0.0152)        (0.0139)   

.12                       -0.0260***       0.0225*       -0.00337          0.0494**       -0.0542**       -0.0510***
                        (0.00512)        (0.0110)       (0.00581)        (0.0165)        (0.0194)        (0.0147)   

.14                       -0.0225***      0.00422        -0.00734          0.0893**      -0.00756         -0.0640** 
                        (0.00571)        (0.0159)       (0.00630)        (0.0311)        (0.0249)        (0.0195)   

.16                       -0.0314***      0.00645         -0.0116          0.0231         -0.0116         -0.0861***
                        (0.00617)        (0.0128)       (0.00936)        (0.0337)        (0.0312)        (0.0188)   

.18                       -0.0497***       0.0535***      -0.0309**       -0.0506          0.0783*        -0.0891***
                        (0.00687)        (0.0132)        (0.0101)        (0.0759)        (0.0333)        (0.0193)   

.2                        -0.0417***       -0.853***      -0.0666***       0.0445          0.0698          -0.164***
                         (0.0122)       (0.00845)        (0.0163)        (0.0736)        (0.0437)        (0.0316)   

Constant                    1.964***        1.073***        4.490***        0.298***        3.552***        1.561***
                        (0.00572)       (0.00845)       (0.00702)       (0.00990)        (0.0186)        (0.0124)   

Boundary f.e.                 Yes             Yes             Yes             Yes             Yes             Yes   

Year f.e.                     Yes             Yes             Yes             Yes             Yes             Yes   
--------------------------------------------------------------------------------------------------------------------
Observations                42702            4570           17184            2298             753            2593   
R-squared                   0.902           0.957           0.944           0.960           0.979           0.901   
--------------------------------------------------------------------------------------------------------------------
Standard errors in parentheses
* p<0.05, ** p<0.01, *** p<0.001

.         
. ** coefplots
. local plot_list school_duhe 

. local l1_title "Distance to School (miles)"

. local b1_title "<-More restrictive  |  Less restrictive ->"

. local b2_title "Distance to Boundary (miles)"

. local graph_title "coef_school_all"

. 
. foreach r in `plot_list' {
  2.         if "`r'" == "school_duhe" {
  3.                 local title "DUPAC and Height Change"
  4.         }
  5.         
.         * coefplots
.         #delimit ;
delimiter now ;
.                 coefplot 
>                         
>                         /* relaxed side graphing variables */
>                         (`r', keep(16.dist3 17.dist3 18.dist3 19.dist3 20.dist3 21.dist3 22.dist3 23.dist3 24.dist3 25.dist3) 
>                                 recast(line) color(midblue) 
>                                 ciopts(recast(rarea) color(midblue%30) lwidth(none))
>                                 )
>                         
>                         /* strict side graphing variables */
>                         (`r', keep(26.dist3 27.dist3 28.dist3 29.dist3 30.dist3 31.dist3 32.dist3 33.dist3 34.dist3 35.dist3) 
>                                 recast(line) color(maroon)
>                                 ciopts(recast(rarea) color(maroon%30) lwidth(none))
>                                 ),
> 
>                         /* plot region */
>                         vertical levels(95) baselevels offset(0)
>                         graphregion(fc(white) lcolor(white)) plotregion(fc(white) lcolor(white))
> 
>                         xline(10.5, lpattern(dash) lwidth(thin) lcolor(black))
>                         yline(0, lpattern(dash) lwidth(thin) lcolor(black))
> 
>                         /* titles, subtitles, notes */          
>                         title("{bf:`title'}", size(3) pos(12) margin(t=0 b=0 l=0 r=0) span)
> 
>                         /* axis titles and labels */            
>                         ylabel(, labsize(4) gmin gmax) ymtick() 
>                         
>                         xlabel(1 "-.20" 2 "-.18" 3 "-.16" 4 "-.14" 5 "-.12" 6 "-.10" 7 "-.08" 8 "-.06" 9 "-.04" 10 "-.02" 10.5 "0"
>                                 11 ".02" 12 ".04" 13 ".06" 14 ".08" 15 ".10" 16 ".12" 17 ".14" 18 ".16" 19 ".18" 20 ".20", labsize(3) angle(45) gmax)
>                                 
>                         /* legend */
>                         legend(off position(6) 
>                                 order()
>                                 symy(2) symx(3) 
>                                 rows(1) cols() size(2) 
>                                 nobox fcolor()
>                                 region(fcolor(none) lpattern(blank))
>                                 margin(t=1 b=1 l=0 r=0)span)
>                         name("`r'", replace) ;
  6.                                         graph combine `r',
>                         graphregion(fc(white) lcolor(white))
>                         l1title("{bf:`l1_title'}", size(3) margin(t=0 b=0 l=0 r=1))
>                         b1title("`b1_title'", size(2))
>                         b2title("{bf:`b2_title'}", size(3) margin(t=1 b=0 l=0 r=0))
>                         name("`r'a", replace);
  7.                                 graph save "`r'a" "$EXPORTPATH/coef_`r'", replace;
  8.         #delimit cr
delimiter now cr
. }
(file /shared/boston_zoning/working_paper/replication_package/analysis/amenities_mtlines_output/coef_school_duhe.gph not found)
file /shared/boston_zoning/working_paper/replication_package/analysis/amenities_mtlines_output/coef_school_duhe.gph saved

.         
. * combine all graphs
. #delimit ;
delimiter now ;
.         graph combine `plot_list',
>                 rows(3) cols(2) ysize() xsize() iscale() imargin(0)
>                 graphregion(fc(white) lcolor(white))
>                 l1title("{bf:`l1_title'}", size(3) margin(t=0 b=0 l=0 r=1))
>                 b1title("`b1_title'", size(2))
>                 b2title("{bf:`b2_title'}", size(3) margin(t=1 b=0 l=0 r=0))
>                 name("graph_all", replace);
(note:  named style 0 not found in class margin, default attributes used)

.         graph save "graph_all" "$EXPORTPATH/`graph_title'", replace;
(file /shared/boston_zoning/working_paper/replication_package/analysis/amenities_mtlines_output/coef_school_all.gph not found)
file /shared/boston_zoning/working_paper/replication_package/analysis/amenities_mtlines_output/coef_school_all.gph saved

. #delimit cr     
delimiter now cr
. 
. eststo clear

. graph close _all

. 
. 
. ********************************************************************************
. ** distance to city center
. ********************************************************************************
. ** regressions
. quietly eststo center_du: reg dist_center ib26.dist3 i.lam_seg i.year if year==2018 & (dist_both<=0.21 & dist_both>=-0.2 & only_du == 1 & res_typex !="Condominiums") , vce(cluster lam_seg)

. sum dist_center if only_du == 1 & year==2018 & (dist_both<=0.02 & dist_both>0) & res_typex != "Condominiums" 

    Variable |        Obs        Mean    Std. dev.       Min        Max
-------------+---------------------------------------------------------
 dist_center |      4,487    1.600159    1.160275   .0517477   6.563829

. sum dist_center if only_du == 1 & year==2018 & (dist_both<=0 & dist_both>-0.02) & res_typex != "Condominiums"

    Variable |        Obs        Mean    Std. dev.       Min        Max
-------------+---------------------------------------------------------
 dist_center |      3,461    1.677896    1.213278   .0512444   6.551749

.         
. quietly eststo center_duhe: reg dist_center ib26.dist3 i.lam_seg i.year if year==2018 & (dist_both<=0.21 & dist_both>=-0.2 & du_he == 1 & res_typex !="Condominiums") , vce(cluster lam_seg)

. sum dist_center if du_he == 1 & year==2018 & (dist_both<=0.02 & dist_both>0) & res_typex != "Condominiums" 

    Variable |        Obs        Mean    Std. dev.       Min        Max
-------------+---------------------------------------------------------
 dist_center |        565    1.287103    .9027764   .0953864   4.733692

. sum dist_center if du_he == 1 & year==2018 & (dist_both<=0 & dist_both>-0.02) & res_typex != "Condominiums"

    Variable |        Obs        Mean    Std. dev.       Min        Max
-------------+---------------------------------------------------------
 dist_center |        711    1.300217    .9860471   .1036895   4.714446

. 
. quietly eststo center_mfdu: reg dist_center ib26.dist3 i.lam_seg i.year if year==2018 & (dist_both<=0.21 & dist_both>=-0.2 & mf_du == 1 & res_typex !="Condominiums") , vce(cluster lam_seg)

. sum dist_center if mf_du == 1 & year==2018 & (dist_both<=0.02 & dist_both>0) & res_typex != "Condominiums" 

    Variable |        Obs        Mean    Std. dev.       Min        Max
-------------+---------------------------------------------------------
 dist_center |      1,983    2.163399    1.522723   .0085575   6.360631

. sum dist_center if mf_du == 1 & year==2018 & (dist_both<=0 & dist_both>-0.02) & res_typex != "Condominiums"

    Variable |        Obs        Mean    Std. dev.       Min        Max
-------------+---------------------------------------------------------
 dist_center |      1,979    2.227083    1.610999   .0223797   6.594608

. 
. quietly eststo center_mf: reg dist_center ib26.dist3 i.lam_seg i.year if year==2018 & (dist_both<=0.21 & dist_both>=-0.2 & only_mf== 1 & res_typex !="Condominiums") , vce(cluster lam_seg)

. sum dist_center if only_mf == 1 & year==2018 & (dist_both<=0.02 & dist_both>0) & res_typex != "Condominiums" 

    Variable |        Obs        Mean    Std. dev.       Min        Max
-------------+---------------------------------------------------------
 dist_center |        387    1.955404     1.70289   .2501917   6.351077

. sum dist_center if only_mf == 1 & year==2018 & (dist_both<=0 & dist_both>-0.02) & res_typex != "Condominiums"

    Variable |        Obs        Mean    Std. dev.       Min        Max
-------------+---------------------------------------------------------
 dist_center |        401    1.857255     1.65621   .2283407   6.359189

. 
. quietly eststo center_mfhe: reg dist_center ib26.dist3 i.lam_seg i.year if year==2018 & (dist_both<=0.21 & dist_both>=-0.2 & mf_he == 1 & res_typex !="Condominiums") , vce(cluster lam_seg)

. sum dist_center if mf_he == 1 & year==2018 & (dist_both<=0.02 & dist_both>0) & res_typex != "Condominiums" 

    Variable |        Obs        Mean    Std. dev.       Min        Max
-------------+---------------------------------------------------------
 dist_center |        119    1.460542    .6812541   .2045643   2.451964

. sum dist_center if mf_he == 1 & year==2018 & (dist_both<=0 & dist_both>-0.02) & res_typex != "Condominiums"

    Variable |        Obs        Mean    Std. dev.       Min        Max
-------------+---------------------------------------------------------
 dist_center |        132    1.564324    .6608004   .2056817   3.006478

. 
. quietly eststo center_he: reg dist_center ib26.dist3 i.lam_seg i.year if year==2018 & (dist_both<=0.21 & dist_both>=-0.2 & only_he == 1 & res_typex !="Condominiums") , vce(cluster lam_seg)

. sum dist_center if only_he == 1 & year==2018 & (dist_both<=0.02 & dist_both>0) & res_typex != "Condominiums" 

    Variable |        Obs        Mean    Std. dev.       Min        Max
-------------+---------------------------------------------------------
 dist_center |        300    1.197949    .5403714   .4948922   2.975847

. sum dist_center if only_he == 1 & year==2018 & (dist_both<=0 & dist_both>-0.02) & res_typex != "Condominiums"

    Variable |        Obs        Mean    Std. dev.       Min        Max
-------------+---------------------------------------------------------
 dist_center |        251    1.280864    .5420712   .4992768   3.184403

. 
. esttab center_du center_duhe center_mfdu center_mf center_mfhe center_he, se r2 indicate("Boundary f.e.=*lam_seg" "Year f.e.=*year") interaction(" X ") ///
>         label mtitles("center_du" "center_duhe" "center_mfdu" "center_mf" "center_mfhe" "center_he") title("Distance to City Center (miles)") 

Distance to City Center (miles)
--------------------------------------------------------------------------------------------------------------------
                              (1)             (2)             (3)             (4)             (5)             (6)   
                        center_du     center_duhe     center_mfdu       center_mf     center_mfhe       center_he   
--------------------------------------------------------------------------------------------------------------------
-.2                        0.0227          0.0438          0.0227          0.0913         -0.0591*         -0.114*  
                         (0.0331)        (0.0300)        (0.0271)        (0.0760)        (0.0248)        (0.0554)   

-.18                       0.0334          0.0483*         0.0431*         0.0349          -0.166          -0.115   
                         (0.0266)        (0.0230)        (0.0217)        (0.0616)         (0.117)         (0.123)   

-.16                       0.0154          0.0439        -0.00219           0.162          -0.217*         -0.105*  
                         (0.0234)        (0.0234)        (0.0350)        (0.0875)        (0.0916)        (0.0521)   

-.14                       0.0489*        0.00228        -0.00264          0.0884         -0.0463         -0.0223   
                         (0.0229)        (0.0338)        (0.0170)        (0.0908)        (0.0827)        (0.0465)   

-.12                       0.0136        -0.00342          0.0142          0.0689*        -0.0164         -0.0227   
                         (0.0214)        (0.0242)        (0.0150)        (0.0335)        (0.0736)        (0.0317)   

-.1                        0.0141         -0.0183          0.0132          0.0266         -0.0529         -0.0273   
                         (0.0184)        (0.0180)        (0.0140)        (0.0207)        (0.0557)        (0.0185)   

-.08                    -0.000670        -0.00355          0.0271*         0.0338**       -0.0813         -0.0120   
                         (0.0156)        (0.0173)        (0.0126)        (0.0123)        (0.0637)        (0.0168)   

-.06                       0.0136        -0.00111         0.00685         0.00425         -0.0538         -0.0281   
                         (0.0142)        (0.0115)        (0.0156)       (0.00905)        (0.0562)        (0.0163)   

-.04                      0.00902        -0.00772        -0.00200        -0.00572        -0.00382         -0.0109   
                         (0.0127)       (0.00819)       (0.00909)        (0.0277)        (0.0220)       (0.00830)   

-.02                       0.0159*       -0.00370        -0.00316          0.0100*      -0.000395          0.0259   
                        (0.00679)       (0.00455)       (0.00757)       (0.00504)        (0.0126)        (0.0192)   

0                               0               0               0               0               0               0   
                              (.)             (.)             (.)             (.)             (.)             (.)   

.02                       -0.0140         -0.0114         0.00667         -0.0102         -0.0876         -0.0190   
                         (0.0136)       (0.00910)       (0.00789)        (0.0102)        (0.0863)       (0.00983)   

.04                       -0.0196         -0.0285*         0.0103       -0.000140          -0.102         -0.0861** 
                         (0.0116)        (0.0125)        (0.0135)        (0.0113)        (0.0899)        (0.0270)   

.06                       -0.0218         -0.0437**       0.00684         -0.0328         -0.0748         -0.0829***
                         (0.0144)        (0.0167)        (0.0148)        (0.0219)        (0.0645)        (0.0224)   

.08                       0.00153         -0.0538**      -0.00995         -0.0325         -0.0175          -0.116***
                         (0.0127)        (0.0183)        (0.0148)        (0.0192)        (0.0916)        (0.0300)   

.1                       -0.00109         -0.0831***      -0.0100         -0.0625*        -0.0669          -0.117***
                         (0.0138)        (0.0169)        (0.0190)        (0.0249)        (0.0914)        (0.0201)   

.12                       -0.0409*         -0.121***      0.00454         -0.0446         -0.0355          -0.134***
                         (0.0177)        (0.0186)        (0.0208)        (0.0454)        (0.0953)        (0.0330)   

.14                       -0.0151         -0.0963*        0.00431        -0.00114          0.0141          -0.164***
                         (0.0196)        (0.0439)        (0.0220)        (0.0491)         (0.119)        (0.0335)   

.16                       -0.0193         -0.0780          0.0214          -0.120*        -0.0227          -0.104** 
                         (0.0223)        (0.0501)        (0.0381)        (0.0456)         (0.122)        (0.0343)   

.18                       -0.0181         -0.0481**       -0.0123          -0.128           0.104          -0.185***
                         (0.0296)        (0.0168)        (0.0364)        (0.0911)         (0.121)        (0.0489)   

.2                       -0.00823           0.967***      -0.0471          -0.204***       0.0813          -0.159*  
                         (0.0355)        (0.0234)        (0.0496)        (0.0466)         (0.137)        (0.0725)   

Constant                    2.543***        1.496***        2.893***        0.345***        2.979***        2.944***
                         (0.0152)        (0.0234)        (0.0254)        (0.0152)        (0.0524)      (4.74e-14)   

Boundary f.e.                 Yes             Yes             Yes             Yes             Yes             Yes   

Year f.e.                     Yes             Yes             Yes             Yes             Yes             Yes   
--------------------------------------------------------------------------------------------------------------------
Observations                42702            4570           17184            2298             753            2593   
R-squared                   0.961           0.995           0.994           0.997           0.989           0.937   
--------------------------------------------------------------------------------------------------------------------
Standard errors in parentheses
* p<0.05, ** p<0.01, *** p<0.001

. 
. esttab center_du center_duhe center_mfdu center_mf center_mfhe center_he using "$EXPORTPATH/amenities_table_center.tex", replace keep(25.dist3) ///
>         se r2 indicate("Boundary f.e.=*lam_seg" "Year f.e.=*year") interaction(" X ") ///
>         label mtitles("center_du" "center_duhe" "center_mfdu" "center_mf" "center_mfhe" "center_he") ///
>         title("Distance to City Center (miles)") 
(file /shared/boston_zoning/working_paper/replication_package/analysis/amenities_mtlines_output/amenities_table_center.tex not found)
(output written to /shared/boston_zoning/working_paper/replication_package/analysis/amenities_mtlines_output/amenities_table_center.tex)

.         
. ** robust s.e.
. quietly eststo center_du_robust: reg dist_center ib26.dist3 i.lam_seg i.year if year==2018 & (dist_both<=0.21 & dist_both>=-0.2 & only_du == 1 & res_typex !="Condominiums") , vce(robust)

.         
. quietly eststo center_duhe_robust: reg dist_center ib26.dist3 i.lam_seg i.year if year==2018 & (dist_both<=0.21 & dist_both>=-0.2 & du_he == 1 & res_typex !="Condominiums") , vce(robust)

. 
. quietly eststo center_mfdu_robust: reg dist_center ib26.dist3 i.lam_seg i.year if year==2018 & (dist_both<=0.21 & dist_both>=-0.2 & mf_du == 1 & res_typex !="Condominiums") , vce(robust)

. 
. quietly eststo center_mf_robust: reg dist_center ib26.dist3 i.lam_seg i.year if year==2018 & (dist_both<=0.21 & dist_both>=-0.2 & only_mf== 1 & res_typex !="Condominiums") , vce(robust)

. 
. quietly eststo center_mfhe_robust: reg dist_center ib26.dist3 i.lam_seg i.year if year==2018 & (dist_both<=0.21 & dist_both>=-0.2 & mf_he == 1 & res_typex !="Condominiums") , vce(robust)

. 
. quietly eststo center_he_robust: reg dist_center ib26.dist3 i.lam_seg i.year if year==2018 & (dist_both<=0.21 & dist_both>=-0.2 & only_he == 1 & res_typex !="Condominiums") , vce(robust)

. 
. esttab center_du_robust center_duhe_robust center_mfdu_robust center_mf_robust center_mfhe_robust center_he_robust, se r2 indicate("Boundary f.e.=*lam_seg" "Year f.e.=*year") interaction(" X ") ///
>         label mtitles("center_du" "center_duhe" "center_mfdu" "center_mf" "center_mfhe" "center_he") title("Distance to City Center (miles), robust s.e.") 

Distance to City Center (miles), robust s.e.
--------------------------------------------------------------------------------------------------------------------
                              (1)             (2)             (3)             (4)             (5)             (6)   
                        center_du     center_duhe     center_mfdu       center_mf     center_mfhe       center_he   
--------------------------------------------------------------------------------------------------------------------
-.2                        0.0227          0.0438***       0.0227*         0.0913*        -0.0591***       -0.114*  
                         (0.0122)        (0.0116)        (0.0105)        (0.0363)        (0.0120)        (0.0503)   

-.18                       0.0334**        0.0483***       0.0431***       0.0349          -0.166**        -0.115   
                         (0.0112)       (0.00996)       (0.00911)        (0.0256)        (0.0508)         (0.110)   

-.16                       0.0154          0.0439***     -0.00219           0.162***       -0.217***       -0.105*  
                        (0.00887)       (0.00894)        (0.0101)        (0.0399)        (0.0395)        (0.0456)   

-.14                       0.0489***      0.00228        -0.00264          0.0884*        -0.0463         -0.0223   
                        (0.00821)       (0.00925)       (0.00808)        (0.0372)        (0.0288)        (0.0402)   

-.12                       0.0136        -0.00342          0.0142*         0.0689***      -0.0164         -0.0227   
                        (0.00703)       (0.00706)       (0.00586)        (0.0201)        (0.0194)        (0.0239)   

-.1                        0.0141*        -0.0183**        0.0132*         0.0266*        -0.0529**       -0.0273*  
                        (0.00638)       (0.00633)       (0.00536)        (0.0106)        (0.0177)        (0.0123)   

-.08                    -0.000670        -0.00355          0.0271***       0.0338***      -0.0813***      -0.0120   
                        (0.00583)       (0.00567)       (0.00534)       (0.00654)        (0.0183)        (0.0129)   

-.06                       0.0136**      -0.00111         0.00685         0.00425         -0.0538***      -0.0281** 
                        (0.00478)       (0.00540)       (0.00472)       (0.00471)        (0.0156)        (0.0105)   

-.04                      0.00902*       -0.00772        -0.00200        -0.00572        -0.00382         -0.0109   
                        (0.00430)       (0.00495)       (0.00389)        (0.0103)        (0.0159)        (0.0125)   

-.02                       0.0159***     -0.00370        -0.00316          0.0100**     -0.000395          0.0259*  
                        (0.00455)       (0.00435)       (0.00350)       (0.00388)        (0.0112)        (0.0120)   

0                               0               0               0               0               0               0   
                              (.)             (.)             (.)             (.)             (.)             (.)   

.02                       -0.0140***      -0.0114*        0.00667         -0.0102         -0.0876***      -0.0190   
                        (0.00416)       (0.00524)       (0.00356)       (0.00664)        (0.0190)        (0.0118)   

.04                       -0.0196***      -0.0285***       0.0103*      -0.000140          -0.102***      -0.0861***
                        (0.00465)       (0.00543)       (0.00447)       (0.00632)        (0.0226)        (0.0126)   

.06                       -0.0218***      -0.0437***      0.00684         -0.0328**       -0.0748***      -0.0829***
                        (0.00490)       (0.00617)       (0.00560)        (0.0127)        (0.0181)        (0.0125)   

.08                       0.00153         -0.0538***     -0.00995         -0.0325*        -0.0175          -0.116***
                        (0.00533)       (0.00789)       (0.00547)        (0.0151)        (0.0191)        (0.0142)   

.1                       -0.00109         -0.0831***      -0.0100         -0.0625***      -0.0669**        -0.117***
                        (0.00654)       (0.00702)       (0.00686)        (0.0135)        (0.0210)        (0.0176)   

.12                       -0.0409***       -0.121***      0.00454         -0.0446**       -0.0355          -0.134***
                        (0.00619)       (0.00784)       (0.00799)        (0.0170)        (0.0235)        (0.0190)   

.14                       -0.0151*        -0.0963***      0.00431        -0.00114          0.0141          -0.164***
                        (0.00688)        (0.0237)       (0.00781)        (0.0341)        (0.0266)        (0.0242)   

.16                       -0.0193**       -0.0780***       0.0214          -0.120***      -0.0227          -0.104***
                        (0.00749)        (0.0194)        (0.0120)        (0.0247)        (0.0417)        (0.0260)   

.18                       -0.0181*        -0.0481**       -0.0123          -0.128*          0.104**        -0.185***
                        (0.00867)        (0.0172)        (0.0130)        (0.0621)        (0.0361)        (0.0263)   

.2                       -0.00823           0.967***      -0.0471*         -0.204***       0.0813          -0.159***
                         (0.0139)       (0.00894)        (0.0228)        (0.0336)        (0.0511)        (0.0433)   

Constant                    2.543***        1.496***        2.893***        0.345***        2.979***        2.944***
                        (0.00957)       (0.00894)        (0.0108)       (0.00881)        (0.0173)       (0.00990)   

Boundary f.e.                 Yes             Yes             Yes             Yes             Yes             Yes   

Year f.e.                     Yes             Yes             Yes             Yes             Yes             Yes   
--------------------------------------------------------------------------------------------------------------------
Observations                42702            4570           17184            2298             753            2593   
R-squared                   0.961           0.995           0.994           0.997           0.989           0.937   
--------------------------------------------------------------------------------------------------------------------
Standard errors in parentheses
* p<0.05, ** p<0.01, *** p<0.001

.         
. ** coefplots
. local plot_list center_mfhe 

. local l1_title "Distance to City Center (miles)"

. local b1_title "<-More restrictive  |  Less restrictive ->"

. local b2_title "Distance to Boundary (miles)"

. local graph_title "coef_center_all"

. 
. foreach r in `plot_list' {      
  2.         if "`r'" == "center_mfhe" {
  3.                 local title "MF Allowed and Height Change"
  4.         }
  5.         
.         * coefplots
.         #delimit ;
delimiter now ;
.                 coefplot 
>                         
>                         /* relaxed side graphing variables */
>                         (`r', keep(16.dist3 17.dist3 18.dist3 19.dist3 20.dist3 21.dist3 22.dist3 23.dist3 24.dist3 25.dist3) 
>                                 recast(line) color(midblue) 
>                                 ciopts(recast(rarea) color(midblue%30) lwidth(none))
>                                 )
>                         
>                         /* strict side graphing variables */
>                         (`r', keep(26.dist3 27.dist3 28.dist3 29.dist3 30.dist3 31.dist3 32.dist3 33.dist3 34.dist3 35.dist3) 
>                                 recast(line) color(maroon)
>                                 ciopts(recast(rarea) color(maroon%30) lwidth(none))
>                                 ),
> 
>                         /* plot region */
>                         vertical levels(95) baselevels offset(0)
>                         graphregion(fc(white) lcolor(white)) plotregion(fc(white) lcolor(white))
> 
>                         xline(10.5, lpattern(dash) lwidth(thin) lcolor(black))
>                         yline(0, lpattern(dash) lwidth(thin) lcolor(black))
> 
>                         /* titles, subtitles, notes */          
>                         title("{bf:`title'}", size(3) pos(12) margin(t=0 b=0 l=0 r=0) span)
> 
>                         /* axis titles and labels */            
>                         ylabel(, labsize(4) gmin gmax) ymtick() 
>                         
>                         xlabel(1 "-.20" 2 "-.18" 3 "-.16" 4 "-.14" 5 "-.12" 6 "-.10" 7 "-.08" 8 "-.06" 9 "-.04" 10 "-.02" 10.5 "0"
>                                 11 ".02" 12 ".04" 13 ".06" 14 ".08" 15 ".10" 16 ".12" 17 ".14" 18 ".16" 19 ".18" 20 ".20", labsize(3) angle(45) gmax)
>                                 
>                         /* legend */
>                         legend(off position(6) 
>                                 order()
>                                 symy(2) symx(3) 
>                                 rows(1) cols() size(2) 
>                                 nobox fcolor()
>                                 region(fcolor(none) lpattern(blank))
>                                 margin(t=1 b=1 l=0 r=0)span)
>                         name("`r'", replace) ;
  6.                                         graph combine `r',
>                         graphregion(fc(white) lcolor(white))
>                         l1title("{bf:`l1_title'}", size(3) margin(t=0 b=0 l=0 r=1))
>                         b1title("`b1_title'", size(2))
>                         b2title("{bf:`b2_title'}", size(3) margin(t=1 b=0 l=0 r=0))
>                         name("`r'a", replace);
  7.                                 graph save "`r'a" "$EXPORTPATH/coef_`r'", replace;
  8.         #delimit cr
delimiter now cr
. }
(file /shared/boston_zoning/working_paper/replication_package/analysis/amenities_mtlines_output/coef_center_mfhe.gph not found)
file /shared/boston_zoning/working_paper/replication_package/analysis/amenities_mtlines_output/coef_center_mfhe.gph saved

.         
. * combine all graphs
. #delimit ;
delimiter now ;
.         graph combine `plot_list',
>                 rows(3) cols(2) ysize() xsize() iscale() imargin(0)
>                 graphregion(fc(white) lcolor(white))
>                 l1title("{bf:`l1_title'}", size(3) margin(t=0 b=0 l=0 r=1))
>                 b1title("`b1_title'", size(2))
>                 b2title("{bf:`b2_title'}", size(3) margin(t=1 b=0 l=0 r=0))
>                 name("graph_all", replace);
(note:  named style 0 not found in class margin, default attributes used)

.         graph save "graph_all" "$EXPORTPATH/`graph_title'", replace;
(file /shared/boston_zoning/working_paper/replication_package/analysis/amenities_mtlines_output/coef_center_all.gph not found)
file /shared/boston_zoning/working_paper/replication_package/analysis/amenities_mtlines_output/coef_center_all.gph saved

. #delimit cr     
delimiter now cr
. 
. eststo clear

. graph close _all

. 
. 
. ********************************************************************************
. ** commuting distance to downtown distance (south station)
. ********************************************************************************
. ** regressions
. quietly eststo transit_du: reg transit_dist ib26.dist3 i.lam_seg i.year if year==2018 & (dist_both<=0.21 & dist_both>=-0.2 & only_du == 1 & res_typex !="Condominiums") , vce(cluster lam_seg)

. sum transit_dist if only_du == 1 & year==2018 & (dist_both<=0.02 & dist_both>0) & res_typex != "Condominiums" 

    Variable |        Obs        Mean    Std. dev.       Min        Max
-------------+---------------------------------------------------------
transit_dist |      4,483    17.68169    10.94614   1.793117   54.37156

. sum transit_dist if only_du == 1 & year==2018 & (dist_both<=0 & dist_both>-0.02) & res_typex != "Condominiums"

    Variable |        Obs        Mean    Std. dev.       Min        Max
-------------+---------------------------------------------------------
transit_dist |      3,446    16.50491     10.8936   1.186881   54.33913

. 
. quietly eststo transit_duhe: reg transit_dist ib26.dist3 i.lam_seg i.year if year==2018 & (dist_both<=0.21 & dist_both>=-0.2 & du_he == 1 & res_typex !="Condominiums") , vce(cluster lam_seg)

. sum transit_dist if du_he == 1 & year==2018 & (dist_both<=0.02 & dist_both>0) & res_typex != "Condominiums" 

    Variable |        Obs        Mean    Std. dev.       Min        Max
-------------+---------------------------------------------------------
transit_dist |        565    10.47855    9.108747   .7380372   35.28685

. sum transit_dist if du_he == 1 & year==2018 & (dist_both<=0 & dist_both>-0.02) & res_typex != "Condominiums"

    Variable |        Obs        Mean    Std. dev.       Min        Max
-------------+---------------------------------------------------------
transit_dist |        711    9.567846    8.333082   .7557001   40.47698

. 
. quietly eststo transit_mfdu: reg transit_dist ib26.dist3 i.lam_seg i.year if year==2018 & (dist_both<=0.21 & dist_both>=-0.2 & mf_du == 1 & res_typex !="Condominiums") , vce(cluster lam_seg)

. sum transit_dist if mf_du == 1 & year==2018 & (dist_both<=0.02 & dist_both>0) & res_typex != "Condominiums" 

    Variable |        Obs        Mean    Std. dev.       Min        Max
-------------+---------------------------------------------------------
transit_dist |      1,956    13.92815    8.522793   2.975889   40.59957

. sum transit_dist if mf_du == 1 & year==2018 & (dist_both<=0 & dist_both>-0.02) & res_typex != "Condominiums"

    Variable |        Obs        Mean    Std. dev.       Min        Max
-------------+---------------------------------------------------------
transit_dist |      1,952    13.66575    8.462143   1.870018   40.62514

. 
. quietly eststo transit_mf: reg transit_dist ib26.dist3 i.lam_seg i.year if year==2018 & (dist_both<=0.21 & dist_both>=-0.2 & only_mf== 1 & res_typex !="Condominiums") , vce(cluster lam_seg)

. sum transit_dist if only_mf == 1 & year==2018 & (dist_both<=0.02 & dist_both>0) & res_typex != "Condominiums" 

    Variable |        Obs        Mean    Std. dev.       Min        Max
-------------+---------------------------------------------------------
transit_dist |        387    11.67408    9.230366    2.95249   38.49463

. sum transit_dist if only_mf == 1 & year==2018 & (dist_both<=0 & dist_both>-0.02) & res_typex != "Condominiums"

    Variable |        Obs        Mean    Std. dev.       Min        Max
-------------+---------------------------------------------------------
transit_dist |        401    11.49449    8.798125   2.933245   38.53576

. 
. quietly eststo transit_mfhe: reg transit_dist ib26.dist3 i.lam_seg i.year if year==2018 & (dist_both<=0.21 & dist_both>=-0.2 & mf_he == 1 & res_typex !="Condominiums") , vce(cluster lam_seg)

. sum transit_dist if mf_he == 1 & year==2018 & (dist_both<=0.02 & dist_both>0) & res_typex != "Condominiums" 

    Variable |        Obs        Mean    Std. dev.       Min        Max
-------------+---------------------------------------------------------
transit_dist |        119     15.7136    8.063399   3.299872   22.98023

. sum transit_dist if mf_he == 1 & year==2018 & (dist_both<=0 & dist_both>-0.02) & res_typex != "Condominiums"

    Variable |        Obs        Mean    Std. dev.       Min        Max
-------------+---------------------------------------------------------
transit_dist |        132      13.279    8.561339   2.971111   35.09594

. 
. quietly eststo transit_he: reg transit_dist ib26.dist3 i.lam_seg i.year if year==2018 & (dist_both<=0.21 & dist_both>=-0.2 & only_he == 1 & res_typex !="Condominiums") , vce(cluster lam_seg)

. sum transit_dist if only_he == 1 & year==2018 & (dist_both<=0.02 & dist_both>0) & res_typex != "Condominiums" 

    Variable |        Obs        Mean    Std. dev.       Min        Max
-------------+---------------------------------------------------------
transit_dist |        300    19.83754    7.755628   1.412465    37.8134

. sum transit_dist if only_he == 1 & year==2018 & (dist_both<=0 & dist_both>-0.02) & res_typex != "Condominiums"

    Variable |        Obs        Mean    Std. dev.       Min        Max
-------------+---------------------------------------------------------
transit_dist |        251    18.22275    8.286287   .6818334   37.85004

. 
. esttab transit_du transit_duhe transit_mfdu transit_mf transit_mfhe transit_he, se r2 indicate("Boundary f.e.=*lam_seg" "Year f.e.=*year") interaction(" X ") ///
>         label mtitles("transit_du" "transit_duhe" "transit_mfdu" "transit_mf" "transit_mfhe" "transit_he") title("Public Transit Distance to Downtown Boston (miles)") 

Public Transit Distance to Downtown Boston (miles)
--------------------------------------------------------------------------------------------------------------------
                              (1)             (2)             (3)             (4)             (5)             (6)   
                       transit_du    transit_duhe    transit_mfdu      transit_mf    transit_mfhe      transit_he   
--------------------------------------------------------------------------------------------------------------------
-.2                        0.0421          -0.125           0.212***       -0.176           0.342***       0.0385   
                          (0.102)         (0.223)        (0.0516)         (0.132)        (0.0610)         (0.131)   

-.18                       0.0454          0.0809           0.133*         -1.143           0.398        -0.00559   
                         (0.0780)        (0.0840)        (0.0640)         (0.884)         (0.204)         (0.281)   

-.16                       0.0577         -0.0167          0.0646          -0.108           0.433         0.00913   
                         (0.0654)        (0.0627)        (0.0442)         (0.173)         (0.230)         (0.126)   

-.14                       0.0970          -0.117          0.0691         -0.0963           0.235*         -0.143   
                         (0.0875)        (0.0691)        (0.0376)         (0.158)         (0.101)         (0.168)   

-.12                       0.0585          0.0266          0.0665           0.181           0.198          0.0778   
                         (0.0614)        (0.0485)        (0.0405)         (0.151)         (0.101)        (0.0758)   

-.1                        0.0252          0.0284          0.0134           0.125           0.222          0.0565   
                         (0.0570)        (0.0487)        (0.0481)         (0.121)         (0.116)        (0.0736)   

-.08                      0.00672          0.0134          0.0348           0.126           0.159          0.0678   
                         (0.0471)        (0.0398)        (0.0501)         (0.109)         (0.124)        (0.0482)   

-.06                      -0.0175          0.0207          0.0678         -0.0359           0.133          0.0849   
                         (0.0702)        (0.0317)        (0.0653)        (0.0495)        (0.0914)        (0.0587)   

-.04                      0.00698        -0.00652         -0.0405          0.0993          0.0664          0.0473   
                         (0.0407)        (0.0262)        (0.0362)        (0.0570)        (0.0835)        (0.0391)   

-.02                       0.0420         0.00352         -0.0313*        -0.0145         -0.0363          0.0326   
                         (0.0389)        (0.0242)        (0.0148)        (0.0215)        (0.0318)        (0.0316)   

0                               0               0               0               0               0               0   
                              (.)             (.)             (.)             (.)             (.)             (.)   

.02                        0.0255         -0.0294         -0.0204          0.0766           0.205          0.0266   
                         (0.0473)        (0.0291)        (0.0308)        (0.0768)         (0.104)        (0.0266)   

.04                        0.0553         0.00826         -0.0543          0.0875           0.236           0.130   
                         (0.0503)        (0.0292)        (0.0360)        (0.0990)         (0.119)        (0.0816)   

.06                        0.0101          0.0587         -0.0628           0.132           0.164          0.0891   
                         (0.0474)        (0.0656)        (0.0390)         (0.157)         (0.105)        (0.0612)   

.08                        0.0247          0.0298         -0.0576           0.181           0.431           0.163   
                         (0.0576)        (0.0662)        (0.0721)         (0.203)         (0.248)         (0.110)   

.1                          0.102           0.130*         -0.159          0.0413           0.524           0.129   
                         (0.0855)        (0.0560)         (0.138)        (0.0792)         (0.375)        (0.0684)   

.12                      -0.00753         -0.0887         -0.0798         -0.0268           0.732           0.236*  
                         (0.0438)         (0.230)        (0.0563)        (0.0933)         (0.461)         (0.110)   

.14                       -0.0437           0.220          -0.129        -0.00172           0.723           0.340   
                         (0.0631)         (0.122)        (0.0698)         (0.105)         (0.436)         (0.239)   

.16                      -0.00658          0.0729         -0.0679          0.0797           0.390           0.139   
                         (0.0772)         (0.102)        (0.0673)         (0.114)         (0.366)        (0.0701)   

.18                        0.0538          0.0664         -0.0263           0.166           0.657*          0.281   
                          (0.112)         (0.171)        (0.0644)         (0.191)         (0.321)         (0.217)   

.2                       -0.00912          -13.14***      -0.0824           0.430           0.355***        0.216*  
                          (0.104)        (0.0627)        (0.0912)         (0.399)        (0.0736)        (0.0881)   

Constant                    37.75***        36.34***        31.94***        19.59***        34.97***        31.72***
                         (0.0493)        (0.0627)        (0.0589)        (0.0694)        (0.0878)      (3.44e-12)   

Boundary f.e.                 Yes             Yes             Yes             Yes             Yes             Yes   

Year f.e.                     Yes             Yes             Yes             Yes             Yes             Yes   
--------------------------------------------------------------------------------------------------------------------
Observations                42438            4570           17028            2298             753            2593   
R-squared                   0.995           0.999           0.997           0.998           0.999           0.998   
--------------------------------------------------------------------------------------------------------------------
Standard errors in parentheses
* p<0.05, ** p<0.01, *** p<0.001

.         
. esttab transit_du transit_duhe transit_mfdu transit_mf transit_mfhe transit_he using "$EXPORTPATH/amenities_table_transit.tex", replace keep(25.dist3) ///
> se r2 indicate("Boundary f.e.=*lam_seg" "Year f.e.=*year") interaction(" X ") ///
>         label mtitles("transit_du" "transit_duhe" "transit_mfdu" "transit_mf" "transit_mfhe" "transit_he") ///
>         title("Public Transit Distance to Downtown Boston (miles)") 
(file /shared/boston_zoning/working_paper/replication_package/analysis/amenities_mtlines_output/amenities_table_transit.tex not found)
(output written to /shared/boston_zoning/working_paper/replication_package/analysis/amenities_mtlines_output/amenities_table_transit.tex)

.         
. ** robust s.e.
. quietly eststo transit_du_robust: reg transit_dist ib26.dist3 i.lam_seg i.year if year==2018 & (dist_both<=0.21 & dist_both>=-0.2 & only_du == 1 & res_typex !="Condominiums") , vce(robust)

. 
. quietly eststo transit_duhe_robust: reg transit_dist ib26.dist3 i.lam_seg i.year if year==2018 & (dist_both<=0.21 & dist_both>=-0.2 & du_he == 1 & res_typex !="Condominiums") , vce(robust)

. 
. quietly eststo transit_mfdu_robust: reg transit_dist ib26.dist3 i.lam_seg i.year if year==2018 & (dist_both<=0.21 & dist_both>=-0.2 & mf_du == 1 & res_typex !="Condominiums") , vce(robust)

. 
. quietly eststo transit_mf_robust: reg transit_dist ib26.dist3 i.lam_seg i.year if year==2018 & (dist_both<=0.21 & dist_both>=-0.2 & only_mf== 1 & res_typex !="Condominiums") , vce(robust)

. 
. quietly eststo transit_mfhe_robust: reg transit_dist ib26.dist3 i.lam_seg i.year if year==2018 & (dist_both<=0.21 & dist_both>=-0.2 & mf_he == 1 & res_typex !="Condominiums") , vce(robust)

. 
. quietly eststo transit_he_robust: reg transit_dist ib26.dist3 i.lam_seg i.year if year==2018 & (dist_both<=0.21 & dist_both>=-0.2 & only_he == 1 & res_typex !="Condominiums") , vce(robust)

. 
. esttab transit_du_robust transit_duhe_robust transit_mfdu_robust transit_mf_robust transit_mfhe_robust transit_he_robust, se r2 indicate("Boundary f.e.=*lam_seg" "Year f.e.=*year") interaction(" X ") ///
>         label mtitles("transit_du" "transit_duhe" "transit_mfdu" "transit_mf" "transit_mfhe" "transit_he") title("Public Transit Distance to Downtown Boston (miles), robust s.e.") 

Public Transit Distance to Downtown Boston (miles), robust s.e.
--------------------------------------------------------------------------------------------------------------------
                              (1)             (2)             (3)             (4)             (5)             (6)   
                       transit_du    transit_duhe    transit_mfdu      transit_mf    transit_mfhe      transit_he   
--------------------------------------------------------------------------------------------------------------------
-.2                        0.0421          -0.125           0.212***       -0.176**         0.342***       0.0385   
                         (0.0414)         (0.149)        (0.0226)        (0.0671)        (0.0404)        (0.0899)   

-.18                       0.0454          0.0809           0.133***       -1.143***        0.398***     -0.00559   
                         (0.0414)        (0.0534)        (0.0251)         (0.276)         (0.103)         (0.200)   

-.16                       0.0577         -0.0167          0.0646***       -0.108           0.433***      0.00913   
                         (0.0295)        (0.0333)        (0.0191)        (0.0690)        (0.0948)        (0.0856)   

-.14                       0.0970**        -0.117*         0.0691***      -0.0963           0.235***       -0.143   
                         (0.0319)        (0.0557)        (0.0191)        (0.0753)        (0.0331)         (0.141)   

-.12                       0.0585*         0.0266          0.0665**         0.181**         0.198***       0.0778   
                         (0.0269)        (0.0259)        (0.0213)        (0.0672)        (0.0362)        (0.0411)   

-.1                        0.0252          0.0284          0.0134           0.125**         0.222***       0.0565   
                         (0.0247)        (0.0211)        (0.0206)        (0.0478)        (0.0331)        (0.0298)   

-.08                      0.00672          0.0134          0.0348           0.126**         0.159***       0.0678*  
                         (0.0212)        (0.0168)        (0.0220)        (0.0409)        (0.0308)        (0.0320)   

-.06                      -0.0175          0.0207          0.0678**       -0.0359           0.133***       0.0849***
                         (0.0202)        (0.0175)        (0.0234)        (0.0320)        (0.0281)        (0.0235)   

-.04                      0.00698        -0.00652         -0.0405*         0.0993*         0.0664          0.0473*  
                         (0.0157)        (0.0121)        (0.0191)        (0.0433)        (0.0379)        (0.0221)   

-.02                       0.0420**       0.00352         -0.0313         -0.0145         -0.0363          0.0326   
                         (0.0163)        (0.0115)        (0.0185)        (0.0324)        (0.0336)        (0.0211)   

0                               0               0               0               0               0               0   
                              (.)             (.)             (.)             (.)             (.)             (.)   

.02                        0.0255         -0.0294*        -0.0204          0.0766*          0.205***       0.0266   
                         (0.0155)        (0.0139)        (0.0162)        (0.0350)        (0.0316)        (0.0244)   

.04                        0.0553**       0.00826         -0.0543**        0.0875*          0.236***        0.130***
                         (0.0182)        (0.0198)        (0.0206)        (0.0433)        (0.0352)        (0.0285)   

.06                        0.0101          0.0587         -0.0628**         0.132*          0.164***       0.0891***
                         (0.0186)        (0.0313)        (0.0235)        (0.0656)        (0.0336)        (0.0254)   

.08                        0.0247          0.0298         -0.0576*          0.181*          0.431***        0.163***
                         (0.0195)        (0.0391)        (0.0290)        (0.0921)        (0.0676)        (0.0429)   

.1                          0.102***        0.130***       -0.159***       0.0413           0.524***        0.129** 
                         (0.0249)        (0.0291)        (0.0387)        (0.0444)        (0.0895)        (0.0395)   

.12                      -0.00753         -0.0887         -0.0798***      -0.0268           0.732***        0.236***
                         (0.0233)         (0.186)        (0.0236)        (0.0365)         (0.128)        (0.0516)   

.14                       -0.0437           0.220**        -0.129***     -0.00172           0.723***        0.340***
                         (0.0275)        (0.0692)        (0.0255)        (0.0580)         (0.106)        (0.0992)   

.16                      -0.00658          0.0729         -0.0679**        0.0797           0.390**         0.139   
                         (0.0314)        (0.0764)        (0.0261)        (0.0515)         (0.132)        (0.0773)   

.18                        0.0538          0.0664         -0.0263           0.166           0.657***        0.281** 
                         (0.0305)         (0.141)        (0.0255)         (0.105)        (0.0788)        (0.0921)   

.2                       -0.00912          -13.14***      -0.0824           0.430           0.355           0.216** 
                         (0.0455)        (0.0333)        (0.0436)         (0.270)         (0.213)        (0.0773)   

Constant                    37.75***        36.34***        31.94***        19.59***        34.97***        31.72***
                         (0.0229)        (0.0333)        (0.0319)        (0.0310)        (0.0442)        (0.0221)   

Boundary f.e.                 Yes             Yes             Yes             Yes             Yes             Yes   

Year f.e.                     Yes             Yes             Yes             Yes             Yes             Yes   
--------------------------------------------------------------------------------------------------------------------
Observations                42438            4570           17028            2298             753            2593   
R-squared                   0.995           0.999           0.997           0.998           0.999           0.998   
--------------------------------------------------------------------------------------------------------------------
Standard errors in parentheses
* p<0.05, ** p<0.01, *** p<0.001

.         
. ** coefplots
. local plot_list transit_du 

. local l1_title "Public Transit Distance to Downtown Boston (miles)"

. local b1_title "<-More restrictive  |  Less restrictive ->"

. local b2_title "Distance to Boundary (miles)"

. local graph_title "coef_transit_all"

. 
. foreach r in `plot_list' {
  2.         if "`r'" == "transit_du" {
  3.                 local title "Only DUPAC Changes"
  4.         }
  5.         
.         * coefplots
.         #delimit ;
delimiter now ;
.                 coefplot 
>                         
>                         /* relaxed side graphing variables */
>                         (`r', keep(16.dist3 17.dist3 18.dist3 19.dist3 20.dist3 21.dist3 22.dist3 23.dist3 24.dist3 25.dist3) 
>                                 recast(line) color(midblue) 
>                                 ciopts(recast(rarea) color(midblue%30) lwidth(none))
>                                 )
>                         
>                         /* strict side graphing variables */
>                         (`r', keep(26.dist3 27.dist3 28.dist3 29.dist3 30.dist3 31.dist3 32.dist3 33.dist3 34.dist3 35.dist3) 
>                                 recast(line) color(maroon)
>                                 ciopts(recast(rarea) color(maroon%30) lwidth(none))
>                                 ),
> 
>                         /* plot region */
>                         vertical levels(95) baselevels offset(0)
>                         graphregion(fc(white) lcolor(white)) plotregion(fc(white) lcolor(white))
> 
>                         xline(10.5, lpattern(dash) lwidth(thin) lcolor(black))
>                         yline(0, lpattern(dash) lwidth(thin) lcolor(black))
> 
>                         /* titles, subtitles, notes */          
>                         title("{bf:`title'}", size(3) pos(12) margin(t=0 b=0 l=0 r=0) span)
> 
>                         /* axis titles and labels */            
>                         ylabel(, labsize(4) gmin gmax) ymtick() 
>                         
>                         xlabel(1 "-.20" 2 "-.18" 3 "-.16" 4 "-.14" 5 "-.12" 6 "-.10" 7 "-.08" 8 "-.06" 9 "-.04" 10 "-.02" 10.5 "0"
>                                 11 ".02" 12 ".04" 13 ".06" 14 ".08" 15 ".10" 16 ".12" 17 ".14" 18 ".16" 19 ".18" 20 ".20", labsize(3) angle(45) gmax)
>                                 
>                         /* legend */
>                         legend(off position(6) 
>                                 order()
>                                 symy(2) symx(3) 
>                                 rows(1) cols() size(2) 
>                                 nobox fcolor()
>                                 region(fcolor(none) lpattern(blank))
>                                 margin(t=1 b=1 l=0 r=0)span)
>                         name("`r'", replace) ;
  6.                                         graph combine `r',
>                         graphregion(fc(white) lcolor(white))
>                         l1title("{bf:`l1_title'}", size(3) margin(t=0 b=0 l=0 r=1))
>                         b1title("`b1_title'", size(2))
>                         b2title("{bf:`b2_title'}", size(3) margin(t=1 b=0 l=0 r=0))
>                         name("`r'a", replace);
  7.                                 graph save "`r'a" "$EXPORTPATH/coef_`r'", replace;
  8.         #delimit cr
delimiter now cr
. }
(file /shared/boston_zoning/working_paper/replication_package/analysis/amenities_mtlines_output/coef_transit_du.gph not found)
file /shared/boston_zoning/working_paper/replication_package/analysis/amenities_mtlines_output/coef_transit_du.gph saved

.         
. * combine all graphs
. #delimit ;
delimiter now ;
.         graph combine `plot_list',
>                 rows(3) cols(2) ysize() xsize() iscale() imargin(0)
>                 graphregion(fc(white) lcolor(white))
>                 l1title("{bf:`l1_title'}", size(3) margin(t=0 b=0 l=0 r=1))
>                 b1title("`b1_title'", size(2))
>                 b2title("{bf:`b2_title'}", size(3) margin(t=1 b=0 l=0 r=0))
>                 name("graph_all", replace);
(note:  named style 0 not found in class margin, default attributes used)

.         graph save "graph_all" "$EXPORTPATH/`graph_title'", replace;
(file /shared/boston_zoning/working_paper/replication_package/analysis/amenities_mtlines_output/coef_transit_all.gph not found)
file /shared/boston_zoning/working_paper/replication_package/analysis/amenities_mtlines_output/coef_transit_all.gph saved

. #delimit cr     
delimiter now cr
. 
. eststo clear

. graph close _all

. 
. 
. ********************************************************************************
. ** Mean slope of lot
. ********************************************************************************
. ** regressions
. quietly eststo slope_du: reg soil_avgslope ib26.dist3 i.lam_seg i.year if year==2018 & (dist_both<=0.21 & dist_both>=-0.2 & only_du == 1 & res_typex !="Condominiums") , vce(cluster lam_seg)

. sum soil_avgslope if only_du == 1 & year==2018 & (dist_both<=0.02 & dist_both>0) & res_typex != "Condominiums" 

    Variable |        Obs        Mean    Std. dev.       Min        Max
-------------+---------------------------------------------------------
soil_avgsl~e |      3,600    7.972212    4.827905          0         25

. sum soil_avgslope if only_du == 1 & year==2018 & (dist_both<=0 & dist_both>-0.02) & res_typex != "Condominiums"

    Variable |        Obs        Mean    Std. dev.       Min        Max
-------------+---------------------------------------------------------
soil_avgsl~e |      2,902    7.615105    4.869466          0         25

.         
. quietly eststo slope_duhe: reg soil_avgslope ib26.dist3 i.lam_seg i.year if year==2018 & (dist_both<=0.21 & dist_both>=-0.2 & du_he == 1 & res_typex !="Condominiums") , vce(cluster lam_seg)

. sum soil_avgslope if du_he == 1 & year==2018 & (dist_both<=0.02 & dist_both>0) & res_typex != "Condominiums" 

    Variable |        Obs        Mean    Std. dev.       Min        Max
-------------+---------------------------------------------------------
soil_avgsl~e |        507    6.508571     5.48366          0         25

. sum soil_avgslope if du_he == 1 & year==2018 & (dist_both<=0 & dist_both>-0.02) & res_typex != "Condominiums"

    Variable |        Obs        Mean    Std. dev.       Min        Max
-------------+---------------------------------------------------------
soil_avgsl~e |        617    5.462039    5.092682          0         25

. 
. quietly eststo slope_mfdu: reg soil_avgslope ib26.dist3 i.lam_seg i.year if year==2018 & (dist_both<=0.21 & dist_both>=-0.2 & mf_du == 1 & res_typex !="Condominiums") , vce(cluster lam_seg)

. sum soil_avgslope if mf_du == 1 & year==2018 & (dist_both<=0.02 & dist_both>0) & res_typex != "Condominiums" 

    Variable |        Obs        Mean    Std. dev.       Min        Max
-------------+---------------------------------------------------------
soil_avgsl~e |      1,781    7.487863    4.694124          0   24.42953

. sum soil_avgslope if mf_du == 1 & year==2018 & (dist_both<=0 & dist_both>-0.02) & res_typex != "Condominiums"

    Variable |        Obs        Mean    Std. dev.       Min        Max
-------------+---------------------------------------------------------
soil_avgsl~e |      1,741    8.075516    4.868462          0         25

. 
. quietly eststo slope_mf: reg soil_avgslope ib26.dist3 i.lam_seg i.year if year==2018 & (dist_both<=0.21 & dist_both>=-0.2 & only_mf== 1 & res_typex !="Condominiums") , vce(cluster lam_seg)

. sum soil_avgslope if only_mf == 1 & year==2018 & (dist_both<=0.02 & dist_both>0) & res_typex != "Condominiums" 

    Variable |        Obs        Mean    Std. dev.       Min        Max
-------------+---------------------------------------------------------
soil_avgsl~e |        327    8.157046    4.813276          0         20

. sum soil_avgslope if only_mf == 1 & year==2018 & (dist_both<=0 & dist_both>-0.02) & res_typex != "Condominiums"

    Variable |        Obs        Mean    Std. dev.       Min        Max
-------------+---------------------------------------------------------
soil_avgsl~e |        334    8.178424    4.210967          0   21.06238

. 
. quietly eststo slope_mfhe: reg soil_avgslope ib26.dist3 i.lam_seg i.year if year==2018 & (dist_both<=0.21 & dist_both>=-0.2 & mf_he == 1 & res_typex !="Condominiums") , vce(cluster lam_seg)

. sum soil_avgslope if mf_he == 1 & year==2018 & (dist_both<=0.02 & dist_both>0) & res_typex != "Condominiums" 

    Variable |        Obs        Mean    Std. dev.       Min        Max
-------------+---------------------------------------------------------
soil_avgsl~e |        110    4.600918    3.441642          0       11.5

. sum soil_avgslope if mf_he == 1 & year==2018 & (dist_both<=0 & dist_both>-0.02) & res_typex != "Condominiums"

    Variable |        Obs        Mean    Std. dev.       Min        Max
-------------+---------------------------------------------------------
soil_avgsl~e |        108    6.266221    4.797925          0         20

. 
. quietly eststo slope_he: reg soil_avgslope ib26.dist3 i.lam_seg i.year if year==2018 & (dist_both<=0.21 & dist_both>=-0.2 & only_he == 1 & res_typex !="Condominiums") , vce(cluster lam_seg)

. sum soil_avgslope if only_he == 1 & year==2018 & (dist_both<=0.02 & dist_both>0) & res_typex != "Condominiums" 

    Variable |        Obs        Mean    Std. dev.       Min        Max
-------------+---------------------------------------------------------
soil_avgsl~e |        222    7.685999    7.286309          0         25

. sum soil_avgslope if only_he == 1 & year==2018 & (dist_both<=0 & dist_both>-0.02) & res_typex != "Condominiums"

    Variable |        Obs        Mean    Std. dev.       Min        Max
-------------+---------------------------------------------------------
soil_avgsl~e |        192     6.63306    6.103915          0         25

. 
. esttab slope_du slope_duhe slope_mfdu slope_mf slope_mfhe slope_he, se r2 indicate("Boundary f.e.=*lam_seg" "Year f.e.=*year") interaction(" X ") ///
>         label mtitles("slope_du" "slope_duhe" "slope_mfdu" "slope_mf" "slope_mfhe" "slope_he") title("Mean Slope of Lot (degrees)") 

Mean Slope of Lot (degrees)
--------------------------------------------------------------------------------------------------------------------
                              (1)             (2)             (3)             (4)             (5)             (6)   
                         slope_du      slope_duhe      slope_mfdu        slope_mf      slope_mfhe        slope_he   
--------------------------------------------------------------------------------------------------------------------
-.2                        -0.145           0.739          -0.261           0.795          -0.964           7.312*  
                          (0.394)         (1.224)         (0.683)         (1.019)         (0.816)         (2.853)   

-.18                       -0.176           0.849           0.446          -3.207          -2.165           2.928*  
                          (0.436)         (0.879)         (0.484)         (3.613)         (2.338)         (1.409)   

-.16                        0.187           1.061           0.464           1.021           0.710           1.893   
                          (0.374)         (0.948)         (0.432)         (0.796)         (0.948)         (1.688)   

-.14                        0.127           0.246           0.346          -1.470           1.310           1.905   
                          (0.425)         (0.458)         (0.426)         (1.837)         (0.838)         (1.970)   

-.12                        0.267           0.437         -0.0865          -0.277           1.273          -0.981   
                          (0.317)         (0.533)         (0.418)         (1.026)         (0.694)         (1.062)   

-.1                         0.537          0.0612          0.0404           0.178           1.215          -1.052   
                          (0.295)         (0.364)         (0.369)         (0.674)         (0.806)         (0.569)   

-.08                        0.672*          0.116           0.239           0.560           1.159         -0.0984   
                          (0.295)         (0.369)         (0.298)         (0.436)         (0.759)         (0.681)   

-.06                        0.515*          0.129           0.359          -0.360           1.224          -0.963   
                          (0.220)         (0.396)         (0.254)         (0.773)         (0.693)         (0.782)   

-.04                        0.359         -0.0195           0.273           0.104           0.876          -1.758*  
                          (0.216)         (0.351)         (0.242)         (0.373)         (0.472)         (0.809)   

-.02                        0.117           0.144           0.226          -0.182           1.272*         -1.275   
                          (0.207)         (0.280)         (0.251)         (0.238)         (0.580)         (0.658)   

0                               0               0               0               0               0               0   
                              (.)             (.)             (.)             (.)             (.)             (.)   

.02                        0.0302           0.130          -0.195         -0.0606           0.593          -0.390   
                          (0.179)         (0.335)         (0.185)         (0.236)         (0.928)         (0.475)   

.04                        0.0749          -0.117         -0.0140          -0.452           1.258          -0.492   
                          (0.225)         (0.479)         (0.236)         (0.525)         (1.015)         (0.686)   

.06                         0.359           0.186           0.204          -0.580           0.703           0.106   
                          (0.231)         (0.768)         (0.251)         (0.623)         (1.161)         (0.794)   

.08                         0.208          -1.220          -0.339          -0.304           0.886          -0.304   
                          (0.228)         (0.739)         (0.287)         (0.528)         (0.690)         (0.664)   

.1                          0.301          -2.467**        -0.735          -0.969          0.0817          -1.353   
                          (0.265)         (0.786)         (0.430)         (0.546)         (0.880)         (0.746)   

.12                         0.269          -5.059***       -0.822          -1.575          0.0187          -1.075   
                          (0.269)         (0.680)         (0.428)         (1.039)         (0.561)         (1.150)   

.14                        -0.188          -3.059***       -1.199*          1.147           1.660          -1.984   
                          (0.288)         (0.707)         (0.515)         (1.328)         (0.957)         (1.393)   

.16                        -0.122          -0.811          -1.105          -3.191           1.661          -2.607   
                          (0.303)         (0.929)         (0.998)         (1.810)         (1.786)         (1.474)   

.18                       -0.0579          -4.185***       -1.146          -2.177           11.15**        -2.427   
                          (0.370)         (0.659)         (0.615)         (1.251)         (3.489)         (1.369)   

.2                         -0.201           6.969***       -1.604**        -0.422           9.231          -2.965*  
                          (0.389)         (0.948)         (0.547)         (0.248)         (5.738)         (1.173)   

Constant                    8.653***        4.531***        6.360***        4.587***        6.460***        11.52***
                          (0.275)         (0.948)         (0.641)         (0.298)         (0.687)      (4.32e-12)   

Boundary f.e.                 Yes             Yes             Yes             Yes             Yes             Yes   

Year f.e.                     Yes             Yes             Yes             Yes             Yes             Yes   
--------------------------------------------------------------------------------------------------------------------
Observations                34172            3941           14484            1941             635            1961   
R-squared                   0.447           0.817           0.654           0.688           0.723           0.666   
--------------------------------------------------------------------------------------------------------------------
Standard errors in parentheses
* p<0.05, ** p<0.01, *** p<0.001

.           
. esttab slope_du slope_duhe slope_mfdu slope_mf slope_mfhe slope_he using "$EXPORTPATH/amenities_table_slope.tex", replace keep(25.dist3) ///
> se r2 indicate("Boundary f.e.=*lam_seg" "Year f.e.=*year") interaction(" X ") ///
>         label mtitles("slope_du" "slope_duhe" "slope_mfdu" "slope_mf" "slope_mfhe" "slope_he") ///
>         title("Mean Slope of Lot (degrees)") 
(file /shared/boston_zoning/working_paper/replication_package/analysis/amenities_mtlines_output/amenities_table_slope.tex not found)
(output written to /shared/boston_zoning/working_paper/replication_package/analysis/amenities_mtlines_output/amenities_table_slope.tex)

. 
. ** robust s.e.
. quietly eststo slope_du_robust: reg soil_avgslope ib26.dist3 i.lam_seg i.year if year==2018 & (dist_both<=0.21 & dist_both>=-0.2 & only_du == 1 & res_typex !="Condominiums") , vce(robust)

.         
. quietly eststo slope_duhe_robust: reg soil_avgslope ib26.dist3 i.lam_seg i.year if year==2018 & (dist_both<=0.21 & dist_both>=-0.2 & du_he == 1 & res_typex !="Condominiums") , vce(robust)

. 
. quietly eststo slope_mfdu_robust: reg soil_avgslope ib26.dist3 i.lam_seg i.year if year==2018 & (dist_both<=0.21 & dist_both>=-0.2 & mf_du == 1 & res_typex !="Condominiums") , vce(robust)

. 
. quietly eststo slope_mf_robust: reg soil_avgslope ib26.dist3 i.lam_seg i.year if year==2018 & (dist_both<=0.21 & dist_both>=-0.2 & only_mf== 1 & res_typex !="Condominiums") , vce(robust)

. 
. quietly eststo slope_mfhe_robust: reg soil_avgslope ib26.dist3 i.lam_seg i.year if year==2018 & (dist_both<=0.21 & dist_both>=-0.2 & mf_he == 1 & res_typex !="Condominiums") , vce(robust)

. 
. quietly eststo slope_he_robust: reg soil_avgslope ib26.dist3 i.lam_seg i.year if year==2018 & (dist_both<=0.21 & dist_both>=-0.2 & only_he == 1 & res_typex !="Condominiums") , vce(robust)

. 
. esttab slope_du_robust slope_duhe_robust slope_mfdu_robust slope_mf_robust slope_mfhe_robust slope_he_robust, se r2 indicate("Boundary f.e.=*lam_seg" "Year f.e.=*year") interaction(" X ") ///
>         label mtitles("slope_du" "slope_duhe" "slope_mfdu" "slope_mf" "slope_mfhe" "slope_he") title("Mean Slope of Lot (degrees), robust s.e.") 

Mean Slope of Lot (degrees), robust s.e.
--------------------------------------------------------------------------------------------------------------------
                              (1)             (2)             (3)             (4)             (5)             (6)   
                         slope_du      slope_duhe      slope_mfdu        slope_mf      slope_mfhe        slope_he   
--------------------------------------------------------------------------------------------------------------------
-.2                        -0.145           0.739          -0.261           0.795          -0.964           7.312*  
                          (0.198)         (0.488)         (0.335)         (0.793)         (0.745)         (3.101)   

-.18                       -0.176           0.849*          0.446          -3.207**        -2.165           2.928** 
                          (0.185)         (0.401)         (0.243)         (1.210)         (1.687)         (0.994)   

-.16                        0.187           1.061**         0.464           1.021           0.710           1.893   
                          (0.174)         (0.347)         (0.240)         (0.620)         (0.924)         (1.132)   

-.14                        0.127           0.246           0.346          -1.470           1.310**         1.905   
                          (0.165)         (0.261)         (0.225)         (0.894)         (0.396)         (1.735)   

-.12                        0.267           0.437         -0.0865          -0.277           1.273***       -0.981   
                          (0.145)         (0.271)         (0.190)         (0.538)         (0.307)         (0.804)   

-.1                         0.537***       0.0612          0.0404           0.178           1.215**        -1.052** 
                          (0.128)         (0.202)         (0.154)         (0.362)         (0.404)         (0.404)   

-.08                        0.672***        0.116           0.239           0.560*          1.159***      -0.0984   
                          (0.122)         (0.167)         (0.125)         (0.244)         (0.346)         (0.529)   

-.06                        0.515***        0.129           0.359**        -0.360           1.224***       -0.963*  
                          (0.106)         (0.178)         (0.112)         (0.339)         (0.323)         (0.451)   

-.04                        0.359***      -0.0195           0.273*          0.104           0.876**        -1.758***
                         (0.0991)         (0.149)         (0.107)         (0.270)         (0.327)         (0.453)   

-.02                        0.117           0.144           0.226*         -0.182           1.272**        -1.275** 
                         (0.0913)         (0.139)        (0.0966)         (0.210)         (0.419)         (0.417)   

0                               0               0               0               0               0               0   
                              (.)             (.)             (.)             (.)             (.)             (.)   

.02                        0.0302           0.130          -0.195*        -0.0606           0.593          -0.390   
                         (0.0872)         (0.161)        (0.0948)         (0.220)         (0.390)         (0.419)   

.04                        0.0749          -0.117         -0.0140          -0.452           1.258**        -0.492   
                         (0.0972)         (0.223)         (0.112)         (0.282)         (0.420)         (0.420)   

.06                         0.359***        0.186           0.204          -0.580           0.703           0.106   
                          (0.104)         (0.338)         (0.120)         (0.396)         (0.510)         (0.436)   

.08                         0.208*         -1.220*         -0.339**        -0.304           0.886          -0.304   
                          (0.102)         (0.498)         (0.130)         (0.362)         (0.635)         (0.445)   

.1                          0.301*         -2.467***       -0.735***       -0.969**        0.0817          -1.353*  
                          (0.118)         (0.532)         (0.187)         (0.324)         (0.577)         (0.532)   

.12                         0.269*         -5.059***       -0.822***       -1.575*         0.0187          -1.075   
                          (0.116)         (0.605)         (0.196)         (0.614)         (1.063)         (0.559)   

.14                        -0.188          -3.059**        -1.199***        1.147           1.660          -1.984** 
                          (0.127)         (0.975)         (0.220)         (0.960)         (2.025)         (0.616)   

.16                        -0.122          -0.811          -1.105***       -3.191***        1.661          -2.607***
                          (0.144)         (1.012)         (0.307)         (0.863)         (1.731)         (0.624)   

.18                       -0.0579          -4.185***       -1.146***       -2.177*          11.15***       -2.427***
                          (0.160)         (1.038)         (0.251)         (0.937)         (2.017)         (0.525)   

.2                         -0.201           6.969***       -1.604***       -0.422*          9.231**        -2.965***
                          (0.222)         (0.347)         (0.291)         (0.178)         (3.327)         (0.531)   

Constant                    8.653***        4.531***        6.360***        4.587***        6.460***        11.52   
                          (0.633)         (0.347)         (0.192)         (0.311)         (0.564)             (.)   

Boundary f.e.                 Yes             Yes             Yes             Yes             Yes             Yes   

Year f.e.                     Yes             Yes             Yes             Yes             Yes             Yes   
--------------------------------------------------------------------------------------------------------------------
Observations                34172            3941           14484            1941             635            1961   
R-squared                   0.447           0.817           0.654           0.688           0.723           0.666   
--------------------------------------------------------------------------------------------------------------------
Standard errors in parentheses
* p<0.05, ** p<0.01, *** p<0.001

.         
. ** coefplots
. local plot_list slope_du slope_mfdu

. local l1_title "Mean Slope of Lot (degrees)"

. local b1_title "<- More restrictive  |  Less restrictive ->"

. local b2_title "Distance to Boundary (miles)"

. local graph_title "coef_slope_all"

. 
. foreach r in `plot_list' {
  2.         if "`r'" == "slope_du" {
  3.                 local title "Only DUPAC Changes"
  4.         }
  5. 
.         if "`r'" == "slope_mfdu" {
  6.                 local title "MF Allowed and DUPAC Change"
  7.         }
  8.         
.         * coefplots
.         #delimit ;
delimiter now ;
.                 coefplot 
>                         
>                         /* relaxed side graphing variables */
>                         (`r', keep(16.dist3 17.dist3 18.dist3 19.dist3 20.dist3 21.dist3 22.dist3 23.dist3 24.dist3 25.dist3) 
>                                 recast(line) color(midblue) 
>                                 ciopts(recast(rarea) color(midblue%30) lwidth(none))
>                                 )
>                         
>                         /* strict side graphing variables */
>                         (`r', keep(26.dist3 27.dist3 28.dist3 29.dist3 30.dist3 31.dist3 32.dist3 33.dist3 34.dist3 35.dist3) 
>                                 recast(line) color(maroon)
>                                 ciopts(recast(rarea) color(maroon%30) lwidth(none))
>                                 ),
> 
>                         /* plot region */
>                         vertical levels(95) baselevels offset(0)
>                         graphregion(fc(white) lcolor(white)) plotregion(fc(white) lcolor(white))
> 
>                         xline(10.5, lpattern(dash) lwidth(thin) lcolor(black))
>                         yline(0, lpattern(dash) lwidth(thin) lcolor(black))
> 
>                         /* titles, subtitles, notes */          
>                         title("{bf:`title'}", size(3) pos(12) margin(t=0 b=0 l=0 r=0) span)
> 
>                         /* axis titles and labels */            
>                         ylabel(, labsize(4) gmin gmax) ymtick() 
>                         
>                         xlabel(1 "-.20" 2 "-.18" 3 "-.16" 4 "-.14" 5 "-.12" 6 "-.10" 7 "-.08" 8 "-.06" 9 "-.04" 10 "-.02" 10.5 "0"
>                                 11 ".02" 12 ".04" 13 ".06" 14 ".08" 15 ".10" 16 ".12" 17 ".14" 18 ".16" 19 ".18" 20 ".20", labsize(3) angle(45) gmax)
>                                 
>                         /* legend */
>                         legend(off position(6) 
>                                 order()
>                                 symy(2) symx(3) 
>                                 rows(1) cols() size(2) 
>                                 nobox fcolor()
>                                 region(fcolor(none) lpattern(blank))
>                                 margin(t=1 b=1 l=0 r=0)span)
>                         name("`r'", replace) ;
  9.                                         graph combine `r',
>                         graphregion(fc(white) lcolor(white))
>                         l1title("{bf:`l1_title'}", size(3) margin(t=0 b=0 l=0 r=1))
>                         b1title("`b1_title'", size(2))
>                         b2title("{bf:`b2_title'}", size(3) margin(t=1 b=0 l=0 r=0))
>                         name("`r'a", replace);
 10.                                 graph save "`r'a" "$EXPORTPATH/coef_`r'", replace;
 11.         #delimit cr
delimiter now cr
. }
(file /shared/boston_zoning/working_paper/replication_package/analysis/amenities_mtlines_output/coef_slope_du.gph not found)
file /shared/boston_zoning/working_paper/replication_package/analysis/amenities_mtlines_output/coef_slope_du.gph saved
(file /shared/boston_zoning/working_paper/replication_package/analysis/amenities_mtlines_output/coef_slope_mfdu.gph not found)
file /shared/boston_zoning/working_paper/replication_package/analysis/amenities_mtlines_output/coef_slope_mfdu.gph saved

.         
. * combine all graphs
. #delimit ;
delimiter now ;
.         graph combine `plot_list',
>                 rows(3) cols(2) ysize() xsize() iscale() imargin(0)
>                 graphregion(fc(white) lcolor(white))
>                 l1title("{bf:`l1_title'}", size(3) margin(t=0 b=0 l=0 r=1))
>                 b1title("`b1_title'", size(2))
>                 b2title("{bf:`b2_title'}", size(3) margin(t=1 b=0 l=0 r=0))
>                 name("graph_all", replace);
(note:  named style 0 not found in class margin, default attributes used)
(note:  named style 0 not found in class margin, default attributes used)

.         graph save "graph_all" "$EXPORTPATH/`graph_title'", replace;
(file /shared/boston_zoning/working_paper/replication_package/analysis/amenities_mtlines_output/coef_slope_all.gph not found)
file /shared/boston_zoning/working_paper/replication_package/analysis/amenities_mtlines_output/coef_slope_all.gph saved

. #delimit cr     
delimiter now cr
. 
. eststo clear

. graph close _all

.         
. 
. ********************************************************************************
. ** percent of lot >15 degrees
. ********************************************************************************
. ** regressions
. quietly eststo slope15_du: reg soil_slope15 ib26.dist3 i.lam_seg i.year if year==2018 & (dist_both<=0.21 & dist_both>=-0.2 & only_du == 1 & res_typex !="Condominiums") , vce(cluster lam_seg)

. sum soil_slope15 if only_du == 1 & year==2018 & (dist_both<=0.02 & dist_both>0) & res_typex != "Condominiums" 

    Variable |        Obs        Mean    Std. dev.       Min        Max
-------------+---------------------------------------------------------
soil_slope15 |      3,600    .0698198    .2246125          0          1

. sum soil_slope15 if only_du == 1 & year==2018 & (dist_both<=0 & dist_both>-0.02) & res_typex != "Condominiums"

    Variable |        Obs        Mean    Std. dev.       Min        Max
-------------+---------------------------------------------------------
soil_slope15 |      2,902    .0561854    .1967717          0   1.000001

. 
. quietly eststo slope15_duhe: reg soil_slope15 ib26.dist3 i.lam_seg i.year if year==2018 & (dist_both<=0.21 & dist_both>=-0.2 & du_he == 1 & res_typex !="Condominiums") , vce(cluster lam_seg)

. sum soil_slope15 if du_he == 1 & year==2018 & (dist_both<=0.02 & dist_both>0) & res_typex != "Condominiums" 

    Variable |        Obs        Mean    Std. dev.       Min        Max
-------------+---------------------------------------------------------
soil_slope15 |        507     .028066    .1579014          0          1

. sum soil_slope15 if du_he == 1 & year==2018 & (dist_both<=0 & dist_both>-0.02) & res_typex != "Condominiums"

    Variable |        Obs        Mean    Std. dev.       Min        Max
-------------+---------------------------------------------------------
soil_slope15 |        617    .0137631    .1139145          0          1

. 
. quietly eststo slope15_mfdu: reg soil_slope15 ib26.dist3 i.lam_seg i.year if year==2018 & (dist_both<=0.21 & dist_both>=-0.2 & mf_du == 1 & res_typex !="Condominiums") , vce(cluster lam_seg)

. sum soil_slope15 if mf_du == 1 & year==2018 & (dist_both<=0.02 & dist_both>0) & res_typex != "Condominiums" 

    Variable |        Obs        Mean    Std. dev.       Min        Max
-------------+---------------------------------------------------------
soil_slope15 |      1,781    .0181497    .1114969          0          1

. sum soil_slope15 if mf_du == 1 & year==2018 & (dist_both<=0 & dist_both>-0.02) & res_typex != "Condominiums"

    Variable |        Obs        Mean    Std. dev.       Min        Max
-------------+---------------------------------------------------------
soil_slope15 |      1,741    .0438083    .1815728          0          1

. 
. quietly eststo slope15_mf: reg soil_slope15 ib26.dist3 i.lam_seg i.year if year==2018 & (dist_both<=0.21 & dist_both>=-0.2 & only_mf== 1 & res_typex !="Condominiums") , vce(cluster lam_seg)

. sum soil_slope15 if only_mf == 1 & year==2018 & (dist_both<=0.02 & dist_both>0) & res_typex != "Condominiums" 

    Variable |        Obs        Mean    Std. dev.       Min        Max
-------------+---------------------------------------------------------
soil_slope15 |        327    .0422615    .2000529          0          1

. sum soil_slope15 if only_mf == 1 & year==2018 & (dist_both<=0 & dist_both>-0.02) & res_typex != "Condominiums"

    Variable |        Obs        Mean    Std. dev.       Min        Max
-------------+---------------------------------------------------------
soil_slope15 |        334    .0179352    .1179567          0   .9918903

. 
. quietly eststo slope15_mfhe: reg soil_slope15 ib26.dist3 i.lam_seg i.year if year==2018 & (dist_both<=0.21 & dist_both>=-0.2 & mf_he == 1 & res_typex !="Condominiums") , vce(cluster lam_seg)

. sum soil_slope15 if mf_he == 1 & year==2018 & (dist_both<=0.02 & dist_both>0) & res_typex != "Condominiums" 

    Variable |        Obs        Mean    Std. dev.       Min        Max
-------------+---------------------------------------------------------
soil_slope15 |        110           0           0          0          0

. sum soil_slope15 if mf_he == 1 & year==2018 & (dist_both<=0 & dist_both>-0.02) & res_typex != "Condominiums"

    Variable |        Obs        Mean    Std. dev.       Min        Max
-------------+---------------------------------------------------------
soil_slope15 |        108    .0308987    .1553511          0          1

. 
. quietly eststo slope15_he: reg soil_slope15 ib26.dist3 i.lam_seg i.year if year==2018 & (dist_both<=0.21 & dist_both>=-0.2 & only_he == 1 & res_typex !="Condominiums") , vce(cluster lam_seg)

. sum soil_slope15 if only_he == 1 & year==2018 & (dist_both<=0.02 & dist_both>0) & res_typex != "Condominiums" 

    Variable |        Obs        Mean    Std. dev.       Min        Max
-------------+---------------------------------------------------------
soil_slope15 |        222    .0959682    .2793342          0          1

. sum soil_slope15 if only_he == 1 & year==2018 & (dist_both<=0 & dist_both>-0.02) & res_typex != "Condominiums"

    Variable |        Obs        Mean    Std. dev.       Min        Max
-------------+---------------------------------------------------------
soil_slope15 |        192    .0420635    .1909837          0          1

. 
. esttab slope15_du slope15_duhe slope15_mfdu slope15_mf slope15_mfhe slope15_he, se r2 indicate("Boundary f.e.=*lam_seg" "Year f.e.=*year") interaction(" X ") ///
>         label mtitles("slope15_du" "slope15_duhe" "slope15_mfdu" "slope15_mf" "slope15_mfhe" "slope15_he") title("Percent of Lot with Slope >15 Degrees") 

Percent of Lot with Slope >15 Degrees
--------------------------------------------------------------------------------------------------------------------
                              (1)             (2)             (3)             (4)             (5)             (6)   
                       slope15_du    slope15_duhe    slope15_mfdu      slope15_mf    slope15_mfhe      slope15_he   
--------------------------------------------------------------------------------------------------------------------
-.2                      -0.00725         -0.0231         0.00976        -0.00334        0.000316         -0.0410*  
                         (0.0146)        (0.0236)        (0.0316)        (0.0359)       (0.00355)        (0.0197)   

-.18                      -0.0167         -0.0175         0.00440          -0.194         0.00544         -0.0428*  
                         (0.0162)        (0.0191)        (0.0187)         (0.145)        (0.0127)        (0.0203)   

-.16                     -0.00779        -0.00714          0.0278         0.00197         -0.0295         -0.0411*  
                         (0.0151)        (0.0123)        (0.0190)        (0.0296)        (0.0294)        (0.0198)   

-.14                      0.00715        -0.00630          0.0243         -0.0974         -0.0213         -0.0428*  
                         (0.0164)        (0.0206)        (0.0159)        (0.0729)        (0.0190)        (0.0204)   

-.12                       0.0174        0.000602          0.0188         -0.0224         -0.0140         -0.0378*  
                         (0.0144)        (0.0163)        (0.0123)        (0.0149)        (0.0160)        (0.0186)   

-.1                        0.0215        -0.00937         0.00864         0.00140         -0.0268         -0.0401*  
                         (0.0137)        (0.0152)        (0.0116)        (0.0180)        (0.0189)        (0.0189)   

-.08                       0.0294         -0.0111          0.0133        -0.00491         -0.0255         -0.0377*  
                         (0.0162)        (0.0116)        (0.0115)        (0.0143)        (0.0203)        (0.0182)   

-.06                       0.0141         0.00227          0.0221         0.00360        -0.00821         -0.0461   
                         (0.0116)       (0.00953)        (0.0122)        (0.0227)        (0.0129)        (0.0361)   

-.04                      0.00488         0.00145          0.0233         0.00151         0.00541         -0.0419   
                        (0.00988)        (0.0102)        (0.0134)        (0.0220)       (0.00687)        (0.0303)   

-.02                     -0.00185        -0.00266          0.0245         -0.0134          0.0361         -0.0386*  
                        (0.00965)       (0.00686)        (0.0142)        (0.0141)        (0.0294)        (0.0156)   

0                               0               0               0               0               0               0   
                              (.)             (.)             (.)             (.)             (.)             (.)   

.02                      -0.00856        -0.00720        -0.00140         -0.0120         0.00799         -0.0380   
                        (0.00946)       (0.00541)       (0.00544)        (0.0162)       (0.00620)        (0.0226)   

.04                       -0.0113        -0.00190        -0.00476         -0.0417         0.00489         -0.0602   
                         (0.0103)       (0.00533)       (0.00583)        (0.0271)       (0.00549)        (0.0323)   

.06                      -0.00257        -0.00524        -0.00928         -0.0235        -0.00659         -0.0453   
                         (0.0118)       (0.00570)       (0.00569)        (0.0259)       (0.00776)        (0.0313)   

.08                      -0.00984        -0.00630         -0.0143         -0.0219          0.0159         -0.0388   
                         (0.0113)       (0.00636)       (0.00775)        (0.0185)        (0.0317)        (0.0256)   

.1                        -0.0160        -0.00360         -0.0146         -0.0269         0.00238         -0.0421   
                         (0.0127)       (0.00458)       (0.00807)        (0.0205)        (0.0201)        (0.0257)   

.12                       -0.0254*       -0.00721         -0.0136         -0.0418         0.00388         -0.0388   
                         (0.0120)       (0.00717)       (0.00800)        (0.0253)        (0.0211)        (0.0252)   

.14                       -0.0477***     -0.00311         -0.0232*         0.0575          0.0869         -0.0484   
                         (0.0124)       (0.00637)        (0.0117)        (0.0396)        (0.0670)        (0.0310)   

.16                       -0.0315*       -0.00740         -0.0286          -0.136           0.113         -0.0820*  
                         (0.0135)       (0.00703)        (0.0164)         (0.118)         (0.115)        (0.0407)   

.18                       -0.0233        -0.00688         -0.0402          -0.181           0.687**        -0.117*  
                         (0.0138)       (0.00675)        (0.0236)         (0.163)         (0.242)        (0.0584)   

.2                        -0.0175        -0.00714         -0.0484         -0.0202           0.581          -0.117   
                         (0.0202)        (0.0123)        (0.0299)        (0.0135)         (0.377)        (0.0624)   

Constant                  -0.0191         0.00714          0.0249          0.0149          0.0133           0.576***
                         (0.0134)        (0.0123)        (0.0139)        (0.0134)        (0.0118)      (4.78e-14)   

Boundary f.e.                 Yes             Yes             Yes             Yes             Yes             Yes   

Year f.e.                     Yes             Yes             Yes             Yes             Yes             Yes   
--------------------------------------------------------------------------------------------------------------------
Observations                34172            3941           14484            1941             635            1961   
R-squared                   0.283           0.551           0.367           0.645           0.483           0.245   
--------------------------------------------------------------------------------------------------------------------
Standard errors in parentheses
* p<0.05, ** p<0.01, *** p<0.001

.           
. esttab slope15_du slope15_duhe slope15_mfdu slope15_mf slope15_mfhe slope15_he using "$EXPORTPATH/amenities_table_slope15.tex", replace keep(25.dist3) ///
> se r2 indicate("Boundary f.e.=*lam_seg" "Year f.e.=*year") interaction(" X ") ///
>         label mtitles("slope15_du" "slope15_duhe" "slope15_mfdu" "slope15_mf" "slope15_mfhe" "slope15_he") ///
>         title("Percent of Lot with Slope >15 Degrees") 
(file /shared/boston_zoning/working_paper/replication_package/analysis/amenities_mtlines_output/amenities_table_slope15.tex not found)
(output written to /shared/boston_zoning/working_paper/replication_package/analysis/amenities_mtlines_output/amenities_table_slope15.tex)

.         
. ** robust s.e.
. quietly eststo slope15_du_robust: reg soil_slope15 ib26.dist3 i.lam_seg i.year if year==2018 & (dist_both<=0.21 & dist_both>=-0.2 & only_du == 1 & res_typex !="Condominiums") , vce(robust)

. 
. quietly eststo slope15_duhe_robust: reg soil_slope15 ib26.dist3 i.lam_seg i.year if year==2018 & (dist_both<=0.21 & dist_both>=-0.2 & du_he == 1 & res_typex !="Condominiums") , vce(robust)

. 
. quietly eststo slope15_mfdu_robust: reg soil_slope15 ib26.dist3 i.lam_seg i.year if year==2018 & (dist_both<=0.21 & dist_both>=-0.2 & mf_du == 1 & res_typex !="Condominiums") , vce(robust)

. 
. quietly eststo slope15_mf_robust: reg soil_slope15 ib26.dist3 i.lam_seg i.year if year==2018 & (dist_both<=0.21 & dist_both>=-0.2 & only_mf== 1 & res_typex !="Condominiums") , vce(robust)

. 
. quietly eststo slope15_mfhe_robust: reg soil_slope15 ib26.dist3 i.lam_seg i.year if year==2018 & (dist_both<=0.21 & dist_both>=-0.2 & mf_he == 1 & res_typex !="Condominiums") , vce(robust)

. 
. quietly eststo slope15_he_robust: reg soil_slope15 ib26.dist3 i.lam_seg i.year if year==2018 & (dist_both<=0.21 & dist_both>=-0.2 & only_he == 1 & res_typex !="Condominiums") , vce(robust)

. 
. esttab slope15_du_robust slope15_duhe_robust slope15_mfdu_robust slope15_mf_robust slope15_mfhe_robust slope15_he_robust, se r2 indicate("Boundary f.e.=*lam_seg" "Year f.e.=*year") interaction(" X ") ///
>         label mtitles("slope15_du" "slope15_duhe" "slope15_mfdu" "slope15_mf" "slope15_mfhe" "slope15_he") title("Percent of Lot with Slope >15 Degrees, robust s.e.") 

Percent of Lot with Slope >15 Degrees, robust s.e.
--------------------------------------------------------------------------------------------------------------------
                              (1)             (2)             (3)             (4)             (5)             (6)   
                       slope15_du    slope15_duhe    slope15_mfdu      slope15_mf    slope15_mfhe      slope15_he   
--------------------------------------------------------------------------------------------------------------------
-.2                      -0.00725         -0.0231         0.00976        -0.00334        0.000316         -0.0410*  
                        (0.00820)        (0.0137)        (0.0164)        (0.0349)       (0.00561)        (0.0171)   

-.18                      -0.0167*        -0.0175         0.00440          -0.194***      0.00544         -0.0428*  
                        (0.00812)        (0.0112)        (0.0114)        (0.0508)        (0.0124)        (0.0171)   

-.16                     -0.00779        -0.00714          0.0278**       0.00197         -0.0295         -0.0411*  
                        (0.00858)       (0.00728)        (0.0104)        (0.0238)        (0.0203)        (0.0171)   

-.14                      0.00715        -0.00630          0.0243**       -0.0974**       -0.0213         -0.0428*  
                        (0.00853)        (0.0143)       (0.00820)        (0.0342)        (0.0136)        (0.0170)   

-.12                       0.0174*       0.000602          0.0188**       -0.0224**       -0.0140         -0.0378*  
                        (0.00768)        (0.0101)       (0.00693)       (0.00787)        (0.0113)        (0.0154)   

-.1                        0.0215**      -0.00937         0.00864         0.00140         -0.0268*        -0.0401*  
                        (0.00695)       (0.00840)       (0.00593)        (0.0100)        (0.0132)        (0.0161)   

-.08                       0.0294***      -0.0111          0.0133*       -0.00491         -0.0255         -0.0377*  
                        (0.00659)       (0.00693)       (0.00574)       (0.00917)        (0.0131)        (0.0155)   

-.06                       0.0141*        0.00227          0.0221***      0.00360        -0.00821         -0.0461*  
                        (0.00573)       (0.00668)       (0.00534)        (0.0114)        (0.0109)        (0.0200)   

-.04                      0.00488         0.00145          0.0233***      0.00151         0.00541         -0.0419   
                        (0.00507)       (0.00630)       (0.00515)        (0.0112)        (0.0104)        (0.0255)   

-.02                     -0.00185        -0.00266          0.0245***      -0.0134          0.0361         -0.0386   
                        (0.00472)       (0.00554)       (0.00466)       (0.00735)        (0.0240)        (0.0219)   

0                               0               0               0               0               0               0   
                              (.)             (.)             (.)             (.)             (.)             (.)   

.02                      -0.00856        -0.00720        -0.00140         -0.0120         0.00799         -0.0380   
                        (0.00463)       (0.00447)       (0.00389)       (0.00863)       (0.00684)        (0.0229)   

.04                       -0.0113*       -0.00190        -0.00476         -0.0417***      0.00489         -0.0602** 
                        (0.00500)       (0.00370)       (0.00421)        (0.0120)       (0.00647)        (0.0224)   

.06                      -0.00257        -0.00524        -0.00928*        -0.0235        -0.00659         -0.0453   
                        (0.00560)       (0.00397)       (0.00428)        (0.0167)       (0.00907)        (0.0239)   

.08                      -0.00984        -0.00630         -0.0143***      -0.0219*         0.0159         -0.0388   
                        (0.00532)       (0.00468)       (0.00420)        (0.0106)        (0.0320)        (0.0243)   

.1                        -0.0160**      -0.00360         -0.0146***      -0.0269*        0.00238         -0.0421   
                        (0.00604)       (0.00312)       (0.00418)        (0.0125)        (0.0168)        (0.0277)   

.12                       -0.0254***     -0.00721         -0.0136**       -0.0418         0.00388         -0.0388   
                        (0.00598)       (0.00545)       (0.00483)        (0.0273)        (0.0330)        (0.0295)   

.14                       -0.0477***     -0.00311         -0.0232***       0.0575          0.0869         -0.0484   
                        (0.00617)       (0.00409)       (0.00513)        (0.0634)         (0.109)        (0.0329)   

.16                       -0.0315***     -0.00740         -0.0286***       -0.136**         0.113         -0.0820** 
                        (0.00709)       (0.00530)       (0.00562)        (0.0509)         (0.106)        (0.0286)   

.18                       -0.0233**      -0.00688         -0.0402***       -0.181*          0.687***       -0.117***
                        (0.00802)       (0.00501)       (0.00720)        (0.0875)         (0.134)        (0.0230)   

.2                        -0.0175        -0.00714         -0.0484***      -0.0202**         0.581**        -0.117***
                         (0.0105)       (0.00728)        (0.0108)       (0.00728)         (0.209)        (0.0293)   

Constant                  -0.0191**       0.00714          0.0249***       0.0149          0.0133           0.576   
                        (0.00665)       (0.00728)       (0.00657)       (0.00807)        (0.0160)             (.)   

Boundary f.e.                 Yes             Yes             Yes             Yes             Yes             Yes   

Year f.e.                     Yes             Yes             Yes             Yes             Yes             Yes   
--------------------------------------------------------------------------------------------------------------------
Observations                34172            3941           14484            1941             635            1961   
R-squared                   0.283           0.551           0.367           0.645           0.483           0.245   
--------------------------------------------------------------------------------------------------------------------
Standard errors in parentheses
* p<0.05, ** p<0.01, *** p<0.001

. 
. 
. ********************************************************************************
. ** depth to restrictive layer
. ********************************************************************************
. ** regressions
. quietly eststo depth_du: reg soil_avgrestri ib26.dist3 i.lam_seg i.year if year==2018 & (dist_both<=0.21 & dist_both>=-0.2 & only_du == 1 & res_typex !="Condominiums") , vce(cluster lam_seg)

. sum soil_avgrestri if only_du == 1 & year==2018 & (dist_both<=0.02 & dist_both>0) & res_typex != "Condominiums" 

    Variable |        Obs        Mean    Std. dev.       Min        Max
-------------+---------------------------------------------------------
soil_avgre~i |      3,600    138.9844    63.55133          0   200.0004

. sum soil_avgrestri if only_du == 1 & year==2018 & (dist_both<=0 & dist_both>-0.02) & res_typex != "Condominiums"

    Variable |        Obs        Mean    Std. dev.       Min        Max
-------------+---------------------------------------------------------
soil_avgre~i |      2,902    138.5473    64.54128          0   200.0005

.         
. quietly eststo depth_duhe: reg soil_avgrestri ib26.dist3 i.lam_seg i.year if year==2018 & (dist_both<=0.21 & dist_both>=-0.2 & du_he == 1 & res_typex !="Condominiums") , vce(cluster lam_seg)

. sum soil_avgrestri if du_he == 1 & year==2018 & (dist_both<=0.02 & dist_both>0) & res_typex != "Condominiums" 

    Variable |        Obs        Mean    Std. dev.       Min        Max
-------------+---------------------------------------------------------
soil_avgre~i |        507    138.9929    68.14826          0   200.0008

. sum soil_avgrestri if du_he == 1 & year==2018 & (dist_both<=0 & dist_both>-0.02) & res_typex != "Condominiums"

    Variable |        Obs        Mean    Std. dev.       Min        Max
-------------+---------------------------------------------------------
soil_avgre~i |        617    153.2224    62.65166         41   200.0014

. 
. quietly eststo depth_mfdu: reg soil_avgrestri ib26.dist3 i.lam_seg i.year if year==2018 & (dist_both<=0.21 & dist_both>=-0.2 & mf_du == 1 & res_typex !="Condominiums") , vce(cluster lam_seg)

. sum soil_avgrestri if mf_du == 1 & year==2018 & (dist_both<=0.02 & dist_both>0) & res_typex != "Condominiums" 

    Variable |        Obs        Mean    Std. dev.       Min        Max
-------------+---------------------------------------------------------
soil_avgre~i |      1,781    142.4907    63.47901         41   200.0007

. sum soil_avgrestri if mf_du == 1 & year==2018 & (dist_both<=0 & dist_both>-0.02) & res_typex != "Condominiums"

    Variable |        Obs        Mean    Std. dev.       Min        Max
-------------+---------------------------------------------------------
soil_avgre~i |      1,741    139.9592    65.03036          0   200.0002

. 
. quietly eststo depth_mf: reg soil_avgrestri ib26.dist3 i.lam_seg i.year if year==2018 & (dist_both<=0.21 & dist_both>=-0.2 & only_mf== 1 & res_typex !="Condominiums") , vce(cluster lam_seg)

. sum soil_avgrestri if only_mf == 1 & year==2018 & (dist_both<=0.02 & dist_both>0) & res_typex != "Condominiums" 

    Variable |        Obs        Mean    Std. dev.       Min        Max
-------------+---------------------------------------------------------
soil_avgre~i |        327    145.7407      67.197          0   200.0005

. sum soil_avgrestri if only_mf == 1 & year==2018 & (dist_both<=0 & dist_both>-0.02) & res_typex != "Condominiums"

    Variable |        Obs        Mean    Std. dev.       Min        Max
-------------+---------------------------------------------------------
soil_avgre~i |        334    147.3516    63.72588         46        200

. 
. quietly eststo depth_mfhe: reg soil_avgrestri ib26.dist3 i.lam_seg i.year if year==2018 & (dist_both<=0.21 & dist_both>=-0.2 & mf_he == 1 & res_typex !="Condominiums") , vce(cluster lam_seg)

. sum soil_avgrestri if mf_he == 1 & year==2018 & (dist_both<=0.02 & dist_both>0) & res_typex != "Condominiums" 

    Variable |        Obs        Mean    Std. dev.       Min        Max
-------------+---------------------------------------------------------
soil_avgre~i |        110     162.349    54.73046         66        200

. sum soil_avgrestri if mf_he == 1 & year==2018 & (dist_both<=0 & dist_both>-0.02) & res_typex != "Condominiums"

    Variable |        Obs        Mean    Std. dev.       Min        Max
-------------+---------------------------------------------------------
soil_avgre~i |        108    149.4283    62.05438         50   200.0004

. 
. quietly eststo depth_he: reg soil_avgrestri ib26.dist3 i.lam_seg i.year if year==2018 & (dist_both<=0.21 & dist_both>=-0.2 & only_he == 1 & res_typex !="Condominiums") , vce(cluster lam_seg)

. sum soil_avgrestri if only_he == 1 & year==2018 & (dist_both<=0.02 & dist_both>0) & res_typex != "Condominiums" 

    Variable |        Obs        Mean    Std. dev.       Min        Max
-------------+---------------------------------------------------------
soil_avgre~i |        222    128.5551    71.87079   45.31924        200

. sum soil_avgrestri if only_he == 1 & year==2018 & (dist_both<=0 & dist_both>-0.02) & res_typex != "Condominiums"

    Variable |        Obs        Mean    Std. dev.       Min        Max
-------------+---------------------------------------------------------
soil_avgre~i |        192    136.8899    70.14819    43.4917   200.0001

. 
. esttab depth_du depth_duhe depth_mfdu depth_mf depth_mfhe depth_he, se r2 indicate("Boundary f.e.=*lam_seg" "Year f.e.=*year") interaction(" X ") ///
>         label mtitles("depth_du" "depth_duhe" "depth_mfdu" "depth_mf" "depth_mfhe" "depth_he") title("Depth to Restrictive Layer (cm)") 

Depth to Restrictive Layer (cm)
--------------------------------------------------------------------------------------------------------------------
                              (1)             (2)             (3)             (4)             (5)             (6)   
                         depth_du      depth_duhe      depth_mfdu        depth_mf      depth_mfhe        depth_he   
--------------------------------------------------------------------------------------------------------------------
-.2                        -0.869          -27.78*          6.354          -9.172          -1.320          -46.71   
                          (5.202)         (13.67)         (9.635)         (8.810)         (3.798)         (60.42)   

-.18                        5.017          -22.70           0.207           2.201           1.798           37.84   
                          (5.117)         (12.33)         (6.516)         (19.08)         (9.421)         (25.59)   

-.16                       -0.849          -19.08          -0.962          -6.131          -24.53*          18.92   
                          (4.680)         (13.71)         (5.462)         (8.692)         (9.830)         (18.80)   

-.14                       -3.536          -4.619          -2.861           6.203          -14.48           39.08   
                          (4.117)         (3.891)         (5.698)         (18.52)         (7.263)         (24.99)   

-.12                       -3.220           3.332           8.543          -11.65          -10.05           14.45   
                          (3.669)         (5.555)         (6.298)         (9.466)         (6.464)         (9.724)   

-.1                        -2.763           3.496           8.642          -4.654          -11.32           8.158   
                          (3.507)         (4.174)         (5.861)         (8.451)         (7.620)         (7.111)   

-.08                       -5.324          -2.823           3.276          -9.699          -16.73*          1.968   
                          (3.595)         (3.636)         (4.400)         (5.826)         (7.850)         (7.076)   

-.06                       -4.648           0.574           1.271           0.645          -1.544           0.124   
                          (3.185)         (4.772)         (3.903)         (9.682)         (5.960)         (7.846)   

-.04                       -3.337          -0.467          -0.972          -4.890          -1.488           10.65   
                          (2.634)         (4.114)         (3.119)         (4.916)         (5.258)         (10.62)   

-.02                       -3.441          -6.192          -1.493           1.475          -7.130           8.232   
                          (2.018)         (4.084)         (3.001)         (2.601)         (7.814)         (8.814)   

0                               0               0               0               0               0               0   
                              (.)             (.)             (.)             (.)             (.)             (.)   

.02                         2.160           4.155           2.296        -0.00314           12.48          -4.098   
                          (2.377)         (3.203)         (2.536)         (3.149)         (7.819)         (4.420)   

.04                         2.410           4.606           2.895          -0.399           15.47          -5.630   
                          (2.341)         (7.404)         (3.281)         (4.886)         (9.432)         (4.982)   

.06                         2.156           5.685           2.931          -6.202           12.19          -9.644   
                          (2.623)         (11.14)         (3.929)         (6.296)         (8.577)         (7.234)   

.08                         2.576           24.82*          7.056          -12.15           56.14*         -5.997   
                          (3.131)         (9.695)         (4.277)         (6.490)         (26.12)         (6.287)   

.1                          2.272           41.48*          5.979           8.284           48.33*          2.281   
                          (3.039)         (16.18)         (4.941)         (5.789)         (21.96)         (5.273)   

.12                        0.0577           82.88***        6.191           25.80           40.90*          1.967   
                          (3.794)         (18.24)         (5.810)         (23.60)         (15.68)         (11.25)   

.14                         2.808           42.67*          10.63          -8.968           50.93**         10.71   
                          (4.605)         (21.29)         (7.583)         (19.11)         (16.17)         (13.04)   

.16                         0.890           5.926           8.395           26.79           50.14*          9.787   
                          (4.886)         (10.80)         (13.40)         (23.95)         (21.61)         (14.16)   

.18                         0.381           70.01***        15.16           24.54           49.87***        5.347   
                          (5.347)         (15.65)         (8.615)         (47.69)         (12.93)         (13.47)   

.2                          0.577          -111.5***        16.93*          3.098           18.49***        10.73   
                          (6.426)         (13.71)         (7.341)         (3.775)         (4.042)         (11.54)   

Constant                    204.1***        198.5***        185.6***        202.7***        155.3***        200.0***
                          (3.167)         (13.71)         (8.623)         (3.454)         (6.434)      (2.49e-11)   

Boundary f.e.                 Yes             Yes             Yes             Yes             Yes             Yes   

Year f.e.                     Yes             Yes             Yes             Yes             Yes             Yes   
--------------------------------------------------------------------------------------------------------------------
Observations                34172            3941           14484            1941             635            1961   
R-squared                   0.585           0.801           0.692           0.788           0.857           0.786   
--------------------------------------------------------------------------------------------------------------------
Standard errors in parentheses
* p<0.05, ** p<0.01, *** p<0.001

.         
. /* REStat Revision 03-27-2024 - allow for table - NC check
>         - keeping only the first coefficient on the more restrictive side of the 
>           boundary, check if correct bin kept */
.           
. esttab depth_du depth_duhe depth_mfdu depth_mf depth_mfhe depth_he using "$EXPORTPATH/amenities_table_depth.tex", replace keep(25.dist3) ///
> se r2 indicate("Boundary f.e.=*lam_seg" "Year f.e.=*year") interaction(" X ") ///
>         label mtitles("depth_du" "depth_duhe" "depth_mfdu" "depth_mf" "depth_mfhe" "depth_he") ///
>         title("Depth to Restrictive Layer (cm)") 
(file /shared/boston_zoning/working_paper/replication_package/analysis/amenities_mtlines_output/amenities_table_depth.tex not found)
(output written to /shared/boston_zoning/working_paper/replication_package/analysis/amenities_mtlines_output/amenities_table_depth.tex)

.         
. ** robust s.e.
. quietly eststo depth_du_r: reg soil_avgrestri ib26.dist3 i.lam_seg i.year if year==2018 & (dist_both<=0.21 & dist_both>=-0.2 & only_du == 1 & res_typex !="Condominiums") , vce(robust)

.         
. quietly eststo depth_duhe_r: reg soil_avgrestri ib26.dist3 i.lam_seg i.year if year==2018 & (dist_both<=0.21 & dist_both>=-0.2 & du_he == 1 & res_typex !="Condominiums") , vce(robust)

. 
. quietly eststo depth_mfdu_r: reg soil_avgrestri ib26.dist3 i.lam_seg i.year if year==2018 & (dist_both<=0.21 & dist_both>=-0.2 & mf_du == 1 & res_typex !="Condominiums") , vce(robust)

. 
. quietly eststo depth_mf_r: reg soil_avgrestri ib26.dist3 i.lam_seg i.year if year==2018 & (dist_both<=0.21 & dist_both>=-0.2 & only_mf== 1 & res_typex !="Condominiums") , vce(robust)

. 
. quietly eststo depth_mfhe_r: reg soil_avgrestri ib26.dist3 i.lam_seg i.year if year==2018 & (dist_both<=0.21 & dist_both>=-0.2 & mf_he == 1 & res_typex !="Condominiums") , vce(robust)

. 
. quietly eststo depth_he_r: reg soil_avgrestri ib26.dist3 i.lam_seg i.year if year==2018 & (dist_both<=0.21 & dist_both>=-0.2 & only_he == 1 & res_typex !="Condominiums") , vce(robust)

. 
. esttab depth_du_r depth_duhe_r depth_mfdu_r depth_mf_r depth_mfhe_r depth_he_r, se r2 indicate("Boundary f.e.=*lam_seg" "Year f.e.=*year") interaction(" X ") ///
>         label mtitles("depth_du" "depth_duhe" "depth_mfdu" "depth_mf" "depth_mfhe" "depth_he") title("Depth to Restrictive Layer (cm), robust s.e.") 

Depth to Restrictive Layer (cm), robust s.e.
--------------------------------------------------------------------------------------------------------------------
                              (1)             (2)             (3)             (4)             (5)             (6)   
                         depth_du      depth_duhe      depth_mfdu        depth_mf      depth_mfhe        depth_he   
--------------------------------------------------------------------------------------------------------------------
-.2                        -0.869          -27.78***        6.354          -9.172*         -1.320          -46.71   
                          (2.419)         (7.434)         (3.743)         (4.631)         (3.091)         (46.40)   

-.18                        5.017*         -22.70***        0.207           2.201           1.798           37.84*  
                          (2.197)         (6.553)         (2.795)         (8.824)         (7.178)         (17.33)   

-.16                       -0.849          -19.08***       -0.962          -6.131          -24.53***        18.92   
                          (2.118)         (5.471)         (2.783)         (4.520)         (5.879)         (15.78)   

-.14                       -3.536          -4.619          -2.861           6.203          -14.48***        39.08   
                          (1.994)         (3.555)         (2.543)         (10.87)         (4.062)         (22.92)   

-.12                       -3.220           3.332           8.543***       -11.65*         -10.05**         14.45   
                          (1.709)         (3.147)         (2.475)         (5.695)         (3.415)         (10.92)   

-.1                        -2.763           3.496           8.642***       -4.654          -11.32*          8.158   
                          (1.563)         (2.526)         (2.144)         (4.964)         (4.709)         (4.541)   

-.08                       -5.324***       -2.823           3.276*         -9.699**        -16.73***        1.968   
                          (1.435)         (1.975)         (1.612)         (3.315)         (4.624)         (6.673)   

-.06                       -4.648***        0.574           1.271           0.645          -1.544           0.124   
                          (1.250)         (2.158)         (1.413)         (4.243)         (3.695)         (4.503)   

-.04                       -3.337**        -0.467          -0.972          -4.890          -1.488           10.65** 
                          (1.154)         (1.773)         (1.356)         (3.386)         (2.735)         (3.942)   

-.02                       -3.441***       -6.192***       -1.493           1.475          -7.130           8.232*  
                          (1.035)         (1.732)         (1.256)         (2.465)         (3.918)         (3.740)   

0                               0               0               0               0               0               0   
                              (.)             (.)             (.)             (.)             (.)             (.)   

.02                         2.160*          4.155           2.296        -0.00314           12.48**        -4.098   
                          (1.027)         (2.156)         (1.252)         (2.987)         (4.560)         (3.286)   

.04                         2.410*          4.606           2.895          -0.399           15.47***       -5.630   
                          (1.100)         (3.212)         (1.528)         (3.092)         (4.223)         (3.519)   

.06                         2.156           5.685           2.931          -6.202           12.19*         -9.644*  
                          (1.166)         (4.671)         (1.626)         (4.049)         (5.461)         (3.756)   

.08                         2.576*          24.82***        7.056***       -12.15*          56.14***       -5.997   
                          (1.191)         (6.493)         (1.909)         (4.800)         (8.787)         (3.556)   

.1                          2.272           41.48***        5.979*          8.284           48.33***        2.281   
                          (1.333)         (7.672)         (2.463)         (7.070)         (8.123)         (3.933)   

.12                        0.0577           82.88***        6.191*          25.80**         40.90***        1.967   
                          (1.362)         (8.705)         (2.797)         (8.534)         (11.75)         (4.707)   

.14                         2.808           42.67**         10.63**        -8.968           50.93**         10.71*  
                          (1.531)         (15.79)         (3.253)         (9.386)         (15.68)         (5.105)   

.16                         0.890           5.926           8.395           26.79*          50.14***        9.787   
                          (1.697)         (12.05)         (4.481)         (10.48)         (8.543)         (5.252)   

.18                         0.381           70.01***        15.16***        24.54           49.87***        5.347   
                          (1.796)         (15.20)         (3.783)         (23.03)         (10.36)         (5.516)   

.2                          0.577          -111.5***        16.93***        3.098           18.49           10.73*  
                          (2.699)         (5.471)         (4.653)         (2.177)         (15.34)         (5.200)   

Constant                    204.1***        198.5***        185.6***        202.7***        155.3***        200.0   
                          (1.311)         (5.471)         (4.118)         (2.458)         (14.44)             (.)   

Boundary f.e.                 Yes             Yes             Yes             Yes             Yes             Yes   

Year f.e.                     Yes             Yes             Yes             Yes             Yes             Yes   
--------------------------------------------------------------------------------------------------------------------
Observations                34172            3941           14484            1941             635            1961   
R-squared                   0.585           0.801           0.692           0.788           0.857           0.786   
--------------------------------------------------------------------------------------------------------------------
Standard errors in parentheses
* p<0.05, ** p<0.01, *** p<0.001

.         
. ** coefplots
. local plot_list depth_mfdu 

. local l1_title "Depth to Restrictive Layer (cm)"

. local b1_title "<-More restrictive  |  Less restrictive ->"

. local b2_title "Distance to Boundary (miles)"

. local graph_title "coef_depth_all"

. 
. foreach r in `plot_list' {
  2.         if "`r'" == "depth_mfdu" {
  3.                 local title "MF Allowed and DUPAC Change"
  4.         }
  5.         
.         * coefplots
.         #delimit ;
delimiter now ;
.                 coefplot 
>                         
>                         /* relaxed side graphing variables */
>                         (`r', keep(16.dist3 17.dist3 18.dist3 19.dist3 20.dist3 21.dist3 22.dist3 23.dist3 24.dist3 25.dist3) 
>                                 recast(line) color(midblue) 
>                                 ciopts(recast(rarea) color(midblue%30) lwidth(none))
>                                 )
>                         
>                         /* strict side graphing variables */
>                         (`r', keep(26.dist3 27.dist3 28.dist3 29.dist3 30.dist3 31.dist3 32.dist3 33.dist3 34.dist3 35.dist3) 
>                                 recast(line) color(maroon)
>                                 ciopts(recast(rarea) color(maroon%30) lwidth(none))
>                                 ),
> 
>                         /* plot region */
>                         vertical levels(95) baselevels offset(0)
>                         graphregion(fc(white) lcolor(white)) plotregion(fc(white) lcolor(white))
> 
>                         xline(10.5, lpattern(dash) lwidth(thin) lcolor(black))
>                         yline(0, lpattern(dash) lwidth(thin) lcolor(black))
> 
>                         /* titles, subtitles, notes */          
>                         title("{bf:`title'}", size(3) pos(12) margin(t=0 b=0 l=0 r=0) span)
> 
>                         /* axis titles and labels */            
>                         ylabel(, labsize(4) gmin gmax) ymtick() 
>                         
>                         xlabel(1 "-.20" 2 "-.18" 3 "-.16" 4 "-.14" 5 "-.12" 6 "-.10" 7 "-.08" 8 "-.06" 9 "-.04" 10 "-.02" 10.5 "0"
>                                 11 ".02" 12 ".04" 13 ".06" 14 ".08" 15 ".10" 16 ".12" 17 ".14" 18 ".16" 19 ".18" 20 ".20", labsize(3) angle(45) gmax)
>                                 
>                         /* legend */
>                         legend(off position(6) 
>                                 order()
>                                 symy(2) symx(3) 
>                                 rows(1) cols() size(2) 
>                                 nobox fcolor()
>                                 region(fcolor(none) lpattern(blank))
>                                 margin(t=1 b=1 l=0 r=0)span)
>                         name("`r'", replace) ;
  6.                                         graph combine `r',
>                         graphregion(fc(white) lcolor(white))
>                         l1title("{bf:`l1_title'}", size(3) margin(t=0 b=0 l=0 r=1))
>                         b1title("`b1_title'", size(2))
>                         b2title("{bf:`b2_title'}", size(3) margin(t=1 b=0 l=0 r=0))
>                         name("`r'a", replace);
  7.                                 graph save "`r'a" "$EXPORTPATH/coef_`r'", replace;
  8.         #delimit cr
delimiter now cr
. }
(file /shared/boston_zoning/working_paper/replication_package/analysis/amenities_mtlines_output/coef_depth_mfdu.gph not found)
file /shared/boston_zoning/working_paper/replication_package/analysis/amenities_mtlines_output/coef_depth_mfdu.gph saved

.         
. * combine all graphs
. #delimit ;
delimiter now ;
.         graph combine `plot_list',
>                 rows(3) cols(2) ysize() xsize() iscale() imargin(0)
>                 graphregion(fc(white) lcolor(white))
>                 l1title("{bf:`l1_title'}", size(3) margin(t=0 b=0 l=0 r=1))
>                 b1title("`b1_title'", size(2))
>                 b2title("{bf:`b2_title'}", size(3) margin(t=1 b=0 l=0 r=0))
>                 name("graph_all", replace);
(note:  named style 0 not found in class margin, default attributes used)

.         graph save "graph_all" "$EXPORTPATH/`graph_title'", replace;
(file /shared/boston_zoning/working_paper/replication_package/analysis/amenities_mtlines_output/coef_depth_all.gph not found)
file /shared/boston_zoning/working_paper/replication_package/analysis/amenities_mtlines_output/coef_depth_all.gph saved

. #delimit cr     
delimiter now cr
. 
. eststo clear

. graph close _all

.         
. 
. ********************************************************************************
. ** mean percent sand
. ********************************************************************************
. ** regressions
. quietly eststo sand_du: reg soil_avgsand ib26.dist3 i.lam_seg i.year if year==2018 & (dist_both<=0.21 & dist_both>=-0.2 & only_du == 1 & res_typex !="Condominiums") , vce(cluster lam_seg)

. sum soil_avgsand if only_du == 1 & year==2018 & (dist_both<=0.02 & dist_both>0) & res_typex != "Condominiums" 

    Variable |        Obs        Mean    Std. dev.       Min        Max
-------------+---------------------------------------------------------
soil_avgsand |      3,600    52.44103    21.67415          0         95

. sum soil_avgsand if only_du == 1 & year==2018 & (dist_both<=0 & dist_both>-0.02) & res_typex != "Condominiums"

    Variable |        Obs        Mean    Std. dev.       Min        Max
-------------+---------------------------------------------------------
soil_avgsand |      2,902    51.07242    22.19246          0         95

.         
. quietly eststo sand_duhe: reg soil_avgsand ib26.dist3 i.lam_seg i.year if year==2018 & (dist_both<=0.21 & dist_both>=-0.2 & du_he == 1 & res_typex !="Condominiums") , vce(cluster lam_seg)

. sum soil_avgsand if du_he == 1 & year==2018 & (dist_both<=0.02 & dist_both>0) & res_typex != "Condominiums" 

    Variable |        Obs        Mean    Std. dev.       Min        Max
-------------+---------------------------------------------------------
soil_avgsand |        507    33.60935    26.86661          0    88.7767

. sum soil_avgsand if du_he == 1 & year==2018 & (dist_both<=0 & dist_both>-0.02) & res_typex != "Condominiums"

    Variable |        Obs        Mean    Std. dev.       Min        Max
-------------+---------------------------------------------------------
soil_avgsand |        617    33.25211    27.83493          0       70.8

. 
. quietly eststo sand_mfdu: reg soil_avgsand ib26.dist3 i.lam_seg i.year if year==2018 & (dist_both<=0.21 & dist_both>=-0.2 & mf_du == 1 & res_typex !="Condominiums") , vce(cluster lam_seg)

. sum soil_avgsand if mf_du == 1 & year==2018 & (dist_both<=0.02 & dist_both>0) & res_typex != "Condominiums" 

    Variable |        Obs        Mean    Std. dev.       Min        Max
-------------+---------------------------------------------------------
soil_avgsand |      1,781    46.29742    24.25126          0   90.08421

. sum soil_avgsand if mf_du == 1 & year==2018 & (dist_both<=0 & dist_both>-0.02) & res_typex != "Condominiums"

    Variable |        Obs        Mean    Std. dev.       Min        Max
-------------+---------------------------------------------------------
soil_avgsand |      1,741    47.63617    24.20354          0   88.76557

. 
. quietly eststo sand_mf: reg soil_avgsand ib26.dist3 i.lam_seg i.year if year==2018 & (dist_both<=0.21 & dist_both>=-0.2 & only_mf== 1 & res_typex !="Condominiums") , vce(cluster lam_seg)

. sum soil_avgsand if only_mf == 1 & year==2018 & (dist_both<=0.02 & dist_both>0) & res_typex != "Condominiums" 

    Variable |        Obs        Mean    Std. dev.       Min        Max
-------------+---------------------------------------------------------
soil_avgsand |        327    47.28657    23.32707          0       71.1

. sum soil_avgsand if only_mf == 1 & year==2018 & (dist_both<=0 & dist_both>-0.02) & res_typex != "Condominiums"

    Variable |        Obs        Mean    Std. dev.       Min        Max
-------------+---------------------------------------------------------
soil_avgsand |        334     50.2708    21.66073          0   75.08892

. 
. quietly eststo sand_mfhe: reg soil_avgsand ib26.dist3 i.lam_seg i.year if year==2018 & (dist_both<=0.21 & dist_both>=-0.2 & mf_he == 1 & res_typex !="Condominiums") , vce(cluster lam_seg)

. sum soil_avgsand if mf_he == 1 & year==2018 & (dist_both<=0.02 & dist_both>0) & res_typex != "Condominiums" 

    Variable |        Obs        Mean    Std. dev.       Min        Max
-------------+---------------------------------------------------------
soil_avgsand |        110    43.85901     23.6695          0   83.19369

. sum soil_avgsand if mf_he == 1 & year==2018 & (dist_both<=0 & dist_both>-0.02) & res_typex != "Condominiums"

    Variable |        Obs        Mean    Std. dev.       Min        Max
-------------+---------------------------------------------------------
soil_avgsand |        108     35.7721    23.28384          0   86.54344

. 
. quietly eststo sand_he: reg soil_avgsand ib26.dist3 i.lam_seg i.year if year==2018 & (dist_both<=0.21 & dist_both>=-0.2 & only_he == 1 & res_typex !="Condominiums") , vce(cluster lam_seg)

. sum soil_avgsand if only_he == 1 & year==2018 & (dist_both<=0.02 & dist_both>0) & res_typex != "Condominiums" 

    Variable |        Obs        Mean    Std. dev.       Min        Max
-------------+---------------------------------------------------------
soil_avgsand |        222    43.39992    32.19778          0    84.6376

. sum soil_avgsand if only_he == 1 & year==2018 & (dist_both<=0 & dist_both>-0.02) & res_typex != "Condominiums"

    Variable |        Obs        Mean    Std. dev.       Min        Max
-------------+---------------------------------------------------------
soil_avgsand |        192    42.00284    30.51157          0   82.66311

. 
. esttab sand_du sand_duhe sand_mfdu sand_mf sand_mfhe sand_he, se r2 indicate("Boundary f.e.=*lam_seg" "Year f.e.=*year") interaction(" X ") ///
>         label mtitles("sand_du" "sand_duhe" "sand_mfdu" "sand_mf" "sand_mfhe" "sand_he") title("Avg. Percent Sand") 

Avg. Percent Sand
--------------------------------------------------------------------------------------------------------------------
                              (1)             (2)             (3)             (4)             (5)             (6)   
                          sand_du       sand_duhe       sand_mfdu         sand_mf       sand_mfhe         sand_he   
--------------------------------------------------------------------------------------------------------------------
-.2                        -2.252           3.430          -0.304           5.509           0.766           19.91   
                          (1.478)         (3.653)         (2.704)         (4.224)         (1.364)         (12.90)   

-.18                        0.226           4.505           4.061           10.81*         -11.79           1.736   
                          (1.585)         (4.560)         (2.310)         (4.624)         (17.72)         (3.778)   

-.16                        1.112           2.347           2.930           6.834           1.839           3.546   
                          (1.295)         (5.269)         (2.109)         (5.427)         (5.314)         (3.975)   

-.14                       -1.043           2.519           3.734           5.042          -0.158           0.268   
                          (1.489)         (3.640)         (1.982)         (4.903)         (1.405)         (2.983)   

-.12                       -1.440           3.714           1.021          -1.336          -0.532          -2.498   
                          (1.079)         (3.896)         (2.062)         (5.248)         (1.267)         (5.610)   

-.1                         0.378           3.370           2.751           2.380          -1.425           8.980   
                          (0.930)         (3.031)         (1.644)         (3.703)         (1.486)         (11.00)   

-.08                      -0.0120           2.388           2.330           4.408*         -0.467           1.480   
                          (0.991)         (3.111)         (1.402)         (2.186)         (1.503)         (3.261)   

-.06                        0.715           3.227           2.714*         -1.223           0.649          -3.561   
                          (0.745)         (2.828)         (1.205)         (2.596)         (1.565)         (4.082)   

-.04                      -0.0214           1.361           1.680          -1.178           1.003          -6.211   
                          (0.744)         (2.506)         (1.152)         (1.909)         (1.139)         (4.601)   

-.02                       -0.313           1.499           1.152           0.569           0.774          -4.089   
                          (0.586)         (2.250)         (1.046)         (1.174)         (1.107)         (3.974)   

0                               0               0               0               0               0               0   
                              (.)             (.)             (.)             (.)             (.)             (.)   

.02                         0.520           4.841           0.671           1.528          -0.275           1.091   
                          (0.623)         (2.904)         (0.782)         (1.319)         (3.345)         (2.105)   

.04                         0.476          -0.259           0.322           2.731          -3.490           3.352   
                          (0.797)         (2.249)         (1.273)         (1.974)         (2.508)         (2.179)   

.06                         1.841*          0.260           1.363          -0.350          -3.616           6.407*  
                          (0.816)         (3.243)         (1.169)         (4.173)         (2.004)         (3.177)   

.08                         1.207           1.133           1.098           0.737           7.248           3.386   
                          (0.862)         (3.740)         (1.376)         (2.777)         (9.609)         (2.908)   

.1                          0.516           3.834          -2.405          -0.843          -3.650          -0.598   
                          (0.912)         (6.585)         (2.449)         (3.571)         (2.997)         (2.506)   

.12                         1.732           2.690           0.283           1.596          -5.559          -1.416   
                          (0.977)         (9.852)         (2.570)         (4.571)         (6.404)         (5.289)   

.14                         2.001          -0.601           0.177           0.840           0.977          -5.676   
                          (1.127)         (7.282)         (2.735)         (5.272)         (4.063)         (6.042)   

.16                         1.925          -0.494          -1.618          -2.560           1.395          -4.665   
                          (1.071)         (5.154)         (5.141)         (4.921)         (9.544)         (6.646)   

.18                         2.031           2.285           1.828          -0.422           15.71***       -1.821   
                          (1.144)         (8.510)         (2.858)         (3.710)         (4.227)         (6.214)   

.2                          1.132          -0.545           2.092           0.526           4.647          -6.828   
                          (1.274)         (5.269)         (3.225)         (1.499)         (2.419)         (5.077)   

Constant                    83.03***        62.55***        63.83***        47.40***        73.75***        46.65***
                          (0.894)         (5.269)         (3.389)         (1.753)         (1.250)      (1.58e-11)   

Boundary f.e.                 Yes             Yes             Yes             Yes             Yes             Yes   

Year f.e.                     Yes             Yes             Yes             Yes             Yes             Yes   
--------------------------------------------------------------------------------------------------------------------
Observations                34172            3941           14484            1941             635            1961   
R-squared                   0.606           0.825           0.740           0.747           0.844           0.775   
--------------------------------------------------------------------------------------------------------------------
Standard errors in parentheses
* p<0.05, ** p<0.01, *** p<0.001

.         
. *REStat Revision - allow for table - NC check
. *keeping only the first coefficient on the more restrictive side of the boundary, check if correct bin kept
. esttab sand_du sand_duhe sand_mfdu sand_mf sand_mfhe sand_he using "$EXPORTPATH/amenities_table_sand.tex", replace keep(25.dist3) ///
>         se r2 indicate("Boundary f.e.=*lam_seg" "Year f.e.=*year") interaction(" X ") ///
>         label mtitles("sand_du" "sand_duhe" "sand_mfdu" "sand_mf" "sand_mfhe" "sand_he") ///
>         title("Avg. Percent Sand") 
(file /shared/boston_zoning/working_paper/replication_package/analysis/amenities_mtlines_output/amenities_table_sand.tex not found)
(output written to /shared/boston_zoning/working_paper/replication_package/analysis/amenities_mtlines_output/amenities_table_sand.tex)

.         
. ** robust s.e.
. quietly eststo sand_du_r: reg soil_avgsand ib26.dist3 i.lam_seg i.year if year==2018 & (dist_both<=0.21 & dist_both>=-0.2 & only_du == 1 & res_typex !="Condominiums") , vce(robust)

.         
. quietly eststo sand_duhe_r: reg soil_avgsand ib26.dist3 i.lam_seg i.year if year==2018 & (dist_both<=0.21 & dist_both>=-0.2 & du_he == 1 & res_typex !="Condominiums") , vce(robust)

. 
. quietly eststo sand_mfdu_r: reg soil_avgsand ib26.dist3 i.lam_seg i.year if year==2018 & (dist_both<=0.21 & dist_both>=-0.2 & mf_du == 1 & res_typex !="Condominiums") , vce(robust)

. 
. quietly eststo sand_mf_r: reg soil_avgsand ib26.dist3 i.lam_seg i.year if year==2018 & (dist_both<=0.21 & dist_both>=-0.2 & only_mf== 1 & res_typex !="Condominiums") , vce(robust)

. 
. quietly eststo sand_mfhe_r: reg soil_avgsand ib26.dist3 i.lam_seg i.year if year==2018 & (dist_both<=0.21 & dist_both>=-0.2 & mf_he == 1 & res_typex !="Condominiums") , vce(robust)

. 
. quietly eststo sand_he_r: reg soil_avgsand ib26.dist3 i.lam_seg i.year if year==2018 & (dist_both<=0.21 & dist_both>=-0.2 & only_he == 1 & res_typex !="Condominiums") , vce(robust)

. 
. esttab sand_du_r sand_duhe_r sand_mfdu_r sand_mf_r sand_mfhe_r sand_he_r, se r2 indicate("Boundary f.e.=*lam_seg" "Year f.e.=*year") interaction(" X ") ///
>         label mtitles("sand_du" "sand_duhe" "sand_mfdu" "sand_mf" "sand_mfhe" "sand_he") title("Avg. Percent Sand, robust s.e.") 

Avg. Percent Sand, robust s.e.
--------------------------------------------------------------------------------------------------------------------
                              (1)             (2)             (3)             (4)             (5)             (6)   
                          sand_du       sand_duhe       sand_mfdu         sand_mf       sand_mfhe         sand_he   
--------------------------------------------------------------------------------------------------------------------
-.2                        -2.252**         3.430          -0.304           5.509*          0.766           19.91   
                          (0.720)         (1.875)         (1.268)         (2.185)         (1.133)         (10.75)   

-.18                        0.226           4.505*          4.061***        10.81***       -11.79           1.736   
                          (0.662)         (1.851)         (0.952)         (2.924)         (12.75)         (2.705)   

-.16                        1.112           2.347           2.930**         6.834           1.839           3.546   
                          (0.637)         (1.809)         (0.956)         (4.145)         (4.789)         (3.556)   

-.14                       -1.043           2.519           3.734***        5.042          -0.158           0.268   
                          (0.570)         (1.540)         (0.987)         (2.789)         (1.159)         (2.169)   

-.12                       -1.440**         3.714*          1.021          -1.336          -0.532          -2.498   
                          (0.494)         (1.493)         (0.813)         (2.861)         (0.971)         (3.604)   

-.1                         0.378           3.370**         2.751***        2.380          -1.425           8.980** 
                          (0.433)         (1.207)         (0.628)         (1.776)         (1.298)         (2.947)   

-.08                      -0.0120           2.388*          2.330***        4.408***       -0.467           1.480   
                          (0.430)         (1.018)         (0.524)         (1.154)         (1.190)         (2.448)   

-.06                        0.715*          3.227**         2.714***       -1.223           0.649          -3.561   
                          (0.361)         (1.033)         (0.498)         (1.315)         (1.168)         (2.341)   

-.04                      -0.0214           1.361           1.680***       -1.178           1.003          -6.211***
                          (0.344)         (0.893)         (0.489)         (1.136)         (0.885)         (1.713)   

-.02                       -0.313           1.499           1.152**         0.569           0.774          -4.089*  
                          (0.315)         (0.840)         (0.436)         (0.913)         (0.950)         (1.678)   

0                               0               0               0               0               0               0   
                              (.)             (.)             (.)             (.)             (.)             (.)   

.02                         0.520           4.841***        0.671           1.528          -0.275           1.091   
                          (0.287)         (1.111)         (0.433)         (1.004)         (1.468)         (1.442)   

.04                         0.476          -0.259           0.322           2.731*         -3.490           3.352*  
                          (0.322)         (1.284)         (0.540)         (1.206)         (2.004)         (1.527)   

.06                         1.841***        0.260           1.363*         -0.350          -3.616           6.407***
                          (0.334)         (1.559)         (0.580)         (2.132)         (2.079)         (1.584)   

.08                         1.207***        1.133           1.098           0.737           7.248           3.386*  
                          (0.344)         (1.745)         (0.611)         (1.883)         (4.024)         (1.564)   

.1                          0.516           3.834          -2.405*         -0.843          -3.650          -0.598   
                          (0.386)         (2.544)         (0.948)         (2.174)         (4.095)         (1.770)   

.12                         1.732***        2.690           0.283           1.596          -5.559          -1.416   
                          (0.401)         (3.386)         (1.023)         (2.738)         (5.908)         (2.203)   

.14                         2.001***       -0.601           0.177           0.840           0.977          -5.676*  
                          (0.446)         (4.892)         (1.049)         (3.394)         (8.406)         (2.375)   

.16                         1.925***       -0.494          -1.618          -2.560           1.395          -4.665   
                          (0.476)         (4.079)         (1.487)         (4.065)         (5.675)         (2.490)   

.18                         2.031***        2.285           1.828          -0.422           15.71***       -1.821   
                          (0.549)         (2.905)         (1.146)         (2.030)         (3.404)         (2.482)   

.2                          1.132          -0.545           2.092           0.526           4.647          -6.828*  
                          (0.735)         (1.809)         (1.333)         (0.812)         (4.538)         (2.654)   

Constant                    83.03***        62.55***        63.83***        47.40***        73.75***        46.65   
                          (0.973)         (1.809)         (0.996)         (2.995)         (1.783)             (.)   

Boundary f.e.                 Yes             Yes             Yes             Yes             Yes             Yes   

Year f.e.                     Yes             Yes             Yes             Yes             Yes             Yes   
--------------------------------------------------------------------------------------------------------------------
Observations                34172            3941           14484            1941             635            1961   
R-squared                   0.606           0.825           0.740           0.747           0.844           0.775   
--------------------------------------------------------------------------------------------------------------------
Standard errors in parentheses
* p<0.05, ** p<0.01, *** p<0.001

.         
. ** coefplots
. local plot_list sand_duhe 

. local l1_title "Avg. Percent Sand"

. local b1_title "<-More restrictive  |  Less restrictive ->"

. local b2_title "Distance to Boundary (miles)"

. local graph_title "coef_sand_all"

. 
. foreach r in `plot_list' {      
  2.         if "`r'" == "sand_duhe" {
  3.                 local title "DUPAC and Height Change"
  4.         }
  5.         
.         * coefplots
.         #delimit ;
delimiter now ;
.                 coefplot 
>                         
>                         /* relaxed side graphing variables */
>                         (`r', keep(16.dist3 17.dist3 18.dist3 19.dist3 20.dist3 21.dist3 22.dist3 23.dist3 24.dist3 25.dist3) 
>                                 recast(line) color(midblue) 
>                                 ciopts(recast(rarea) color(midblue%30) lwidth(none))
>                                 )
>                         
>                         /* strict side graphing variables */
>                         (`r', keep(26.dist3 27.dist3 28.dist3 29.dist3 30.dist3 31.dist3 32.dist3 33.dist3 34.dist3 35.dist3) 
>                                 recast(line) color(maroon)
>                                 ciopts(recast(rarea) color(maroon%30) lwidth(none))
>                                 ),
> 
>                         /* plot region */
>                         vertical levels(95) baselevels offset(0)
>                         graphregion(fc(white) lcolor(white)) plotregion(fc(white) lcolor(white))
> 
>                         xline(10.5, lpattern(dash) lwidth(thin) lcolor(black))
>                         yline(0, lpattern(dash) lwidth(thin) lcolor(black))
> 
>                         /* titles, subtitles, notes */          
>                         title("{bf:`title'}", size(3) pos(12) margin(t=0 b=0 l=0 r=0) span)
> 
>                         /* axis titles and labels */            
>                         ylabel(, labsize(4) gmin gmax) ymtick() 
>                         
>                         xlabel(1 "-.20" 2 "-.18" 3 "-.16" 4 "-.14" 5 "-.12" 6 "-.10" 7 "-.08" 8 "-.06" 9 "-.04" 10 "-.02" 10.5 "0"
>                                 11 ".02" 12 ".04" 13 ".06" 14 ".08" 15 ".10" 16 ".12" 17 ".14" 18 ".16" 19 ".18" 20 ".20", labsize(3) angle(45) gmax)
>                                 
>                         /* legend */
>                         legend(off position(6) 
>                                 order()
>                                 symy(2) symx(3) 
>                                 rows(1) cols() size(2) 
>                                 nobox fcolor()
>                                 region(fcolor(none) lpattern(blank))
>                                 margin(t=1 b=1 l=0 r=0)span)
>                         name("`r'", replace) ;
  6.                                         graph combine `r',
>                         graphregion(fc(white) lcolor(white))
>                         l1title("{bf:`l1_title'}", size(3) margin(t=0 b=0 l=0 r=1))
>                         b1title("`b1_title'", size(2))
>                         b2title("{bf:`b2_title'}", size(3) margin(t=1 b=0 l=0 r=0))
>                         name("`r'a", replace);
  7.                                 graph save "`r'a" "$EXPORTPATH/coef_`r'", replace;
  8.         #delimit cr
delimiter now cr
. }
(file /shared/boston_zoning/working_paper/replication_package/analysis/amenities_mtlines_output/coef_sand_duhe.gph not found)
file /shared/boston_zoning/working_paper/replication_package/analysis/amenities_mtlines_output/coef_sand_duhe.gph saved

.         
. * combine all graphs
. #delimit ;
delimiter now ;
.         graph combine `plot_list',
>                 rows(3) cols(2) ysize() xsize() iscale() imargin(0)
>                 graphregion(fc(white) lcolor(white))
>                 l1title("{bf:`l1_title'}", size(3) margin(t=0 b=0 l=0 r=1))
>                 b1title("`b1_title'", size(2))
>                 b2title("{bf:`b2_title'}", size(3) margin(t=1 b=0 l=0 r=0))
>                 name("graph_all", replace);
(note:  named style 0 not found in class margin, default attributes used)

.         graph save "graph_all" "$EXPORTPATH/`graph_title'", replace;
(file /shared/boston_zoning/working_paper/replication_package/analysis/amenities_mtlines_output/coef_sand_all.gph not found)
file /shared/boston_zoning/working_paper/replication_package/analysis/amenities_mtlines_output/coef_sand_all.gph saved

. #delimit cr     
delimiter now cr
. 
. eststo clear

. graph close _all

.         
. 
. ********************************************************************************
. ** mean percent clay
. ********************************************************************************
. ** regressions
. quietly eststo clay_du: reg soil_avgclay ib26.dist3 i.lam_seg i.year if year==2018 & (dist_both<=0.21 & dist_both>=-0.2 & only_du == 1 & res_typex !="Condominiums") , vce(cluster lam_seg)

. sum soil_avgclay if only_du == 1 & year==2018 & (dist_both<=0.02 & dist_both>0) & res_typex != "Condominiums" 

    Variable |        Obs        Mean    Std. dev.       Min        Max
-------------+---------------------------------------------------------
soil_avgclay |      3,600    5.044472    2.362584          0   10.59996

. sum soil_avgclay if only_du == 1 & year==2018 & (dist_both<=0 & dist_both>-0.02) & res_typex != "Condominiums"

    Variable |        Obs        Mean    Std. dev.       Min        Max
-------------+---------------------------------------------------------
soil_avgclay |      2,902    5.019591    2.442762          0       11.5

.         
. quietly eststo clay_duhe: reg soil_avgclay ib26.dist3 i.lam_seg i.year if year==2018 & (dist_both<=0.21 & dist_both>=-0.2 & du_he == 1 & res_typex !="Condominiums") , vce(cluster lam_seg)

. sum soil_avgclay if du_he == 1 & year==2018 & (dist_both<=0.02 & dist_both>0) & res_typex != "Condominiums" 

    Variable |        Obs        Mean    Std. dev.       Min        Max
-------------+---------------------------------------------------------
soil_avgclay |        507    3.970153    3.029199          0         10

. sum soil_avgclay if du_he == 1 & year==2018 & (dist_both<=0 & dist_both>-0.02) & res_typex != "Condominiums"

    Variable |        Obs        Mean    Std. dev.       Min        Max
-------------+---------------------------------------------------------
soil_avgclay |        617     3.70108    3.012418          0          9

. 
. quietly eststo clay_mfdu: reg soil_avgclay ib26.dist3 i.lam_seg i.year if year==2018 & (dist_both<=0.21 & dist_both>=-0.2 & mf_du == 1 & res_typex !="Condominiums") , vce(cluster lam_seg)

. sum soil_avgclay if mf_du == 1 & year==2018 & (dist_both<=0.02 & dist_both>0) & res_typex != "Condominiums" 

    Variable |        Obs        Mean    Std. dev.       Min        Max
-------------+---------------------------------------------------------
soil_avgclay |      1,781    4.625865    2.557361          0   23.08137

. sum soil_avgclay if mf_du == 1 & year==2018 & (dist_both<=0 & dist_both>-0.02) & res_typex != "Condominiums"

    Variable |        Obs        Mean    Std. dev.       Min        Max
-------------+---------------------------------------------------------
soil_avgclay |      1,741    4.601976    2.448306          0   18.72808

. 
. quietly eststo clay_mf: reg soil_avgclay ib26.dist3 i.lam_seg i.year if year==2018 & (dist_both<=0.21 & dist_both>=-0.2 & only_mf== 1 & res_typex !="Condominiums") , vce(cluster lam_seg)

. sum soil_avgclay if only_mf == 1 & year==2018 & (dist_both<=0.02 & dist_both>0) & res_typex != "Condominiums" 

    Variable |        Obs        Mean    Std. dev.       Min        Max
-------------+---------------------------------------------------------
soil_avgclay |        327    4.771768    2.227493          0          9

. sum soil_avgclay if only_mf == 1 & year==2018 & (dist_both<=0 & dist_both>-0.02) & res_typex != "Condominiums"

    Variable |        Obs        Mean    Std. dev.       Min        Max
-------------+---------------------------------------------------------
soil_avgclay |        334    4.934877    1.958997          0          9

. 
. quietly eststo clay_mfhe: reg soil_avgclay ib26.dist3 i.lam_seg i.year if year==2018 & (dist_both<=0.21 & dist_both>=-0.2 & mf_he == 1 & res_typex !="Condominiums") , vce(cluster lam_seg)

. sum soil_avgclay if mf_he == 1 & year==2018 & (dist_both<=0.02 & dist_both>0) & res_typex != "Condominiums" 

    Variable |        Obs        Mean    Std. dev.       Min        Max
-------------+---------------------------------------------------------
soil_avgclay |        110    4.600744    3.370455          0       11.5

. sum soil_avgclay if mf_he == 1 & year==2018 & (dist_both<=0 & dist_both>-0.02) & res_typex != "Condominiums"

    Variable |        Obs        Mean    Std. dev.       Min        Max
-------------+---------------------------------------------------------
soil_avgclay |        108    4.373897    2.984185          0       11.5

. 
. quietly eststo clay_he: reg soil_avgclay ib26.dist3 i.lam_seg i.year if year==2018 & (dist_both<=0.21 & dist_both>=-0.2 & only_he == 1 & res_typex !="Condominiums") , vce(cluster lam_seg)

. sum soil_avgclay if only_he == 1 & year==2018 & (dist_both<=0.02 & dist_both>0) & res_typex != "Condominiums" 

    Variable |        Obs        Mean    Std. dev.       Min        Max
-------------+---------------------------------------------------------
soil_avgclay |        222    4.114003    3.343194          0          9

. sum soil_avgclay if only_he == 1 & year==2018 & (dist_both<=0 & dist_both>-0.02) & res_typex != "Condominiums"

    Variable |        Obs        Mean    Std. dev.       Min        Max
-------------+---------------------------------------------------------
soil_avgclay |        192    4.110991    3.202688          0          9

. 
. esttab clay_du clay_duhe clay_mfdu clay_mf clay_mfhe clay_he, se r2 indicate("Boundary f.e.=*lam_seg" "Year f.e.=*year") interaction(" X ") ///
>         label mtitles("clay_du" "clay_duhe" "clay_mfdu" "clay_mf" "clay_mfhe" "clay_he") title("Mean Percent Clay") 

Mean Percent Clay
--------------------------------------------------------------------------------------------------------------------
                              (1)             (2)             (3)             (4)             (5)             (6)   
                          clay_du       clay_duhe       clay_mfdu         clay_mf       clay_mfhe         clay_he   
--------------------------------------------------------------------------------------------------------------------
-.2                        -0.193           0.657           0.250           0.668           0.506           4.491*  
                          (0.203)         (0.586)         (0.273)         (0.511)         (0.405)         (1.906)   

-.18                       0.0228           0.623           0.242           0.324          -0.555           1.554** 
                          (0.188)         (0.521)         (0.266)         (0.564)         (1.377)         (0.546)   

-.16                        0.132           0.623         -0.0996           0.617           2.874*          1.172   
                          (0.157)         (0.566)         (0.214)         (0.598)         (1.399)         (0.750)   

-.14                        0.140           0.262         -0.0646           0.211           1.543*          0.997   
                          (0.169)         (0.346)         (0.220)         (0.466)         (0.675)         (0.828)   

-.12                        0.246           0.362          -0.365          -0.313           1.253*         -0.330   
                          (0.155)         (0.383)         (0.229)         (0.516)         (0.612)         (0.625)   

-.1                         0.175           0.311          -0.208           0.181           1.656**        -0.129   
                          (0.127)         (0.292)         (0.184)         (0.482)         (0.583)         (0.452)   

-.08                        0.121           0.283         -0.0363           0.382           1.663*          0.180   
                          (0.118)         (0.303)         (0.175)         (0.273)         (0.667)         (0.350)   

-.06                        0.135           0.277         -0.0864          -0.327           0.919          -0.317   
                          (0.115)         (0.295)         (0.109)         (0.423)         (0.482)         (0.467)   

-.04                       0.0694           0.149          -0.121          -0.162           0.375          -0.645   
                          (0.105)         (0.257)         (0.120)         (0.244)         (0.270)         (0.436)   

-.02                        0.100           0.266         -0.0840          0.0572           0.232          -0.513   
                         (0.0739)         (0.219)         (0.118)         (0.180)         (0.249)         (0.365)   

0                               0               0               0               0               0               0   
                              (.)             (.)             (.)             (.)             (.)             (.)   

.02                         0.138           0.457          -0.113           0.162         -0.0708           0.104   
                         (0.0895)         (0.286)        (0.0991)         (0.172)         (1.163)         (0.198)   

.04                         0.126         -0.0221         -0.0734           0.165           0.674           0.116   
                          (0.110)         (0.285)         (0.161)         (0.258)         (1.220)         (0.251)   

.06                         0.200         -0.0586           0.306         -0.0322           0.391           0.351   
                          (0.108)         (0.401)         (0.168)         (0.379)         (1.296)         (0.334)   

.08                         0.244*         -0.386           0.239           0.321          -0.854           0.119   
                          (0.105)         (0.465)         (0.169)         (0.281)         (1.552)         (0.304)   

.1                          0.189          -0.576          -0.130           0.142          -1.575          -0.187   
                          (0.120)         (0.760)         (0.242)         (0.408)         (2.394)         (0.263)   

.12                         0.132          -2.199***       0.0862           0.196          -2.285         -0.0640   
                          (0.128)         (0.557)         (0.254)         (0.537)         (2.958)         (0.558)   

.14                         0.206          -1.197***        0.437           0.180          -3.442          -0.676   
                          (0.150)         (0.347)         (0.280)         (0.520)         (2.248)         (0.638)   

.16                         0.252           0.304           0.276          -0.303          -1.081          -0.753   
                          (0.145)         (0.892)         (0.554)         (0.457)         (1.662)         (0.693)   

.18                        0.0228          -1.842***        0.493           0.820          -2.047          -0.724   
                          (0.172)         (0.517)         (0.355)         (1.068)         (1.587)         (0.613)   

.2                         0.0434           0.376           0.103          0.0700          -2.019          -0.523   
                          (0.217)         (0.566)         (0.481)         (0.169)         (1.220)         (0.675)   

Constant                    2.984***        4.624***        5.344***        4.272***        3.397***        1.152***
                          (0.108)         (0.566)         (0.359)         (0.188)         (0.495)      (1.74e-12)   

Boundary f.e.                 Yes             Yes             Yes             Yes             Yes             Yes   

Year f.e.                     Yes             Yes             Yes             Yes             Yes             Yes   
--------------------------------------------------------------------------------------------------------------------
Observations                34172            3941           14484            1941             635            1961   
R-squared                   0.529           0.801           0.649           0.584           0.741           0.749   
--------------------------------------------------------------------------------------------------------------------
Standard errors in parentheses
* p<0.05, ** p<0.01, *** p<0.001

.           
. esttab clay_du clay_duhe clay_mfdu clay_mf clay_mfhe clay_he using "$EXPORTPATH/amenities_table_clay.tex", replace keep(25.dist3) ///
>         se r2 indicate("Boundary f.e.=*lam_seg" "Year f.e.=*year") interaction(" X ") ///
>         label mtitles("clay_du" "clay_duhe" "clay_mfdu" "clay_mf" "clay_mfhe" "clay_he") ///
>         title("Mean Percent Clay") 
(file /shared/boston_zoning/working_paper/replication_package/analysis/amenities_mtlines_output/amenities_table_clay.tex not found)
(output written to /shared/boston_zoning/working_paper/replication_package/analysis/amenities_mtlines_output/amenities_table_clay.tex)

.         
. ** robust s.e.
. quietly eststo clay_du_r: reg soil_avgclay ib26.dist3 i.lam_seg i.year if year==2018 & (dist_both<=0.21 & dist_both>=-0.2 & only_du == 1 & res_typex !="Condominiums") , vce(robust)

.         
. quietly eststo clay_duhe_r: reg soil_avgclay ib26.dist3 i.lam_seg i.year if year==2018 & (dist_both<=0.21 & dist_both>=-0.2 & du_he == 1 & res_typex !="Condominiums") , vce(robust)

. 
. quietly eststo clay_mfdu_r: reg soil_avgclay ib26.dist3 i.lam_seg i.year if year==2018 & (dist_both<=0.21 & dist_both>=-0.2 & mf_du == 1 & res_typex !="Condominiums") , vce(robust)

. 
. quietly eststo clay_mf_r: reg soil_avgclay ib26.dist3 i.lam_seg i.year if year==2018 & (dist_both<=0.21 & dist_both>=-0.2 & only_mf== 1 & res_typex !="Condominiums") , vce(robust)

. 
. quietly eststo clay_mfhe_r: reg soil_avgclay ib26.dist3 i.lam_seg i.year if year==2018 & (dist_both<=0.21 & dist_both>=-0.2 & mf_he == 1 & res_typex !="Condominiums") , vce(robust)

. 
. quietly eststo clay_he_r: reg soil_avgclay ib26.dist3 i.lam_seg i.year if year==2018 & (dist_both<=0.21 & dist_both>=-0.2 & only_he == 1 & res_typex !="Condominiums") , vce(robust)

. 
. esttab clay_du_r clay_duhe_r clay_mfdu_r clay_mf_r clay_mfhe_r clay_he_r, se r2 indicate("Boundary f.e.=*lam_seg" "Year f.e.=*year") interaction(" X ") ///
>         label mtitles("clay_du" "clay_duhe" "clay_mfdu" "clay_mf" "clay_mfhe" "clay_he") title("Mean Percent Clay, robust s.e.") 

Mean Percent Clay, robust s.e.
--------------------------------------------------------------------------------------------------------------------
                              (1)             (2)             (3)             (4)             (5)             (6)   
                          clay_du       clay_duhe       clay_mfdu         clay_mf       clay_mfhe         clay_he   
--------------------------------------------------------------------------------------------------------------------
-.2                        -0.193*          0.657**         0.250           0.668*          0.506           4.491*  
                         (0.0916)         (0.251)         (0.133)         (0.312)         (0.355)         (1.939)   

-.18                       0.0228           0.623**         0.242*          0.324          -0.555           1.554***
                         (0.0871)         (0.237)         (0.122)         (0.337)         (0.900)         (0.459)   

-.16                        0.132           0.623**       -0.0996           0.617           2.874***        1.172   
                         (0.0793)         (0.209)         (0.116)         (0.443)         (0.835)         (0.599)   

-.14                        0.140*          0.262         -0.0646           0.211           1.543***        0.997   
                         (0.0706)         (0.159)         (0.112)         (0.290)         (0.330)         (0.740)   

-.12                        0.246***        0.362*         -0.365***       -0.313           1.253***       -0.330   
                         (0.0656)         (0.157)        (0.0969)         (0.283)         (0.259)         (0.443)   

-.1                         0.175**         0.311*         -0.208**         0.181           1.656***       -0.129   
                         (0.0544)         (0.131)        (0.0779)         (0.238)         (0.316)         (0.223)   

-.08                        0.121*          0.283*        -0.0363           0.382*          1.663***        0.180   
                         (0.0537)         (0.112)        (0.0623)         (0.149)         (0.311)         (0.283)   

-.06                        0.135**         0.277*        -0.0864          -0.327           0.919***       -0.317   
                         (0.0467)         (0.111)        (0.0543)         (0.190)         (0.241)         (0.232)   

-.04                       0.0694           0.149          -0.121*         -0.162           0.375          -0.645***
                         (0.0425)        (0.0938)        (0.0554)         (0.146)         (0.237)         (0.175)   

-.02                        0.100*          0.266**       -0.0840          0.0572           0.232          -0.513** 
                         (0.0405)        (0.0886)        (0.0525)         (0.114)         (0.248)         (0.181)   

0                               0               0               0               0               0               0   
                              (.)             (.)             (.)             (.)             (.)             (.)   

.02                         0.138***        0.457***       -0.113*          0.162         -0.0708           0.104   
                         (0.0393)         (0.114)        (0.0512)         (0.118)         (0.331)         (0.162)   

.04                         0.126**       -0.0221         -0.0734           0.165           0.674*          0.116   
                         (0.0424)         (0.156)        (0.0634)         (0.143)         (0.308)         (0.167)   

.06                         0.200***      -0.0586           0.306***      -0.0322           0.391           0.351*  
                         (0.0435)         (0.213)        (0.0656)         (0.220)         (0.498)         (0.175)   

.08                         0.244***       -0.386           0.239***        0.321          -0.854           0.119   
                         (0.0448)         (0.293)        (0.0717)         (0.203)         (0.529)         (0.172)   

.1                          0.189***       -0.576          -0.130           0.142          -1.575*         -0.187   
                         (0.0510)         (0.349)         (0.101)         (0.242)         (0.780)         (0.192)   

.12                         0.132*         -2.199***       0.0862           0.196          -2.285         -0.0640   
                         (0.0531)         (0.380)         (0.108)         (0.296)         (1.244)         (0.241)   

.14                         0.206***       -1.197*          0.437***        0.180          -3.442**        -0.676*  
                         (0.0600)         (0.546)         (0.113)         (0.385)         (1.214)         (0.266)   

.16                         0.252***        0.304           0.276          -0.303          -1.081*         -0.753** 
                         (0.0676)         (0.793)         (0.158)         (0.361)         (0.542)         (0.265)   

.18                        0.0228          -1.842***        0.493***        0.820          -2.047***       -0.724** 
                         (0.0757)         (0.489)         (0.135)         (0.547)         (0.545)         (0.265)   

.2                         0.0434           0.376           0.103          0.0700          -2.019***       -0.523   
                          (0.116)         (0.209)         (0.205)        (0.0936)         (0.440)         (0.415)   

Constant                    2.984***        4.624***        5.344***        4.272***        3.397***        1.152   
                          (0.366)         (0.209)         (0.121)         (0.282)         (0.417)             (.)   

Boundary f.e.                 Yes             Yes             Yes             Yes             Yes             Yes   

Year f.e.                     Yes             Yes             Yes             Yes             Yes             Yes   
--------------------------------------------------------------------------------------------------------------------
Observations                34172            3941           14484            1941             635            1961   
R-squared                   0.529           0.801           0.649           0.584           0.741           0.749   
--------------------------------------------------------------------------------------------------------------------
Standard errors in parentheses
* p<0.05, ** p<0.01, *** p<0.001

.         
. ** coefplots
. local plot_list clay_mf

. local l1_title "Mean Percent Clay"

. local b1_title "<-More restrictive  |  Less restrictive ->"

. local b2_title "Distance to Boundary (miles)"

. local graph_title "coef_clay_all"

. 
. foreach r in `plot_list' {      
  2.         if "`r'" == "clay_mf" {
  3.                 local title "Only MF Allowed Changes"
  4.         }
  5.                 
.         * coefplots
.         #delimit ;
delimiter now ;
.                 coefplot 
>                         
>                         /* relaxed side graphing variables */
>                         (`r', keep(16.dist3 17.dist3 18.dist3 19.dist3 20.dist3 21.dist3 22.dist3 23.dist3 24.dist3 25.dist3) 
>                                 recast(line) color(midblue) 
>                                 ciopts(recast(rarea) color(midblue%30) lwidth(none))
>                                 )
>                         
>                         /* strict side graphing variables */
>                         (`r', keep(26.dist3 27.dist3 28.dist3 29.dist3 30.dist3 31.dist3 32.dist3 33.dist3 34.dist3 35.dist3) 
>                                 recast(line) color(maroon)
>                                 ciopts(recast(rarea) color(maroon%30) lwidth(none))
>                                 ),
> 
>                         /* plot region */
>                         vertical levels(95) baselevels offset(0)
>                         graphregion(fc(white) lcolor(white)) plotregion(fc(white) lcolor(white))
> 
>                         xline(10.5, lpattern(dash) lwidth(thin) lcolor(black))
>                         yline(0, lpattern(dash) lwidth(thin) lcolor(black))
> 
>                         /* titles, subtitles, notes */          
>                         title("{bf:`title'}", size(3) pos(12) margin(t=0 b=0 l=0 r=0) span)
> 
>                         /* axis titles and labels */            
>                         ylabel(, labsize(4) gmin gmax) ymtick() 
>                         
>                         xlabel(1 "-.20" 2 "-.18" 3 "-.16" 4 "-.14" 5 "-.12" 6 "-.10" 7 "-.08" 8 "-.06" 9 "-.04" 10 "-.02" 10.5 "0"
>                                 11 ".02" 12 ".04" 13 ".06" 14 ".08" 15 ".10" 16 ".12" 17 ".14" 18 ".16" 19 ".18" 20 ".20", labsize(3) angle(45) gmax)
>                                 
>                         /* legend */
>                         legend(off position(6) 
>                                 order()
>                                 symy(2) symx(3) 
>                                 rows(1) cols() size(2) 
>                                 nobox fcolor()
>                                 region(fcolor(none) lpattern(blank))
>                                 margin(t=1 b=1 l=0 r=0)span)
>                         name("`r'", replace) ;
  6.                                         graph combine `r',
>                         graphregion(fc(white) lcolor(white))
>                         l1title("{bf:`l1_title'}", size(3) margin(t=0 b=0 l=0 r=1))
>                         b1title("`b1_title'", size(2))
>                         b2title("{bf:`b2_title'}", size(3) margin(t=1 b=0 l=0 r=0))
>                         name("`r'a", replace);
  7.                                 graph save "`r'a" "$EXPORTPATH/coef_`r'", replace;
  8.         #delimit cr
delimiter now cr
. }
(file /shared/boston_zoning/working_paper/replication_package/analysis/amenities_mtlines_output/coef_clay_mf.gph not found)
file /shared/boston_zoning/working_paper/replication_package/analysis/amenities_mtlines_output/coef_clay_mf.gph saved

.         
. * combine all graphs
. #delimit ;
delimiter now ;
.         graph combine `plot_list',
>                 rows(3) cols(2) ysize() xsize() iscale() imargin(0)
>                 graphregion(fc(white) lcolor(white))
>                 l1title("{bf:`l1_title'}", size(3) margin(t=0 b=0 l=0 r=1))
>                 b1title("`b1_title'", size(2))
>                 b2title("{bf:`b2_title'}", size(3) margin(t=1 b=0 l=0 r=0))
>                 name("graph_all", replace);
(note:  named style 0 not found in class margin, default attributes used)

.         graph save "graph_all" "$EXPORTPATH/`graph_title'", replace;
(file /shared/boston_zoning/working_paper/replication_package/analysis/amenities_mtlines_output/coef_clay_all.gph not found)
file /shared/boston_zoning/working_paper/replication_package/analysis/amenities_mtlines_output/coef_clay_all.gph saved

. #delimit cr     
delimiter now cr
. 
. eststo clear

. graph close _all

. 
. 
. ********************************************************************************
. *WALKABILITY VARIABLES
. ********************************************************************************
. ********************************************************************************
. ** National Walkability Index score
. ********************************************************************************
. ** regressions
. quietly eststo walk_du: reg natwalkind ib26.dist3 i.lam_seg i.year if year==2018 & (dist_both<=0.21 & dist_both>=-0.2 & only_du == 1 & res_typex !="Condominiums") , vce(cluster lam_seg)

. sum natwalkind if only_du == 1 & year==2018 & (dist_both<=0.02 & dist_both>0) & res_typex != "Condominiums" 

    Variable |        Obs        Mean    Std. dev.       Min        Max
-------------+---------------------------------------------------------
  natwalkind |      4,487    11.06797    4.040888        3.5   19.83333

. sum natwalkind if only_du == 1 & year==2018 & (dist_both<=0 & dist_both>-0.02) & res_typex != "Condominiums"

    Variable |        Obs        Mean    Std. dev.       Min        Max
-------------+---------------------------------------------------------
  natwalkind |      3,461    11.40041    4.177456          3   19.33333

.         
. quietly eststo walk_duhe: reg natwalkind ib26.dist3 i.lam_seg i.year if year==2018 & (dist_both<=0.21 & dist_both>=-0.2 & du_he == 1 & res_typex !="Condominiums") , vce(cluster lam_seg)

. sum natwalkind if du_he == 1 & year==2018 & (dist_both<=0.02 & dist_both>0) & res_typex != "Condominiums" 

    Variable |        Obs        Mean    Std. dev.       Min        Max
-------------+---------------------------------------------------------
  natwalkind |        565    15.01711    2.683678   5.833333   19.66667

. sum natwalkind if du_he == 1 & year==2018 & (dist_both<=0 & dist_both>-0.02) & res_typex != "Condominiums"

    Variable |        Obs        Mean    Std. dev.       Min        Max
-------------+---------------------------------------------------------
  natwalkind |        711    15.08533    2.895139   5.833333   19.66667

. 
. quietly eststo walk_mfdu: reg natwalkind ib26.dist3 i.lam_seg i.year if year==2018 & (dist_both<=0.21 & dist_both>=-0.2 & mf_du == 1 & res_typex !="Condominiums") , vce(cluster lam_seg)

. sum natwalkind if mf_du == 1 & year==2018 & (dist_both<=0.02 & dist_both>0) & res_typex != "Condominiums" 

    Variable |        Obs        Mean    Std. dev.       Min        Max
-------------+---------------------------------------------------------
  natwalkind |      1,983    12.88233    3.051984   3.833333   19.83333

. sum natwalkind if mf_du == 1 & year==2018 & (dist_both<=0 & dist_both>-0.02) & res_typex != "Condominiums"

    Variable |        Obs        Mean    Std. dev.       Min        Max
-------------+---------------------------------------------------------
  natwalkind |      1,979    12.72916    3.033859   3.833333   19.83333

. 
. quietly eststo walk_mf: reg natwalkind ib26.dist3 i.lam_seg i.year if year==2018 & (dist_both<=0.21 & dist_both>=-0.2 & only_mf== 1 & res_typex !="Condominiums") , vce(cluster lam_seg)

. sum natwalkind if only_mf == 1 & year==2018 & (dist_both<=0.02 & dist_both>0) & res_typex != "Condominiums" 

    Variable |        Obs        Mean    Std. dev.       Min        Max
-------------+---------------------------------------------------------
  natwalkind |        387    14.61886    2.389425   4.333333   18.83333

. sum natwalkind if only_mf == 1 & year==2018 & (dist_both<=0 & dist_both>-0.02) & res_typex != "Condominiums"

    Variable |        Obs        Mean    Std. dev.       Min        Max
-------------+---------------------------------------------------------
  natwalkind |        401    13.43766    3.098004   4.333333   19.83333

. 
. quietly eststo walk_mfhe: reg natwalkind ib26.dist3 i.lam_seg i.year if year==2018 & (dist_both<=0.21 & dist_both>=-0.2 & mf_he == 1 & res_typex !="Condominiums") , vce(cluster lam_seg)

. sum natwalkind if mf_he == 1 & year==2018 & (dist_both<=0.02 & dist_both>0) & res_typex != "Condominiums" 

    Variable |        Obs        Mean    Std. dev.       Min        Max
-------------+---------------------------------------------------------
  natwalkind |        119    12.14286    2.857762          7   17.66667

. sum natwalkind if mf_he == 1 & year==2018 & (dist_both<=0 & dist_both>-0.02) & res_typex != "Condominiums"

    Variable |        Obs        Mean    Std. dev.       Min        Max
-------------+---------------------------------------------------------
  natwalkind |        132    13.42677    1.777278        6.5   17.66667

. 
. quietly eststo walk_he: reg natwalkind ib26.dist3 i.lam_seg i.year if year==2018 & (dist_both<=0.21 & dist_both>=-0.2 & only_he == 1 & res_typex !="Condominiums") , vce(cluster lam_seg)

. sum natwalkind if only_he == 1 & year==2018 & (dist_both<=0.02 & dist_both>0) & res_typex != "Condominiums" 

    Variable |        Obs        Mean    Std. dev.       Min        Max
-------------+---------------------------------------------------------
  natwalkind |        300        12.7    3.752541   6.666667       19.5

. sum natwalkind if only_he == 1 & year==2018 & (dist_both<=0 & dist_both>-0.02) & res_typex != "Condominiums"

    Variable |        Obs        Mean    Std. dev.       Min        Max
-------------+---------------------------------------------------------
  natwalkind |        251    12.65139    3.932781   6.833333       18.5

. 
. esttab walk_du walk_duhe walk_mfdu walk_mf walk_mfhe walk_he, se r2 indicate("Boundary f.e.=*lam_seg" "Year f.e.=*year") interaction(" X ") ///
>         label mtitles("walk_du" "walk_duhe" "walk_mfdu" "walk_mf" "walk_mfhe" "walk_he") title("Walkability Index") 

Walkability Index
--------------------------------------------------------------------------------------------------------------------
                              (1)             (2)             (3)             (4)             (5)             (6)   
                          walk_du       walk_duhe       walk_mfdu         walk_mf       walk_mfhe         walk_he   
--------------------------------------------------------------------------------------------------------------------
-.2                        -0.333*         -1.474***       -0.443          -1.969**         0.582          -3.747*  
                          (0.150)         (0.292)         (0.246)         (0.711)         (0.363)         (1.477)   

-.18                       -0.223          -1.422***       -0.180          -0.392           0.402          -2.017   
                          (0.172)         (0.299)         (0.238)         (0.491)         (0.398)         (1.084)   

-.16                      -0.0673          -1.150***       -0.401*         -1.249           0.616          -2.779** 
                          (0.212)         (0.232)         (0.194)         (0.642)         (0.485)         (1.037)   

-.14                       -0.111          -0.983***       -0.317          -0.751**         1.184          -1.278*  
                          (0.138)         (0.178)         (0.200)         (0.274)         (0.638)         (0.606)   

-.12                       -0.167          -0.865***       -0.366*         -0.733*          0.456          -1.140   
                         (0.0985)         (0.191)         (0.158)         (0.283)         (0.359)         (0.610)   

-.1                        -0.240          -0.541          -0.465**        -0.955*          0.420          -3.108   
                          (0.147)         (0.280)         (0.160)         (0.423)         (0.409)         (1.946)   

-.08                       -0.126          -0.409*         -0.332*         -0.868**         0.453          -1.294** 
                          (0.127)         (0.158)         (0.160)         (0.315)         (0.396)         (0.468)   

-.06                     -0.00569          -0.492**        -0.276          -0.820**         0.286          -0.328   
                          (0.119)         (0.167)         (0.162)         (0.258)         (0.362)         (0.337)   

-.04                      -0.0343          -0.364*         -0.160          -0.649**         0.615          -0.561   
                         (0.0948)         (0.153)        (0.0970)         (0.202)         (0.395)         (0.320)   

-.02                       -0.125          -0.197          -0.176*         -0.925*          0.511          -0.313   
                         (0.0955)         (0.123)        (0.0807)         (0.400)         (0.382)         (0.172)   

0                               0               0               0               0               0               0   
                              (.)             (.)             (.)             (.)             (.)             (.)   

.02                         0.141          0.0819          -0.103          -0.156          -0.240          -0.338   
                         (0.0980)         (0.129)         (0.107)         (0.182)         (0.701)         (0.185)   

.04                         0.162*         0.0844          -0.195          0.0511          -0.878          -0.292   
                         (0.0780)         (0.183)         (0.126)         (0.158)         (0.872)         (0.230)   

.06                         0.253**        0.0769          0.0958           0.259          -0.622         -0.0594   
                         (0.0974)         (0.180)         (0.138)         (0.347)         (0.665)         (0.268)   

.08                         0.356**        -0.238           0.236           0.575          -0.251          0.0953   
                          (0.117)         (0.293)         (0.172)         (0.318)         (0.726)         (0.265)   

.1                          0.423**        -0.388           0.181          -0.218         -0.0608          0.0722   
                          (0.150)         (0.640)         (0.133)         (0.484)         (0.805)         (0.245)   

.12                         0.264          -0.924          0.0994           0.651           0.245         -0.0424   
                          (0.140)         (0.630)         (0.150)         (0.829)         (0.900)         (0.400)   

.14                         0.364*         -2.004**      -0.00508           0.684           0.127          -0.326   
                          (0.160)         (0.702)         (0.194)         (0.867)         (0.936)         (0.397)   

.16                         0.298          -2.184***     -0.00688          -0.475          0.0407          -0.373   
                          (0.156)         (0.553)         (0.246)         (0.664)         (0.752)         (0.579)   

.18                         0.477***       -0.895           0.163          -0.189          -0.202           0.105   
                          (0.136)         (0.538)         (0.282)         (0.277)         (0.789)         (0.251)   

.2                          0.325           3.350***        0.219          -1.432***       -1.045***        0.356   
                          (0.173)         (0.232)         (0.240)         (0.382)         (0.235)         (0.815)   

Constant                    6.770***        7.817***        4.776***        10.03***        5.931***        6.667***
                          (0.113)         (0.232)         (0.199)         (0.173)         (0.384)      (2.94e-12)   

Boundary f.e.                 Yes             Yes             Yes             Yes             Yes             Yes   

Year f.e.                     Yes             Yes             Yes             Yes             Yes             Yes   
--------------------------------------------------------------------------------------------------------------------
Observations                42702            4570           17184            2298             753            2593   
R-squared                   0.862           0.848           0.870           0.855           0.887           0.875   
--------------------------------------------------------------------------------------------------------------------
Standard errors in parentheses
* p<0.05, ** p<0.01, *** p<0.001

.         
. /* REStat Revision 03-27-2024 - allow for table - NC check
>         - keeping only the first coefficient on the more restrictive side of the 
>           boundary, check if correct bin kept */
.           
. esttab walk_du walk_duhe walk_mfdu walk_mf walk_mfhe walk_he using "$EXPORTPATH/amenities_table_walkability.tex", replace keep(25.dist3) ///
>         se r2 indicate("Boundary f.e.=*lam_seg" "Year f.e.=*year") interaction(" X ") ///
>         label mtitles("walk_du" "walk_duhe" "walk_mfdu" "walk_mf" "walk_mfhe" "walk_he") ///
>         title("Walkability Index") 
(file /shared/boston_zoning/working_paper/replication_package/analysis/amenities_mtlines_output/amenities_table_walkability.tex not found)
(output written to /shared/boston_zoning/working_paper/replication_package/analysis/amenities_mtlines_output/amenities_table_walkability.tex)

.         
. ** robust s.e.
. quietly eststo walk_du_r: reg natwalkind ib26.dist3 i.lam_seg i.year if year==2018 & (dist_both<=0.21 & dist_both>=-0.2 & only_du == 1 & res_typex !="Condominiums") , vce(robust)

.         
. quietly eststo walk_duhe_r: reg natwalkind ib26.dist3 i.lam_seg i.year if year==2018 & (dist_both<=0.21 & dist_both>=-0.2 & du_he == 1 & res_typex !="Condominiums") , vce(robust)

. 
. quietly eststo walk_mfdu_r: reg natwalkind ib26.dist3 i.lam_seg i.year if year==2018 & (dist_both<=0.21 & dist_both>=-0.2 & mf_du == 1 & res_typex !="Condominiums") , vce(robust)

. 
. quietly eststo walk_mf_r: reg natwalkind ib26.dist3 i.lam_seg i.year if year==2018 & (dist_both<=0.21 & dist_both>=-0.2 & only_mf== 1 & res_typex !="Condominiums") , vce(robust)

. 
. quietly eststo walk_mfhe_r: reg natwalkind ib26.dist3 i.lam_seg i.year if year==2018 & (dist_both<=0.21 & dist_both>=-0.2 & mf_he == 1 & res_typex !="Condominiums") , vce(robust)

. 
. quietly eststo walk_he_r: reg natwalkind ib26.dist3 i.lam_seg i.year if year==2018 & (dist_both<=0.21 & dist_both>=-0.2 & only_he == 1 & res_typex !="Condominiums") , vce(robust)

. 
. esttab walk_du_r walk_duhe_r walk_mfdu_r walk_mf_r walk_mfhe_r walk_he_r, se r2 indicate("Boundary f.e.=*lam_seg" "Year f.e.=*year") interaction(" X ") ///
>         label mtitles("walk_du" "walk_duhe" "walk_mfdu" "walk_mf" "walk_mfhe" "walk_he") title("Walkability Index, robust s.e.") 

Walkability Index, robust s.e.
--------------------------------------------------------------------------------------------------------------------
                              (1)             (2)             (3)             (4)             (5)             (6)   
                          walk_du       walk_duhe       walk_mfdu         walk_mf       walk_mfhe         walk_he   
--------------------------------------------------------------------------------------------------------------------
-.2                        -0.333***       -1.474***       -0.443***       -1.969***        0.582          -3.747***
                         (0.0628)         (0.199)        (0.0789)         (0.527)         (0.301)         (0.923)   

-.18                       -0.223***       -1.422***       -0.180*         -0.392           0.402*         -2.017** 
                         (0.0586)         (0.179)        (0.0849)         (0.316)         (0.170)         (0.662)   

-.16                      -0.0673          -1.150***       -0.401***       -1.249***        0.616***       -2.779***
                         (0.0637)         (0.153)        (0.0751)         (0.251)         (0.183)         (0.650)   

-.14                       -0.111*         -0.983***       -0.317***       -0.751***        1.184***       -1.278***
                         (0.0493)         (0.123)        (0.0768)         (0.170)         (0.270)         (0.299)   

-.12                       -0.167***       -0.865***       -0.366***       -0.733***        0.456*         -1.140***
                         (0.0429)         (0.123)        (0.0677)         (0.144)         (0.178)         (0.276)   

-.1                        -0.240***       -0.541***       -0.465***       -0.955***        0.420**        -3.108***
                         (0.0462)         (0.108)        (0.0592)         (0.187)         (0.161)         (0.379)   

-.08                       -0.126**        -0.409***       -0.332***       -0.868***        0.453**        -1.294***
                         (0.0426)        (0.0864)        (0.0546)         (0.121)         (0.156)         (0.166)   

-.06                     -0.00569          -0.492***       -0.276***       -0.820***        0.286          -0.328** 
                         (0.0371)        (0.0932)        (0.0486)         (0.128)         (0.153)         (0.123)   

-.04                      -0.0343          -0.364***       -0.160***       -0.649***        0.615**        -0.561***
                         (0.0346)        (0.0822)        (0.0444)        (0.0997)         (0.216)         (0.126)   

-.02                       -0.125***       -0.197*         -0.176***       -0.925***        0.511**        -0.313** 
                         (0.0336)        (0.0768)        (0.0374)         (0.106)         (0.163)         (0.102)   

0                               0               0               0               0               0               0   
                              (.)             (.)             (.)             (.)             (.)             (.)   

.02                         0.141***       0.0819          -0.103*         -0.156          -0.240          -0.338***
                         (0.0308)        (0.0849)        (0.0406)         (0.116)         (0.275)        (0.0938)   

.04                         0.162***       0.0844          -0.195***       0.0511          -0.878**        -0.292** 
                         (0.0331)        (0.0908)        (0.0479)         (0.128)         (0.266)        (0.0961)   

.06                         0.253***       0.0769          0.0958           0.259          -0.622**       -0.0594   
                         (0.0369)        (0.0981)        (0.0525)         (0.184)         (0.234)         (0.103)   

.08                         0.356***       -0.238           0.236***        0.575**        -0.251          0.0953   
                         (0.0400)         (0.162)        (0.0568)         (0.214)         (0.211)         (0.120)   

.1                          0.423***       -0.388*          0.181***       -0.218         -0.0608          0.0722   
                         (0.0463)         (0.196)        (0.0512)         (0.244)         (0.227)         (0.139)   

.12                         0.264***       -0.924***       0.0994           0.651*          0.245         -0.0424   
                         (0.0432)         (0.218)        (0.0680)         (0.300)         (0.279)         (0.172)   

.14                         0.364***       -2.004***     -0.00508           0.684           0.127          -0.326   
                         (0.0519)         (0.474)        (0.0723)         (0.401)         (0.260)         (0.196)   

.16                         0.298***       -2.184***     -0.00688          -0.475          0.0407          -0.373   
                         (0.0561)         (0.233)        (0.0958)         (0.272)         (0.235)         (0.212)   

.18                         0.477***       -0.895***        0.163          -0.189          -0.202           0.105   
                         (0.0589)         (0.175)         (0.104)         (0.124)         (0.234)         (0.194)   

.2                          0.325***        3.350***        0.219          -1.432***       -1.045           0.356   
                         (0.0919)         (0.153)         (0.145)         (0.223)         (0.589)         (0.384)   

Constant                    6.770***        7.817***        4.776***        10.03***        5.931***        6.667   
                         (0.0372)         (0.153)        (0.0595)         (0.281)         (0.197)             (.)   

Boundary f.e.                 Yes             Yes             Yes             Yes             Yes             Yes   

Year f.e.                     Yes             Yes             Yes             Yes             Yes             Yes   
--------------------------------------------------------------------------------------------------------------------
Observations                42702            4570           17184            2298             753            2593   
R-squared                   0.862           0.848           0.870           0.855           0.887           0.875   
--------------------------------------------------------------------------------------------------------------------
Standard errors in parentheses
* p<0.05, ** p<0.01, *** p<0.001

.         
. 
. ********************************************************************************
. ** Employment mix  (only tables)
. ********************************************************************************
. ** regressions
. quietly eststo empl_du: reg d2b_e8mixa ib26.dist3 i.lam_seg i.year if year==2018 & (dist_both<=0.21 & dist_both>=-0.2 & only_du == 1 & res_typex !="Condominiums") , vce(cluster lam_seg)

. sum d2b_e8mixa if only_du == 1 & year==2018 & (dist_both<=0.02 & dist_both>0) & res_typex != "Condominiums" 

    Variable |        Obs        Mean    Std. dev.       Min        Max
-------------+---------------------------------------------------------
  d2b_e8mixa |      4,487    .6059788    .1562228          0   .8946618

. sum d2b_e8mixa if only_du == 1 & year==2018 & (dist_both<=0 & dist_both>-0.02) & res_typex != "Condominiums"

    Variable |        Obs        Mean    Std. dev.       Min        Max
-------------+---------------------------------------------------------
  d2b_e8mixa |      3,461    .5902275    .1736291          0   .8946618

.         
. quietly eststo empl_duhe: reg d2b_e8mixa ib26.dist3 i.lam_seg i.year if year==2018 & (dist_both<=0.21 & dist_both>=-0.2 & du_he == 1 & res_typex !="Condominiums") , vce(cluster lam_seg)

. sum d2b_e8mixa if du_he == 1 & year==2018 & (dist_both<=0.02 & dist_both>0) & res_typex != "Condominiums" 

    Variable |        Obs        Mean    Std. dev.       Min        Max
-------------+---------------------------------------------------------
  d2b_e8mixa |        565    .5841964    .1935442          0   .8883368

. sum d2b_e8mixa if du_he == 1 & year==2018 & (dist_both<=0 & dist_both>-0.02) & res_typex != "Condominiums"

    Variable |        Obs        Mean    Std. dev.       Min        Max
-------------+---------------------------------------------------------
  d2b_e8mixa |        711    .6025855    .1827607          0   .8883368

. 
. quietly eststo empl_mfdu: reg d2b_e8mixa ib26.dist3 i.lam_seg i.year if year==2018 & (dist_both<=0.21 & dist_both>=-0.2 & mf_du == 1 & res_typex !="Condominiums") , vce(cluster lam_seg)

. sum d2b_e8mixa if mf_du == 1 & year==2018 & (dist_both<=0.02 & dist_both>0) & res_typex != "Condominiums" 

    Variable |        Obs        Mean    Std. dev.       Min        Max
-------------+---------------------------------------------------------
  d2b_e8mixa |      1,983     .567688    .1864341          0   .8981395

. sum d2b_e8mixa if mf_du == 1 & year==2018 & (dist_both<=0 & dist_both>-0.02) & res_typex != "Condominiums"

    Variable |        Obs        Mean    Std. dev.       Min        Max
-------------+---------------------------------------------------------
  d2b_e8mixa |      1,979    .5607867    .1827661          0   .8946618

. 
. quietly eststo empl_mf: reg d2b_e8mixa ib26.dist3 i.lam_seg i.year if year==2018 & (dist_both<=0.21 & dist_both>=-0.2 & only_mf== 1 & res_typex !="Condominiums") , vce(cluster lam_seg)

. sum d2b_e8mixa if only_mf == 1 & year==2018 & (dist_both<=0.02 & dist_both>0) & res_typex != "Condominiums" 

    Variable |        Obs        Mean    Std. dev.       Min        Max
-------------+---------------------------------------------------------
  d2b_e8mixa |        387    .5954894    .1454474   .1304145    .844253

. sum d2b_e8mixa if only_mf == 1 & year==2018 & (dist_both<=0 & dist_both>-0.02) & res_typex != "Condominiums"

    Variable |        Obs        Mean    Std. dev.       Min        Max
-------------+---------------------------------------------------------
  d2b_e8mixa |        401    .5602088    .1769066   .1304145    .804958

. 
. quietly eststo empl_mfhe: reg d2b_e8mixa ib26.dist3 i.lam_seg i.year if year==2018 & (dist_both<=0.21 & dist_both>=-0.2 & mf_he == 1 & res_typex !="Condominiums") , vce(cluster lam_seg)

. sum d2b_e8mixa if mf_he == 1 & year==2018 & (dist_both<=0.02 & dist_both>0) & res_typex != "Condominiums" 

    Variable |        Obs        Mean    Std. dev.       Min        Max
-------------+---------------------------------------------------------
  d2b_e8mixa |        119    .6196421     .170491   .1839751   .8431911

. sum d2b_e8mixa if mf_he == 1 & year==2018 & (dist_both<=0 & dist_both>-0.02) & res_typex != "Condominiums"

    Variable |        Obs        Mean    Std. dev.       Min        Max
-------------+---------------------------------------------------------
  d2b_e8mixa |        132    .5752225     .171218   .1839751   .8431911

. 
. quietly eststo empl_he: reg d2b_e8mixa ib26.dist3 i.lam_seg i.year if year==2018 & (dist_both<=0.21 & dist_both>=-0.2 & only_he == 1 & res_typex !="Condominiums") , vce(cluster lam_seg)

. sum d2b_e8mixa if only_he == 1 & year==2018 & (dist_both<=0.02 & dist_both>0) & res_typex != "Condominiums" 

    Variable |        Obs        Mean    Std. dev.       Min        Max
-------------+---------------------------------------------------------
  d2b_e8mixa |        300    .6533953    .1594647   .1766182   .8512692

. sum d2b_e8mixa if only_he == 1 & year==2018 & (dist_both<=0 & dist_both>-0.02) & res_typex != "Condominiums"

    Variable |        Obs        Mean    Std. dev.       Min        Max
-------------+---------------------------------------------------------
  d2b_e8mixa |        251    .6563165    .1369966   .2148357   .8431911

. 
. esttab empl_du empl_duhe empl_mfdu empl_mf empl_mfhe empl_he, se r2 indicate("Boundary f.e.=*lam_seg" "Year f.e.=*year") interaction(" X ") ///
>         label mtitles("empl_du" "empl_duhe" "empl_mfdu" "empl_mf" "empl_mfhe" "empl_he") title("Employment mix") 

Employment mix
--------------------------------------------------------------------------------------------------------------------
                              (1)             (2)             (3)             (4)             (5)             (6)   
                          empl_du       empl_duhe       empl_mfdu         empl_mf       empl_mfhe         empl_he   
--------------------------------------------------------------------------------------------------------------------
-.2                       -0.0103         -0.0789**       -0.0163         -0.0512**       -0.0267          -0.248** 
                         (0.0108)        (0.0267)        (0.0322)        (0.0180)        (0.0275)        (0.0796)   

-.18                      -0.0137         -0.0960*         0.0127         -0.0282         -0.0141          -0.126   
                         (0.0113)        (0.0425)        (0.0221)        (0.0146)        (0.0465)        (0.0729)   

-.16                     -0.00625         -0.0801         -0.0163         -0.0509***      -0.0732          -0.216***
                         (0.0123)        (0.0422)        (0.0136)        (0.0147)        (0.0584)        (0.0561)   

-.14                     -0.00251         -0.0560**       -0.0159         -0.0682**       -0.0155         0.00251   
                        (0.00802)        (0.0190)        (0.0132)        (0.0221)        (0.0757)        (0.0347)   

-.12                      0.00211         -0.0419*        -0.0126         -0.0414**       -0.0456         -0.0689   
                        (0.00814)        (0.0187)        (0.0131)        (0.0155)        (0.0465)        (0.0374)   

-.1                      -0.00239         -0.0165        -0.00932         -0.0382         -0.0565          -0.102*  
                        (0.00985)        (0.0345)        (0.0154)        (0.0258)        (0.0457)        (0.0471)   

-.08                     -0.00670         0.00905         -0.0132         -0.0213         -0.0733         -0.0752** 
                        (0.00882)        (0.0123)        (0.0110)        (0.0120)        (0.0474)        (0.0250)   

-.06                     -0.00460         -0.0106         -0.0127         -0.0226         -0.0468         -0.0328*  
                        (0.00817)        (0.0110)        (0.0124)        (0.0176)        (0.0396)        (0.0161)   

-.04                     -0.00447        -0.00735        -0.00176         -0.0238         -0.0197         -0.0340***
                        (0.00748)        (0.0112)       (0.00818)        (0.0152)        (0.0317)       (0.00972)   

-.02                     -0.00956         0.00234         0.00391         -0.0171         -0.0107         -0.0140   
                        (0.00924)        (0.0102)       (0.00796)        (0.0342)        (0.0366)        (0.0129)   

0                               0               0               0               0               0               0   
                              (.)             (.)             (.)             (.)             (.)             (.)   

.02                        0.0111*        0.00658        -0.00372        -0.00950         0.00345        -0.00396   
                        (0.00527)        (0.0155)       (0.00863)        (0.0126)        (0.0371)       (0.00857)   

.04                       0.00837         -0.0534         0.00127        -0.00733          0.0108         -0.0292   
                        (0.00513)        (0.0330)       (0.00865)        (0.0115)        (0.0439)        (0.0218)   

.06                        0.0116         -0.0496        -0.00509        -0.00425          0.0367         -0.0421*  
                        (0.00612)        (0.0331)        (0.0108)       (0.00983)        (0.0751)        (0.0178)   

.08                       0.00838         -0.0806*        0.00900        -0.00327          0.0949         -0.0473*  
                        (0.00845)        (0.0367)        (0.0143)        (0.0136)         (0.107)        (0.0196)   

.1                         0.0130         -0.0931         0.00703         -0.0896          0.0612         -0.0353   
                        (0.00764)        (0.0672)        (0.0103)        (0.0661)         (0.104)        (0.0270)   

.12                        0.0161          -0.124          0.0122         -0.0696          0.0555         -0.0348   
                        (0.00825)        (0.0827)        (0.0153)        (0.0786)         (0.123)        (0.0275)   

.14                        0.0195*         -0.223*        -0.0208         -0.0476          0.0918         -0.0109   
                        (0.00937)        (0.0949)        (0.0164)        (0.0751)         (0.135)        (0.0329)   

.16                        0.0130          -0.241**       -0.0231          -0.144          0.0621         0.00579   
                        (0.00974)        (0.0910)        (0.0146)         (0.102)         (0.104)        (0.0228)   

.18                        0.0117          -0.160*        -0.0199         -0.0482           0.145         -0.0445   
                         (0.0102)        (0.0683)        (0.0203)        (0.0321)         (0.111)        (0.0277)   

.2                         0.0171          -0.208***      -0.0357          -0.273***        0.194**      -0.00674   
                         (0.0128)        (0.0422)        (0.0205)        (0.0729)        (0.0578)        (0.0544)   

Constant                    0.704***        0.816***        0.574***        0.688***        0.827***        0.694***
                        (0.00744)        (0.0422)        (0.0138)       (0.00874)        (0.0455)      (9.81e-14)   

Boundary f.e.                 Yes             Yes             Yes             Yes             Yes             Yes   

Year f.e.                     Yes             Yes             Yes             Yes             Yes             Yes   
--------------------------------------------------------------------------------------------------------------------
Observations                42702            4570           17184            2298             753            2593   
R-squared                   0.674           0.647           0.749           0.723           0.813           0.637   
--------------------------------------------------------------------------------------------------------------------
Standard errors in parentheses
* p<0.05, ** p<0.01, *** p<0.001

.         
. /* REStat Revision 03-27-2024 - allow for table - NC check
>         - keeping only the first coefficient on the more restrictive side of the 
>           boundary, check if correct bin kept */
.           
. esttab empl_du empl_duhe empl_mfdu empl_mf empl_mfhe empl_he using "$EXPORTPATH/amenities_table_emplmix.tex", replace keep(25.dist3) ///
>         se r2 indicate("Boundary f.e.=*lam_seg" "Year f.e.=*year") interaction(" X ") ///
>         label mtitles("empl_du" "empl_duhe" "empl_mfdu" "empl_mf" "empl_mfhe" "empl_he") ///
>         title("Employment mix") 
(file /shared/boston_zoning/working_paper/replication_package/analysis/amenities_mtlines_output/amenities_table_emplmix.tex not found)
(output written to /shared/boston_zoning/working_paper/replication_package/analysis/amenities_mtlines_output/amenities_table_emplmix.tex)

.         
. ** robust s.e.
. quietly eststo empl_du_r: reg d2b_e8mixa ib26.dist3 i.lam_seg i.year if year==2018 & (dist_both<=0.21 & dist_both>=-0.2 & only_du == 1 & res_typex !="Condominiums") , vce(robust)

.         
. quietly eststo empl_duhe_r: reg d2b_e8mixa ib26.dist3 i.lam_seg i.year if year==2018 & (dist_both<=0.21 & dist_both>=-0.2 & du_he == 1 & res_typex !="Condominiums") , vce(robust)

. 
. quietly eststo empl_mfdu_r: reg d2b_e8mixa ib26.dist3 i.lam_seg i.year if year==2018 & (dist_both<=0.21 & dist_both>=-0.2 & mf_du == 1 & res_typex !="Condominiums") , vce(robust)

. 
. quietly eststo empl_mf_r: reg d2b_e8mixa ib26.dist3 i.lam_seg i.year if year==2018 & (dist_both<=0.21 & dist_both>=-0.2 & only_mf== 1 & res_typex !="Condominiums") , vce(robust)

. 
. quietly eststo empl_mfhe_r: reg d2b_e8mixa ib26.dist3 i.lam_seg i.year if year==2018 & (dist_both<=0.21 & dist_both>=-0.2 & mf_he == 1 & res_typex !="Condominiums") , vce(robust)

. 
. quietly eststo empl_he_r: reg d2b_e8mixa ib26.dist3 i.lam_seg i.year if year==2018 & (dist_both<=0.21 & dist_both>=-0.2 & only_he == 1 & res_typex !="Condominiums") , vce(robust)

. 
. esttab empl_du_r empl_duhe_r empl_mfdu_r empl_mf_r empl_mfhe_r empl_he_r, se r2 indicate("Boundary f.e.=*lam_seg" "Year f.e.=*year") interaction(" X ") ///
>         label mtitles("empl_du" "empl_duhe" "empl_mfdu" "empl_mf" "empl_mfhe" "empl_he") title("Employment mix, robust s.e.") 

Employment mix, robust s.e.
--------------------------------------------------------------------------------------------------------------------
                              (1)             (2)             (3)             (4)             (5)             (6)   
                          empl_du       empl_duhe       empl_mfdu         empl_mf       empl_mfhe         empl_he   
--------------------------------------------------------------------------------------------------------------------
-.2                       -0.0103*        -0.0789***      -0.0163*        -0.0512***      -0.0267          -0.248***
                        (0.00415)        (0.0216)       (0.00819)       (0.00885)        (0.0198)        (0.0679)   

-.18                      -0.0137***      -0.0960***       0.0127         -0.0282**       -0.0141          -0.126** 
                        (0.00398)        (0.0173)       (0.00710)       (0.00885)        (0.0159)        (0.0489)   

-.16                     -0.00625         -0.0801***      -0.0163*        -0.0509***      -0.0732*         -0.216*  
                        (0.00403)        (0.0215)       (0.00641)       (0.00780)        (0.0287)        (0.0857)   

-.14                     -0.00251         -0.0560***      -0.0159*        -0.0682***      -0.0155         0.00251   
                        (0.00329)        (0.0136)       (0.00624)        (0.0134)        (0.0295)        (0.0399)   

-.12                      0.00211         -0.0419***      -0.0126*        -0.0414***      -0.0456**       -0.0689** 
                        (0.00338)        (0.0119)       (0.00525)       (0.00959)        (0.0163)        (0.0236)   

-.1                      -0.00239         -0.0165        -0.00932         -0.0382*        -0.0565***       -0.102***
                        (0.00299)        (0.0112)       (0.00477)        (0.0156)        (0.0164)        (0.0134)   

-.08                     -0.00670*        0.00905         -0.0132***      -0.0213**       -0.0733***      -0.0752***
                        (0.00289)       (0.00820)       (0.00386)       (0.00820)        (0.0159)        (0.0124)   

-.06                     -0.00460         -0.0106         -0.0127***      -0.0226*        -0.0468***      -0.0328***
                        (0.00245)       (0.00788)       (0.00380)       (0.00926)        (0.0134)       (0.00837)   

-.04                     -0.00447        -0.00735        -0.00176         -0.0238**       -0.0197         -0.0340***
                        (0.00237)       (0.00789)       (0.00342)       (0.00754)        (0.0108)       (0.00991)   

-.02                     -0.00956***      0.00234         0.00391         -0.0171*        -0.0107         -0.0140   
                        (0.00226)       (0.00767)       (0.00289)       (0.00692)        (0.0139)       (0.00913)   

0                               0               0               0               0               0               0   
                              (.)             (.)             (.)             (.)             (.)             (.)   

.02                        0.0111***      0.00658        -0.00372        -0.00950         0.00345        -0.00396   
                        (0.00193)       (0.00890)       (0.00294)       (0.00609)       (0.00974)       (0.00937)   

.04                       0.00837***      -0.0534***      0.00127        -0.00733          0.0108         -0.0292** 
                        (0.00208)        (0.0116)       (0.00326)       (0.00703)        (0.0113)       (0.00941)   

.06                        0.0116***      -0.0496***     -0.00509        -0.00425          0.0367         -0.0421***
                        (0.00222)        (0.0131)       (0.00407)       (0.00855)        (0.0245)        (0.0102)   

.08                       0.00838***      -0.0806***      0.00900*       -0.00327          0.0949***      -0.0473***
                        (0.00243)        (0.0172)       (0.00412)        (0.0101)        (0.0217)        (0.0111)   

.1                         0.0130***      -0.0931***      0.00703         -0.0896***       0.0612**       -0.0353** 
                        (0.00259)        (0.0199)       (0.00392)        (0.0219)        (0.0233)        (0.0136)   

.12                        0.0161***       -0.124***       0.0122*        -0.0696**        0.0555         -0.0348*  
                        (0.00254)        (0.0271)       (0.00486)        (0.0222)        (0.0320)        (0.0137)   

.14                        0.0195***       -0.223***      -0.0208***      -0.0476          0.0918**       -0.0109   
                        (0.00287)        (0.0553)       (0.00512)        (0.0295)        (0.0314)        (0.0175)   

.16                        0.0130***       -0.241***      -0.0231***       -0.144***       0.0621*        0.00579   
                        (0.00317)        (0.0325)       (0.00611)        (0.0290)        (0.0285)        (0.0185)   

.18                        0.0117***       -0.160***      -0.0199**       -0.0482***        0.145***      -0.0445*  
                        (0.00349)        (0.0313)       (0.00690)       (0.00877)        (0.0293)        (0.0183)   

.2                         0.0171**        -0.208***      -0.0357***       -0.273***        0.194***     -0.00674   
                        (0.00524)        (0.0215)       (0.00932)        (0.0395)        (0.0456)        (0.0280)   

Constant                    0.704***        0.816***        0.574***        0.688***        0.827***        0.694***
                        (0.00243)        (0.0215)       (0.00758)       (0.00603)        (0.0168)      (4.84e-08)   

Boundary f.e.                 Yes             Yes             Yes             Yes             Yes             Yes   

Year f.e.                     Yes             Yes             Yes             Yes             Yes             Yes   
--------------------------------------------------------------------------------------------------------------------
Observations                42702            4570           17184            2298             753            2593   
R-squared                   0.674           0.647           0.749           0.723           0.813           0.637   
--------------------------------------------------------------------------------------------------------------------
Standard errors in parentheses
* p<0.05, ** p<0.01, *** p<0.001

. 
. log close
      name:  <unnamed>
       log:  /shared/boston_zoning/working_paper/replication_package/analysis/amenities_mtlines_output/amenities_mtlines_log_2025-04-18.log
  log type:  text
 closed on:  18 Apr 2025, 11:58:19
---------------------------------------------------------------------------------------------------------------------------------------------------------------------------------------------------------------------------------------------------------------
