unique_id,ch40b_id,ch40b_address,ch40b_city,state_fip,county_fip,census_tract,block_group,ch40b_lon,ch40b_lat,SHIUnits,CompPermit,ch40b_source,YrEnd,OwnorRent,SubsidizingAgency,DateCompPermitIssued,MUNI
3212,"9576","263 GREAT RD","ACTON","25","17","363105","2011",-71.41634000000001,42.494087,"7","YES","comp permits sheet","Perp","Mix","DHCD"," 7/18/2012","ACTON"
3029,"9078","5 DRUMMER RD","ACTON","25","17","363104","3000",-71.43371,42.451523,"1","NO","non-40b Local Action Units","Perp","Rental","DHCD","","ACTON"
392,"10490","363 GREAT RD","ACTON","25","17","363106","1006",-71.42077,42.50616,"8","YES","comp permits sheet","Perp","Ownership","DHCD"," 8/10/2020","ACTON"
3312,"9758","6 POST OFFICE SQ","ACTON","25","17","363104","2005",-71.4267,42.490368,"3","YES","comp permits sheet","Perp","Ownership","DHCD"," 5/16/2014","ACTON"
2751,"7684"," 555 GREAT ROAD REAR","ACTON","25","17","363106","1010",-71.43143000000001,42.518295,"296","YES","","Perp","Rental","MassDevelopment","12/20/2005","ACTON"
3037,"9092","12 WAMPUS AVE","ACTON","25","17","363106","1006",-71.41895,42.50364,"2","NO","non-40b Local Action Units","Perp","Rental","DHCD","","ACTON"
3473,"9994","248 HIGH ST","ACTON","25","17","363104","3000",-71.43591000000001,42.4453,"2","YES","comp permits sheet","Perp","Ownership","DHCD"," 8/11/2016","ACTON"
3033,"9091","737 MAIN ST","ACTON","25","17","363105","2009",-71.413605,42.50838,"2","YES","comp permits sheet","Perp","Ownership","DHCD"," 3/21/2007","ACTON"
387,"10489","12 POWDER MILL RD","ACTON","25","17","363104","3022",-71.43414,42.439075,"230","YES","comp permits sheet","Perp","Rental","DHCD"," 8/10/2020","ACTON"
686,"14","SACHEM WAY","ACTON","","","","",-71.4249365315944,42.5150098835647,"12","Yes","","Perp","Rental","DHCD","","ACTON"
2753,"7684"," 80 NAGOG PARK","ACTON","25","17","363106","2010",-71.4316,42.52526,"296","YES","","Perp","Rental","MassDevelopment","12/20/2005","ACTON"
1410,"25","246 MAIN ST","ACTON","25","17","363202","2001",-71.45466,42.47284,"3","Yes","comp permits sheet","2101","Ownership","FHLBB","11/19/2002","ACTON"
1411,"25","248 MAIN ST","ACTON","25","17","363202","2001",-71.45455,42.473103,"3","Yes","comp permits sheet","2101","Ownership","FHLBB","11/19/2002","ACTON"
2093,"3685","10 DEVON DR","ACTON","25","17","363106","2006",-71.40546999999999,42.51905,"3","No","non-40b Local Action Units","Perp","Rental","DHCD","","ACTON"
87,"10079","31-45 MARTIN ST","ACTON","25","17","363201","3005",-71.46229,42.4603,"7","YES","","Perp","Ownership","MassHousing"," 3/28/2017","ACTON"
873,"17","4 JENNIFER PATH","ACTON","25","17","363106","1000",-71.42394,42.51366,"4","No","non-40b Local Action Units","Perp","Mix","DHCD","","ACTON"
1,"10","68 WINDSOR AVE","ACTON","25","17","363201","1006",-71.47353,42.47222,"68","Yes","","Perp","Rental","DHCD","","ACTON"
3089,"9281","99 PARKER ST","ACTON","25","17","363104","3004",-71.43564600000001,42.45523,"2","YES","comp permits sheet","Perp","Ownership","DHCD"," 9/10/2010","ACTON"
261,"10284","184 MAIN ST","ACTON","25","17","363202","2009",-71.45649,42.465443,"0","YES","comp permits sheet","Perp","Ownership","DHCD"," 7/27/2018","ACTON"
3191,"9533","3 CHARTER RD","ACTON","25","17","363202","1006",-71.45601000000001,42.48056,"15","YES","","Perp","Rental","MHP","10/23/2008","ACTON"
2750,"7684"," 553 GREAT ROAD REAR","ACTON","25","17","363106","1010",-71.43138999999999,42.518253,"296","YES","","Perp","Rental","MassDevelopment","12/20/2005","ACTON"
279,"10307","1000 AVALON DR","ACTON","","","","",-71.4245694230069,42.5251390060557,"86","YES","","Perp","Rental","DHCD","  4/9/2019","ACTON"
2886,"8658","214 CENTRAL ST","ACTON","25","17","363201","1019",-71.47489,42.472755,"3","YES","comp permits sheet","Perp","Mix","DHCD"," 12/5/2006","ACTON"
2754,"7684","551 GREAT ROAD REAR","ACTON","25","17","363106","1010",-71.43136,42.51821,"296","YES","","Perp","Rental","MassDevelopment","12/20/2005","ACTON"
2884,"8656","139 PROSPECT ST","ACTON","25","17","363202","2001",-71.45887999999999,42.472816,"3","YES","comp permits sheet","Perp","Ownership","DHCD"," 10/4/2006","ACTON"
3196,"9543","15-26 SACHEM WAY","ACTON","25","17","363106","1000",-71.42570000000001,42.51441,"12","YES","","Perp","Rental","DHCD","10/12/2010","ACTON"
389,"10489","4 POWDER MILL RD","ACTON","25","17","363104","3022",-71.4348,42.438927,"230","YES","comp permits sheet","Perp","Rental","DHCD"," 8/10/2020","ACTON"
2698,"7161","68 RIVER ST","ACTON","25","17","363104","1035",-71.446495,42.46026,"2","Yes","comp permits sheet","Perp","Ownership","DHCD","12/22/2004","ACTON"
3034,"9091","741 MAIN ST","ACTON","25","17","363105","2009",-71.41356,42.5089,"2","YES","comp permits sheet","Perp","Ownership","DHCD"," 3/21/2007","ACTON"
3068,"9192","442 MASSACHUSETTS AVE","ACTON","25","17","363202","2001",-71.45663999999999,42.475117,"3","YES","comp permits sheet","Perp","Mix","DHCD","12/19/2008","ACTON"
2752,"7684"," 557 GREAT ROAD REAR","ACTON","25","17","363106","1010",-71.431465,42.518337,"296","YES","","Perp","Rental","MassDevelopment","12/20/2005","ACTON"
391,"10490","361 GREAT RD","ACTON","25","17","363106","1006",-71.42077,42.506077,"8","YES","comp permits sheet","Perp","Ownership","DHCD"," 8/10/2020","ACTON"
3035,"9092","10 WAMPUS AVE","ACTON","25","17","363106","1006",-71.419106,42.503708,"2","NO","non-40b Local Action Units","Perp","Rental","DHCD","","ACTON"
2887,"8658","28 WILLOW ST","ACTON","25","17","363201","1019",-71.476006,42.471806,"3","YES","comp permits sheet","Perp","Mix","DHCD"," 12/5/2006","ACTON"
190,"10228","146 PROSPECT ST","ACTON","25","17","363202","2002",-71.458984,42.473312,"1","YES","comp permits sheet","Perp","Ownership","DHCD"," 6/14/2018","ACTON"
3036,"9092","11 WAMPUS AVE","ACTON","25","17","363106","1006",-71.419624,42.503925,"2","NO","non-40b Local Action Units","Perp","Rental","DHCD","","ACTON"
499,"11","27 CONCORD RD","ACTON","25","17","363104","4002",-71.4311,42.48382,"12","No","","Perp","Rental","DHCD","","ACTON"
388,"10489","2 POWDER MILL RD","ACTON","25","17","363104","3022",-71.43497000000001,42.438892,"230","YES","comp permits sheet","Perp","Rental","DHCD"," 8/10/2020","ACTON"
2885,"8657","159 PROSPECT ST","ACTON","25","17","363202","2001",-71.45908,42.47361,"2","YES","comp permits sheet","Perp","Ownership","DHCD"," 9/13/2006","ACTON"
1409,"25","244 MAIN ST","ACTON","25","17","363202","2001",-71.45475999999999,42.472572,"3","Yes","comp permits sheet","2101","Ownership","FHLBB","11/19/2002","ACTON"
514,"111","DRAKE RD","ARLINGTON","","","","",-71.1895260029162,42.4262680724749,"72","No","","Perp","Rental","DHCD","","ARLINGTON"
3198,"9545"," 258 MASSACHUSETTS AVE","ARLINGTON","","","","",-71.1450754623655,42.4075232043467,"32","NO","","Perp","Rental","MassHousing","","ARLINGTON"
3200,"9545","252 MASSACHUSETTS AVE","ARLINGTON","","","","",-71.1450754623655,42.4075232043467,"32","NO","","Perp","Rental","DHCD","","ARLINGTON"
542,"113","4 WINSLOW ST","ARLINGTON","25","17","356703","1019",-71.15251000000001,42.41659,"136","No","","Perp","Rental","DHCD","","ARLINGTON"
563,"116","17 MILL ST","ARLINGTON","25","17","356703","1008",-71.15777,42.41732,"146","No","","2032*","Rental","HUD","","ARLINGTON"
431,"10553","483 SUMMER ST","ARLINGTON","25","17","356601","5001",-71.17413999999999,42.427578,"1","NO","non-40b Local Action Units","Perp","Rental","DHCD","","ARLINGTON"
492,"109","54 MEDFORD ST","ARLINGTON","25","17","356400","2017",-71.146614,42.417862,"100","No","","Perp","Rental","DHCD","","ARLINGTON"
3264,"9660","30 MILL ST","ARLINGTON","25","17","356704","4001",-71.157684,42.41785,"17","NO","non-40b Local Action Units","Perp","Rental","DHCD","","ARLINGTON"
3073,"9197","34 FOREST ST","ARLINGTON","25","17","356602","1008",-71.17527,42.424633,"10","NO","","2059","Rental","MHP","","ARLINGTON"
569,"117","12 RUSSELL TR","ARLINGTON","","","","",-71.153351186709,42.4174081951734,"22","No","","2029","Rental","DHCD","","ARLINGTON"
3072,"9197"," 13 PIERCE ST","ARLINGTON","25","17","356602","1008",-71.175766,42.42422,"10","NO","","2059","Rental","HUD","","ARLINGTON"
541,"112","37 DRAKE RD","ARLINGTON","25","17","356500","3017",-71.19018,42.4268,"144","No","","Perp","Rental","DHCD","","ARLINGTON"
460,"106","FREMONT/GARDNER","ARLINGTON","","","","",-71.1350102952788,42.4109926016271,"126","No","","Perp","Rental","DHCD","","ARLINGTON"
2821,"7948","40 BRATTLE ST","ARLINGTON","25","17","356601","5015",-71.16874,42.421875,"4","YES","comp permits sheet","2056","Ownership","MassHousing"," 3/31/2006","ARLINGTON"
2097,"3689","* RUSSEL PL","ARLINGTON","","","","",,,"7","No","non-40b Local Action Units","Perp","Ownership","DHCD","","ARLINGTON"
2662,"7019","264 MASSACHUSETTS AVE","ARLINGTON","","","","",,,"4","No","non-40b Local Action Units","2104","Ownership","DHCD","","ARLINGTON"
2822,"7949","1016 MASS AVE","ARLINGTON","25","17","356601","1001",-71.16895,42.41989,"18","NO","","2056","Rental","MHP","","ARLINGTON"
2956,"8814","4105 SUMMES CIR","ARLINGTON","25","17","356400","8007",-71.16225,42.423717,"26","NO","non-40b Local Action Units","Perp","Rental","DHCD","","ARLINGTON"
468,"107","FREMONT/GARDNER/MEMORIAL/SUNNYSIDE AV","ARLINGTON","","","","",-71.1334721381869,42.4108977101665,"50","No","","Perp","Rental","DHCD","","ARLINGTON"
500,"110","8 SUMMER ST","ARLINGTON","25","17","356703","1000",-71.15224000000001,42.41949,"67","No","","Perp","Rental","DHCD","","ARLINGTON"
3199,"9545"," 260 MASSACHUSETTS AVE","ARLINGTON","","","","",-71.1450754623655,42.4075232043467,"32","NO","","Perp","Rental","MassHousing","","ARLINGTON"
3201,"9545","252, 258-260 MASS AVE","ARLINGTON","","","","",-71.1450754623655,42.4075232043467,"32","NO","","Perp","Rental","DHCD","","ARLINGTON"
3071,"9197"," 11 PIERCE ST","ARLINGTON","25","17","356602","1008",-71.175674,42.424217,"10","NO","","2059","Rental","HUD","","ARLINGTON"
560,"115","110 BROADWAY","ARLINGTON","25","17","356701","2001",-71.14017,42.41003,"5","No","","2037","Rental","HUD","","ARLINGTON"
3074,"9197","34 FOREST ST/11-13 PIERCE ST","ARLINGTON","25","17","356602","1008",-71.17527,42.424633,"10","NO","","2059","Rental","MHP","","ARLINGTON"
545,"114","998 MASS AVE","ARLINGTON","25","17","356704","1000",-71.16846,42.419636,"13","No","","Perp","Rental","DHCD","","ARLINGTON"
3428,"9919","20 WESTMINSTER AVE","ARLINGTON","25","17","356500","3012",-71.1824,42.426323,"9","YES","","Perp","Rental","MassHousing"," 3/14/2016","ARLINGTON"
607,"124","177 OLIVE ST","ASHLAND","25","17","385201","1028",-71.48052,42.234962,"4","No","","2026","Rental","EOHHS","","ASHLAND"
597,"121","59 PARK RD","ASHLAND","25","17","385102","2014",-71.46725499999999,42.259323,"40","No","","Perp","Rental","DHCD","","ASHLAND"
161,"10195","1 CAMPANELLI DR","ASHLAND","","","","",-71.0254008272603,42.2023053807178,"40","NO","","Perp","Rental","DHCD","","ASHLAND"
118,"10140","* AMERICA BLVD","ASHLAND","","","","",,,"8","NO","non-40b Local Action Units","Perp","Ownership","DHCD","","ASHLAND"
604,"123","119 MAIN ST","ASHLAND","25","17","385102","2013",-71.46516,42.26065,"66","No","","2022*","Rental","HUD","","ASHLAND"
7,"10006","277 WEST UNION ST","ASHLAND","25","17","385101","1022",-71.48312,42.242714,"60","YES","comp permits sheet","Perp","Rental","MassHousing"," 7/19/2007","ASHLAND"
3019,"9051","INDEPENDENCE LN","ASHLAND","","","","",-71.5012227149338,42.2776380533943,"64","YES","","Perp","Rental","MassHousing","  4/8/2008","ASHLAND"
600,"122","UNION & METROPOLITAN AVES","ASHLAND","","","","",-71.46549045613359,42.2557217430356,"96","No","","05/01/24","Rental","MassHousing","","ASHLAND"
3475,"9997","133 WEST UNION ST","ASHLAND","25","17","385101","1004",-71.47498,42.24712,"0","YES","","Perp","Rental","MassHousing","10/13/2016","ASHLAND"
2256,"3977","234 HARTWELL RD","BEDFORD","25","17","359303","5004",-71.29935500000001,42.48248,"14","Yes","comp permits sheet","Perp","Mix","DHCD","  6/5/2002","BEDFORD"
3181,"9507","180 HARTWELL RD","BEDFORD","25","17","359303","5010",-71.29568999999999,42.478428,"12","NO","non-40b Local Action Units","Perp","Ownership","DHCD","","BEDFORD"
329,"10379","33 PINE HILL RD","BEDFORD","25","17","359303","4020",-71.27647,42.49986,"4","NO","non-40b Local Action Units","Perp","Ownership","DHCD","","BEDFORD"
2254,"3975","200 SPRINGS RD","BEDFORD","","","","",,,"60","No","","2057","Rental","DHCD","","BEDFORD"
294,"10327","56 EVERGREEN AVE","BEDFORD","25","17","359303","2002",-71.26654000000001,42.47763,"3","NO","non-40b Local Action Units","Perp","Ownership","DHCD","","BEDFORD"
1472,"261","455 OLD BILLERICA RD","BEDFORD","25","17","359100","1001",-71.25856,42.521072,"4","No","","2027","Rental","DHCD","","BEDFORD"
3116,"9377","447 CONCORD RD","BEDFORD","25","17","359303","5006",-71.31607,42.47783,"14","NO","","Perp","Rental","MHP"," 1/26/2007","BEDFORD"
1444,"256","20 RAILROAD AVE","BEDFORD","25","17","359303","1018",-71.28156,42.485725,"8","No","","Perp","Rental","DHCD","","BEDFORD"
331,"10379","37 PINE HILL RD","BEDFORD","25","17","359303","4020",-71.2766,42.499977,"4","NO","non-40b Local Action Units","Perp","Ownership","DHCD","","BEDFORD"
2729,"7565","48 MIDDLESEX TURNPIKE","BEDFORD","25","17","359303","4018",-71.28119,42.49829,"164","Yes","","Perp","Rental","MassDevelopment","  8/9/2005","BEDFORD"
2255,"3976","57 CONCORD RD","BEDFORD","25","17","359303","3000",-71.28944,42.4927,"139","Yes","","Perp","Rental","MassHousing"," 1/10/2002","BEDFORD"
2613,"6665","373 NORTH RD","BEDFORD","25","17","359303","4012",-71.28509,42.516495,"2","Yes","comp permits sheet","Perp","Ownership","DHCD"," 12/3/2004","BEDFORD"
3381,"9849","54 LOOMIS ST","BEDFORD","25","17","359100","5014",-71.27543,42.487114,"2","NO","non-40b Local Action Units","perp","Ownership","DHCD","","BEDFORD"
3117,"9378","130 NORTH ST","BEDFORD","25","17","359303","4007",-71.28435500000001,42.501556,"8","YES","comp permits sheet","Perp","Ownership","DHCD"," 12/3/2007","BEDFORD"
2259,"3979","18 SPRING RD","BEDFORD","25","17","359303","1009",-71.27888,42.49212,"10","Yes","comp permits sheet","Perp","Rental","DHCD","12/18/2003","BEDFORD"
178,"10214","162 SOUTH RD","BEDFORD","25","17","359303","2001",-71.27486,42.483395,"1","NO","non-40b Local Action Units","Perp","Ownership","DHCD","","BEDFORD"
1456,"259","12 DUNSTER RD","BEDFORD","25","17","359100","5002",-71.26989,42.494522,"96","Yes","","Perp","Rental","DHCD","","BEDFORD"
2955,"8813","1000 TAYLOR POND LN","BEDFORD","25","17","359100","1007",-71.23958,42.513958,"200","NO","non-40b Local Action Units","Perp","Rental","LIP","","BEDFORD"
2454,"5312","100 ALBION RD","BEDFORD","","","","",,,"8","Yes","","Perp","Ownership","MassHousing","  9/9/2004","BEDFORD"
332,"10379","39 PINE HILL RD","BEDFORD","25","17","359303","4020",-71.27682,42.50017,"4","NO","non-40b Local Action Units","Perp","Ownership","DHCD","","BEDFORD"
2257,"3977","268 CONCORD RD","BEDFORD","25","17","359303","3020",-71.30222999999999,42.483303,"14","Yes","comp permits sheet","Perp","Mix","DHCD","  6/5/2002","BEDFORD"
330,"10379","35 PINE HILL RD","BEDFORD","25","17","359303","4020",-71.27652999999999,42.499912,"4","NO","non-40b Local Action Units","Perp","Ownership","DHCD","","BEDFORD"
1530,"271","8 DEPOT CT","BELLINGHAM","25","21","443105","1014",-71.478745,42.08908,"64","No","","Perp","Rental","DHCD","","BELLINGHAM"
383,"10486","161 MECHANIC ST","BELLINGHAM","25","21","443104","1001",-71.46109,42.081898,"250","YES","comp permits sheet","perp","Rental","DHCD","  9/4/2020","BELLINGHAM"
1537,"272","10 WRENTHAM MANOR","BELLINGHAM","25","21","443103","3023",-71.48264,42.024536,"56","No","","Perp","Rental","DHCD","","BELLINGHAM"
2360,"4689","151 NORTH MAIN ST","BELLINGHAM","25","21","443106","2001",-71.473015,42.10229,"285","Yes","comp permits sheet","Perp","Rental","FHLBB"," 11/6/2003","BELLINGHAM"
1549,"275","* CARRYVILLE XING","BELLINGHAM","","","","",,,"10","No","non-40b Local Action Units","Perp","Ownership","DHCD","","BELLINGHAM"
384,"10486","165 MECHANIC ST","BELLINGHAM","25","21","443104","1001",-71.46088,42.08194,"250","YES","comp permits sheet","perp","Rental","DHCD","  9/4/2020","BELLINGHAM"
385,"10486","175 MECHANIC ST","BELLINGHAM","25","21","443104","1001",-71.46034,42.08204,"250","YES","comp permits sheet","perp","Rental","DHCD","  9/4/2020","BELLINGHAM"
3259,"9646","* TAFT DR","BELLINGHAM","","","","",,,"5","YES","comp permits sheet","Perp","Ownership","DHCD"," 6/14/2013","BELLINGHAM"
3130,"9410","4 OLMSTEAD DR","BELMONT","25","17","357700","1023",-71.19334000000001,42.38949,"40","NO","","2106*","Rental","DHCD","","BELMONT"
3129,"9410","2 OLMSTEAD DR","BELMONT","25","17","357700","1023",-71.19331,42.38948,"40","NO","","2106*","Rental","DHCD","","BELMONT"
3132,"9410","8 OLMSTEAD DR","BELMONT","25","17","357700","1023",-71.193375,42.3895,"40","NO","","2106*","Rental","DHCD","","BELMONT"
1566,"278","59 PEARSON RD","BELMONT","25","17","357800","4004",-71.18127,42.392467,"100","No","","Perp","Rental","DHCD","","BELMONT"
3131,"9410","6 OLMSTEAD DR","BELMONT","25","17","357700","1023",-71.19335,42.389492,"40","NO","","2106*","Rental","DHCD","","BELMONT"
1587,"280","637 TRAPELO RD","BELMONT","25","17","357700","1023",-71.194565,42.389557,"74","No","","Perp","Rental","DHCD","","BELMONT"
3128,"9410","10 OLMSTEAD DR","BELMONT","25","17","357700","1023",-71.19338999999999,42.389503,"40","NO","","2106*","Rental","DHCD","","BELMONT"
1603,"281","104 CLARK LN","BELMONT","25","17","357800","4004",-71.179855,42.393726,"8","No","","Perp","Rental","DHCD","","BELMONT"
1578,"279","131 SYCAMORE ST","BELMONT","25","17","357700","2005",-71.19266500000001,42.38543,"80","No","","Perp","Rental","DHCD","","BELMONT"
3443,"9945","ONE ACORN PARK DR","BELMONT","","","","",-71.1552023813684,42.399616025092,"298","YES","","Perp","Rental","MassHousing"," 2/16/2007","BELMONT"
317,"10366","131 RANTOUL ST","BEVERLY","25","9","217401","3007",-70.88448,42.546284,"9","NO","non-40b Local Action Units","Perp","Rental","DHCD","","BEVERLY"
319,"10367","201 RANTOUL ST","BEVERLY","25","9","217401","2004",-70.88394,42.548244,"13","","","Perp","Rental","DHCD","","BEVERLY"
1765,"310","14 COUNTY WAY","BEVERLY","25","9","217201","2018",-70.90073,42.552746,"5","No","","2033","Rental","HUD","","BEVERLY"
2809,"7919","45 RANTOUL ST","BEVERLY","25","9","217402","2003",-70.88500999999999,42.543674,"3","NO","non-40b Local Action Units","perp","Ownership","DHCD","","BEVERLY"
1777,"312","221 CABOT ST","BEVERLY","25","9","217500","4009",-70.878456,42.5487,"67","No","","Perp","Rental","HUD","","BEVERLY"
1766,"310","42 BRIDGE; 14 COUNTY WAY","BEVERLY","25","9","217202","3005",-70.891655,42.55005,"5","No","","2033","Rental","HUD","","BEVERLY"
2824,"7953","325 CABOT ST","BEVERLY","25","9","217500","5022",-70.87846,42.554333,"34","NO","","2036","Rental","HUD","","BEVERLY"
1702,"298","137 BRIDGE ST","BEVERLY","25","9","217201","2018",-70.90187,42.552036,"8","No","","Perp","Rental","DHCD","","BEVERLY"
3360,"9829","130 CABOT ST","BEVERLY","25","9","217401","3003",-70.879616,42.546688,"2","NO","non-40b Local Action Units","Perp","Rental","DHCD","","BEVERLY"
322,"10367","207 RANTOUL ST","BEVERLY","25","9","217401","2004",-70.88387,42.548523,"13","","","Perp","Rental","DHCD","","BEVERLY"
32,"10026","131 MCKAY ST","BEVERLY","25","9","217300","1002",-70.89388,42.5647,"4","NO","non-40b Local Action Units","Perp","Rental","DHCD","","BEVERLY"
1633,"287","20 SOHIER RD","BEVERLY","25","9","217300","5007",-70.879814,42.55939,"100","No","","Perp","Rental","HUD","","BEVERLY"
1687,"296","66 HERRICK ST","BEVERLY","25","9","217101","2002",-70.87844,42.56394,"20","No","","Perp","Rental","DHCD","","BEVERLY"
3242,"9627","374 RANTOUL ST","BEVERLY","25","9","217300","3019",-70.88239,42.55288,"5","NO","non-40b Local Action Units","Perp","Rental","DHCD","","BEVERLY"
1772,"311","401 ESSEX ST","BEVERLY","25","9","217601","2001",-70.855934,42.573254,"110","Yes","","Perp","Rental","HUD","","BEVERLY"
324,"10367","211 RANTOUL ST","BEVERLY","25","9","217401","2004",-70.88383,42.548706,"13","","","Perp","Rental","DHCD","","BEVERLY"
1760,"309","99-105 RANTOUL ST","BEVERLY","25","9","217402","2000",-70.88479599999999,42.545002,"98","Yes","","Perp","Rental","MassHousing","","BEVERLY"
323,"10367","209 RANTOUL ST","BEVERLY","25","9","217401","2004",-70.88385,42.548615,"13","","","Perp","Rental","DHCD","","BEVERLY"
1728,"304","8-10 DODGE ST","BEVERLY","25","9","217102","2005",-70.890884,42.577076,"4","No","","Perp","Ownership","DHCD","","BEVERLY"
318,"10367","199 RANTOUL ST","BEVERLY","25","9","217401","2005",-70.88397000000001,42.548134,"13","","","Perp","Rental","DHCD","","BEVERLY"
1680,"295","22 FEDERAL ST","BEVERLY","25","9","217401","2001",-70.88070999999999,42.549576,"57","No","","Perp","Rental","DHCD","","BEVERLY"
1737,"306","1 MONUMENT SQ","BEVERLY","25","9","217500","4010",-70.87701,42.547638,"35","No","","Perp","Rental","DHCD","","BEVERLY"
327,"10369","112 RANTOUL ST","BEVERLY","25","9","217402","2001",-70.88467,42.545586,"14","NO","","2048","Rental","MassHousing","","BEVERLY"
321,"10367","205 RANTOUL ST","BEVERLY","25","9","217401","2004",-70.88389599999999,42.548428,"13","","","Perp","Rental","DHCD","","BEVERLY"
1746,"307","221-235 RANTOUL ST","BEVERLY","25","9","217401","2002",-70.88357999999999,42.549664,"100","Yes","","2042","Rental","DHCD","","BEVERLY"
326,"10368","482 RANTOUL ST","BEVERLY","25","9","217300","3001",-70.88079,42.556114,"11","NO","non-40b Local Action Units","Perp","Rental","DHCD","","BEVERLY"
320,"10367","203 RANTOUL ST","BEVERLY","25","9","217401","2004",-70.88392,42.548336,"13","","","Perp","Rental","DHCD","","BEVERLY"
1726,"302","245 CABOT ST","BEVERLY","25","9","217500","4007",-70.87793000000001,42.549534,"45","No","","2027","Rental","FHLBB","","BEVERLY"
3136,"9414","252 HALE ST","BEVERLY","25","9","217601","2014",-70.85221,42.555496,"2","NO","non-40b Local Action Units","Perp","Ownership","DHCD","","BEVERLY"
325,"10368","480 RANTOUL ST","BEVERLY","25","9","217300","3001",-70.88079999999999,42.556095,"11","NO","non-40b Local Action Units","Perp","Rental","DHCD","","BEVERLY"
3244,"9628","60 PLEASANT ST","BEVERLY","25","9","217402","2001",-70.88545999999999,42.546272,"32","NO","","2042","Rental","DHCD","","BEVERLY"
3135,"9413","40 HEATHER ST","BEVERLY","25","9","217300","5000",-70.87676999999999,42.562984,"3","NO","non-40b Local Action Units","Perp","Ownership","DHCD","","BEVERLY"
3243,"9627","375 RANTOUL ST","BEVERLY","25","9","217300","3018",-70.882355,42.552925,"5","NO","non-40b Local Action Units","Perp","Rental","DHCD","","BEVERLY"
3271,"9676","79 RANTOUL ST","BEVERLY","25","9","217402","2002",-70.88494,42.544476,"6","NO","non-40b Local Action Units","Perp","Rental","DHCD","","BEVERLY"
1805,"318","38 DUNHAM RD","BEVERLY","25","9","217101","1012",-70.87397,42.575005,"16","No","non-40b Local Action Units","perp?","Ownership","DHCD","","BEVERLY"
3245,"9629","MILL & GRANT STREETS","BEVERLY","","","","",-70.8842967711534,42.5575676293297,"58","YES","","Perp","Rental","HUD","10/10/2007","BEVERLY"
1719,"301","600 MANOR RD","BEVERLY","25","9","217201","2002",-70.90340999999999,42.56404,"232","No","","2020","Rental","HUD","","BEVERLY"
1731,"305","245 ELLIOT ST","BEVERLY","25","9","217202","1002",-70.89059399999999,42.55647,"62","No","","2025*","Rental","HUD","","BEVERLY"
1756,"308","SOHIER RD, BRIMBAL AVE","BEVERLY","","","","",-70.8780485333132,42.5717734075802,"98","Yes","","Perp*","Rental","DHCD","","BEVERLY"
2994,"8999","396 STILL RIVER RD","BOLTON","25","27","715100","3003",-71.62486,42.47271,"0","NO","","perp","Ownership","MassHousing"," 2/23/2007","BOLTON"
2747,"7670","893 MAIN ST","BOLTON","25","27","715100","3007",-71.62130999999999,42.442215,"15","YES","","perp","Ownership","MassHousing"," 9/22/2005","BOLTON"
2305,"4079","MAIN ST","BOLTON","","","","",-71.6009869803157,42.4302945782827,"28","Yes","","Perp","Rental","HUD"," 1/16/2003","BOLTON"
2619,"6701","32 SUGAR RD","BOLTON","25","27","715100","1025",-71.59281,42.434113,"8","Yes","","perp","Ownership","DHCD"," 12/9/2004","BOLTON"
2980,"8955","PADDOCK LN","BOXBORO","","","","",-71.539490015344,42.4876895085845,"244","YES","","Perp","Rental","MassHousing"," 4/18/2008","BOXBORO"
3307,"9745","59 CODMAN HILL RD","BOXBORO","25","17","388100","2014",-71.55004,42.486828,"1","YES","comp permits sheet","Perp","Ownership","MassHousing"," 6/10/2009","BOXBORO"
1958,"346","* LORING AVE","BOXBORO","","","","",,,"12","Yes","comp permits sheet","2101","Ownership","FHLBB","  2/5/2001","BOXBORO"
2103,"3701","84 SUMMER RD","BOXBORO","25","17","388100","1029",-71.4949,42.476032,"6","Yes","comp permits sheet","2102","Ownership","FHLBB","  7/3/2003","BOXBORO"
3306,"9745","57 CODMAN HILL RD","BOXBORO","25","17","388100","2014",-71.54993,42.48694,"1","YES","comp permits sheet","Perp","Ownership","MassHousing"," 6/10/2009","BOXBORO"
3305,"9745","55 CODMAN HILL RD","BOXBORO","25","17","388100","2014",-71.54989,42.486977,"1","YES","comp permits sheet","Perp","Ownership","MassHousing"," 6/10/2009","BOXBORO"
2999,"9014","294 CODMAN HILL RD","BOXBORO","25","17","388100","2013",-71.55441999999999,42.48059,"1","NO","non-40b Local Action Units","Perp","Ownership","DHCD","","BOXBORO"
2744,"7647","58 SPENCER RD","BOXBORO","25","17","388100","3008",-71.5419,42.49464,"1","No","","11/12/2054","Ownership","FHLBB","","BOXBORO"
3308,"9745","61 CODMAN HILL RD","BOXBORO","25","17","388100","2014",-71.55005,42.486824,"1","YES","comp permits sheet","Perp","Ownership","MassHousing"," 6/10/2009","BOXBORO"
2405,"4897","146 SWANSON RD","BOXBORO","25","17","388100","3010",-71.54721000000001,42.49157,"1","No","","08/26/2053","Ownership","FHLBB","","BOXBORO"
2287,"404","193 GROVE ST","BRAINTREE","25","21","419700","2015",-70.991646,42.192894,"100","No","","2034*","Rental","MassHousing","","BRAINTREE"
3040,"9099","145 HANCOCK ST","BRAINTREE","25","21","419800","2011",-71.00512000000001,42.19839,"3","NO","non-40b Local Action Units","Perp","Ownership","DHCD","","BRAINTREE"
2278,"402","41 INDEPENDENCE AVE","BRAINTREE","25","21","419200","2004",-71.00521999999999,42.229618,"95","Yes","","2026*","Rental","MassHousing","","BRAINTREE"
49,"10048","20 POND ST","BRAINTREE","25","21","419800","3000",-71.00879999999999,42.199993,"3","NO","non-40b Local Action Units","Perp","Rental","DHCD","","BRAINTREE"
2493,"5634","710 WEST ST","BRAINTREE","25","21","419100","5033",-71.03497,42.21071,"186","Yes","comp permits sheet","perp","Rental","FHLBB"," 1/16/2004","BRAINTREE"
2492,"5633","614 POND ST","BRAINTREE","25","21","419800","3006",-71.028824,42.193104,"36","Yes","","perp","Ownership","MassHousing"," 6/29/2004","BRAINTREE"
2284,"403","53 INDEPENDENCE AVE","BRAINTREE","25","21","419200","2004",-71.00516,42.22936,"50","Yes","","2022","Rental","HUD","","BRAINTREE"
2260,"398","130 QUINCY AVE","BRAINTREE","25","21","419400","3005",-70.9693,42.226017,"9","No","","Perp","Rental","DHCD","","BRAINTREE"
1968,"349","25 ROOEVELT ST","BRAINTREE","","","","",,,"19","No","","Perp","Rental","DHCD","","BRAINTREE"
3152,"9452","49 INDEPENDENCE AVE","BRAINTREE","25","21","419200","2004",-71.00518,42.229446,"16","YES","","2108","Rental","HUD"," 8/12/2009","BRAINTREE"
2267,"400","15 HOLBROOK AVE","BRAINTREE","25","21","419800","2022",-71.00469,42.20314,"20","No","","07/25/2022","Rental","MHP","","BRAINTREE"
2126,"3750","501 COMMERCE DR","BRAINTREE","25","21","419601","1001",-70.97427999999999,42.1877,"51","Yes","","perp","Ownership","MassHousing","","BRAINTREE"
30,"10025","380 HARVARD ST","BROOKLINE","25","21","400401","1000",-71.12578999999999,42.344696,"62","YES","","Perp","Rental","DHCD"," 3/23/2017","BROOKLINE"
216,"10255","271 GERRY RD","BROOKLINE","","","","",,,"0","YES","","Perp","Rental","MassDevelopment","10/29/2018","BROOKLINE"
25,"10025","370 HARVARD ST","BROOKLINE","25","21","400401","1000",-71.12532,42.34448,"62","YES","","Perp","Rental","DHCD"," 3/23/2017","BROOKLINE"
2426,"502","77 LINDEN ST","BROOKLINE","25","21","400900","3014",-71.115746,42.33445,"2","No","non-40b Local Action Units","perp","Rental","DHCD","","BROOKLINE"
3413,"9870","45 MARION ST","BROOKLINE","25","21","400800","3003",-71.12293,42.340107,"64","YES","","2045","Rental","MassHousing","  7/6/2004","BROOKLINE"
28,"10025","376 HARVARD ST","BROOKLINE","25","21","400401","1000",-71.12560000000001,42.34461,"62","YES","","Perp","Rental","DHCD"," 3/23/2017","BROOKLINE"
2384,"485","151 KENT ST","BROOKLINE","25","21","400800","2002",-71.11339599999999,42.33618,"10","No","","Perp","Rental","DHCD","","BROOKLINE"
181,"10218","134 BABCOCK DR","BROOKLINE","25","21","400300","2000",-71.12114,42.34763,"45","YES","comp permits sheet","Perp","Rental","MassHousing","  4/5/2018","BROOKLINE"
220,"10255","279 GERRY RD","BROOKLINE","","","","",,,"0","YES","","Perp","Rental","MassDevelopment","10/29/2018","BROOKLINE"
2128,"3752","1876 BEACON ST","BROOKLINE","25","21","400600","1007",-71.14675,42.336918,"15","No","","2023","Rental","MassHousing","","BROOKLINE"
24,"10024","1180 BOYLSTON ST","BROOKLINE","","","","",,,"0","YES","comp permits sheet","Perp","Rental","MassHousing"," 3/23/2017","BROOKLINE"
2378,"479","338-348 ST PAUL","BROOKLINE","25","21","400202","1004",-71.11615,42.349422,"114","No","","Perp","Rental","DHCD","","BROOKLINE"
219,"10255","277 GERRY RD","BROOKLINE","","","","",,,"0","YES","","Perp","Rental","MassDevelopment","10/29/2018","BROOKLINE"
2422,"501","243 CYPRESS ST","BROOKLINE","25","21","401000","3007",-71.12366,42.326466,"4","No","non-40b Local Action Units","perp","Ownership","DHCD","","BROOKLINE"
206,"10245","455 HARVARD ST","BROOKLINE","25","21","400300","3001",-71.12823,42.346497,"17","YES","","Perp","Rental","MassHousing","10/25/2017","BROOKLINE"
315,"10364","1299 BEACON ST","BROOKLINE","25","21","400201","1012",-71.12025,42.342274,"55","YES","","Perp","Rental","MassHousing"," 11/7/2019","BROOKLINE"
5,"10003","40 CENTRE ST","BROOKLINE","25","21","400401","1010",-71.12429,42.342644,"0","YES","comp permits sheet","Perp","Rental","MassHousing","  2/8/2017","BROOKLINE"
182,"10218","138 BABCOCK DR","BROOKLINE","25","21","400300","2000",-71.12111,42.347763,"45","YES","comp permits sheet","Perp","Rental","MassHousing","  4/5/2018","BROOKLINE"
3408,"9869"," 53 BEALS ST","BROOKLINE","25","21","400300","2003",-71.12486,42.345657,"31","NO","","Perpetuity","Rental","DHCD","","BROOKLINE"
2367,"476","50 PLEASANT ST","BROOKLINE","25","21","400201","1004",-71.11902000000001,42.34441,"100","No","","Perp","Rental","HUD","","BROOKLINE"
2409,"493","10 JUNIPER ST","BROOKLINE","25","21","400900","1004",-71.11624,42.331047,"32","No","non-40b Local Action Units","perp","Ownership","DHCD","","BROOKLINE"
2414,"496","1017 BEACON ST","BROOKLINE","25","21","400100","2000",-71.10766,42.34577,"16","No","","2036","Rental","HUD","","BROOKLINE"
2412,"494","55 VILLAGE WAY/72 PEARL ST","BROOKLINE","25","21","400900","2001",-71.11353,42.333595,"307","No","","09/15/2028","Rental","MassHousing","","BROOKLINE"
2408,"492","1371 BEACON ST","BROOKLINE","25","21","400800","3003",-71.123566,42.34137,"80","No","","12/31/2028","Rental","MassHousing","","BROOKLINE"
2424,"501","275 CYPRESS ST","BROOKLINE","25","21","401000","3007",-71.123024,42.325962,"4","No","non-40b Local Action Units","perp","Ownership","DHCD","","BROOKLINE"
2402,"488","1027 BEACON ST","BROOKLINE","25","21","400100","2000",-71.10799,42.34568,"9","No","","2030","Rental","FHLBB","","BROOKLINE"
229,"10255","297 GERRY RD","BROOKLINE","","","","",,,"0","YES","","Perp","Rental","MassDevelopment","10/29/2018","BROOKLINE"
2404,"489","1043 BEACON ST","BROOKLINE","25","21","400100","2000",-71.10863500000001,42.345497,"28","No","","2033*","Rental","DHCD","","BROOKLINE"
2410,"494"," 72 PEARL ST","BROOKLINE","25","21","400900","2001",-71.11442599999999,42.332977,"307","No","","09/15/2028","Rental","DHCD","","BROOKLINE"
2420,"499","1164 BOYLSTON ST","BROOKLINE","","","","",,,"6","No","non-40b Local Action Units","perp","Ownership","DHCD","","BROOKLINE"
2364,"474","61 PARK ST","BROOKLINE","25","21","400800","4001",-71.12475000000001,42.33815,"100","No","","Perp","Rental","HUD","","BROOKLINE"
227,"10255","293 GERRY RD","BROOKLINE","","","","",,,"0","YES","","Perp","Rental","MassDevelopment","10/29/2018","BROOKLINE"
3412,"9869","51-57 BEALS ST","BROOKLINE","25","21","400300","2003",-71.12488999999999,42.34563,"31","NO","","Perpetuity","Rental","HUD","","BROOKLINE"
2413,"495","11 HARRIS ST","BROOKLINE","25","21","400800","4000",-71.1219,42.338078,"8","No","","Perp","Rental","DHCD","","BROOKLINE"
2843,"8154","154 BOYLSTON ST","BROOKLINE","25","21","401000","1001",-71.12111,42.330925,"6","NO","","2035","Rental","MHP","","BROOKLINE"
2366,"475","190 HARVARD ST","BROOKLINE","25","21","400800","3004",-71.12115,42.339188,"39","No","","Perp","Rental","HUD","","BROOKLINE"
2130,"3753","77 MARION ST","BROOKLINE","25","21","400500","4000",-71.12465,42.340195,"4","No","non-40b Local Action Units","perp","Rental","DHCD","","BROOKLINE"
3302,"9740","213 HAMMOND POND PKWY","BROOKLINE","","","","",,,"3","NO","non-40b Local Action Units","Perp","Ownership","DHCD","","BROOKLINE"
228,"10255","295 GERRY RD","BROOKLINE","","","","",,,"0","YES","","Perp","Rental","MassDevelopment","10/29/2018","BROOKLINE"
221,"10255","281 GERRY RD","BROOKLINE","","","","",,,"0","YES","","Perp","Rental","MassDevelopment","10/29/2018","BROOKLINE"
2423,"501","245 CYPRESS ST","BROOKLINE","25","21","401000","3007",-71.123634,42.326435,"4","No","non-40b Local Action Units","perp","Ownership","DHCD","","BROOKLINE"
2371,"478","22 HIGH ST/ 16 WALNUT","BROOKLINE","25","21","400900","1004",-71.11792,42.33071,"100","No","","Perp","Rental","HUD","","BROOKLINE"
2230,"3951","CROWNINSHIELD, PLEASANT & FREEMAN STREETS","BROOKLINE","","","","",-71.118325559751,42.3476303081053,"35","Yes","","Perp","Mix","DHCD","","BROOKLINE"
3304,"9742","109 SEWALL AVE","BROOKLINE","25","21","400100","1002",-71.115814,42.341934,"2","NO","non-40b Local Action Units","Perp","Ownership","DHCD","","BROOKLINE"
2129,"3753","1405 BEACON ST","BROOKLINE","25","21","400500","4000",-71.125305,42.340992,"4","No","non-40b Local Action Units","perp","Rental","DHCD","","BROOKLINE"
2127,"3751","1754 BEACON ST","BROOKLINE","25","21","400600","1013",-71.14109999999999,42.338097,"14","No","","10/17/2032","Rental","DHCD","","BROOKLINE"
2421,"500","1470 BEACON ST","BROOKLINE","25","21","400401","2002",-71.12829000000001,42.34034,"4","No","non-40b Local Action Units","perp","Rental","DHCD","","BROOKLINE"
316,"10365","445 HARVARD ST","BROOKLINE","25","21","400300","2006",-71.12797999999999,42.3462,"25","YES","","Perp","Rental","MHP","12/17/2019","BROOKLINE"
3027,"9068","1600 BEACON ST","BROOKLINE","25","21","400402","1002",-71.13419,42.33978,"6","NO","","Perp","Ownership","HUD","","BROOKLINE"
217,"10255","273 GERRY RD","BROOKLINE","","","","",,,"0","YES","","Perp","Rental","MassDevelopment","10/29/2018","BROOKLINE"
2386,"486","337-347 ST PAUL","BROOKLINE","25","21","400100","5003",-71.11612,42.349503,"86","No","","Perp","Rental","DHCD","","BROOKLINE"
2381,"481"," 6-30 NEW TR","BROOKLINE","","","","",,,"177","No","","Perp","Rental","DHCD","","BROOKLINE"
2411,"494","55 VILLAGE WAY","BROOKLINE","25","21","400900","2001",-71.11353,42.333595,"307","No","","09/15/2028","Rental","DHCD","","BROOKLINE"
3411,"9869","51 BEALS ST","BROOKLINE","25","21","400300","2003",-71.12488999999999,42.34563,"31","NO","","Perpetuity","Rental","DHCD","","BROOKLINE"
2419,"499","1162 BOYLSTON ST","BROOKLINE","","","","",,,"6","No","non-40b Local Action Units","perp","Ownership","DHCD","","BROOKLINE"
2406,"490","120 CENTRE CT","BROOKLINE","25","21","400401","1001",-71.12654000000001,42.343822,"125","No","","2042","Rental","MassHousing","","BROOKLINE"
222,"10255","283 GERRY RD","BROOKLINE","","","","",,,"0","YES","","Perp","Rental","MassDevelopment","10/29/2018","BROOKLINE"
2403,"489"," 1045 BEACON ST","BROOKLINE","25","21","400100","2000",-71.10872000000001,42.34547,"28","No","","2033*","Rental","HUD","","BROOKLINE"
2385,"486"," 144-156 ARMORY","BROOKLINE","","","","",,,"86","No","","Perp","Rental","DHCD","","BROOKLINE"
213,"10255","265 GERRY RD","BROOKLINE","","","","",,,"0","YES","","Perp","Rental","MassDevelopment","10/29/2018","BROOKLINE"
3432,"9924","21 CROWNINSHIELD RD","BROOKLINE","25","21","400202","2000",-71.12045000000001,42.350815,"8","YES","comp permits sheet","Perp","Rental","MassHousing"," 4/14/2016","BROOKLINE"
215,"10255","269 GERRY RD","BROOKLINE","","","","",,,"0","YES","","Perp","Rental","MassDevelopment","10/29/2018","BROOKLINE"
214,"10255","267 GERRY RD","BROOKLINE","","","","",,,"0","YES","","Perp","Rental","MassDevelopment","10/29/2018","BROOKLINE"
2383,"483","32-40 MARION","BROOKLINE","","","","",,,"60","No","","Perp","Rental","DHCD","","BROOKLINE"
2382,"481","176-224 HIGH","BROOKLINE","25","21","401000","3004",-71.12043,42.32583,"177","No","","Perp","Rental","DHCD","","BROOKLINE"
2377,"479"," 51-85 EGMONT","BROOKLINE","25","21","400202","1004",-71.11649,42.349346,"114","No","","Perp","Rental","DHCD","","BROOKLINE"
4,"10002","420 HARVARD ST","BROOKLINE","25","21","400300","3008",-71.12730000000001,42.345493,"25","YES","","Perp","Rental","MHP","  2/6/2017","BROOKLINE"
2685,"7127","110 CYPRESS ST","BROOKLINE","25","21","400700","2006",-71.12593,42.33098,"5","No","non-40b Local Action Units","Perp","Rental","DHCD","","BROOKLINE"
3410,"9869"," 57 BEALS ST","BROOKLINE","25","21","400300","2003",-71.12481,42.34571,"31","NO","","Perpetuity","Rental","HUD","","BROOKLINE"
2425,"502","74 KENT ST","BROOKLINE","25","21","400900","3014",-71.11533,42.33383,"2","No","non-40b Local Action Units","perp","Rental","DHCD","","BROOKLINE"
223,"10255","285 GERRY RD","BROOKLINE","","","","",,,"0","YES","","Perp","Rental","MassDevelopment","10/29/2018","BROOKLINE"
31,"10025","382 HARVARD ST","BROOKLINE","25","21","400401","1000",-71.12589,42.34474,"62","YES","","Perp","Rental","DHCD"," 3/23/2017","BROOKLINE"
2842,"8154"," 156 BOYLSTON ST","BROOKLINE","25","21","401000","1001",-71.12115,42.330917,"6","NO","","2035","Rental","HUD","","BROOKLINE"
26,"10025","372 HARVARD ST","BROOKLINE","25","21","400401","1000",-71.12541,42.34452,"62","YES","","Perp","Rental","DHCD"," 3/23/2017","BROOKLINE"
225,"10255","289 GERRY RD","BROOKLINE","","","","",,,"0","YES","","Perp","Rental","MassDevelopment","10/29/2018","BROOKLINE"
226,"10255","291 GERRY RD","BROOKLINE","","","","",,,"0","YES","","Perp","Rental","MassDevelopment","10/29/2018","BROOKLINE"
224,"10255","287 GERRY RD","BROOKLINE","","","","",,,"0","YES","","Perp","Rental","MassDevelopment","10/29/2018","BROOKLINE"
2418,"498","165 CHESTNUT ST","BROOKLINE","25","21","401100","1021",-71.12220000000001,42.324253,"13","No","non-40b Local Action Units","perp","Rental","DHCD","","BROOKLINE"
3407,"9868","86 DUMMER ST","BROOKLINE","25","21","400100","5003",-71.114075,42.349846,"32","NO","","Perpetuity","Rental","HUD","","BROOKLINE"
3414,"9871","2-8 OLMSTED RD","BROOKLINE","25","21","400600","2013",-71.14194999999999,42.32951,"12","NO","","Perpetuity","Ownership","DHCD","","BROOKLINE"
27,"10025","374 HARVARD ST","BROOKLINE","25","21","400401","1000",-71.12551000000001,42.344563,"62","YES","","Perp","Rental","DHCD"," 3/23/2017","BROOKLINE"
3409,"9869"," 55 BEALS ST","BROOKLINE","25","21","400300","2003",-71.12483,42.345684,"31","NO","","Perpetuity","Rental","DHCD","","BROOKLINE"
2407,"491","1550 BEACON ST","BROOKLINE","25","21","400401","2004",-71.13173,42.33979,"180","No","","2042","Rental","MassHousing","","BROOKLINE"
2368,"477","90 LONGWOOD AVE","BROOKLINE","25","21","400100","1002",-71.11636,42.3408,"99","No","","Perp","Rental","HUD","","BROOKLINE"
230,"10255","299 GERRY RD","BROOKLINE","","","","",,,"0","YES","","Perp","Rental","MassDevelopment","10/29/2018","BROOKLINE"
218,"10255","275 GERRY RD","BROOKLINE","","","","",,,"0","YES","","Perp","Rental","MassDevelopment","10/29/2018","BROOKLINE"
2415,"497","1057 BEACON ST","BROOKLINE","25","21","400100","2001",-71.10942,42.345276,"13","No","","Perp","Rental","DHCD","","BROOKLINE"
2380,"480","44-79 EGMONT ST","BROOKLINE","25","21","400202","1005",-71.116646,42.349354,"6","Yes","","Perp","Rental","DHCD","","BROOKLINE"
3303,"9741","20 ENGLEWOOD AVE","BROOKLINE","25","21","400600","1007",-71.145546,42.337864,"2","NO","non-40b Local Action Units","Perp","Rental","DHCD","","BROOKLINE"
29,"10025","378 HARVARD ST","BROOKLINE","25","21","400401","1000",-71.125694,42.34465,"62","YES","","Perp","Rental","DHCD"," 3/23/2017","BROOKLINE"
2933,"8713","5 RESERVE WAY","BURLINGTON","25","17","332402","1011",-71.20247000000001,42.476707,"43","NO","non-40b Local Action Units","Perp","Mix","DHCD","","BURLINGTON"
2104,"3702","KIMBALL COURT (OFF OF PEARL STREET MAP 31, PARCEL 130)","BURLINGTON","","","","",-71.16916072567319,42.5016309044194,"256","Yes","","Perp","Rental","FHLBB"," 8/20/2002","BURLINGTON"
2396,"4861","30 RICHARDSON RD","BURLINGTON","25","17","332201","1015",-71.176384,42.490852,"4","Yes","comp permits sheet","Perp","Ownership","FHLBB"," 6/18/2002","BURLINGTON"
2397,"4861","31 RICHARDSON RD","BURLINGTON","25","17","332201","1015",-71.176346,42.490837,"4","Yes","comp permits sheet","Perp","Ownership","FHLBB"," 6/18/2002","BURLINGTON"
139,"10170","270 CORPROATE DR","BURLINGTON","","","","",,,"270","YES","comp permits sheet","Perp","Rental","DHCD"," 5/23/2017","BURLINGTON"
2934,"8713","50 SEVEN SPRINGS LN","BURLINGTON","25","17","332402","1011",-71.20769,42.475887,"43","NO","non-40b Local Action Units","Perp","Mix","DHCD","","BURLINGTON"
2390,"4861","24 RICHARDSON RD","BURLINGTON","25","17","332201","1015",-71.17648,42.49095,"4","Yes","comp permits sheet","Perp","Ownership","FHLBB"," 6/18/2002","BURLINGTON"
2439,"512","CENTER ST","BURLINGTON","","","","",-71.19149191181469,42.5023502710512,"203","Yes","","Perp","Rental","DHCD","","BURLINGTON"
2391,"4861","25 RICHARDSON RD","BURLINGTON","25","17","332201","1015",-71.176445,42.490932,"4","Yes","comp permits sheet","Perp","Ownership","FHLBB"," 6/18/2002","BURLINGTON"
2931,"8713","46 SEVEN SPRINGS LN","BURLINGTON","25","17","332402","1011",-71.20714599999999,42.475834,"43","NO","non-40b Local Action Units","Perp","Mix","DHCD","","BURLINGTON"
2926,"8713","14 WHEELER RD","BURLINGTON","25","17","332402","1013",-71.21163,42.47603,"43","NO","non-40b Local Action Units","Perp","Mix","DHCD","","BURLINGTON"
2925,"8713","1 RESERVE WAY","BURLINGTON","25","17","332402","1011",-71.20242,42.47672,"43","NO","non-40b Local Action Units","Perp","Mix","DHCD","","BURLINGTON"
395,"10495","160 CAMBRIDGE ST","BURLINGTON","25","17","332202","1017",-71.19719000000001,42.508266,"2","NO","non-40b Local Action Units","Perp","Rental","DHCD","","BURLINGTON"
2430,"509","15 BIRCHCREST ST","BURLINGTON","25","17","332202","2003",-71.19095,42.50044,"65","Yes","","Perp","Rental","DHCD","","BURLINGTON"
3384,"9855","36 MULLER RD","BURLINGTON","25","17","332402","1008",-71.20611,42.474,"3","NO","","Perp","Ownership","DHCD","","BURLINGTON"
2399,"4861","33 RICHARDSON RD","BURLINGTON","25","17","332201","1015",-71.176315,42.490807,"4","Yes","comp permits sheet","Perp","Ownership","FHLBB"," 6/18/2002","BURLINGTON"
2395,"4861","29 RICHARDSON RD","BURLINGTON","25","17","332201","1015",-71.17637999999999,42.49087,"4","Yes","comp permits sheet","Perp","Ownership","FHLBB"," 6/18/2002","BURLINGTON"
2393,"4861","27 RICHARDSON RD","BURLINGTON","25","17","332201","1015",-71.17641399999999,42.490902,"4","Yes","comp permits sheet","Perp","Ownership","FHLBB"," 6/18/2002","BURLINGTON"
2394,"4861","28 RICHARDSON RD","BURLINGTON","25","17","332201","1015",-71.17641399999999,42.490887,"4","Yes","comp permits sheet","Perp","Ownership","FHLBB"," 6/18/2002","BURLINGTON"
2398,"4861","32 RICHARDSON RD","BURLINGTON","25","17","332201","1015",-71.176346,42.49082,"4","Yes","comp permits sheet","Perp","Ownership","FHLBB"," 6/18/2002","BURLINGTON"
2392,"4861","26 RICHARDSON RD","BURLINGTON","25","17","332201","1015",-71.176445,42.490917,"4","Yes","comp permits sheet","Perp","Ownership","FHLBB"," 6/18/2002","BURLINGTON"
2428,"508","14 BIRCH CREST ST","BURLINGTON","25","17","332202","1023",-71.19094,42.500454,"40","No","","Perp","Rental","DHCD","","BURLINGTON"
2388,"4861","22 RICHARDSON RD","BURLINGTON","25","17","332201","1015",-71.17650999999999,42.490982,"4","Yes","comp permits sheet","Perp","Ownership","FHLBB"," 6/18/2002","BURLINGTON"
396,"10497","20 2ND AVE","BURLINGTON","25","17","332402","2009",-71.22223,42.483322,"12","NO","non-40b Local Action Units","Perp","Rental","DHCD","","BURLINGTON"
2437,"511","1 ARBORETUM WAY","BURLINGTON","25","17","332202","3001",-71.176346,42.503063,"312","Yes","","perp","Rental","DHCD","","BURLINGTON"
2928,"8713","3 RESERVE WAY","BURLINGTON","25","17","332402","1011",-71.20244599999999,42.47671,"43","NO","non-40b Local Action Units","Perp","Mix","DHCD","","BURLINGTON"
2929,"8713","4 RESERVE WAY","BURLINGTON","25","17","332402","1011",-71.20244599999999,42.4767,"43","NO","non-40b Local Action Units","Perp","Mix","DHCD","","BURLINGTON"
2389,"4861","23 RICHARDSON RD","BURLINGTON","25","17","332201","1015",-71.17647599999999,42.490967,"4","Yes","comp permits sheet","Perp","Ownership","FHLBB"," 6/18/2002","BURLINGTON"
2930,"8713","4 WHEELER RD","BURLINGTON","25","17","332402","1013",-71.21146,42.476036,"43","NO","non-40b Local Action Units","Perp","Mix","DHCD","","BURLINGTON"
2387,"4861","21 RICHARDSON RD","BURLINGTON","25","17","332201","1015",-71.17650999999999,42.490997,"4","Yes","comp permits sheet","Perp","Ownership","FHLBB"," 6/18/2002","BURLINGTON"
2927,"8713","2 RESERVE WAY","BURLINGTON","25","17","332402","1011",-71.202415,42.476707,"43","NO","non-40b Local Action Units","Perp","Mix","DHCD","","BURLINGTON"
2932,"8713","48 SEVEN SPRINGS LN","BURLINGTON","25","17","332402","1011",-71.20741,42.475845,"43","NO","non-40b Local Action Units","Perp","Mix","DHCD","","BURLINGTON"
2532,"586","200-210 COLUMBIA ST","CAMBRIDGE","25","17","352500","1007",-71.0973,42.367943,"45","No","","2032","Rental","DHCD","","CAMBRIDGE"
2511,"570","30 PEARL ST","CAMBRIDGE","25","17","353101","2004",-71.1032,42.364113,"10","No","","2041","Rental","DHCD","","CAMBRIDGE"
2490,"563","55 COLUMBIA ST","CAMBRIDGE","25","17","353101","1007",-71.09908,42.3649,"42","No","","perp","Rental","MHP","","CAMBRIDGE"
2141,"377","354-384 RINDGE AVE","CAMBRIDGE","25","17","354902","3000",-71.13814000000001,42.393852,"12","No","","2098","Ownership","DHCD","","CAMBRIDGE"
2088,"366"," 17 BOARDMAN ST","CAMBRIDGE","25","17","352500","2000",-71.0967,42.36703,"20","No","","perp","Rental","DHCD","","CAMBRIDGE"
2444,"519","55 ESSEX ST","CAMBRIDGE","25","17","353000","2002",-71.10120000000001,42.367424,"83","No","","Perp","Rental","HUD","","CAMBRIDGE"
2524,"580","38-44 HAYES ST, 29 MAGEE ST","CAMBRIDGE","25","17","359400","3005",-71.11159000000001,42.366642,"5","No","","Perp","Ownership","DHCD","","CAMBRIDGE"
2539,"594","95 FAYERWEATHER ST","CAMBRIDGE","25","17","354400","1004",-71.13715000000001,42.382175,"3","No","","Perp","Ownership","HUD","","CAMBRIDGE"
2548,"606","23-30 LOPEZ ST","CAMBRIDGE","25","17","353200","3002",-71.10448,42.36134,"4","No","","2040","Rental","HUD","","CAMBRIDGE"
2232,"3952","10 SCOUTING WAY","CAMBRIDGE","25","17","353000","2001",-71.100655,42.368984,"13","No","","2054","Rental","DHCD","","CAMBRIDGE"
2544,"601","37-41 HOWARD ST","CAMBRIDGE","25","17","359400","3006",-71.11082500000001,42.36504,"0","No","","Perp","Rental","DHCD/ HUD","","CAMBRIDGE"
2469,"547","50 WILLOW ST","CAMBRIDGE","25","17","352600","2003",-71.09262,42.371162,"15","No","","Perp","Rental","DHCD","","CAMBRIDGE"
2486,"561","47 LEE ST","CAMBRIDGE","25","17","353800","3000",-71.10541000000001,42.370235,"10","No","","perp","Rental","DHCD","","CAMBRIDGE"
2223,"394","228-226 CHESTNUT ST","CAMBRIDGE","25","17","353300","3003",-71.112785,42.358925,"5","No","","Perp","Ownership","HUD","","CAMBRIDGE"
2537,"591","40 CLIFTON ST","CAMBRIDGE","25","17","354902","2009",-71.13628,42.394794,"1","No","","Perp","Rental","DHCD/ HUD","","CAMBRIDGE"
2574,"629","10 MUSEUM WAY","CAMBRIDGE","25","17","352101","1006",-71.07136,42.369846,"33","No","non-40b Local Action Units","Perp","Rental","DHCD","","CAMBRIDGE"
2560,"616","280 WESTERN AVE","CAMBRIDGE","25","17","359400","1005",-71.11243,42.364613,"6","No","","2037","Ownership","HUD","","CAMBRIDGE"
2474,"549","160 RICHDALE AVE","CAMBRIDGE","25","17","354700","2004",-71.126274,42.389133,"7","No","","2032","Rental","HUD","","CAMBRIDGE"
2521,"578","273 HARVARD ST","CAMBRIDGE","25","17","353000","1000",-71.10317999999999,42.368813,"22","No","","2048","Rental","DHCD","","CAMBRIDGE"
2489,"563"," 57 COLUMBIA ST","CAMBRIDGE","25","17","353101","1007",-71.09905999999999,42.364937,"42","No","","perp","Rental","MassHousing","","CAMBRIDGE"
2478,"553","929 MASS AVE","CAMBRIDGE","","","","",,,"26","No","","2019","Rental","MassHousing","","CAMBRIDGE"
2231,"3952"," 146 PROSPECT ST","CAMBRIDGE","25","17","353000","2001",-71.101326,42.36887,"13","No","","2054","Rental","DHCD","","CAMBRIDGE"
1996,"352","650 CONCORD AVE","CAMBRIDGE","25","17","354300","3000",-71.14864,42.389732,"71","No","","2099","Rental","MHP","","CAMBRIDGE"
2559,"615","19 VALENTINE ST","CAMBRIDGE","25","17","353200","3005",-71.10595000000001,42.360374,"6","No","","Perp","Rental","HUD","","CAMBRIDGE"
1974,"350"," 79 MAGAZINE ST","CAMBRIDGE","25","17","353300","2000",-71.10871,42.36126,"11","No","","2032","Rental","DHCD","","CAMBRIDGE"
2546,"604","13-15 LINCOLN ST","CAMBRIDGE","25","17","352600","2003",-71.09341000000001,42.37079,"6","No","","2051","Rental","DHCD","","CAMBRIDGE"
2089,"366","8 BOARDMAN ST","CAMBRIDGE","25","17","352500","2001",-71.09675,42.366985,"20","No","","perp","Rental","MHP","","CAMBRIDGE"
2519,"576","205 GREEN ST","CAMBRIDGE","25","17","353101","2003",-71.10277600000001,42.363945,"10","No","","2043","Rental","HUD","","CAMBRIDGE"
2187,"387"," 413 CARDINAL MEDEIROS","CAMBRIDGE","25","17","352600","2000",-71.08888,42.371376,"6","No","","2031","Rental","DHCD","","CAMBRIDGE"
2507,"568","2525 MASSACHUSETTS AVE","CAMBRIDGE","","","","",,,"12","No","","Perp","Rental","MHP","","CAMBRIDGE"
2121,"374","100 ABERDEEN AVE","CAMBRIDGE","25","17","354300","2007",-71.1469,42.37743,"8","No","","Perp","Rental","DHCD","","CAMBRIDGE"
2481,"556","68 BROOKLINE ST","CAMBRIDGE","25","17","353200","4000",-71.10287,42.36239,"60","No","","Perp","Rental","DHCD","","CAMBRIDGE"
2087,"366"," 12 BOARDMAN ST","CAMBRIDGE","25","17","352500","2001",-71.09672999999999,42.367004,"20","No","","perp","Rental","MHP","","CAMBRIDGE"
2445,"520","100 THINGVALLA AVE","CAMBRIDGE","","","","",,,"152","No","","Perp","Rental","HUD","","CAMBRIDGE"
2543,"600","35 HOVEY AVE","CAMBRIDGE","25","17","353700","1003",-71.10755,42.376087,"17","No","","2050","Rental","HUD","","CAMBRIDGE"
2182,"385","1167 CAMBRIDGE AVE","CAMBRIDGE","25","17","352700","1003",-71.09686000000001,42.373222,"8","No","","2051","Rental","DHCD","","CAMBRIDGE"
2475,"550","59 NORFOLK ST","CAMBRIDGE","25","17","353000","2003",-71.10086,42.36583,"8","No","","2039","Rental","DHCD","","CAMBRIDGE"
2547,"605","39 LINCOLN WAY","CAMBRIDGE","25","17","354602","1003",-71.12893,42.387566,"60","No","","Perp","Rental","DHCD","","CAMBRIDGE"
2014,"354","193 NORFOLK ST","CAMBRIDGE","25","17","352500","1002",-71.09867,42.369083,"9","No","","2025","Rental","EOHHS","","CAMBRIDGE"
2551,"609","12 PRINCE ST","CAMBRIDGE","25","17","353300","2003",-71.1101,42.360424,"5","No","","2024","Ownership","HUD","","CAMBRIDGE"
2505,"567","8 MAGAZINE ST","CAMBRIDGE","25","17","353101","2002",-71.10469723278391,42.3644745682041,"85","Yes","","perp","Rental","DHCD","","CAMBRIDGE"
2442,"516","64 MAGEE ST","CAMBRIDGE","25","17","359400","3007",-71.1117,42.366055,"122","No","","Perp","Rental","HUD","","CAMBRIDGE"
2530,"585","129 FRANKLIN ST","CAMBRIDGE","25","17","353101","2008",-71.10212,42.36268,"142","No","","2040","Rental","MDFA","","CAMBRIDGE"
2133,"376"," 459 CAMBRIDGE ST","CAMBRIDGE","","","","",,,"5","No","","Perp","Rental","DHCD","","CAMBRIDGE"
2452,"530","71 HAMMOND ST","CAMBRIDGE","25","17","353600","1014",-71.113716,42.381176,"8","No","","Perp","Rental","DHCD","","CAMBRIDGE"
2503,"567"," 12 MAGAZINE ST","CAMBRIDGE","25","17","353101","2002",-71.10469723278391,42.3644745682041,"85","Yes","","perp","Rental","DHCD","","CAMBRIDGE"
2460,"538","237 FRANKLIN ST","CAMBRIDGE","25","17","353101","2002",-71.10415,42.36393,"199","No","","Perp","Rental","DHCD","","CAMBRIDGE"
2919,"8707","25 HOWARD ST","CAMBRIDGE","25","17","359400","1005",-71.11074000000001,42.36454,"6","NO","","2055","Rental","DHCD","","CAMBRIDGE"
2456,"533","19 LINCOLN WAY","CAMBRIDGE","25","17","354602","1003",-71.12851999999999,42.388195,"60","No","","Perp","Rental","DHCD","","CAMBRIDGE"
2476,"551","808 MEMORIAL DR","CAMBRIDGE","25","17","359400","2008",-71.11588999999999,42.36088,"301","No","","Perp","Rental","DHCD","","CAMBRIDGE"
2500,"566"," 226 CHESTNUT ST","CAMBRIDGE","25","17","353300","3003",-71.11273,42.35889,"10","No","","2039","Rental","DHCD","","CAMBRIDGE"
2575,"629","8 MUSEUM WAY","CAMBRIDGE","25","17","352101","1006",-71.071365,42.369843,"33","No","non-40b Local Action Units","Perp","Rental","DHCD","","CAMBRIDGE"
2468,"547","48 WILLOW ST","CAMBRIDGE","25","17","352600","2003",-71.09264,42.37112,"15","No","","Perp","Rental","DHCD","","CAMBRIDGE"
2073,"361","396-398 PUTNAM AVE","CAMBRIDGE","25","17","353300","2004",-71.1125,42.359974,"8","No","","2049","","Cambridge","","CAMBRIDGE"
2488,"563"," 1-11 COLUMBIA TR","CAMBRIDGE","","","","",,,"42","No","","perp","Rental","DHCD","","CAMBRIDGE"
2062,"360"," 157 ALLSTON ST","CAMBRIDGE","25","17","353200","1001",-71.10812,42.358612,"9","No","","2093","Rental","DHCD","","CAMBRIDGE"
1987,"351"," 23 MARKET ST","CAMBRIDGE","25","17","352400","1000",-71.095,42.367584,"16","No","","2026","Rental","DHCD","","CAMBRIDGE"
2092,"368","7 TEMPLE ST","CAMBRIDGE","25","17","353000","1012",-71.10458,42.366093,"99","No","","2090","Rental","DHCD","","CAMBRIDGE"
2441,"515","1715 MASS AVE","CAMBRIDGE","","","","",,,"8","No","","Perp","Rental","HUD","","CAMBRIDGE"
2237,"3952","152 PROSPECT ST","CAMBRIDGE","25","17","353000","2001",-71.10120000000001,42.36905,"13","No","","2054","Rental","DHCD","","CAMBRIDGE"
2471,"547","54 WILLOW ST","CAMBRIDGE","25","17","352600","2003",-71.092575,42.371243,"15","No","","Perp","Rental","DHCD","","CAMBRIDGE"
2502,"567"," 10 MAGAZINE ST","CAMBRIDGE","25","17","353101","2002",-71.10469723278391,42.3644745682041,"85","Yes","","perp","Rental","DHCD","","CAMBRIDGE"
2480,"556"," 70 BROOKLINE ST","CAMBRIDGE","25","17","353200","4000",-71.10290000000001,42.362362,"60","No","","Perp","Rental","MHP","","CAMBRIDGE"
2522,"579","WAVERLY ST/ 118-120 HAMPSHIRE & COLUMBIA STS","CAMBRIDGE","","","","",-71.09492691542231,42.3717409119657,"56","No","","2034*","Rental","HUD","","CAMBRIDGE"
2504,"567"," 255 FRANKLIN ST","CAMBRIDGE","25","17","353101","2002",-71.10469723278391,42.3644745682041,"85","Yes","","perp","Rental","DHCD","","CAMBRIDGE"
2464,"542","32 MOUNT AUBURN ST","CAMBRIDGE","25","17","353900","1004",-71.11557000000001,42.370888,"19","No","","Perp","Rental","DHCD","","CAMBRIDGE"
2234,"3952","144 PROSPECT ST","CAMBRIDGE","25","17","353000","2001",-71.10137,42.36881,"13","No","","2054","Rental","DHCD","","CAMBRIDGE"
2007,"353","375-381 NORFOLK ST","CAMBRIDGE","25","17","352700","1003",-71.09596999999999,42.373604,"6","No","","2038","Ownership","DHCD","","CAMBRIDGE"
2084,"363","2 MT AUBURN ST","CAMBRIDGE","25","17","353101","2018",-71.10084500000001,42.361034,"94","No","","2043","Rental","DHCD","","CAMBRIDGE"
1986,"351"," 21 MARKET ST","CAMBRIDGE","25","17","352400","1000",-71.09486,42.367474,"16","No","","2026","Rental","DHCD","","CAMBRIDGE"
2538,"592","300 PROSPECT ST","CAMBRIDGE","25","17","352800","1005",-71.09865600000001,42.37267,"6","No","","2050","Rental","CAHT","","CAMBRIDGE"
2501,"566","218 CHESTNUT ST","CAMBRIDGE","25","17","353300","3003",-71.112495,42.35875,"10","No","","2039","Rental","DHCD","","CAMBRIDGE"
2125,"375","105-115 FIFTH ST","CAMBRIDGE","25","17","352300","1005",-71.083534,42.369812,"6","No","","2048","Rental","HUD","","CAMBRIDGE"
2463,"541","2050 MASS AVE","CAMBRIDGE","","","","",,,"51","No","","Perp","Rental","DHCD","","CAMBRIDGE"
2022,"355","51 NORFOLK ST","CAMBRIDGE","25","17","353000","2003",-71.100914,42.36575,"32","No","","TBD*","Rental","MassHousing","","CAMBRIDGE"
2440,"513","30-50 CHURCHILL AVE","CAMBRIDGE","25","17","355000","2005",-71.132454,42.400467,"198","No","","Perp","Rental","HUD","","CAMBRIDGE"
2233,"3952","12 SCOUTING WAY","CAMBRIDGE","25","17","353000","2001",-71.10066,42.368965,"13","No","","2054","Rental","DHCD","","CAMBRIDGE"
2161,"381","6 ASHTON PL","CAMBRIDGE","25","17","353700","2002",-71.11093,42.376125,"6","No","","2051","Rental","HUD","","CAMBRIDGE"
2171,"382","122 BERKSHIRE ST","CAMBRIDGE","25","17","352600","2012",-71.090164,42.37151,"6","No","","2039","Rental","HUD","","CAMBRIDGE"
2457,"534","14 ROOSEVELT TOWERS","CAMBRIDGE","","","","",,,"75","No","","Perp","Rental","DHCD","","CAMBRIDGE"
2114,"373","165 WESTERN AVE","CAMBRIDGE","","","","",,,"9","No","","2047","Rental","DHCD","","CAMBRIDGE"
2235,"3952","148 PROSPECT ST","CAMBRIDGE","25","17","353000","2001",-71.10129000000001,42.36893,"13","No","","2054","Rental","DHCD","","CAMBRIDGE"
2447,"523","15 LAMBERT ST","CAMBRIDGE","25","17","352200","1001",-71.0866,42.372826,"301","No","","Perp","Rental","HUD","","CAMBRIDGE"
2526,"581","109 PINE ST","CAMBRIDGE","25","17","352500","2007",-71.097725,42.365784,"5","No","","2093","Rental","DHCD","","CAMBRIDGE"
2520,"577","161 HAMPSHIRE ST","CAMBRIDGE","25","17","352800","1007",-71.09838999999999,42.371723,"0","No","","","Rental","DHCD","","CAMBRIDGE"
2496,"564","51 COLUMBIA ST","CAMBRIDGE","25","17","353101","1007",-71.09916,42.364758,"9","No","","2110","Rental","DHCD","","CAMBRIDGE"
2021,"355"," 70 AUSTIN ST","CAMBRIDGE","25","17","353000","1007",-71.103966,42.367363,"32","No","","TBD*","Rental","MassHousing","","CAMBRIDGE"
2499,"566"," 220 CHESTNUT ST","CAMBRIDGE","25","17","353300","3003",-71.11256,42.358784,"10","No","","2039","Rental","DHCD","","CAMBRIDGE"
2061,"360"," 155 ALLSTON ST","CAMBRIDGE","25","17","353200","1001",-71.10809999999999,42.358597,"9","No","","2093","Rental","DHCD","","CAMBRIDGE"
2086,"366"," 10 BOARDMAN ST","CAMBRIDGE","25","17","352500","2001",-71.09674,42.366997,"20","No","","perp","Rental","DHCD","","CAMBRIDGE"
2491,"563","55-57 COLUMBIA ST/ 1-11 COLUMBIA TERR","CAMBRIDGE","","","","",,,"42","No","","perp","Rental","MassHousing","","CAMBRIDGE"
2020,"355"," 62 NORFOLK ST","CAMBRIDGE","25","17","353101","1007",-71.10095,42.365665,"32","No","","TBD*","Rental","MassHousing","","CAMBRIDGE"
2461,"539","116 NORFOLK ST","CAMBRIDGE","25","17","352500","2011",-71.10008999999999,42.36693,"37","No","","Perp","Rental","DHCD","","CAMBRIDGE"
2090,"366","8-12, 17 BOARDMAN","CAMBRIDGE","","","","",,,"20","No","","perp","Rental","MHP","","CAMBRIDGE"
2509,"569","43 CLIFTON ST","CAMBRIDGE","25","17","354902","2012",-71.13625999999999,42.39481,"8","No","","2050","Rental","DHCD","","CAMBRIDGE"
1988,"351","19 MARKET ST","CAMBRIDGE","25","17","352400","1000",-71.09471000000001,42.367363,"16","No","","2026","Rental","DHCD","","CAMBRIDGE"
2459,"537","45 LINNAEAN ST","CAMBRIDGE","25","17","354000","2000",-71.12379,42.383404,"24","No","","Perp","Rental","DHCD","","CAMBRIDGE"
2479,"556"," 140-150 FRANKLIN ST","CAMBRIDGE","25","17","353200","4000",-71.10226,42.36275,"60","No","","Perp","Rental","DHCD","","CAMBRIDGE"
2465,"547","42 WILLOW ST","CAMBRIDGE","25","17","352600","2003",-71.09271,42.371002,"15","No","","Perp","Rental","DHCD","","CAMBRIDGE"
2450,"526","8 MILDRED HAMILTON PL","CAMBRIDGE","25","17","359400","1005",-71.11108,42.363155,"32","No","","Perp","Rental","HUD","","CAMBRIDGE"
2467,"547","46 WILLOW ST","CAMBRIDGE","25","17","352600","2003",-71.09267,42.371082,"15","No","","Perp","Rental","DHCD","","CAMBRIDGE"
2470,"547","52 WILLOW ST","CAMBRIDGE","25","17","352600","2003",-71.0926,42.3712,"15","No","","Perp","Rental","DHCD","","CAMBRIDGE"
2466,"547","44 WILLOW ST","CAMBRIDGE","25","17","352600","2003",-71.09269,42.37104,"15","No","","Perp","Rental","DHCD","","CAMBRIDGE"
2458,"535","3 WOODROW WILSON CT","CAMBRIDGE","25","17","353300","2001",-71.10980000000001,42.36186,"69","No","","Perp","Rental","DHCD","","CAMBRIDGE"
2482,"556","68-70 BROOKLINE ST, 140-150 FRANKLIN ST","CAMBRIDGE","25","17","353200","4000",-71.10287,42.36239,"60","No","","Perp","Rental","DHCD","","CAMBRIDGE"
2451,"528","25 8TH ST","CAMBRIDGE","25","17","352200","1011",-71.08638999999999,42.370754,"60","No","","Perp","Rental","HUD","","CAMBRIDGE"
2102,"370","104 SHERMAN ST","CAMBRIDGE","25","17","354602","1001",-71.13262,42.38914,"240","No","","Perp","Rental","MassHousing","","CAMBRIDGE"
2443,"518","1 JACKSON PL","CAMBRIDGE","25","17","354902","4000",-71.13517,42.39352,"175","No","","Perp","Rental","HUD","","CAMBRIDGE"
2174,"383","54 BERSKHIRE ST","CAMBRIDGE","25","17","352600","1004",-71.091194,42.36976,"5","No","","Perp","Rental","DHCD/ HUD","","CAMBRIDGE"
2134,"376"," 461 CAMBRDIGE ST","CAMBRIDGE","","","","",,,"5","No","","Perp","Rental","DHCD","","CAMBRIDGE"
2080,"362","264 PUTNAME AVE","CAMBRIDGE","25","17","359400","1005",-71.11365499999999,42.362984,"11","No","","2093","Rental","DHCD","","CAMBRIDGE"
2525,"581"," 111 PINE ST","CAMBRIDGE","25","17","352500","2007",-71.09772,42.365807,"5","No","","2093","Rental","FHLBB","","CAMBRIDGE"
2085,"364","402 RINDGE AVE","CAMBRIDGE","25","17","354902","3000",-71.13898500000001,42.393925,"274","No","","perp","Rental","HUD","","CAMBRIDGE"
2149,"378","157 ALLSTON ST","CAMBRIDGE","25","17","353200","1001",-71.10812,42.358612,"6","No","","2046","Rental","HUD","","CAMBRIDGE"
2487,"562","820 MASSACHUSETTS AVE","CAMBRIDGE","","","","",,,"136","No","","2023","Ownership","DHCD","","CAMBRIDGE"
2565,"621","157 PLEASANT ST","CAMBRIDGE","25","17","359400","2008",-71.11335,42.35963,"18","No","non-40b Local Action Units","Perp","Ownership","DHCD","","CAMBRIDGE"
2549,"607","226 NORFOLK ST","CAMBRIDGE","25","17","352500","1003",-71.098236,42.369816,"3","No","","Perp","Rental","HUD","","CAMBRIDGE"
2240,"3952","6 SCOUTING WAY","CAMBRIDGE","25","17","353000","2001",-71.10063,42.36902,"13","No","","2054","Rental","DHCD","","CAMBRIDGE"
2533,"588","65-69 COLUMBIA ST","CAMBRIDGE","25","17","353101","1007",-71.09898,42.365093,"6","No","","Perp","Ownership","DHCD/ HUD","","CAMBRIDGE"
2497,"565","122 MT AUBURN ST","CAMBRIDGE","25","17","353200","3001",-71.10363,42.362717,"50","No","","2063","Rental","MassDevelopment","","CAMBRIDGE"
2528,"583","65 CHILTON ST","CAMBRIDGE","25","17","354400","1005",-71.13791999999999,42.38303,"5","No","","2093","Rental","DHCD","","CAMBRIDGE"
2550,"608","24-26 CPL MCTERNAN","CAMBRIDGE","25","17","353300","2009",-71.10754,42.360813,"12","No","","2035","Ownership","DHCD","","CAMBRIDGE"
2540,"596","96-98 HAMPSHIRE ST","CAMBRIDGE","25","17","352500","1006",-71.09484999999999,42.36881,"6","No","","2045","Ownership","HUD","","CAMBRIDGE"
2220,"3931","217 WESTERN AVE","CAMBRIDGE","25","17","359400","3006",-71.11083000000001,42.364758,"6","Yes","","12/22/2053","Rental","DHCD","","CAMBRIDGE"
2563,"618","30 CAMBRDIGE PARK DR","CAMBRIDGE","25","17","354901","2001",-71.14297999999999,42.394638,"36","No","non-40b Local Action Units","Perp","Rental","DHCD","","CAMBRIDGE"
2566,"621","165 PLEASANT ST","CAMBRIDGE","25","17","359400","2008",-71.11377,42.35925,"18","No","non-40b Local Action Units","Perp","Ownership","DHCD","","CAMBRIDGE"
2534,"589","10 COLUMBUS AVE","CAMBRIDGE","25","17","355000","1003",-71.136055,42.400387,"3","No","","Perp","Rental","DHCD/ HUD","","CAMBRIDGE"
2236,"3952","150 PROSPECT ST","CAMBRIDGE","25","17","353000","2001",-71.10124,42.36899,"13","No","","2054","Rental","DHCD","","CAMBRIDGE"
3032,"9088","199-209 COLUMBIA ST","CAMBRIDGE","25","17","352500","1008",-71.097145,42.36826,"13","YES","","Perp","Ownership","DHCD"," 3/24/2006","CAMBRIDGE"
2186,"387"," 411 CARDINAL MEDEIROS","CAMBRIDGE","25","17","352600","2000",-71.0889,42.37136,"6","No","","2031","Rental","DHCD","","CAMBRIDGE"
2189,"389","1643 CAMBRIDGE ST","CAMBRIDGE","","","","",,,"1","No","","2050","Rental","DHCD","","CAMBRIDGE"
2135,"376","457 CAMBRIDGE ST","CAMBRIDGE","","","","",,,"5","No","","Perp","Rental","DHCD","","CAMBRIDGE"
2895,"8678","2393-2401 MASS AVE","CAMBRIDGE","","","","",-71.1299262393633,42.3974375511972,"37","NO","","perp","Mix","DHCD","","CAMBRIDGE"
2517,"575","360 RINDGE AVE","CAMBRIDGE","25","17","354902","3000",-71.13831,42.393867,"504","No","","2020","Rental","HUD","","CAMBRIDGE"
2531,"586"," 1-6 LINWOOD PL","CAMBRIDGE","25","17","352500","1007",-71.0966,42.36787,"45","No","","2032","Rental","DHCD","","CAMBRIDGE"
2529,"584","1221 INMAN ST","CAMBRIDGE","","","","",,,"125","No","","2031","Rental","MassHousing","","CAMBRIDGE"
2894,"8678"," 2-8 CAMERON AVE","CAMBRIDGE","","","","",-71.1299262393633,42.3974375511972,"37","NO","","perp","Mix","MassHousing","","CAMBRIDGE"
2483,"558","237-255 GARDEN ST","CAMBRIDGE","25","17","354602","3003",-71.1352,42.3866,"154","No","","2035*","Rental","MassHousing","","CAMBRIDGE"
2241,"3952","8 SCOUTING WAY","CAMBRIDGE","25","17","353000","2001",-71.10064,42.369,"13","No","","2054","Rental","DHCD","","CAMBRIDGE"
2188,"387","409 CARDINAL MEDEIROS","CAMBRIDGE","25","17","352600","2000",-71.088905,42.371346,"6","No","","2031","Rental","DHCD","","CAMBRIDGE"
2238,"3952","154 PROSPECT ST","CAMBRIDGE","25","17","353000","2001",-71.10115,42.36911,"13","No","","2054","Rental","DHCD","","CAMBRIDGE"
2185,"386","803-815 CAMBRIDGE ST","CAMBRIDGE","25","17","352700","2006",-71.09023000000001,42.37236,"14","Yes","","2050","Rental","DHCD","","CAMBRIDGE"
2207,"3913","8 LANCAST ST","CAMBRIDGE","","","","",,,"65","No","","2054","Rental","DHCD","","CAMBRIDGE"
2506,"567","8-12 MAGAZINE STREET/255 FRANKLIN ST","CAMBRIDGE","","","","",-71.10469723278391,42.3644745682041,"85","Yes","","perp","Rental","DHCD","","CAMBRIDGE"
2477,"552","901 MASS AVE","CAMBRIDGE","","","","",,,"9","No","","2023","Rental","HUD","","CAMBRIDGE"
2518,"575","362 RINDGE AVE","CAMBRIDGE","25","17","354902","3000",-71.138374,42.39387,"504","No","","2020","Rental","HUD","","CAMBRIDGE"
2564,"620","632 MASSACHUSETTS AVE","CAMBRIDGE","","","","",,,"11","No","non-40b Local Action Units","Perp","Rental","DHCD","","CAMBRIDGE"
1975,"350","77 MAGAZINE ST","CAMBRIDGE","25","17","353300","2000",-71.10856,42.3614,"11","No","","2032","Rental","HUD","","CAMBRIDGE"
2446,"522","150 ERIE ST","CAMBRIDGE","25","17","353200","1000",-71.10701,42.35965,"180","No","","Perp","Rental","HUD","","CAMBRIDGE"
2473,"548","125 PORTLAND ST","CAMBRIDGE","25","17","352400","1011",-71.09247999999999,42.36513,"6","No","","Perp","Ownership","DHCD","","CAMBRIDGE"
2448,"524","131 WASHINGTON ST","CAMBRIDGE","25","17","352400","1015",-71.09507000000001,42.36462,"268","No","","Perp","Rental","HUD","","CAMBRIDGE"
2508,"569"," 45 CLIFTON ST","CAMBRIDGE","25","17","354902","2012",-71.13625999999999,42.394855,"8","No","","2050","Rental","DHCD","","CAMBRIDGE"
2206,"3913"," 10 LANCASTER ST","CAMBRIDGE","25","17","354500","1004",-71.12017,42.385597,"65","No","","2054","Rental","DHCD","","CAMBRIDGE"
2098,"369","243 BROADWAY","CAMBRIDGE","25","17","352500","1007",-71.0955,42.367146,"61","No","","2038*","Rental","MassHousing","","CAMBRIDGE"
2516,"573","210 OTIS ST","CAMBRIDGE","25","17","352200","1010",-71.08759999999999,42.37129,"12","No","","2038","Rental","DHCD","","CAMBRIDGE"
2920,"8708","1 MARCELLA ST","CAMBRIDGE","25","17","352600","2000",-71.089066,42.371246,"16","NO","","2056","Rental","DHCD","","CAMBRIDGE"
2453,"531","8 JACKSON GARDENS","CAMBRIDGE","25","17","353000","1000",-71.102425,42.36862,"46","No","","Perp","Rental","DHCD","","CAMBRIDGE"
2567,"621","173 PLEASANT ST","CAMBRIDGE","25","17","359400","2008",-71.114136,42.359085,"18","No","non-40b Local Action Units","Perp","Ownership","DHCD","","CAMBRIDGE"
2485,"560","411 FRANKLIN ST","CAMBRIDGE","25","17","359400","4000",-71.10902,42.36677,"123","No","","2061","Rental","HUD","","CAMBRIDGE"
2449,"525","81 CLIFTON ST","CAMBRIDGE","25","17","354902","2011",-71.13629,42.39587,"20","No","","Perp","Rental","HUD","","CAMBRIDGE"
2063,"360","151 ALLSTON ST","CAMBRIDGE","25","17","353200","1001",-71.10805000000001,42.358562,"9","No","","2093","Rental","DHCD","","CAMBRIDGE"
2239,"3952","156 PROSPECT ST","CAMBRIDGE","25","17","353000","2001",-71.101105,42.36917,"13","No","","2054","Rental","DHCD","","CAMBRIDGE"
2224,"3942","265 RINDGE AVE","CAMBRIDGE","25","17","354902","2013",-71.13482,42.393597,"10","No","","2053","Rental","DHCD","","CAMBRIDGE"
2545,"603","10 LAUREL ST","CAMBRIDGE","25","17","359400","2002",-71.11024,42.362526,"6","No","","2038","Ownership","DHCD/ HUD","","CAMBRIDGE"
2462,"540","86 OTIS ST","CAMBRIDGE","25","17","352102","2011",-71.0819,42.37056,"33","No","","Perp","Rental","DHCD","","CAMBRIDGE"
2472,"547","56 WILLOW ST","CAMBRIDGE","25","17","352600","2003",-71.09255,42.37128,"15","No","","Perp","Rental","DHCD","","CAMBRIDGE"
2558,"613","PO BOX 390672","CAMBRIDGE","","","","",-71.1042356089997,42.3667915201862,"3","No","","2051","Rental","DHCD","","CAMBRIDGE"
2091,"367","26 YORK ST","CAMBRIDGE","25","17","352600","2008",-71.092224,42.369667,"32","No","","2091","Rental","DHCD","","CAMBRIDGE"
2618,"6699","1 WINDSOW VILLAGE","CANTON","","","","",-71.105114930296,42.1458461754154,"159","Yes","","2035","Rental","MassHousing"," 8/13/2004","CANTON"
2588,"641","101 RANDOLPH ST","CANTON","25","21","415202","1000",-71.11518,42.181065,"98","Yes","","Perp","Rental","DHCD","","CANTON"
2808,"7916","* DAVENPORT AVE","CANTON","","","","",,,"7","NO","non-40b Local Action Units","perp","Ownership","DHCD","","CANTON"
2580,"636","660 WASHINGTON ST","CANTON","25","21","415103","1012",-71.14552999999999,42.15524,"58","No","","Perp","Rental","DHCD","","CANTON"
2585,"638","1-12 BRAYTON CR","CANTON","25","21","415202","1009",-71.12642,42.177124,"12","No","","Perp","Rental","DHCD","","CANTON"
375,"10468","1 REVOLUTION WAY","CANTON","","","","",,,"3","NO","non-40b Local Action Units","Perp","Ownership","DHCD","","CANTON"
2617,"6699"," 2 WINDSOR VILLAGE","CANTON","","","","",-71.105114930296,42.1458461754154,"159","Yes","","2035","Rental","MassHousing"," 8/13/2004","CANTON"
2578,"635","NEWELL HAGEN CT","CANTON","","","","",-71.1479203398935,42.1440486652687,"72","No","","Perp","Rental","DHCD","","CANTON"
2584,"637","RUBIN CT","CANTON","","","","",-71.15438927134601,42.1444890437515,"74","No","","Perp","Rental","DHCD","","CANTON"
2586,"640","833 WASHINGTON ST","CANTON","25","21","415101","1013",-71.1444,42.1598,"5","Yes","","Perp","Rental","DHCD","","CANTON"
2592,"644","1 STAGECOACH RD","CANTON","25","21","415201","2017",-71.10398000000001,42.14688,"81","No","","2032","Rental","MassHousing","","CANTON"
3041,"9104","25 STAGECOACH RD","CANTON","25","21","415201","2017",-71.10393500000001,42.14688,"14","YES","comp permits sheet","Perp?","Ownership","FHLBB","10/13/1998","CANTON"
2576,"634","60-86 PEQUIT ST","CANTON","25","21","415101","1000",-71.14065600000001,42.160553,"26","No","","Perp","Rental","DHCD","","CANTON"
2591,"643","1 WILL DR","CANTON","25","21","415103","3000",-71.12058,42.146946,"56","Yes","","2030","Rental","MassHousing","","CANTON"
3238,"9621","OFF RANDOLPH ST","CANTON","","","","",-71.0843696678384,42.1839145008496,"196","YES","","2109","Rental","DHCD"," 9/20/2005","CANTON"
2306,"4080","302 LOWELL ST","CARLISLE","25","17","362100","1016",-71.34963999999999,42.53728,"2","Yes","comp permits sheet","Perp","Ownership","FHLBB","10/20/2003","CARLISLE"
3091,"9285","OFF SOUTH ST","CARLISLE","","","","",-71.38099091907441,42.5107159966553,"26","YES","","Perp*","Rental","DHCD"," 7/16/2010","CARLISLE"
2593,"645","145 CHURCH ST","CARLISLE","25","17","362100","2000",-71.34650999999999,42.527046,"18","No","","2020*","Rental","RHS","","CARLISLE"
2680,"710"," 79 SHAWMUT ST","CHELSEA","25","25","160103","1004",-71.03367,42.38944,"9","No","","Perp*","Mix","DHCD","","CHELSEA"
2659,"700","272 BROADWAY","CHELSEA","25","25","160400","1004",-71.03722999999999,42.391014,"71","No","","2021","Rental","MassHousing","","CHELSEA"
2655,"696"," 857 BROADWAY","CHELSEA","25","25","160502","4005",-71.02343999999999,42.398815,"120","Yes","","2029","Rental","MassHousing","","CHELSEA"
2674,"706","227 BROADWAY","CHELSEA","25","25","160200","4008",-71.0382450856041,42.3902132710261,"9","No","","2033*","Rental","MassHousing","","CHELSEA"
2668,"703"," 199 CHESTNUT ST","CHELSEA","25","25","160400","4005",-71.03655999999999,42.39251,"43","No","","2095","Rental","MHP","","CHELSEA"
2688,"714","156 SHAWMUT ST","CHELSEA","25","25","160200","1006",-71.03257000000001,42.391727,"9","No","","2032","Mix","MassDevelopment","","CHELSEA"
2646,"683","14 BLOOMINGDALE ST","CHELSEA","25","25","160501","4000",-71.03181499999999,42.397995,"210","No","","Perp","Rental","DHCD","","CHELSEA"
2682,"710","29 CHESTER AVE; 77-79 SHAWMUT ST","CHELSEA","25","25","160200","1005",-71.03335,42.391315,"9","No","","Perp*","Mix","DHCD","","CHELSEA"
2653,"693","466 BROADWAY","CHELSEA","25","25","160400","4006",-71.03467999999999,42.392464,"17","No","","02/12/2029","Rental","DHCD","","CHELSEA"
2691,"715"," 56 SHURTLEFF ST","CHELSEA","25","25","160200","3000",-71.03533,42.389023,"11","No","","2032","Rental","DHCD","","CHELSEA"
2670,"703","155,199 CHESTNUT ST, 31-33","CHELSEA","","","","",,,"43","No","","2095","Rental","DHCD","","CHELSEA"
2657,"697"," 13 SCHOOL ST","CHELSEA","25","25","160300","1002",-71.0402,42.388744,"8","No","","2034*","Rental","MassHousing","","CHELSEA"
2681,"710","29 CHESTER AVE","CHELSEA","25","25","160200","1005",-71.03335,42.391315,"9","No","","Perp*","Mix","DHCD","","CHELSEA"
2663,"702","5 ADMIRALS WAY","CHELSEA","25","25","160300","2002",-71.04600000000001,42.390152,"161","No","","2032*","Rental","MassHousing","","CHELSEA"
2636,"680","1-4 PKWY","CHELSEA","25","25","160601","3000",-71.02672,42.404106,"108","No","","Perp","Rental","HUD","","CHELSEA"
2686,"714"," 233 CHESTNUT ST","CHELSEA","25","25","160400","4005",-71.0356,42.393063,"9","No","","2032","Mix","MassDevelopment","","CHELSEA"
3448,"9949","21 & 27 GERRISH AVENUE, 181 HIGHLAND STREET, MARLBORO ST","CHELSEA","","","","",-71.0299703826097,42.3939973793054,"41","NO","","2107","Rental","MHP"," 2/22/2006","CHELSEA"
2689,"714","156 SHAWMUT ST, 233 CHESTNUT ST, 47 WASHINGTON ST","CHELSEA","25","25","160200","1006",-71.03257000000001,42.391727,"9","No","","2032","Mix","DHCD","","CHELSEA"
2635,"679","260 CLARK AVE","CHELSEA","25","25","160601","2001",-71.02106999999999,42.401913,"152","Yes","","Perp","Rental","HUD","","CHELSEA"
3438,"9934","22 GERRISH AVE","CHELSEA","25","25","160102","1000",-71.03033000000001,42.394203,"50","NO","","Perp","Rental","DHCD"," 9/26/2012","CHELSEA"
2672,"705","150 CAPTAINS ROW","CHELSEA","25","25","160300","2002",-71.04439000000001,42.388973,"100","No","","2026","Rental","HUD","","CHELSEA"
2658,"698","10 FORSYTH ST","CHELSEA","25","25","160501","5001",-71.03073999999999,42.39835,"108","Yes","","2054","Rental","HUD","","CHELSEA"
2652,"691","100 BELLINGHAM ST","CHELSEA","25","25","160102","4001",-71.02898,42.39142,"60","No","","2040","Rental","DHCD","","CHELSEA"
2649,"690","COMMANDANT'S WAY & CAPTAIN'S ROW","CHELSEA","25","25","160300","2003",-71.0484851496083,42.3911235768083,"87","No","","2032","Rental","DHCD","","CHELSEA"
3424,"9914","47-55 GERRISH AVE","CHELSEA","25","25","160102","1001",-71.02970999999999,42.393932,"32","NO","","Perp","Rental","NSC","","CHELSEA"
3447,"9949"," 27 GERRISH AVE","CHELSEA","25","25","160102","1001",-71.0299703826097,42.3939973793054,"41","NO","","2107","Rental","HUD"," 2/22/2006","CHELSEA"
397,"10498","242 SPENCER AVE","CHELSEA","25","25","160502","4003",-71.02029,42.400414,"34","NO","","2068","Rental","DHCD","","CHELSEA"
2673,"706"," 201WINNISIMMET","CHELSEA","","","","",-71.0382450856041,42.3902132710261,"9","No","","2033*","Rental","MassHousing","","CHELSEA"
2675,"707","30-38 GROVE ST","CHELSEA","25","25","160102","2002",-71.03167000000001,42.392735,"12","No","","2032","Rental","MassDevelopment","","CHELSEA"
2669,"703","155 CHESTNUT ST","CHELSEA","25","25","160400","1003",-71.03819,42.391582,"43","No","","2095","Rental","DHCD","","CHELSEA"
3439,"9935","113 SPENCER AVE","CHELSEA","25","25","160502","5003",-71.02406999999999,42.39757,"48","NO","","2108","Rental","DHCD","","CHELSEA"
2679,"710"," 77 SHAWMUT ST","CHELSEA","25","25","160103","1004",-71.03368,42.3894,"9","No","","Perp*","Mix","DHCD","","CHELSEA"
2695,"715","90 SHAWMUT, 18 WATTS ST, 52-56 SHURTLEFF ST","CHELSEA","","","","",,,"11","No","","2032","Rental","MassDevelopment","","CHELSEA"
2693,"715","54 SHURTLEFF ST","CHELSEA","25","25","160200","3000",-71.03546,42.38884,"11","No","","2032","Rental","MassDevelopment","","CHELSEA"
2687,"714"," 47 WASHINGTON ST","CHELSEA","25","25","160400","4000",-71.03344,42.394485,"9","No","","2032","Mix","DHCD","","CHELSEA"
2684,"712","128 COTTAGE ST","CHELSEA","25","25","160102","4002",-71.027756,42.39036,"17","No","","2032","Rental","HUD","","CHELSEA"
2690,"715"," 52 SHURTLEFF ST","CHELSEA","25","25","160200","3000",-71.0356,42.388657,"11","No","","2032","Rental","MassDevelopment","","CHELSEA"
2692,"715","18 WATTS ST","CHELSEA","25","25","160103","1002",-71.03068,42.38981,"11","No","","2032","Rental","DHCD","","CHELSEA"
2654,"695","585-593 BROADWAY","CHELSEA","25","25","160102","1001",-71.03175,42.394096,"24","No","","09/19/2020","Rental","MHP","","CHELSEA"
3440,"9936","215 SPENCER AVE","CHELSEA","25","25","160502","4007",-71.02137999999999,42.399437,"32","NO","","Perp","Rental","MassHousing","","CHELSEA"
2671,"704","COMMANDANT'S WAY AND ADMIRAL'S HILL","CHELSEA","","","","",-71.0447824602164,42.391212377098,"69","No","","perp","Rental","MassHousing","","CHELSEA"
2656,"696","853 BROADWAY","CHELSEA","25","25","160502","1004",-71.02375000000001,42.39864,"120","Yes","","2029","Rental","HUD","","CHELSEA"
3446,"9949"," 181 HIGHLAND ST","CHELSEA","","","","",-71.0299703826097,42.3939973793054,"41","NO","","2107","Rental","DHCD"," 2/22/2006","CHELSEA"
2677,"708","95 PEARL ST","CHELSEA","25","25","160200","4005",-71.037766,42.38934,"8","No","","2020*","Rental","HUD","","CHELSEA"
2683,"711","269 WASHINGTON AVE","CHELSEA","25","25","160601","4004",-71.03369000000001,42.40069,"28","No","","2024","Rental","HUD","","CHELSEA"
2631,"678"," 1-3 MILL","CHELSEA","25","25","160502","3000",-71.01314499999999,42.401382,"96","No","","Perp","Rental","HUD","","CHELSEA"
2694,"715","90 SHAWMUT","CHELSEA","","","","",,,"11","No","","2032","Rental","DHCD","","CHELSEA"
2639,"682","CENTRAL AVE","CHELSEA","","","","",-71.0270325892146,42.3887348166207,"96","No","","Perp","Rental","DHCD","","CHELSEA"
2697,"716","145 PEARL ST","CHELSEA","25","25","160200","2002",-71.03612,42.390533,"80","No","","2033*","Rental","HUD","","CHELSEA"
2632,"678"," 449 CRESCENT ST","CHELSEA","25","25","160502","3000",-71.01372499999999,42.401108,"96","No","","Perp","Rental","HUD","","CHELSEA"
2633,"678","1-4 CLINTON","CHELSEA","","","","",,,"96","No","","Perp","Rental","HUD","","CHELSEA"
2661,"701","210 BROADWAY","CHELSEA","25","25","160400","1006",-71.0386,42.390263,"6","No","","2093","Rental","DHCD","","CHELSEA"
3449,"9949","21GERRISH AVE","CHELSEA","","","","",-71.0299703826097,42.3939973793054,"41","NO","","2107","Rental","DHCD"," 2/22/2006","CHELSEA"
3124,"9390","155 KING ST","COHASSET","25","21","423102","2000",-70.82571,42.23744,"220","YES","comp permits sheet","Perp","Rental","DHCD","  6/1/2010","COHASSET"
2781,"788","74 ELM ST","COHASSET","25","21","423101","1005",-70.79755400000001,42.240536,"8","No","","Perp","Rental","DHCD","","COHASSET"
2778,"787","60 ELM ST","COHASSET","25","21","423101","1005",-70.79795,42.240536,"64","No","","Perp","Rental","DHCD","","COHASSET"
2787,"789","72 ELM ST","COHASSET","25","21","423101","1005",-70.79761499999999,42.240536,"4","No","","Perp","Rental","DHCD","","COHASSET"
3092,"9290","132 CHIEF JUSTICE CUSHING HWY","COHASSET","","","","",,,"2","NO","","Perp","Rental","DHCD","","COHASSET"
2813,"793","34 EVERETT ST","CONCORD","25","17","361300","2012",-71.34762000000001,42.45666,"20","No","","Perp","Rental","DHCD","","CONCORD"
2830,"800","22 WEST ST","CONCORD","25","17","361200","2007",-71.39749999999999,42.453583,"20","No","","2037","Rental","HUD","","CONCORD"
3120,"9382","335 WALDEN ST","CONCORD","25","17","361300","3009",-71.34399000000001,42.453625,"5","NO","non-40b Local Action Units","Perp","Ownership","DHCD","","CONCORD"
3013,"9044","48 OLD POWDERMILL RD","CONCORD","25","17","361100","4004",-71.37627999999999,42.429356,"350","YES","","Perp","Rental","MassHousing"," 6/18/2008","CONCORD"
2827,"796","282 THOREAU ST","CONCORD","25","17","361100","5000",-71.35159,42.453594,"8","Yes","","Perp","Rental","DHCD","","CONCORD"
2373,"4784","ABBOTT LN","CONCORD","","","","",-71.3573663867342,42.4476522149298,"42","Yes","","2043","Rental","FHLBB","  9/8/2003","CONCORD"
3260,"9647","1257 ELM ST","CONCORD","25","17","361300","4015",-71.403595,42.471775,"2","YES","comp permits sheet","Perp","Ownership","DHCD"," 3/15/2013","CONCORD"
120,"10142","6X WINTHROP ST","CONCORD","25","17","361200","4002",-71.39722999999999,42.46026,"0","YES","","Perp","Rental","DHCD"," 5/12/2017","CONCORD"
2806,"791","267-279 WALDEN & GROVE ST","CONCORD","","","","",,,"7","Yes","","Perp","Rental","DHCD","","CONCORD"
2831,"802","58 STOW ST","CONCORD","25","17","361300","2016",-71.35196999999999,42.45778,"10","NO","","Various (earliest 2028)","Ownership","DHCD","","CONCORD"
2106,"3704","247 LAWS BROOK RD","CONCORD","25","17","361200","4019",-71.40563,42.458954,"80","Yes","comp permits sheet","Perp","Rental","FHLBB"," 1/10/2003","CONCORD"
3121,"9384","1273 ELM ST","CONCORD","25","17","361300","4015",-71.40411,42.47211,"2","YES","comp permits sheet","Perp","Ownership","MassHousing","","CONCORD"
3363,"9834","70 BEHARRELL ST","CONCORD","25","17","361200","4006",-71.39458500000001,42.457855,"8","NO","non-40b Local Action Units","Perp","Rental","DHCD","","CONCORD"
2372,"4782","145 POWDER MILL","CONCORD","25","17","361100","4018",-71.37945000000001,42.430325,"6","No","","Perp","Rental","HUD","","CONCORD"
2823,"795","115 STOW ST","CONCORD","25","17","361300","2012",-71.350296,42.456696,"28","Yes","","Perp","Rental","DHCD","","CONCORD"
3058,"9143","14 STRAWBERRY HILL RD","CONCORD","25","17","361300","4021",-71.37835,42.47345,"6","NO","non-40b Local Action Units","Perp","Ownership","DHCD","","CONCORD"
3119,"9381","409 OLD BEDFORD RD","CONCORD","","","","",,,"4","NO","non-40b Local Action Units","Perp","Rental","DHCD","","CONCORD"
2850,"822"," 21 SUMMER ST","DANVERS","25","9","211300","3012",-70.94787599999999,42.57488,"80","Yes","","Perp","Rental","MassHousing"," 11/7/1996","DANVERS"
2872,"8562","50 HATHORNE AVE","DANVERS","25","9","211401","3015",-70.97134,42.58312,"70","NO","","perp","Rental","LIP","","DANVERS"
2838,"814","80 MAPLE","DANVERS","","","","",,,"38","No","","Perp","Rental","DHCD","","DANVERS"
2258,"3978","CONANT ST","DANVERS","","","","",-70.9094927707239,42.5740975425212,"60","Yes","","Perp","Rental","MassHousing"," 5/25/2001","DANVERS"
3470,"9986","360 ANDOVER ST","DANVERS","25","9","211401","2012",-70.99048999999999,42.57149,"18","YES","comp permits sheet","Perp","Ownership","MassHousing","  7/2/2012","DANVERS"
2837,"813","11 RICE ST","DANVERS","25","9","211202","1013",-70.94481,42.56009,"62","No","","Perp","Rental","DHCD","","DANVERS"
3289,"9713","121 CONFIER HILL DR","DANVERS","25","9","211401","3010",-70.962654,42.585743,"48","NO","","2064","Rental","DHCD","","DANVERS"
2834,"810","14 STONE ST","DANVERS","25","9","211402","3014",-70.95639,42.562504,"40","No","","Perp","Rental","HUD","","DANVERS"
2847,"817","67 POPLAR ST","DANVERS","25","9","211202","2001",-70.93163,42.569035,"10","No","","Perp","Rental","DHCD","","DANVERS"
1518,"2706","2 ROGER RD","DANVERS","","","","",,,"4","No","","2031","Rental","EOHHS","","DANVERS"
2851,"822","9 SUMMER ST","DANVERS","25","9","211300","3012",-70.9473,42.574017,"80","Yes","","Perp","Rental","MassHousing"," 11/7/1996","DANVERS"
3290,"9714","121 CONIFER HILL DR","DANVERS","25","9","211401","3010",-70.962654,42.585743,"42","NO","","2064","Rental","MassHousing","","DANVERS"
2835,"811","1-36 RAND CR","DANVERS","","","","",-70.9638188995719,42.5882876572506,"36","No","","Perp","Rental","HUD","","DANVERS"
2839,"815","PERRY TR","DANVERS","","","","",-70.9257060577248,42.5552603615319,"25","No","","Perp","Rental","DHCD","","DANVERS"
2836,"812","110 COLLINS ST","DANVERS","25","9","211402","3021",-70.949524,42.552917,"8","No","","Perp","Rental","DHCD","","DANVERS"
2848,"819","10 WATER ST","DANVERS","25","9","211100","1001",-70.92449000000001,42.55508,"8","No","","Perp","Rental","DHCD","","DANVERS"
2647,"6831","150 ANDOVER ST","DANVERS","25","9","211402","2012",-70.97026,42.557743,"78","Yes","","perp","Rental","MassHousing","  8/1/2002","DANVERS"
2849,"821","11 PORTER ST","DANVERS","25","9","211201","1022",-70.93223,42.56338,"44","No","","2025*","Rental","HUD","","DANVERS"
2846,"816","95 HOLTEN ST","DANVERS","25","9","211402","3016",-70.94953,42.560493,"40","No","","Perp","Rental","DHCD","","DANVERS"
2852,"825","180 NEWBURY ST","DANVERS","","","","",,,"258","Yes","comp permits sheet","Perp","Rental","FHLBB"," 6/24/2002","DANVERS"
2857,"835","VETERANS ROAD/ OAKLAND","DEDHAM","","","","",-71.146660396782,42.2455422364166,"80","No","","Perp","Rental","DHCD","","DEDHAM"
2736,"7616","250 ELM ST","DEDHAM","25","21","402400","4022",-71.17725,42.22788,"285","Yes","comp permits sheet","perp","Rental","MassHousing","11/16/2005","DEDHAM"
2858,"836","PARKER STAPLES RD","DEDHAM","","","","",-71.17971019562241,42.2713957745295,"26","No","","Perp","Rental","DHCD","","DEDHAM"
2863,"842","735 WASHINGTON ST","DEDHAM","25","21","402500","1028",-71.1816,42.237747,"95","No","","2043","Rental","MassHousing","","DEDHAM"
2108,"3706","1000 PRESIDENTS WAY","DEDHAM","25","21","402400","4023",-71.17349,42.22781,"300","Yes","comp permits sheet","Perp","Rental","FHLBB"," 5/14/2003","DEDHAM"
2856,"834","HIGH ST & O'BRIEN WAY","DEDHAM","25","21","402102","2002",-71.1555765122912,42.2481823851143,"24","No","","Perp","Rental","HUD","","DEDHAM"
2859,"837","PARKWAY CT","DEDHAM","","","","",-71.1501931779482,42.2483110662187,"25","No","","Perp","Rental","DHCD","","DEDHAM"
2862,"840","29 HITCHENS DR","DEDHAM","25","21","402102","3013",-71.16101,42.25348,"8","No","","Perp","Rental","DHCD","","DEDHAM"
2107,"3705","989 EAST ST","DEDHAM","25","21","402300","3002",-71.16172,42.228825,"15","Yes","comp permits sheet","2102","Ownership","FHLBB"," 2/23/2002","DEDHAM"
2860,"838","DOGGETT CR","DEDHAM","","","","",-71.17649950711569,42.2645432652835,"80","No","","Perp","Rental","DHCD","","DEDHAM"
2861,"839","O'NEIL DR","DEDHAM","","","","",-71.16219500404431,42.2485126874896,"100","No","","Perp","Rental","DHCD","","DEDHAM"
3085,"9247","67 COUNTY ST","DOVER","25","21","405100","1027",-71.26436,42.20304,"1","YES","","Perp","Ownership","MassHousing"," 7/29/2010","DOVER"
2966,"884","30 TREMONT ST","DUXBURY","25","23","507104","3002",-70.72327,42.014168,"58","Yes","","2032*","Rental","MassHousing","","DUXBURY"
2954,"881","59 CHESTNUT ST","DUXBURY","25","23","507103","1014",-70.68628,42.024353,"52","Yes","","Perp","Rental","DHCD","","DUXBURY"
2959,"882","75 MERRY AVE","DUXBURY","25","23","507104","4003",-70.69552,42.048203,"8","No","","Perp","Rental","DHCD","","DUXBURY"
3005,"9033","100 LINCOL ST","DUXBURY","","","","",,,"5","YES","comp permits sheet","Perp","Ownership","MassHousing"," 1/13/2006","DUXBURY"
286,"10319","0 TEMPLE ST","DUXBURY","","","","",,,"3","YES","","Perp","Ownership","DHCD","11/22/2016","DUXBURY"
3169,"949","76 NORWOOD ST","EVERETT","25","17","342401","1001",-71.05861,42.407696,"28","No","","10/26/2026","Rental","DHCD","","EVERETT"
3157,"947","19 HANCOCK ST","EVERETT","25","17","342201","2007",-71.05213999999999,42.410908,"34","No","","11/18/2029","Rental","DHCD","","EVERETT"
3139,"942","381 FERRY ST","EVERETT","","","","",-71.0484594056875,42.4161943408313,"120","No","","Perp","Rental","DHCD","","EVERETT"
3189,"952","66 MAIN ST","EVERETT","25","17","342401","2010",-71.06129,42.403015,"77","No","","Perp","Rental","HUD","","EVERETT"
3184,"951","11-25 SUMMER ST","EVERETT","25","17","342501","1003",-71.05328,42.408707,"50","No","","2022","Rental","HUD","","EVERETT"
472,"1073","90 N CARL ANNON CT","FOXBORO","25","21","410100","5011",-71.25244000000001,42.073864,"64","No","","Perp","Rental","DHCD","","FOXBORO"
3079,"9214","30 CHESTNUT ST","FOXBORO","25","21","410100","5014",-71.25524,42.075222,"55","NO","non-40b Local Action Units","Perp","Rental","DHCD","","FOXBORO"
2909,"8688","56, 64, & 68 BAKER ST","FOXBORO","","","","",-71.2536665424022,42.0739637238065,"20","YES","","perp","Rental","DHCD"," 8/25/2005","FOXBORO"
471,"1072","41 CENTENNIAL CT","FOXBORO","25","21","410100","1010",-71.253075,42.062634,"40","No","","Perp","Rental","DHCD","","FOXBORO"
3437,"9932","10 FISHER ST","FOXBORO","25","21","410300","2010",-71.24142000000001,42.038177,"248","YES","comp permits sheet","Perp","Rental","MassHousing"," 9/17/2015","FOXBORO"
160,"10194","1 ROSELAND ST","FOXBORO","","","","",,,"9","YES","comp permits sheet","Perp","Ownership","MassHousing"," 9/24/2010","FOXBORO"
474,"1076","1-12 WALNUT TR","FOXBORO","","","","",-71.24312168346189,42.0487979829543,"12","No","","Perp","Rental","DHCD","","FOXBORO"
2595,"6474","84 COCASSET PL","FOXBORO","25","21","410400","3008",-71.23842,42.064133,"2","Yes","","perp","Ownership","MassHousing","11/24/2003","FOXBORO"
473,"1074","65-67 WALNUT ST","FOXBORO","25","21","410100","3001",-71.24396,42.049053,"8","No","","Perp","Rental","DHCD","","FOXBORO"
475,"1078","90 CARL ANNON CT","FOXBORO","25","21","410100","5011",-71.25244000000001,42.073864,"64","No","","2020*","Rental","HUD","","FOXBORO"
2907,"8688"," 68 BAKER ST","FOXBORO","25","21","410100","5013",-71.2536665424022,42.0739637238065,"20","YES","","perp","Rental","DHCD"," 8/25/2005","FOXBORO"
3004,"9031","400 FOXBOROUGH BLVD","FOXBORO","","","","",-71.23699738465589,42.0475843754916,"250","YES","","Perp","Rental","MassHousing","11/18/2004","FOXBORO"
2908,"8688","56 BAKER ST","FOXBORO","25","21","410100","5013",-71.2536665424022,42.0739637238065,"20","YES","","perp","Rental","MassHousing"," 8/25/2005","FOXBORO"
2906,"8688"," 64 BAKER ST","FOXBORO","25","21","410100","5013",-71.2536665424022,42.0739637238065,"20","YES","","perp","Rental","MassHousing"," 8/25/2005","FOXBORO"
159,"10193","8 COMMUNITY WAY","FOXBORO","25","21","410300","1008",-71.20359999999999,42.062447,"5","YES","","Perp","Ownership",""," 4/17/2015","FOXBORO"
524,"1117","48 IRVING ST","FRAMINGHAM","25","17","383101","1003",-71.41630000000001,42.275913,"53","Yes","","perp","Rental","HUD","","FRAMINGHAM"
523,"1117","46 IRVING ST","FRAMINGHAM","25","17","383101","1003",-71.41631,42.275925,"53","Yes","","perp","Rental","HUD","","FRAMINGHAM"
538,"1117","78 IRVING ST","FRAMINGHAM","25","17","383101","1003",-71.41607999999999,42.27578,"53","Yes","","perp","Rental","HUD","","FRAMINGHAM"
517,"1112","15 SECOND ST","FRAMINGHAM","25","17","383102","2002",-71.3989,42.279438,"44","No","","2033","Rental","DHCD","","FRAMINGHAM"
535,"1117","72 IRVING ST","FRAMINGHAM","25","17","383101","1003",-71.41612000000001,42.275806,"53","Yes","","perp","Rental","HUD","","FRAMINGHAM"
529,"1117","60 IRVING ST","FRAMINGHAM","25","17","383101","1003",-71.41621000000001,42.27586,"53","Yes","","perp","Rental","HUD","","FRAMINGHAM"
508,"1107","136 HOLLIS ST","FRAMINGHAM","25","17","383101","2007",-71.41799,42.27429,"111","Yes","","2034*","Rental","MassHousing","","FRAMINGHAM"
493,"1090","40 TEMPLE PL","FRAMINGHAM","25","17","384004","1011",-71.44947000000001,42.299225,"8","No","","Perp","Rental","DHCD","","FRAMINGHAM"
510,"1108","90 IRVING ST","FRAMINGHAM","25","17","383101","1009",-71.41576999999999,42.27559,"16","No","","2032","Rental","FHLBB","","FRAMINGHAM"
531,"1117","64 IRVING ST","FRAMINGHAM","25","17","383101","1003",-71.41618,42.275845,"53","Yes","","perp","Rental","HUD","","FRAMINGHAM"
497,"1098","HOLLIS ST","FRAMINGHAM","","","","",-71.41709864565701,42.2760838483867,"4","No","","2027","Rental","EOHHS","","FRAMINGHAM"
2961,"8831","76 CLARK ST","FRAMINGHAM","25","17","383402","2013",-71.41208,42.28145,"8","NO","","2057","Rental","DHCD","","FRAMINGHAM"
506,"1106"," 50-52 HIGHLAND ST","FRAMINGHAM","25","17","383200","1003",-71.42055000000001,42.273598,"6","No","","2028","Rental","HUD","","FRAMINGHAM"
509,"1108"," 92 IRVING ST","FRAMINGHAM","25","17","383101","1009",-71.41573,42.27556,"16","No","","2032","Rental","DHCD","","FRAMINGHAM"
487,"1085","29-54 ARSENAL RD","FRAMINGHAM","25","17","383501","2012",-71.41096,42.293255,"80","No","","Perp","Rental","DHCD","","FRAMINGHAM"
478,"1081"," 3-25 ARSENAL RD","FRAMINGHAM","","","","",,,"110","No","","Perp","Rental","DHCD","","FRAMINGHAM"
525,"1117","50 IRVING ST","FRAMINGHAM","25","17","383101","1003",-71.41628,42.275906,"53","Yes","","perp","Rental","HUD","","FRAMINGHAM"
501,"1100","BEAVER PARK RD","FRAMINGHAM","","","","",-71.40025875342189,42.276682187086,"58","No","","perp","Rental","DHCD","","FRAMINGHAM"
537,"1117","76 IRVING ST","FRAMINGHAM","25","17","383101","1003",-71.41609,42.27579,"53","Yes","","perp","Rental","HUD","","FRAMINGHAM"
496,"1096","2 PINE PL","FRAMINGHAM","","","","",-71.41944807904309,42.2722892657442,"11","No","","2026*","Rental","HUD","","FRAMINGHAM"
528,"1117","58 IRVING ST","FRAMINGHAM","25","17","383101","1003",-71.41622,42.27587,"53","Yes","","perp","Rental","HUD","","FRAMINGHAM"
539,"1117","80 IRVING ST","FRAMINGHAM","25","17","383101","1003",-71.41606,42.275772,"53","Yes","","perp","Rental","HUD","","FRAMINGHAM"
484,"1083","2-12 ORAN RD","FRAMINGHAM","25","17","383501","2013",-71.40907,42.294914,"25","No","","Perp","Rental","DHCD","","FRAMINGHAM"
479,"1081"," 554-596 CONCORD ST","FRAMINGHAM","25","17","383501","2010",-71.4093,42.291695,"110","No","","Perp","Rental","DHCD","","FRAMINGHAM"
536,"1117","74 IRVING ST","FRAMINGHAM","25","17","383101","1003",-71.41611,42.2758,"53","Yes","","perp","Rental","HUD","","FRAMINGHAM"
504,"1104","15 EDMANDS RD","FRAMINGHAM","25","17","383904","4007",-71.4365,42.32879,"190","No","","2033*","Rental","MassHousing","","FRAMINGHAM"
511,"1109","73 IRVING ST","FRAMINGHAM","25","17","383101","1010",-71.41609,42.275772,"46","Yes","","perp","Rental","HUD","","FRAMINGHAM"
505,"1105","40 EVERGREEN ST","FRAMINGHAM","25","17","383401","2003",-71.41923,42.285625,"17","No","","Perp","Rental","DHCD","","FRAMINGHAM"
2993,"8996","49 EDMANDS RD","FRAMINGHAM","25","17","383904","4007",-71.43759,42.328846,"150","YES","","perp","Rental","MassHousing"," 7/15/2004","FRAMINGHAM"
476,"1080","JOHN J BRADY DR","FRAMINGHAM","","","","",-71.4120332676433,42.2922896075734,"110","No","","Perp","Rental","HUD","","FRAMINGHAM"
166,"10200"," 75 HOLLIS ST","FRAMINGHAM","25","17","383200","1000",-71.41737999999999,42.27512,"55","YES","","Perp","Rental","DHCD","","FRAMINGHAM"
515,"1110","81 IRVING ST","FRAMINGHAM","25","17","383101","1010",-71.41587,42.27564,"11","No","","2033*","Rental","HUD","","FRAMINGHAM"
498,"1099","SECOND ST","FRAMINGHAM","","","","",-71.40025875342189,42.276682187086,"228","No","","07/01/2030","Rental","DHCD/ MassHousing","","FRAMINGHAM"
494,"1091","24 UNDERWOOD AVE","FRAMINGHAM","25","17","383501","1011",-71.40443,42.292152,"8","No","","Perp","Rental","DHCD","","FRAMINGHAM"
522,"1116","43 SOUTH ST","FRAMINGHAM","25","17","383101","1009",-71.41464000000001,42.276035,"10","No","","Perp","Rental","DHCD","","FRAMINGHAM"
530,"1117","62 IRVING ST","FRAMINGHAM","25","17","383101","1003",-71.41619,42.275852,"53","Yes","","perp","Rental","HUD","","FRAMINGHAM"
481,"1082"," 1-9 CORREGIDOR RD","FRAMINGHAM","25","17","383501","2002",-71.409004,42.295704,"75","No","","Perp","Rental","DHCD","","FRAMINGHAM"
477,"1081"," 2-42 ANZIO RD","FRAMINGHAM","25","17","383501","2010",-71.40928,42.29313,"110","No","","Perp","Rental","DHCD","","FRAMINGHAM"
480,"1081","2-74 PEARL HARBOR RD","FRAMINGHAM","25","17","383501","2011",-71.41083500000001,42.291626,"110","No","","Perp","Rental","DHCD","","FRAMINGHAM"
163,"10198","40 RIVERPATH DR","FRAMINGHAM","","","","",,,"35","NO","non-40b Local Action Units","Perp","Mix","DHCD","","FRAMINGHAM"
483,"1082","3-61 ST LO RD","FRAMINGHAM","25","17","383501","2002",-71.40966,42.296097,"75","No","","Perp","Rental","DHCD","","FRAMINGHAM"
502,"1101","1A-7B BEAVER TERRACE CIR (SECOND ST?)","FRAMINGHAM","","","","",-71.3989707916739,42.2773036952339,"254","No","","2032*","Rental","HUD","","FRAMINGHAM"
495,"1092","85 ALEXANDER RD","FRAMINGHAM","25","17","383101","2006",-71.41427,42.271503,"8","No","","Perp","Rental","DHCD","","FRAMINGHAM"
520,"1115","102 PHELPS RD","FRAMINGHAM","25","17","383501","1004",-71.40637,42.29609,"81","No","","2038*","Rental","HUD","","FRAMINGHAM"
503,"1102","40 TAYLOR ST","FRAMINGHAM","25","17","383101","1000",-71.414,42.276478,"40","Yes","","perp","Rental","HUD","","FRAMINGHAM"
485,"1084"," 15-23 JOHN J GALLAGHER DR","FRAMINGHAM","","","","",-71.4107424608201,42.2828414527421,"40","No","","Perp","Rental","DHCD","","FRAMINGHAM"
489,"1087","ROSE KENNEDY LN","FRAMINGHAM","","","","",-71.4135415785185,42.2904731894249,"204","No","","Perp","Rental","DHCD","","FRAMINGHAM"
518,"1113","10 PINE ST","FRAMINGHAM","25","17","383200","1005",-71.41931,42.27228,"15","No","","2028","Rental","DHCD","","FRAMINGHAM"
521,"1116"," 47 SOUTH ST","FRAMINGHAM","25","17","383101","1009",-71.41445,42.275875,"10","No","","Perp","Rental","DHCD","","FRAMINGHAM"
526,"1117","52 IRVING ST","FRAMINGHAM","25","17","383101","1003",-71.41627,42.275898,"53","Yes","","perp","Rental","HUD","","FRAMINGHAM"
313,"10363","55 CONCORD ST","FRAMINGHAM","25","17","383401","1017",-71.416794,42.277477,"20","NO","non-40b Local Action Units","Perp","Rental","DHCD","","FRAMINGHAM"
540,"1117","82 IRVING ST","FRAMINGHAM","25","17","383101","1003",-71.41604599999999,42.275764,"53","Yes","","perp","Rental","HUD","","FRAMINGHAM"
516,"1111","89 BETHANY RD","FRAMINGHAM","25","17","383200","4017",-71.43039,42.269325,"42","No","","2020*","Rental","HUD","","FRAMINGHAM"
507,"1106","10-12 COBURN ST","FRAMINGHAM","25","17","383200","3007",-71.42478,42.271687,"6","No","","2028","Rental","DHCD","","FRAMINGHAM"
519,"1114","1559 CONCORD ST","FRAMINGHAM","25","17","383700","3007",-71.39876,42.322433,"76","No","","2031*","Rental","HUD","","FRAMINGHAM"
490,"1088","115 COCHITUATE RD","FRAMINGHAM","25","17","383600","3021",-71.41016999999999,42.29994,"72","No","","Perp","Rental","DHCD","","FRAMINGHAM"
534,"1117","70 IRVING ST","FRAMINGHAM","25","17","383101","1003",-71.41614,42.275818,"53","Yes","","perp","Rental","HUD","","FRAMINGHAM"
513,"1109","77 IRVING ST","FRAMINGHAM","25","17","383101","1010",-71.41606,42.275757,"46","Yes","","perp","Rental","HUD","","FRAMINGHAM"
527,"1117","54 IRVING ST","FRAMINGHAM","25","17","383101","1003",-71.41625000000001,42.275887,"53","Yes","","perp","Rental","HUD","","FRAMINGHAM"
486,"1084","39-53 EVERIT AVE","FRAMINGHAM","25","17","383402","2010",-71.4107424608201,42.2828414527421,"40","No","","Perp","Rental","DHCD","","FRAMINGHAM"
314,"10363","75 CONCORD ST","FRAMINGHAM","25","17","383401","1018",-71.41677,42.27804,"20","NO","non-40b Local Action Units","Perp","Rental","DHCD","","FRAMINGHAM"
60,"10059","LAWRENCE ST","FRAMINGHAM","","","","",-71.4093956702487,42.2817736445868,"2","NO","","2032","Rental","DHCD","","FRAMINGHAM"
167,"10200","73 HOLLIS ST","FRAMINGHAM","25","17","383200","1000",-71.417305,42.27521,"55","YES","","Perp","Rental","HUD","","FRAMINGHAM"
61,"10061","COBURN ST","FRAMINGHAM","","","","",-71.4265571731019,42.2720310689085,"2","NO","","2031","Rental","HUD","","FRAMINGHAM"
488,"1086","37-39 NORMANDY RD","FRAMINGHAM","25","17","383501","2006",-71.41127,42.291252,"80","No","","Perp","Rental","DHCD","","FRAMINGHAM"
491,"1089","317 HOLLIS ST","FRAMINGHAM","25","17","383200","1013",-71.41943999999999,42.26957,"60","Yes","","Perp","Rental","DHCD","","FRAMINGHAM"
533,"1117","68 IRVING ST","FRAMINGHAM","25","17","383101","1003",-71.41615,42.275826,"53","Yes","","perp","Rental","HUD","","FRAMINGHAM"
482,"1082"," 32-49 GUADACANAL RD","FRAMINGHAM","25","17","383501","2006",-71.41176,42.294163,"75","No","","Perp","Rental","DHCD","","FRAMINGHAM"
532,"1117","66 IRVING ST","FRAMINGHAM","25","17","383101","1003",-71.41616999999999,42.275833,"53","Yes","","perp","Rental","HUD","","FRAMINGHAM"
512,"1109","75 IRVING ST","FRAMINGHAM","25","17","383101","1010",-71.41607999999999,42.275764,"46","Yes","","perp","Rental","HUD","","FRAMINGHAM"
543,"1136","PARK ST","FRANKLIN","","","","",-71.3970194355002,42.0759448399311,"28","No","","Perp","Rental","DHCD","","FRANKLIN"
550,"1144","10 BEAVER CT","FRANKLIN","25","21","442104","1014",-71.40725999999999,42.089252,"9","Yes","comp permits sheet","Perp","Ownership","DHCD","","FRANKLIN"
547,"1142","192 BROOK ST","FRANKLIN","25","21","442101","1000",-71.37792,42.108326,"8","No","","Perp","Rental","DHCD","","FRANKLIN"
559,"1149","575 EAST CENTRAL ST","FRANKLIN","25","21","442203","2004",-71.37287000000001,42.07971,"96","Yes","","Perp","Rental","DHCD"," 4/22/2002","FRANKLIN"
2914,"8698","61 INNSBRUCK WAY","FRANKLIN","","","","",,,"6","NO","non-40b Local Action Units","perp","Ownership","DHCD","","FRANKLIN"
3370,"9841","1330-1342 WEST CENTRAL ST","FRANKLIN","25","21","442105","1015",-71.44926,42.084393,"280","YES","","perp","Rental","Mass Housing"," 4/30/2015","FRANKLIN"
546,"1140","WINTER ST","FRANKLIN","","","","",-71.39642557322679,42.0799567850714,"4","No","","Perp","Rental","DHCD","","FRANKLIN"
553,"1144","4 BEAVER CT","FRANKLIN","25","21","442104","1014",-71.40703000000001,42.088806,"9","Yes","comp permits sheet","Perp","Ownership","DHCD","","FRANKLIN"
3376,"9841","1342 WEST CENTRAL ST","FRANKLIN","25","21","442105","1015",-71.44978999999999,42.084267,"280","YES","","perp","Rental",""," 4/30/2015","FRANKLIN"
3371,"9841","1332 WEST CENTRAL ST","FRANKLIN","25","21","442105","1015",-71.44935,42.084373,"280","YES","","perp","Rental","Mass Housing"," 4/30/2015","FRANKLIN"
2923,"8710","OFF PANTHER WAY","FRANKLIN","","","","",-71.4144322935945,42.095029862775,"50","YES","","perp","Rental","HUD","  5/4/2007","FRANKLIN"
555,"1144","8 BEAVER CT","FRANKLIN","25","21","442104","1014",-71.40718,42.089104,"9","Yes","comp permits sheet","Perp","Ownership","DHCD","","FRANKLIN"
3374,"9841","1338 WEST CENTRAL ST","FRANKLIN","25","21","442105","1015",-71.44961499999999,42.08431,"280","YES","","perp","Rental","

MassHousing"," 4/30/2015","FRANKLIN"
557,"1147","139 GLEN MEADOW RD","FRANKLIN","25","21","442203","2017",-71.38057999999999,42.082203,"288","No","","2047*","Rental","DHCD","","FRANKLIN"
2741,"7630","23 LEANNE WAY","FRANKLIN","25","21","442103","3000",-71.39529,42.12256,"18","Yes","comp permits sheet","perp","Ownership","DHCD"," 12/8/2005","FRANKLIN"
2512,"5702","301 UNION ST","FRANKLIN","25","21","442101","4011",-71.40362500000001,42.078735,"0","No","non-40b Local Action Units","05/14/24","Rental","DHCD","","FRANKLIN"
548,"1143","WALNUT ST","FRANKLIN","","","","",-71.4004280867196,42.0814661325461,"6","No","","Perp","Rental","DHCD","","FRANKLIN"
552,"1144","15 BEAVER CT","FRANKLIN","25","21","442104","1014",-71.40731,42.089367,"9","Yes","comp permits sheet","Perp","Ownership","DHCD","","FRANKLIN"
551,"1144","12 BEAVER CT","FRANKLIN","25","21","442104","1014",-71.40730000000001,42.08933,"9","Yes","comp permits sheet","Perp","Ownership","DHCD","","FRANKLIN"
3372,"9841","1334 WEST CENTRAL ST","FRANKLIN","25","21","442105","1015",-71.44943000000001,42.08435,"280","YES","","perp","Rental","
MassHousing"," 4/30/2015","FRANKLIN"
2553,"6104","* BRANDYWINE RD","FRANKLIN","","","","",,,"16","Yes","comp permits sheet","perp","Ownership","FHLBB","  5/7/2004","FRANKLIN"
558,"1147","139 GLEN MEADOW RD/CHESTNUT ST","FRANKLIN","25","21","442203","2017",-71.38057999999999,42.082203,"288","No","","2047*","Rental","MassHousing","","FRANKLIN"
3369,"9841","1330 WEST CENTRAL ST","FRANKLIN","25","21","442105","1015",-71.44926,42.084393,"280","YES","","perp","Rental",""," 4/30/2015","FRANKLIN"
3375,"9841","1340 WEST CENTRAL ST","FRANKLIN","25","21","442105","1015",-71.44970000000001,42.084286,"280","YES","","perp","Rental","Mass Housing"," 4/30/2015","FRANKLIN"
3090,"9282","* GREY WOLF DR","FRANKLIN","","","","",,,"9","NO","non-40b Local Action Units","Perp","Ownership","DHCD","","FRANKLIN"
549,"1144","1 BEAVER CT","FRANKLIN","25","21","442104","1014",-71.40729,42.089333,"9","Yes","comp permits sheet","Perp","Ownership","DHCD","","FRANKLIN"
554,"1144","6 BEAVER CT","FRANKLIN","25","21","442104","1014",-71.407104,42.088955,"9","Yes","comp permits sheet","Perp","Ownership","DHCD","","FRANKLIN"
544,"1137","CENTRAL PARK TR","FRANKLIN","","","","",-71.39475790206281,42.0736567020688,"40","No","","Perp","Rental","DHCD","","FRANKLIN"
2172,"3821","FALAGIA STREET (OFF STONEHEDGE ROAD)","FRANKLIN","","","","",-71.39139574466,42.0596087234962,"4","Yes","","2054","Ownership","DHCD"," 11/3/2000","FRANKLIN"
3373,"9841","1336 WEST CENTRAL ST","FRANKLIN","25","21","442105","1015",-71.449524,42.08433,"280","YES","","perp","Rental","

MassHousing"," 4/30/2015","FRANKLIN"
556,"1146","* PALOMINO DR","FRANKLIN","","","","",,,"19","Yes","comp permits sheet","2040","Ownership","DHCD","","FRANKLIN"
585,"1191","31 PROSPECT ST","GLOUCESTER","25","9","221500","1017",-70.66611,42.61485,"97","No","","Perp","Rental","DHCD","","GLOUCESTER"
579,"1183","MASON ST","GLOUCESTER","","","","",-70.66401679161019,42.614646918656,"2","No","","Perp","Rental","HUD","","GLOUCESTER"
594,"1200","41 WASHINGTON ST","GLOUCESTER","25","9","221500","1019",-70.66731,42.612587,"8","No","","Perp","Ownership","DHCD","","GLOUCESTER"
583,"1189","VETERANS WAY & PATRIOT CR","GLOUCESTER","","","","",-70.6795263739554,42.627660260363,"160","No","","Perp","Rental","DHCD","","GLOUCESTER"
588,"1194","POPLAR ST","GLOUCESTER","","","","",-70.6694616820315,42.6254543509181,"76","No","","Perp","Rental","DHCD","","GLOUCESTER"
589,"1195","HILLCREST/ 374 WASHINGTON ST","GLOUCESTER","25","9","221800","1008",-70.6792505518487,42.6315689679424,"8","No","","Perp","Rental","DHCD","","GLOUCESTER"
595,"1204","DUNCAN ST","GLOUCESTER","","","","",-70.66153737321,42.6128258523631,"19","No","","2021*","Rental","HUD","","GLOUCESTER"
587,"1193","LINCOLN AVE","GLOUCESTER","","","","",-70.6742,42.6148400826751,"52","No","","Perp","Rental","DHCD","","GLOUCESTER"
590,"1196","11-17 ARTHUR ST","GLOUCESTER","25","9","221600","3003",-70.66493,42.61969,"15","No","","Perp","Rental","DHCD","","GLOUCESTER"
249,"10274","15 PEARL ST","GLOUCESTER","25","9","221500","1006",-70.66813000000001,42.615738,"7","YES","comp permits sheet","Perp","Rental","DHCD"," 7/27/2018","GLOUCESTER"
581,"1186","18 ESSEX ST","GLOUCESTER","25","9","221400","2005",-70.66074,42.620747,"3","No","","Perp","Rental","HUD","","GLOUCESTER"
2242,"3954","147 ESSEX AVE","GLOUCESTER","25","9","221902","1011",-70.688385,42.61397,"43","No","","perp","Rental","DHCD","","GLOUCESTER"
593,"1199","10 DALE AVE","GLOUCESTER","25","9","221500","1014",-70.66315,42.613983,"80","No","","2053","Rental","MassHousing","","GLOUCESTER"
592,"1198","67 MIDDLE ST","GLOUCESTER","25","9","221500","2012",-70.66368,42.613213,"22","No","","2021*","Rental","DHCD","","GLOUCESTER"
586,"1192","88 PLEASANT ST","GLOUCESTER","25","9","221500","1002",-70.6635,42.617027,"81","Yes","","Perp","Rental","DHCD","","GLOUCESTER"
596,"1205","20-24 ARTHUR ST","GLOUCESTER","25","9","221600","3003",-70.66538,42.62057,"8","No","","2028","Ownership","DHCD","","GLOUCESTER"
591,"1197","40-48 HAVEN TR","GLOUCESTER","25","9","221400","1000",-70.65405,42.617172,"22","No","","Perp","Ownership","DHCD","","GLOUCESTER"
582,"1187","26 PROSPECT SQ","GLOUCESTER","25","9","221500","2022",-70.65922999999999,42.61551,"3","No","","Perp","Rental","HUD","","GLOUCESTER"
3115,"9376","147 ESSEX ST","GLOUCESTER","25","9","221902","1011",-70.688385,42.61397,"34","NO","","2041","Rental","MHP","","GLOUCESTER"
584,"1190","99 PROSPECT ST","GLOUCESTER","25","9","221500","2021",-70.65998,42.61583,"56","Yes","","Perp","Rental","DHCD","","GLOUCESTER"
2581,"6362","22 ROCKY NECK AVE","GLOUCESTER","25","9","221300","2003",-70.65674,42.604565,"5","No","","perp","Ownership","HUD","","GLOUCESTER"
580,"1184","17 WASHINGTON SQ","GLOUCESTER","25","9","221700","1001",-70.66916999999999,42.612545,"3","No","","Perp","Rental","HUD","","GLOUCESTER"
451,"10576","SCHOOL HOUSE RD","GLOUCESTER","","","","",-70.65998499691661,42.6231230054799,"30","NO","","Perp","Rental","DHCD","","GLOUCESTER"
622,"1275","117 RAILROAD AVE","HAMILTON","25","9","215102","4003",-70.87690000000001,42.61185,"8","No","","Perp","Rental","DHCD","","HAMILTON"
623,"1276","31 UNION ST","HAMILTON","25","9","215102","4008",-70.87871,42.612644,"3","No","","Perp","Rental","DHCD","","HAMILTON"
621,"1274","121 RAILROAD AVE","HAMILTON","25","9","215102","4003",-70.877106,42.612,"12","No","","Perp","Rental","DHCD","","HAMILTON"
3441,"9941","69 WILLOW ST","HAMILTON","25","9","215102","4015",-70.876564,42.61102,"4","YES","","Perp","Rental","DHCD"," 11/2/2009","HAMILTON"
2938,"8744","602-606 ESSEX ST","HAMILTON","25","9","215101","1006",-70.82104,42.620167,"6","YES","","perp","Ownership","MassHousing"," 6/13/2006","HAMILTON"
624,"1277","309 ASBURY ST","HAMILTON","25","9","215102","3020",-70.88299600000001,42.623215,"6","No","non-40b Local Action Units","2021","Ownership","DHCD","","HAMILTON"
93,"10107","369 WASHINGTON ST","HANOVER","25","23","503102","4000",-70.81927,42.116283,"37","YES","","Perp","Rental","MassHousing"," 2/18/2014","HANOVER"
2109,"3721","511 WASHINGTON ST","HANOVER","25","23","503102","4000",-70.82304000000001,42.118877,"74","Yes","","Perp","Rental","MassHousing"," 1/21/2003","HANOVER"
625,"1279","1 ELMWOOD FARM DR","HANOVER","25","23","503102","4000",-70.82168,42.11831,"150","No","","2045","Rental","HUD","","HANOVER"
3415,"9872","295 WEBSTER ST","HANOVER","25","23","503101","1013",-70.858475,42.153187,"76","YES","","Perpetuity","Rental","MassHousing"," 12/6/2013","HANOVER"
627,"1281","SPRING ST (OR LEGION DR)","HANOVER","","","","",-70.8358725173324,42.1120981987238,"60","No","","2021","Rental","HUD","","HANOVER"
628,"1282","65 FRANK'S LN","HANOVER","25","23","503101","1023",-70.84507000000001,42.14116,"60","Yes","","perp","Rental","DHCD","","HANOVER"
3067,"9191","OFF SPRING ST AND LEGION DR","HANOVER","","","","",-70.8368897846516,42.1132421271308,"66","YES","","Perp","Rental","DHCD","10/29/2009","HANOVER"
3465,"9965","138 BEAL ST","HINGHAM","25","23","501102","4013",-70.91376,42.24281,"2","NO","non-40b Local Action Units","Perp","Ownership","DHCD","","HINGHAM"
3285,"9707","1220 MAIN ST","HINGHAM","25","23","501204","1015",-70.885345,42.175644,"2","YES","comp permits sheet","Perp","Ownership","MassHousing"," 7/30/2013","HINGHAM"
3286,"9707","1222 MAIN ST","HINGHAM","25","23","501204","1015",-70.885345,42.175632,"2","YES","comp permits sheet","Perp","Ownership","MassHousing"," 7/30/2013","HINGHAM"
668,"1364","100 BEAL ST","HINGHAM","25","23","501102","4013",-70.91331,42.242718,"14","Yes","","Perp","Rental","DHCD","","HINGHAM"
667,"1363","30 THAXTER ST","HINGHAM","25","23","501102","2017",-70.89891,42.24359,"26","Yes","","Perp","Rental","DHCD","","HINGHAM"
2513,"5711","301 LINDEN POND WAY","HINGHAM","25","23","501204","3001",-70.913605,42.19201,"272","Yes","comp permits sheet","perp","CCRC","FHLBB"," 9/18/2001","HINGHAM"
2514,"5711","303 LINDEN POND WAY","HINGHAM","25","23","501204","3001",-70.9136,42.191986,"272","Yes","comp permits sheet","perp","CCRC","FHLBB"," 9/18/2001","HINGHAM"
670,"1367","86 CENTRAL ST","HINGHAM","25","23","501101","3011",-70.88869,42.239635,"60","Yes","","2030*","Rental","MassHousing","","HINGHAM"
3050,"9132","24 BEAL ST","HINGHAM","25","23","501102","4013",-70.91240999999999,42.242546,"5","NO","non-40b Local Action Units","Perp","Ownership","DHCD","","HINGHAM"
3464,"9965","119 BEAL ST","HINGHAM","25","23","501102","2025",-70.91337,42.24274,"2","NO","non-40b Local Action Units","Perp","Ownership","DHCD","","HINGHAM"
669,"1366","246 WHITING LN","HINGHAM","25","23","501204","1027",-70.90595,42.184166,"6","Yes","comp permits sheet","2042","Ownership","DHCD","","HINGHAM"
2316,"4094","* ADAMS CT","HINGHAM","","","","",,,"4","Yes","comp permits sheet","Perp","Ownership","FHLBB"," 8/21/2001","HINGHAM"
3430,"9922","319 LINCOLN ST","HINGHAM","25","23","501102","4008",-70.91531999999999,42.249207,"190","YES","comp permits sheet","perp","Rental","DHCD"," 5/17/2016","HINGHAM"
2315,"4093","196 SUMMER ST","HINGHAM","25","23","501101","1030",-70.86893999999999,42.243973,"21","Yes","comp permits sheet","Perp","Rental","FHLBB","  3/5/2002","HINGHAM"
3442,"9943","1111 FORT HILL ST","HINGHAM","","","","",,,"6","NO","","2062","Rental","DHCD","","HINGHAM"
3006,"9035","349 LINCOLN ST","HINGHAM","25","23","501102","4008",-70.916245,42.24926,"91","NO","non-40b Local Action Units","Perp","Rental","DHCD","","HINGHAM"
92,"10105","220 BEAL ST","HINGHAM","25","23","501102","4013",-70.92132599999999,42.245407,"220","YES","comp permits sheet","Perp","Rental","MassHousing","  6/9/2017","HINGHAM"
3160,"9476","80 BEAL ST","HINGHAM","25","23","501102","4013",-70.91307,42.24267,"2","YES","comp permits sheet","Perp","Ownership","DHCD","","HINGHAM"
3159,"9475","* DERBY BROOK WAY","HINGHAM","","","","",,,"5","YES","comp permits sheet","Perp","Ownership","MassHousing"," 1/22/2009","HINGHAM"
672,"1371","1 HOLBROOK CT","HOLBROOK","","","","",-71.0066481867857,42.1263405529961,"64","No","","Perp","Rental","DHCD","","HOLBROOK"
673,"1374","105 LONGMEADOW DR","HOLBROOK","25","21","421100","1002",-71.013756,42.14814,"170","Yes","","2021","Rental","HUD","","HOLBROOK"
674,"1375","121 LONGMEADOW DR","HOLBROOK","25","21","421100","1002",-71.01411,42.148186,"138","Yes","","Perp","Rental","DHCD","","HOLBROOK"
681,"1392","100 SUMMER ST","HOLLISTON","25","17","387100","1007",-71.44435,42.179813,"75","Yes","","2037","Rental","HUD","","HOLLISTON"
680,"1391","59 HOLLIS ST","HOLLISTON","25","17","387201","2012",-71.43326999999999,42.202835,"6","YES","","Perp","Rental","DHCD","","HOLLISTON"
679,"1389","492 WASHINGTON ST","HOLLISTON","25","17","387201","1002",-71.42712,42.209652,"48","No","","Perp","Rental","DHCD","","HOLLISTON"
2788,"7890","2217 WASHINGTON ST","HOLLISTON","25","17","387202","2016",-71.47633,42.16923,"3","NO","non-40b Local Action Units","perp","Ownership","DHCD","","HOLLISTON"
125,"10147","* MONROE DR","HOLLISTON","","","","",,,"7","NO","non-40b Local Action Units","Perp","Ownership","DHCD","","HOLLISTON"
3088,"9277","353 HIGHLAND ST/GARRETT WAY","HOLLISTON","25","17","387202","3000",-71.452034,42.21903,"18","YES","","Perp","Ownership","MassHousing"," 2/24/2005","HOLLISTON"
3228,"9600","44 BURNAP RD","HOLLISTON","25","17","387202","1000",-71.453514,42.20255,"1","NO","non-40b Local Action Units","Perp","Ownership","DHCD","","HOLLISTON"
3081,"9216","79 HOLLIS ST","HOLLISTON","25","17","387201","2012",-71.43382,42.203156,"30","YES","","Perp","Rental","DHCD","  8/1/2007","HOLLISTON"
2641,"6821","* SANCTUARY LN","HOPKINTON","","","","",,,"10","Yes","comp permits sheet","Perp","Ownership","DHCD"," 5/26/2004","HOPKINTON"
2638,"6819","* NAZNEEN CIR","HOPKINTON","","","","",,,"11","Yes","comp permits sheet","2103","Ownership","FHLBB"," 3/19/2004","HOPKINTON"
2640,"6820","* PATRIOTS BLVD","HOPKINTON","","","","",,,"11","Yes","comp permits sheet","2104","Ownership","FHLBB","  1/6/2005","HOPKINTON"
3359,"9828","LUMBER ST","HOPKINTON","","","","",-71.5339616466572,42.2000337264106,"280","YES","","Perp","Rental","MassHousing"," 2/12/2015","HOPKINTON"
3227,"9598","1 WOODVIEW WAY","HOPKINTON","25","17","320107","2017",-71.50036,42.233303,"240","NO","non-40b Local Action Units","Perp","Rental","DHCD","","HOPKINTON"
716,"1449","* OLIVER LN","HOPKINTON","","","","",,,"8","Yes","comp permits sheet","Perp","Ownership","DHCD","","HOPKINTON"
715,"1445","DAVIS RD","HOPKINTON","","","","",-71.52540869397851,42.2298083627924,"32","No","","Perp","Rental","DHCD","","HOPKINTON"
3096,"9310","1-12 MAYHEW CT","HOPKINTON","25","17","320105","1030",-71.5271,42.230328,"12","YES","","Perp","Rental","MHP"," 4/12/2009","HOPKINTON"
726,"1461","71 WASHINGTON ST","HUDSON","25","17","322200","2003",-71.57154,42.38781,"14","No","","2020","Rental","DHCD","","HUDSON"
722,"1458","22 LINCOLN ST","HUDSON","25","17","322300","3025",-71.57136,42.39401,"20","No","","2021","Rental","DHCD","","HUDSON"
2536,"5907","TOWER ST","HUDSON","","","","",-71.5599,42.3971,"8","Yes","","perp","Ownership","MassHousing","  9/7/2003","HUDSON"
723,"1459","100 TOWER ST","HUDSON","25","17","322400","1013",-71.55772,42.399868,"96","Yes","","perp","Rental","MassHousing","","HUDSON"
718,"1451","4 GLEN RD","HUDSON","25","17","322300","4005",-71.58759000000001,42.40013,"92","Yes","","Perp","Rental","HUD","","HUDSON"
2510,"5693","307 CENTRAL ST","HUDSON","25","17","322300","4011",-71.598564,42.398247,"158","Yes","","perp","Rental","FHLBB"," 3/12/2002","HUDSON"
720,"1453","BRIGHAM CR","HUDSON","","","","",-71.5731203886254,42.3850730957632,"44","No","","Perp","Rental","DHCD","","HUDSON"
721,"1455","49 WASHINGTON ST","HUDSON","25","17","322200","2003",-71.57127,42.388885,"8","No","","Perp","Rental","DHCD","","HUDSON"
719,"1452","8 IRVING ST","HUDSON","25","17","322300","3018",-71.57641,42.39367,"8","No","","Perp","Rental","DHCD","","HUDSON"
725,"1460","11 LAKE ST","HUDSON","25","17","322300","1018",-71.56811999999999,42.39539,"96","Yes","","perp","Rental","MassHousing","","HUDSON"
727,"1463","ATLANTIC HOUSE CT","HULL","","","","",-70.84669365083469,42.2660498893539,"40","No","","Perp","Rental","DHCD","","HULL"
728,"1468","24 PARK AVE","HULL","25","23","500103","1012",-70.85314,42.2669,"15","No","","2027","Rental","DHCD","","HULL"
735,"1496","34 AGAWAM VILLAGE","IPSWICH","25","9","223100","1030",-70.8377,42.671036,"8","No","","Perp","Rental","DHCD","","IPSWICH"
382,"10485","30, 34 TOWN FARM RD & 17 LOCUST RD","IPSWICH","","","","",,,"6","YES","","Perp","Ownership","Mass Housing"," 7/30/2020","IPSWICH"
2570,"6250","5 RUTHS WAY","IPSWICH","25","9","223100","1035",-70.83530399999999,42.665245,"3","Yes","comp permits sheet","perp","Ownership","DHCD","11/16/2000","IPSWICH"
2571,"6250","7 RUTHS WAY","IPSWICH","25","9","223100","1035",-70.83532,42.665237,"3","Yes","comp permits sheet","perp","Ownership","DHCD","11/16/2000","IPSWICH"
737,"1499","35 CENTRAL ST","IPSWICH","25","9","223200","1011",-70.838425,42.6806,"33","Yes","","2026","Rental","RHS","","IPSWICH"
2953,"8809","108-112 COUNTY RD","IPSWICH","25","9","223100","1034",-70.83710499999999,42.670906,"48","YES","","perp","Rental","HUD","10/15/2004","IPSWICH"
732,"1493","1-6 COUNTY RD","IPSWICH","25","9","223100","1022",-70.83606,42.674053,"20","No","","Perp","Rental","DHCD","","IPSWICH"
734,"1495","CAROLINE AVE","IPSWICH","","","","",-70.8467732477003,42.680694237286,"58","No","","Perp","Rental","DHCD","","IPSWICH"
733,"1494","1-19 & 21-40 CAROLINE AVE","IPSWICH","","","","",-70.8467732477003,42.680694237286,"42","No","","Perp","Rental","DHCD","","IPSWICH"
2664,"7020","25 GREEN ST","IPSWICH","25","9","223200","3007",-70.83355,42.68068,"10","Yes","","perp","Rental","HUD"," 8/12/2003","IPSWICH"
731,"1492","2 AGAWAM VILLAGE","IPSWICH","25","9","223100","1030",-70.83738,42.670887,"80","No","","Perp","Rental","DHCD","","IPSWICH"
736,"1498","126 COUNTY RD","IPSWICH","25","9","223100","1035",-70.83815,42.667603,"70","No","","2105*","Rental","MassHousing","","IPSWICH"
2569,"6250","3 RUTHS WAY","IPSWICH","25","9","223100","1035",-70.83529,42.665257,"3","Yes","comp permits sheet","perp","Ownership","DHCD","11/16/2000","IPSWICH"
2951,"8809"," 112 COUNTRY RD","IPSWICH","","","","",-70.83710499999999,42.670906,"48","YES","","perp","Rental","DHCD","10/15/2004","IPSWICH"
91,"10104","82 TOPSFIELD RD","IPSWICH","25","9","223300","3004",-70.85231,42.67197,"9","YES","","Perp","Ownership","MassHousing"," 8/26/2005","IPSWICH"
2952,"8809","108 COUNTRY RD","IPSWICH","","","","",-70.83710499999999,42.670906,"48","YES","","perp","Rental","MassHousing","10/15/2004","IPSWICH"
2572,"6251","6 SAFFORD ST","IPSWICH","25","9","223200","2020",-70.84569999999999,42.674065,"1","Yes","comp permits sheet","perp","Ownership","FHLBB","  3/3/2000","IPSWICH"
2950,"8809"," 110 COUNTRY RD","IPSWICH","","","","",-70.83710499999999,42.670906,"48","YES","","perp","Rental","HUD","10/15/2004","IPSWICH"
2151,"3790","33 CENTRAL ST","IPSWICH","25","9","223200","1011",-70.83839,42.680576,"7","Yes","","Perp","Rental","DHCD"," 7/19/2001","IPSWICH"
730,"1491","1-24 SOUTHERN HEIGHTS","IPSWICH","25","9","223100","1025",-70.837074,42.67196,"24","No","","Perp","Rental","DHCD","","IPSWICH"
2400,"4869","1 ROSEWOOD DR","IPSWICH","25","9","223300","1014",-70.86201,42.693623,"54","Yes","comp permits sheet","Perp","Rental","FHLBB"," 8/15/2001","IPSWICH"
2905,"8681","14 LEBLANC","IPSWICH","25","9","223100","3005",-70.85064,42.692394,"16","YES","comp permits sheet","perp","Rental","MassHousing"," 4/26/2006","IPSWICH"
3377,"9842","13 FAIRVIEW","LEXINGTON","25","17","358600","6016",-71.25888999999999,42.450172,"4","YES","comp permits sheet","perp","Rental","DHCD"," 9/25/2014","LEXINGTON"
798,"1598","1-26 SHIRLEY ST","LEXINGTON","25","17","358600","3002",-71.235,42.455673,"104","No","","Perp","Rental","DHCD","","LEXINGTON"
179,"10216","32 LOWELL ST","LEXINGTON","25","17","358500","3018",-71.187645,42.432133,"6","YES","comp permits sheet","Perp","Rental","DHCD"," 1/18/2018","LEXINGTON"
809,"1607","1 KATAHDIN DR","LEXINGTON","25","17","358600","6012",-71.264404,42.461582,"128","Yes","","2020*","Rental","DHCD","","LEXINGTON"
180,"10216","34 LOWELL ST","LEXINGTON","25","17","358500","3018",-71.18765,42.43223,"6","YES","comp permits sheet","Perp","Rental","DHCD"," 1/18/2018","LEXINGTON"
2648,"6832","1000 MAIN CAMPUS DR","LEXINGTON","","","","",,,"387","No","non-40b Local Action Units","Perp","Rental","DHCD","","LEXINGTON"
799,"1599","150 WALTHAM ST","LEXINGTON","25","17","358400","1022",-71.22899,42.444504,"48","No","","Perp","Rental","DHCD","","LEXINGTON"
800,"1600","87 HILL/27 TEWKSBURY","LEXINGTON","","","","",-71.2442389427766,42.4517207967326,"8","No","","Perp","Rental","DHCD","","LEXINGTON"
807,"1606","48 GARFIELD ST","LEXINGTON","25","17","358600","4013",-71.24644000000001,42.46038,"6","YES","","Perp","Rental","MassHousing","","LEXINGTON"
811,"1611","663 LOWELL ST","LEXINGTON","25","17","358500","1000",-71.20856999999999,42.46693,"6","No","non-40b Local Action Units","Perp","Rental","DHCD","","LEXINGTON"
804,"1606","42 GARFIELD ST","LEXINGTON","25","17","358600","4013",-71.246185,42.46054,"6","YES","","Perp","Rental","MassHousing","","LEXINGTON"
801,"1602","45 FOREST ST","LEXINGTON","25","17","358400","1002",-71.23317,42.447865,"6","No","","Perp","Rental","DHCD","","LEXINGTON"
253,"10278","* MANOR TER","LEXINGTON","","","","",,,"6","NO","non-40b Local Action Units","Perp","Ownership","DHCD","","LEXINGTON"
3126,"9396","540 LOWELL ST","LEXINGTON","25","17","358500","1006",-71.20504,42.45945,"9","YES","comp permits sheet","Perp","Ownership","MassHousing","  2/7/2003","LEXINGTON"
3125,"9396","536 LOWELL ST","LEXINGTON","25","17","358500","1006",-71.20476499999999,42.45892,"9","YES","comp permits sheet","Perp","Ownership","MassHousing","  2/7/2003","LEXINGTON"
812,"1612","1475 MASSACHUSETTS AVE","LEXINGTON","25","17","358400","2001",-71.22110000000001,42.44498,"12","No","non-40b Local Action Units","Perp","Rental","DHCD","","LEXINGTON"
2949,"8808","7 OAKLAND ST","LEXINGTON","25","17","358700","3020",-71.226906,42.449146,"15","NO","","2107","Rental","HUD","","LEXINGTON"
814,"1614","10 PELHAM RD","LEXINGTON","25","17","358400","2007",-71.21545399999999,42.439022,"90","No","non-40b Local Action Units","Perp","Rental","DHCD","","LEXINGTON"
813,"1613","314 BEDFORD ST","LEXINGTON","25","17","358600","4002",-71.242424,42.46679,"28","No","non-40b Local Action Units","Perp","Rental","DHCD","","LEXINGTON"
806,"1606","46 GARFIELD ST","LEXINGTON","25","17","358600","4013",-71.24635000000001,42.460434,"6","YES","","Perp","Rental","MassHousing","","LEXINGTON"
803,"1605","7 STEDMAN RD","LEXINGTON","25","17","358300","3005",-71.22951999999999,42.4283,"38","No","","2047","Rental","MassHousing","","LEXINGTON"
808,"1606","50 GARFIELD ST","LEXINGTON","25","17","358600","4013",-71.24652,42.460327,"6","YES","","Perp","Rental","MassHousing","","LEXINGTON"
805,"1606","44 GARFIELD ST","LEXINGTON","25","17","358600","4013",-71.24627,42.460487,"6","YES","","Perp","Rental","MassHousing","","LEXINGTON"
797,"1596","425 WOBURN ST","LEXINGTON","25","17","358500","3000",-71.19547,42.45143,"60","No","","Perp","Rental","HUD","","LEXINGTON"
802,"1604","100 LEXINGTON RIDGE RD","LEXINGTON","25","17","358300","4006",-71.23241,42.41455,"198","Yes","","Perp","Rental","MassHousing","","LEXINGTON"
154,"10180","KEELER FARM WAY","LEXINGTON","","","","",-71.2157016598885,42.4597269343856,"1","NO","","Perp","Mix","DHCD","","LEXINGTON"
810,"1609","SPENCER ST","LEXINGTON","","","","",-71.2077606404598,42.4335152915287,"2","No","","Perp","Rental","DHCD","","LEXINGTON"
2981,"8957","1 HARVEST CIR","LINCOLN","25","17","360300","4004",-71.31896,42.447075,"30","NO","non-40b Local Action Units","perp","Rental","DHCD","","LINCOLN"
259,"10282","1 MARYS WAY","LINCOLN","25","17","360300","4006",-71.316925,42.44822,"60","NO","non-40b Local Action Units","Perp","Rental","DHCD","","LINCOLN"
815,"1617","LINCOLN RD/ 50 WELLS RD","LINCOLN","25","17","360300","4012",-71.3245502166457,42.4156868297724,"125","No","","2060","Rental","DHCD","","LINCOLN"
2913,"8697","82 VIRGINIA RD","LINCOLN","","","","",,,"8","NO","non-40b Local Action Units","perp","Ownership","DHCD","","LINCOLN"
819,"1625","500 NEWTOWN RD","LITTLETON","25","17","324101","1015",-71.464455,42.51851,"8","No","","2034*","Rental","HUD","","LITTLETON"
817,"1623","423 KING ST","LITTLETON","25","17","324101","2006",-71.476585,42.54485,"24","Yes","","perp","Rental","RHS","","LITTLETON"
818,"1624","50 MILL RD","LITTLETON","25","17","324102","3001",-71.49995,42.53704,"50","Yes","","2025","Rental","MassHousing","","LITTLETON"
816,"1619","19 SHATTUCK ST","LITTLETON","25","17","324101","2002",-71.47922,42.54362,"48","No","","Perp","Rental","DHCD","","LITTLETON"
2643,"6824","* CHARLES RIDGE RD","LITTLETON","","","","",,,"11","Yes","comp permits sheet","perp","Ownership","DHCD"," 6/24/2004","LITTLETON"
3237,"9620","15 GREAT RD","LITTLETON","25","17","324102","1000",-71.48945999999999,42.558006,"158","YES","comp permits sheet","Perp","Mix","MassHousing"," 2/21/2013","LITTLETON"
820,"1626","147 KING ST","LITTLETON","25","17","324102","3001",-71.498955,42.540173,"90","Yes","","perp","Rental","HUD","","LITTLETON"
3112,"9370","120 GOLDSMITH ST","LITTLETON","25","17","324101","2018",-71.46827,42.53919,"2","YES","","Perp","Ownership","MassHousing"," 7/25/2011","LITTLETON"
3106,"9349","14 MANNION PL","LITTLETON","25","17","324101","1008",-71.439735,42.525307,"3","YES","comp permits sheet","Perp","Ownership","DHCD","  6/3/2006","LITTLETON"
2212,"3923"," 26 WARREN ST","LYNN","25","9","207000","2004",-70.95878999999999,42.46172,"28","No","","2033","Rental","DHCD","","LYNN"
896,"1727"," 107 BROAD ST","LYNN","25","9","206700","4002",-70.93903,42.46348,"60","No","","2033*","Rental","HUD","","LYNN"
903,"1735","147 WASHINGTON ST","LYNN","25","9","206100","1001",-70.9533,42.46766,"145","No","","2091","Rental","DHCD","","LYNN"
883,"1723","196 CHESTNUT ST","LYNN","25","9","206500","3005",-70.93782,42.470287,"65","No","","2027*","Rental","HUD","","LYNN"
911,"1747","26-28 COMMERCIAL ST","LYNN","25","9","207200","2004",-70.96168,42.461735,"72","No","","2035*","Rental","HUD","","LYNN"
881,"1715","72 NEPTUNE ST","LYNN","25","9","207200","1012",-70.96185,42.45838,"6","No","","Perp","Rental","DHCD","","LYNN"
905,"1736","BLOSSOM & NEPTUNE ST (18 ANDERSON LN)","LYNN","","","","",-70.956319607727,42.4618579289379,"93","No","","2038*","Rental","HUD","","LYNN"
894,"1724","498 ESSEX ST","LYNN","25","9","206800","2003",-70.94745,42.466824,"117","No","","2031*","Rental","DHCD","","LYNN"
910,"1746","65 MEMORIAL PK AVE","LYNN","25","9","206300","2000",-70.94285000000001,42.47491,"104","No","","2033*","Rental","MassHousing","","LYNN"
888,"1723","206 CHESTNUT ST","LYNN","25","9","206300","1004",-70.93818,42.47067,"65","No","","2027*","Rental","HUD","","LYNN"
3218,"9583","144 BROAD ST","LYNN","25","9","206900","1006",-70.94047999999999,42.46329,"43","NO","","2061","Rental","DHCD","","LYNN"
2211,"3923"," 24 WARREN ST","LYNN","25","9","207000","2004",-70.95871,42.461746,"28","No","","2033","Rental","DHCD","","LYNN"
875,"1706","95 TREMONT ST","LYNN","","","","",-70.95227941560429,42.4622058499122,"176","No","","Perp","Rental","HUD","","LYNN"
916,"1752","2 ROGERS AVE","LYNN","25","9","206200","2008",-70.949585,42.46664,"32","No","","2021*","Rental","HUD","","LYNN"
2621,"6706","FRANKLIN, LYMAN, ENDICOTT & LAIGHTON STREETS","LYNN","","","","",-70.9575795447749,42.4680363306578,"24","No","","perp","Rental","HUD","","LYNN"
2622,"6707","20 NEPTUNE BLVD","LYNN","25","9","207200","2000",-70.95703,42.459816,"38","No","","2034","Rental","HUD","","LYNN"
918,"1756","189-199 LEWIS ST","LYNN","25","9","206700","1005",-70.93349499999999,42.46506,"26","No","","2021","Rental","MassHousing","","LYNN"
898,"1728","312-332 UNION ST","LYNN","25","9","206800","1012",-70.94346,42.464737,"37","No","","2031*","Rental","MassHousing","","LYNN"
899,"1731"," 678 WASHINGTON ST","LYNN","25","9","206900","1003",-70.94356000000001,42.46262,"358","No","","2032*","Rental","HUD","","LYNN"
2214,"3923","22 WARREN ST","LYNN","25","9","207000","2004",-70.95863,42.461777,"28","No","","2033","Rental","DHCD","","LYNN"
371,"10459","700 WASHINGTON ST","LYNN","25","9","206900","3000",-70.94233,42.461353,"71","NO","","Perp","Rental","MassHousing","","LYNN"
2213,"3923"," 28 WARREN ST","LYNN","25","9","207000","2004",-70.95887,42.461693,"28","No","","2033","Rental","DHCD","","LYNN"
907,"1739","32 COMMERCIAL ST","LYNN","25","9","207200","2004",-70.96164,42.461678,"12","No","","2035*","Rental","HUD","","LYNN"
879,"1711","6 OLIVE ST","LYNN","25","9","206500","3002",-70.93521,42.468662,"24","No","","Perp","Rental","DHCD","","LYNN"
884,"1723","198 CHESTNUT ST","LYNN","25","9","206500","3005",-70.93785,42.470318,"65","No","","2027*","Rental","HUD","","LYNN"
914,"1750","67 SILSBEE ST","LYNN","25","9","206900","1001",-70.94082,42.46429,"146","No","","2034*","Rental","MassHousing","","LYNN"
876,"1707","174 SOUTH COMMON ST","LYNN","25","9","207200","2004",-70.96098000000001,42.46272,"105","No","","Perp","Rental","DHCD","","LYNN"
892,"1723","214 CHESTNUT ST","LYNN","25","9","206300","1004",-70.93843,42.47092,"65","No","","2027*","Rental","HUD","","LYNN"
886,"1723","202 CHESTNUT ST","LYNN","25","9","206300","1004",-70.93805999999999,42.470543,"65","No","","2027*","Rental","HUD","","LYNN"
874,"1705","92 CURWIN CR","LYNN","25","9","205600","1002",-70.980484,42.467953,"277","No","","Perp","Rental","HUD","","LYNN"
912,"1748","7 WILLOW ST","LYNN","25","9","206800","2011",-70.94523,42.464157,"70","No","","2030*","Rental","MassHousing","","LYNN"
2210,"3922","32 SOUTH COMMON ST","LYNN","25","9","207000","1001",-70.95408999999999,42.46362,"32","No","","2054","Rental","DHCD","","LYNN"
906,"1738","NEPTUNE BLVD","LYNN","","","","",-70.9577387832496,42.4595185112485,"334","No","","2034","Rental","HUD","","LYNN"
904,"1735","147 WASHINGTON ST/ WHITTIER ST/HANOVER ST","LYNN","25","9","206100","1001",-70.9533,42.46766,"145","No","","2091","Rental","MassHousing","","LYNN"
915,"1751","25 PLEASANT ST","LYNN","25","9","207000","1001",-70.95373499999999,42.463493,"130","No","","2022*","Rental","MassHousing","","LYNN"
880,"1713","39 SHEPARD ST/WARREN ST","LYNN","25","9","207000","2004",-70.95721,42.461834,"16","No","","Perp","Rental","DHCD","","LYNN"
908,"1742","50 LYNNWAY","LYNN","25","9","206900","3008",-70.93821,42.457783,"202","No","","2031*","Rental","MassHousing","","LYNN"
885,"1723","200 CHESTNUT ST","LYNN","25","9","206300","1004",-70.937996,42.470478,"65","No","","2027*","Rental","HUD","","LYNN"
890,"1723","210 CHESTNUT ST","LYNN","25","9","206300","1004",-70.9383,42.4708,"65","No","","2027*","Rental","HUD","","LYNN"
882,"1716","104 SOUTH COMMON ST","LYNN","25","9","207000","2002",-70.95779,42.46312,"7","No","","2021*","Rental","HUD","","LYNN"
909,"1743","429 WEST WASHINGTON ST","LYNN","25","9","206800","2015",-70.946724,42.464127,"44","No","","2032*","Rental","HUD","","LYNN"
895,"1727"," 105 BROAD ST","LYNN","25","9","206700","4002",-70.93899999999999,42.463486,"60","No","","2033*","Rental","HUD","","LYNN"
887,"1723","204 CHESTNUT ST","LYNN","25","9","206300","1004",-70.93812,42.470604,"65","No","","2027*","Rental","HUD","","LYNN"
878,"1709","37 GREEN ST","LYNN","25","9","206800","1007",-70.93947,42.46663,"50","No","","Perp","Rental","DHCD","","LYNN"
917,"1755","19 WILLOW ST","LYNN","25","9","206800","2011",-70.94541,42.464252,"44","No","","2025","Rental","HUD","","LYNN"
900,"1731","7 LIBERTY SQ","LYNN","25","9","206800","2003",-70.94727,42.465527,"358","No","","2032*","Rental","MassHousing","","LYNN"
902,"1734","10 FARRAR ST","LYNN","25","9","206900","1007",-70.94078,42.462303,"181","No","","2029","Rental","MassHousing","","LYNN"
897,"1727","103 BROAD ST","LYNN","25","9","206700","4002",-70.93897,42.46349,"60","No","","2033*","Rental","HUD","","LYNN"
877,"1708","ESSEX-TILTON STS","LYNN","","","","",-70.94031933027441,42.4698984878414,"47","No","","Perp","Rental","DHCD","","LYNN"
891,"1723","212 CHESTNUT ST","LYNN","25","9","206300","1004",-70.93836,42.47086,"65","No","","2027*","Rental","HUD","","LYNN"
893,"1723","216 CHESTNUT ST","LYNN","25","9","206300","1004",-70.93849,42.47098,"65","No","","2027*","Rental","HUD","","LYNN"
901,"1733","130 EASTERN AVE","LYNN","25","9","206600","1001",-70.92534000000001,42.471474,"183","No","","2036*","Rental","MassHousing","","LYNN"
2215,"3923","22-28 WARREN ST; SHEPARD ST, LAGRANGE TERR, JUNE LN","LYNN","25","9","207000","2004",-70.95863,42.461777,"28","No","","2033","Rental","DHCD","","LYNN"
889,"1723","208 CHESTNUT ST","LYNN","25","9","206300","1004",-70.93823999999999,42.470734,"65","No","","2027*","Rental","HUD","","LYNN"
418,"10528","2 BROADWAY","LYNNFIELD","25","9","209100","5015",-71.01466000000001,42.502342,"","YES","comp permits sheet","2049","Rental","MassHousing","  5/4/2006","LYNNFIELD"
3347,"9809","13 RAMSDELL WAY","LYNNFIELD","25","9","209100","5015",-71.022514,42.511414,"4","YES","comp permits sheet","Perp","Ownership","MassHousing","  6/7/2006","LYNNFIELD"
3229,"9601","150 KING RAIL DR","LYNNFIELD","25","9","209100","5002",-71.03491,42.518124,"180","NO","","2043","Rental","DHCD","","LYNNFIELD"
921,"1759","* PARTRIDGE LN","LYNNFIELD","","","","",,,"5","No","non-40b Local Action Units","Perp","Ownership","DHCD","","LYNNFIELD"
2375,"4788","16 REAR PYBURN ST","LYNNFIELD","","","","",,,"5","Yes","comp permits sheet","Perp","Ownership","FHLBB"," 4/22/2004","LYNNFIELD"
919,"1757","600 ROSS DR","LYNNFIELD","25","9","209100","2011",-71.00905,42.514385,"64","No","","Perp","Rental","DHCD","","LYNNFIELD"
920,"1758","680 MAIN ST","LYNNFIELD","25","9","209200","3011",-71.04702,42.541313,"8","No","","Perp","Rental","DHCD","","LYNNFIELD"
2995,"9003","385 REAR BROADWAY","LYNNFIELD","","","","",,,"200","YES","comp permits sheet","Perp","Rental","MassHousing"," 8/16/2006","LYNNFIELD"
924,"1761","557 PLEASANT ST","MALDEN","25","17","341102","2012",-71.08605,42.42546,"172","No","","Perp","Rental","HUD","","MALDEN"
3298,"9732","280 SALEM ST","MALDEN","25","17","341700","2004",-71.05750999999999,42.43107,"81","NO","","2052","Rental","DHCD","","MALDEN"
934,"1773","13 ROCKLAND AVE","MALDEN","25","17","341102","2002",-71.07518,42.430885,"8","No","","Perp","Rental","DHCD","","MALDEN"
948,"1792","192 PEARL ST","MALDEN","25","17","341200","1019",-71.07675999999999,42.422543,"5","No","","Perp","Ownership","HUD","","MALDEN"
940,"1781","305 BROADWAY","MALDEN","25","17","341904","2010",-71.039024,42.43345,"98","No","","09/01/2039","Rental","DHCD","","MALDEN"
927,"1764","275 NEWLAND ST","MALDEN","25","17","341800","5008",-71.04949000000001,42.423195,"250","No","","Perp","Rental","HUD","","MALDEN"
945,"1787","317 SALEM ST","MALDEN","25","17","341800","4006",-71.05625000000001,42.43116,"5","No","","2034","Rental","","","MALDEN"
2798,"7901","117 SUMMER ST","MALDEN","25","17","341102","2001",-71.074524,42.430897,"5","NO","","2020","Rental","HUD","","MALDEN"
926,"1763","89 PEARL ST","MALDEN","25","17","341200","1009",-71.07653999999999,42.42457,"110","No","","Perp","Rental","HUD","","MALDEN"
938,"1779","691 HIGHLAND AVE","MALDEN","25","17","341101","3005",-71.08436,42.434826,"4","No","","2029","Rental","DHCD","","MALDEN"
2841,"8152","260 MAIN ST","MALDEN","","","","",,,"1","NO","non-40b Local Action Units","perp","Ownership","DHCD","","MALDEN"
2882,"8653","22 CHARLES ST","MALDEN","25","17","341301","4011",-71.06820999999999,42.423977,"11","NO","","2032","Rental","HUD","","MALDEN"
943,"1784","59 GREEN ST","MALDEN","25","17","341301","4010",-71.0707,42.41899,"94","No","","2030*","Rental","MassHousing","","MALDEN"
932,"1770","CLEMENT ST","MALDEN","","","","",-71.07243546527459,42.4291232962709,"11","No","","Perp","Rental","DHCD","","MALDEN"
937,"1776","1-7 LISBON ST","MALDEN","25","17","341800","2008",-71.0511174438326,42.4286575088857,"226","No","","2026","Rental","HUD","","MALDEN"
942,"1783","36 DARTMOUTH ST","MALDEN","25","17","341301","2002",-71.068245,42.427425,"125","No","","2030","Rental","DHCD","","MALDEN"
925,"1762","630 SALEM ST","MALDEN","25","17","341700","3010",-71.04735599999999,42.433098,"216","No","","Perp","Rental","HUD","","MALDEN"
410,"10513","26 IRVING ST","MALDEN","25","17","341301","4002",-71.06734,42.4257,"9","","","2039","Ownership","HUD","","MALDEN"
946,"1788","144 LAWRENCE ST","MALDEN","25","17","341904","3006",-71.028336,42.43305,"10","No","","2021","Rental","HUD","","MALDEN"
933,"1772","SPRINGDALE/OLIVER","MALDEN","","","","",-71.0302772579344,42.4322287126501,"24","No","","Perp","Rental","DHCD","","MALDEN"
929,"1767","COLEMAN/WESCOTT","MALDEN","","","","",-71.0332887601693,42.4329967306223,"112","No","","Perp","Rental","DHCD","","MALDEN"
935,"1774","14 CLEMENT ST","MALDEN","","","","",-71.0725171851289,42.428965082637,"10","No","","Perp","Rental","DHCD","","MALDEN"
409,"10511","39-45 BROADWAY","MALDEN","25","17","341901","1012",-71.04236,42.424522,"0","","","2043","Ownership","DHCD","","MALDEN"
923,"1760","120 MOUNTAIN AVE","MALDEN","25","17","341302","1005",-71.06859,42.43065,"124","No","","Perp","Rental","HUD","","MALDEN"
936,"1776","1- 7A LISBON ST/ BOWDOIN ST","MALDEN","","","","",-71.0511174438326,42.4286575088857,"226","No","","2026","Rental","HUD","","MALDEN"
930,"1768","COLEMAN/HUNTING","MALDEN","","","","",-71.03635904675789,42.4341755486189,"96","No","","Perp","Rental","DHCD","","MALDEN"
941,"1782","360 CHARLES ST","MALDEN","25","17","341200","4003",-71.08208500000001,42.42338,"75","No","","2036","Rental","HUD","","MALDEN"
411,"10515","30 FRANKLIN ST","MALDEN","25","17","341500","1000",-71.06044,42.428722,"5","","","2037","Ownership","DHCD","","MALDEN"
939,"1780","510 MAIN ST","MALDEN","25","17","341301","2000",-71.06713000000001,42.42838,"141","No","","Perp","Rental","MassHousing","","MALDEN"
931,"1769","FOREST/SYLVAN/KIMBALL","MALDEN","","","","",-71.0553807883397,42.4403611001618,"103","No","","Perp","Rental","DHCD","","MALDEN"
928,"1766","312 BYRANT ST","MALDEN","25","17","341800","6004",-71.05383999999999,42.425102,"100","No","","Perp","Rental","HUD","","MALDEN"
3299,"9734","116 CEDAR ST","MALDEN","25","17","341102","2003",-71.07665,42.431053,"14","NO","","2038","Rental","HUD","","MALDEN"
944,"1785","195 PLEASANT ST","MALDEN","25","17","341301","2004",-71.07218,42.427193,"177","No","","2051","Rental","MassHousing","","MALDEN"
2227,"3947","350-366 CROSS ST","MALDEN","25","17","341800","6002",-71.05535,42.425003,"19","No","","2054","Rental","HUD","","MALDEN"
949,"1801","NEWPORT PARK RD","MANCHESTER","","","","",-70.7767719021069,42.5789204331299,"32","No","","Perp","Rental","DHCD","","MANCHESTER"
16,"10014","22 ELM ST","MANCHESTER","25","9","218100","4016",-70.77303000000001,42.576473,"2","NO","","Perp","Rental","DHCD","","MANCHESTER"
2146,"3775","10 SUMMER ST","MANCHESTER","25","9","218100","3013",-70.76903,42.57445,"26","YES","","Perp","Mix","MassHousing","  4/3/2003","MANCHESTER"
2147,"3775","10-12 SUMMER ST","MANCHESTER","25","9","218100","3013",-70.76903,42.57445,"26","YES","","Perp","Mix","FHLBB","  4/3/2003","MANCHESTER"
2145,"3775"," 12 SUMMER ST","MANCHESTER","25","9","218100","3013",-70.76881400000001,42.574505,"26","YES","","Perp","Mix","DHCD","  4/3/2003","MANCHESTER"
15,"10013","31 CENTRAL ST","MANCHESTER","25","9","218100","4016",-70.77341,42.57522,"3","NO","","Perp","Rental","DHCD","","MANCHESTER"
2244,"3956","55 INTREPID CIR","MARBLEHEAD","25","9","203302","3002",-70.85429999999999,42.50996,"22","Yes","comp permits sheet","perp","Ownership","FHLBB","","MARBLEHEAD"
956,"1815","1-57 BROUGHTON RD","MARBLEHEAD","25","9","203100","2000",-70.8724,42.492584,"54","No","","Perp","Rental","DHCD","","MARBLEHEAD"
957,"1816","1-38 POWDER HOUSE CT","MARBLEHEAD","25","9","203301","2009",-70.85616,42.506554,"38","No","","Perp","Rental","DHCD","","MARBLEHEAD"
960,"1819","1-64 FARRELL CT","MARBLEHEAD","25","9","203302","3006",-70.852745,42.50896,"64","No","","Perp","Rental","DHCD","","MARBLEHEAD"
955,"1814","1-22 BARNARD HAWKES CT","MARBLEHEAD","25","9","203200","1003",-70.856674,42.499752,"22","No","","Perp","Rental","DHCD","","MARBLEHEAD"
958,"1817","1-32 GREEN STREET CT","MARBLEHEAD","25","9","203301","2009",-70.85771,42.506687,"32","No","","Perp","Rental","DHCD","","MARBLEHEAD"
961,"1820","26 ROWLAND ST","MARBLEHEAD","25","9","203200","1002",-70.85845,42.49933,"41","No","","Perp","Rental","DHCD","","MARBLEHEAD"
963,"1822","156 ELM ST","MARBLEHEAD","25","9","203301","3000",-70.8563,42.503716,"4","No","","Perp","Rental","DHCD","","MARBLEHEAD"
959,"1818","65-112 NEW FARRELL CT","MARBLEHEAD","25","9","203302","3006",-70.85242,42.508633,"48","No","","Perp","Rental","DHCD","","MARBLEHEAD"
962,"1821","58-72 NEW BROUGHTON RD","MARBLEHEAD","25","9","203100","2000",-70.8702,42.490475,"8","No","","Perp","Rental","DHCD","","MARBLEHEAD"
967,"1827","240 MAIN ST","MARLBORO","","","","",-71.55126973508079,42.346329596909,"125","Yes","","Perp","Rental","DHCD","","MARLBORO"
986,"1857","101 BOSTON POST RD E","MARLBORO","","","","",-71.5284797014874,42.3492635766828,"156","Yes","","Perp","Rental","MassHousing","","MARLBORO"
999,"1857","87 BOSTON POST RD E","MARLBORO","","","","",-71.5284797014874,42.3492635766828,"156","Yes","","Perp","Rental","MassHousing","","MARLBORO"
995,"1857","119 BOSTON POST RD E","MARLBORO","","","","",-71.5284797014874,42.3492635766828,"156","Yes","","Perp","Rental","MassHousing","","MARLBORO"
1004,"1857","97 BOSTON POST RD E","MARLBORO","","","","",-71.5284797014874,42.3492635766828,"156","Yes","","Perp","Rental","MassHousing","","MARLBORO"
984,"1855","25 STEVENS ST","MARLBORO","","","","",-71.54059342942141,42.3522541840446,"8","No","","2034","Rental","HUD","","MARLBORO"
968,"1828","20 FRONT ST","MARLBORO","","","","",-71.5406238732788,42.3495691225437,"7","No","","Perp","Rental","DHCD","","MARLBORO"
974,"1843","55 HOWLAND ST","MARLBORO","","","","",,,"2","No","non-40b Local Action Units","Perp","Ownership","DHCD","","MARLBORO"
983,"1854","420 HEMENWAY ST","MARLBORO","","","","",,,"120","No","non-40b Local Action Units","2032","Rental","DHCD","","MARLBORO"
970,"1835","271 BOSTON POST RD","MARLBORO","","","","",,,"1","No","non-40b Local Action Units","Perp","Ownership","DHCD","","MARLBORO"
997,"1857","83 BOSTON POST RD E","MARLBORO","","","","",-71.5284797014874,42.3492635766828,"156","Yes","","Perp","Rental","MassHousing","","MARLBORO"
991,"1857","111 BOSTON POST RD E","MARLBORO","","","","",-71.5284797014874,42.3492635766828,"156","Yes","","Perp","Rental","MassHousing","","MARLBORO"
977,"1847","90 ONAMOG ST","MARLBORO","","","","",-71.5502430564091,42.3410128347542,"12","No","","2022","Rental","HUD","","MARLBORO"
985,"1856","21 AUSTEN WAY","MARLBORO","","","","",,,"274","Yes","comp permits sheet","2042","Rental","FHLBB","","MARLBORO"
998,"1857","85 BOSTON POST RD E","MARLBORO","","","","",-71.5284797014874,42.3492635766828,"156","Yes","","Perp","Rental","MassHousing","","MARLBORO"
988,"1857","105 BOSTON POST RD E","MARLBORO","","","","",-71.5284797014874,42.3492635766828,"156","Yes","","Perp","Rental","MassHousing","","MARLBORO"
994,"1857","117 BOSTON POST RD E","MARLBORO","","","","",-71.5284797014874,42.3492635766828,"156","Yes","","Perp","Rental","MassHousing","","MARLBORO"
989,"1857","107 BOSTON POST RD E","MARLBORO","","","","",-71.5284797014874,42.3492635766828,"156","Yes","","Perp","Rental","MassHousing","","MARLBORO"
966,"1826","397 BOLTON ST","MARLBORO","","","","",-71.5518714579367,42.3598005230327,"60","No","","Perp","Rental","DHCD","","MARLBORO"
1003,"1857","95 BOSTON POST RD E","MARLBORO","","","","",-71.5284797014874,42.3492635766828,"156","Yes","","Perp","Rental","MassHousing","","MARLBORO"
978,"1849","496-498 LINCOLN ST","MARLBORO","","","","",-71.5614996021144,42.3448651577282,"36","No","","2021","Rental","DHCD","","MARLBORO"
965,"1825","29 PLEASANT ST","MARLBORO","","","","",-71.5582485002663,42.3451131839127,"42","No","","Perp","Rental","DHCD","","MARLBORO"
975,"1844","450-460 BOSTON POST RD","MARLBORO","","","","",-71.5121866886205,42.3483628176122,"118","No","","2029","Rental","DHCD","","MARLBORO"
973,"1842","22 BROAD ST","MARLBORO","","","","",-71.5620564867727,42.3417071373409,"81","No","","2036*","Rental","MassHousing","","MARLBORO"
1002,"1857","93 BOSTON POST RD E","MARLBORO","","","","",-71.5284797014874,42.3492635766828,"156","Yes","","Perp","Rental","MassHousing","","MARLBORO"
1000,"1857","89 BOSTON POST RD E","MARLBORO","","","","",-71.5284797014874,42.3492635766828,"156","Yes","","Perp","Rental","MassHousing","","MARLBORO"
993,"1857","115 BOSTON POST RD E","MARLBORO","","","","",-71.5284797014874,42.3492635766828,"156","Yes","","Perp","Rental","MassHousing","","MARLBORO"
981,"1853","120 PROSPECT ST","MARLBORO","","","","",-71.5529485870922,42.3508361647807,"7","No","","2035","Rental","FHLBB","","MARLBORO"
990,"1857","109 BOSTON POST RD E","MARLBORO","","","","",-71.5284797014874,42.3492635766828,"156","Yes","","Perp","Rental","MassHousing","","MARLBORO"
972,"1840","35 HIGH ST","MARLBORO","","","","",,,"1","No","non-40b Local Action Units","Perp","Ownership","DHCD","","MARLBORO"
996,"1857","81 BOSTON POST RD E","MARLBORO","","","","",-71.5284797014874,42.3492635766828,"156","Yes","","Perp","Rental","MassHousing","","MARLBORO"
14,"10012","155 AMES ST","MARLBORO","","","","",,,"225","YES","comp permits sheet","Perp","Rental","MassHousing","","MARLBORO"
979,"1851","57 MECHANIC ST","MARLBORO","","","","",-71.5548970021144,42.3477706662856,"27","No","","Perp","Rental","DHCD","","MARLBORO"
987,"1857","103 BOSTON POST RD E","MARLBORO","","","","",-71.5284797014874,42.3492635766828,"156","Yes","","Perp","Rental","MassHousing","","MARLBORO"
976,"1846","235 PLEASANT ST","MARLBORO","","","","",-71.563416457937,42.351025757436,"8","No","","2021","Rental","HUD","","MARLBORO"
980,"1852","153 MECHANIC ST","MARLBORO","","","","",-71.5575619870923,42.3502398765868,"6","No","","2044","Rental","FHLBB","","MARLBORO"
1001,"1857","91 BOSTON POST RD E","MARLBORO","","","","",-71.5284797014874,42.3492635766828,"156","Yes","","Perp","Rental","MassHousing","","MARLBORO"
992,"1857","113 BOSTON POST RD E","MARLBORO","","","","",-71.5284797014874,42.3492635766828,"156","Yes","","Perp","Rental","MassHousing","","MARLBORO"
3122,"9386","84 CHESTNUT ST","MARLBORO","","","","",,,"83","NO","","2058","Rental","DHCD","","MARLBORO"
982,"1854","370 HEMENWAY ST","MARLBORO","","","","",,,"120","No","non-40b Local Action Units","2032","Rental","DHCD","","MARLBORO"
2840,"8150","37 RUSSELL ST","MARLBORO","","","","",,,"2","YES","comp permits sheet","perp","Ownership","MassHousing"," 5/28/2005","MARLBORO"
1005,"1857","99 BOSTON POST RD E","MARLBORO","","","","",-71.5284797014874,42.3492635766828,"156","Yes","","Perp","Rental","MassHousing","","MARLBORO"
2358,"4684","515 PLEASANT ST","MARLBORO","","","","",,,"5","Yes","comp permits sheet","2103","Ownership","FHLBB"," 9/13/2002","MARLBORO"
1022,"1868","1554 OCEAN ST","MARSHFIELD","25","23","506203","1000",-70.69013,42.09356,"65","No","","Perp","Rental","MHP","","MARSHFIELD"
1014,"1864","12 FRESH BROOK WAY","MARSHFIELD","","","","",,,"3","Yes","comp permits sheet","Perp","Ownership","DHCD","","MARSHFIELD"
1012,"1862","28 TEA ROCK GARDENS","MARSHFIELD","25","23","506202","1003",-70.70992,42.089092,"6","Yes","","Perp","Rental","DHCD","","MARSHFIELD"
1009,"1862","24 TEA ROCK GARDENS","MARSHFIELD","25","23","506202","1003",-70.70994,42.0891,"6","Yes","","Perp","Rental","DHCD","","MARSHFIELD"
1015,"1864","3 FRESH BROOK WAY","MARSHFIELD","","","","",,,"3","Yes","comp permits sheet","Perp","Ownership","DHCD","","MARSHFIELD"
1013,"1863","656 HOLLY RD","MARSHFIELD","25","23","506104","2010",-70.69978,42.125538,"4","No","","2025","Rental","EOHHS","","MARSHFIELD"
1011,"1862","27 TEA ROCK GARDENS","MARSHFIELD","25","23","506202","1003",-70.709915,42.089104,"6","Yes","","Perp","Rental","DHCD","","MARSHFIELD"
1007,"1859","135 MAIN ST","MARSHFIELD","25","23","506102","4002",-70.71811,42.09912,"33","No","","Perp","Rental","DHCD","","MARSHFIELD"
1021,"1866","900 MARINER'S HILL DR","MARSHFIELD","25","23","506202","1009",-70.71711000000001,42.09047,"90","Yes","","Perp","Rental","MassHousing","","MARSHFIELD"
1016,"1864","4 FRESH BROOK WAY","MARSHFIELD","","","","",,,"3","Yes","comp permits sheet","Perp","Ownership","DHCD","","MARSHFIELD"
2975,"8890","* MARINERS DR","MARSHFIELD","","","","",,,"7","NO","non-40b Local Action Units","perp","Ownership","LIP","","MARSHFIELD"
2944,"8759","3 PROPRIETORS DR","MARSHFIELD","25","23","506102","5005",-70.740005,42.103065,"6","NO","non-40b Local Action Units","perp","Ownership","DHCD","","MARSHFIELD"
1018,"1864","6 FRESH BROOK WAY","MARSHFIELD","","","","",,,"3","Yes","comp permits sheet","Perp","Ownership","DHCD","","MARSHFIELD"
1020,"1865","40 PARSONAGE ST","MARSHFIELD","25","23","506203","1010",-70.69549000000001,42.091816,"30","Yes","","2026*","Rental","HUD","","MARSHFIELD"
1017,"1864","5 FRESH BROOK WAY","MARSHFIELD","","","","",,,"3","Yes","comp permits sheet","Perp","Ownership","DHCD","","MARSHFIELD"
3015,"9046","OCEAN ST","MARSHFIELD","","","","",-70.67536965746891,42.1011314968895,"97","YES","","Perp","Mix","DHCD","11/14/2008","MARSHFIELD"
1006,"1858","17 TEA ROCK GARDENS","MARSHFIELD","25","23","506202","1003",-70.70994,42.08912,"64","No","","Perp","Rental","DHCD","","MARSHFIELD"
1010,"1862","25 TEA ROCK GARDENS","MARSHFIELD","25","23","506202","1003",-70.70992,42.089104,"6","Yes","","Perp","Rental","DHCD","","MARSHFIELD"
1023,"1869","1520 OCEAN ST","MARSHFIELD","25","23","506203","1000",-70.68908999999999,42.094116,"48","No","","2031","Rental","HUD","","MARSHFIELD"
171,"10206","1 CHESTNUT ST","MARSHFIELD","","","","",,,"248","YES","comp permits sheet","Perp","Rental","MassHousing"," 11/6/2017","MARSHFIELD"
2369,"4770","47 OLD COLONY LN","MARSHFIELD","25","23","506206","2019",-70.67804,42.099728,"15","Yes","","Perp","Ownership","N/A"," 1/14/1992","MARSHFIELD"
1008,"1862"," 26 TEA ROCK GARDENS","MARSHFIELD","25","23","506202","1003",-70.70993,42.089096,"6","Yes","","Perp","Rental","DHCD","","MARSHFIELD"
1019,"1864","8 FRESH BROOK WAY","MARSHFIELD","","","","",,,"3","Yes","comp permits sheet","Perp","Ownership","DHCD","","MARSHFIELD"
336,"10385","129 PARKER ST","MAYNARD","25","17","364102","4009",-71.446495,42.419285,"22","NO","non-40b Local Action Units","Perp","Rental","DHCD","","MAYNARD"
1029,"1883","15 CONCORD ST CR","MAYNARD","25","17","364101","2024",-71.45685,42.4351,"56","No","","Perp","Rental","DHCD","","MAYNARD"
1030,"1884","15 POWDER HILL CR","MAYNARD","","","","",-71.4381959294186,42.4389299899726,"56","No","","Perp","Rental","DHCD","","MAYNARD"
1032,"1886","17 ROOSEVELT ST","MAYNARD","25","17","364102","2017",-71.44742599999999,42.429348,"4","No","","2036","Rental","HUD","","MAYNARD"
1034,"1888","317 DAWN RD","MAYNARD","25","17","364102","1002",-71.44145,42.435623,"50","No","","2033*","Rental","MassHousing","","MAYNARD"
1033,"1887","208 GREAT RD","MAYNARD","25","17","364102","3013",-71.450264,42.42342,"6","No","","2038","Rental","HUD","","MAYNARD"
1031,"1885","81 ACTON ST","MAYNARD","25","17","364101","3024",-71.453514,42.438316,"8","No","","2036","Rental","HUD","","MAYNARD"
424,"10542","42 SUMMER ST","MAYNARD","25","17","364101","1001",-71.45437,42.433926,"24","NO","non-40b Local Action Units","Perp","Rental","DHCD","","MAYNARD"
1028,"1882","DAWN RD","MAYNARD","","","","",-71.44280432909881,42.4362108934123,"32","No","","Perp","Rental","HUD","","MAYNARD"
64,"10062","29 HOSPITAL RD","MEDFIELD","25","21","406101","3004",-71.32747999999999,42.205734,"8","YES","comp permits sheet","Perp","Ownership","MassHousing","  4/6/2017","MEDFIELD"
185,"10221","71 NORTH ST","MEDFIELD","25","21","406101","1016",-71.30757,42.188793,"8","YES","comp permits sheet","Perp","Rental","DHCD"," 5/24/2018","MEDFIELD"
186,"10222","80 NORTH MEAOWS RD","MEDFIELD","","","","",,,"16","YES","comp permits sheet","Perp","Rental","DHCD"," 5/24/2018","MEDFIELD"
1035,"1890","30 POUND ST","MEDFIELD","25","21","406102","1028",-71.298035,42.186787,"60","Yes","","Perp","Rental","DHCD","","MEDFIELD"
63,"10062","25 HOSPITAL RD","MEDFIELD","25","21","406101","3004",-71.327065,42.205563,"8","YES","comp permits sheet","Perp","Ownership","MassHousing","  4/6/2017","MEDFIELD"
62,"10062","21 HOSPITAL RD","MEDFIELD","25","21","406101","3004",-71.3267,42.20535,"8","YES","comp permits sheet","Perp","Ownership","MassHousing","  4/6/2017","MEDFIELD"
1036,"1893","WILKINS GLEN RD","MEDFIELD","","","","",-71.2998480664907,42.1898633843132,"103","YES","","2042","Rental","DHCD","","MEDFIELD"
265,"10290","41 DALE ST","MEDFIELD","25","21","406101","1015",-71.31383,42.189037,"27","YES","comp permits sheet","Perp","Mix","DHCD"," 5/10/2019","MEDFIELD"
373,"10461","50 PETER KRISTOF WAY","MEDFIELD","","","","",,,"56","YES","comp permits sheet","Perp","Rental","DHCD","  5/8/2020","MEDFIELD"
3452,"9953","ONE DR","MEDFIELD","","","","",-71.3280200577385,42.190768566827,"92","YES","","Perp","Rental","DHCD","12/19/2012","MEDFIELD"
65,"10063","67 NORTH ST","MEDFIELD","25","21","406101","1016",-71.30743,42.188644,"8","YES","comp permits sheet","Perp","Rental","DHCD"," 5/23/2017","MEDFIELD"
301,"10337","15 CAPEN ST","MEDFORD","25","17","339400","2005",-71.12333,42.410896,"12","NO","non-40b Local Action Units","2032","Rental","DHCD","","MEDFORD"
3455,"9957","1ST CLARE RD","MEDFORD","","","","",,,"2","NO","","Perp","Ownership","DHCD","","MEDFORD"
1039,"1896","22 ALLSTON ST","MEDFORD","25","17","339300","1005",-71.12849,42.41945,"100","No","","Perp","Rental","HUD","","MEDFORD"
1041,"1899","WALKLING CT","MEDFORD","","","","",-71.1249462156058,42.4171315136218,"80","No","","Perp","Rental","DHCD","","MEDFORD"
1037,"1894","15 CANAL ST","MEDFORD","25","17","339300","1004",-71.13086,42.420715,"32","No","","Perp","Rental","HUD","","MEDFORD"
3462,"9963","24 HIGH ST","MEDFORD","25","17","339101","3002",-71.11071,42.418507,"1","NO","non-40b Local Action Units","Perp","Ownership","DHCD"," 5/27/2010","MEDFORD"
1047,"1906","99 RIVERSIDE AVE","MEDFORD","25","17","339101","3008",-71.10545999999999,42.416847,"200","No","","2036*","Rental","HUD","","MEDFORD"
1049,"1908","196-198 FELLSWAY WEST","MEDFORD","","","","",-71.0941898312671,42.4246498117943,"3","No","","2025","Rental","DHCD","","MEDFORD"
1048,"1907","81 WOLCOTT ST","MEDFORD","25","17","339200","4002",-71.12515999999999,42.422756,"4","No","","2035","Rental","HUD","","MEDFORD"
3457,"9959","215 HARVARD ST","MEDFORD","25","17","339600","3000",-71.10919,42.404633,"8","NO","non-40b Local Action Units","Perp","Ownership","HUD","","MEDFORD"
3463,"9963","30 HIGH ST","MEDFORD","25","17","339101","3002",-71.113174,42.419193,"1","NO","non-40b Local Action Units","Perp","Ownership","DHCD"," 5/27/2010","MEDFORD"
3459,"9960","34 BRAINARD RD","MEDFORD","25","17","339803","2009",-71.07821,42.40625,"5","NO","","Perp","Rental","DHCD","","MEDFORD"
1043,"1902","FOSTER CT","MEDFORD","","","","",-71.09704011592579,42.4117158756061,"8","No","","Perp","Rental","DHCD","","MEDFORD"
1038,"1895","121 RIVERSIDE AVE","MEDFORD","25","17","339101","3008",-71.105255,42.416775,"200","No","","Perp","Rental","HUD","","MEDFORD"
291,"10324","150 RIVERS EDGE DR","MEDFORD","25","17","339803","2002",-71.07667499999999,42.407463,"8","NO","non-40b Local Action Units","Perp","Rental","DHCD","","MEDFORD"
292,"10325","640 BOSTON AVE","MEDFORD","25","17","339600","3006",-71.1129,42.401634,"4","NO","non-40b Local Action Units","Perp","Rental","DHCD","","MEDFORD"
1044,"1903","4-6 ASHLAND ST","MEDFORD","25","17","339101","1010",-71.10809999999999,42.418674,"16","No","","7/25/22","Rental","MHP","","MEDFORD"
2918,"8701","6 AMARANTH PL","MEDFORD","25","17","339900","1010",-71.08701000000001,42.415474,"2","NO","non-40b Local Action Units","perp","Ownership","DHCD","","MEDFORD"
3456,"9958","75 STATION LANDING","MEDFORD","25","17","339803","1003",-71.08086400000001,42.403133,"5","NO","non-40b Local Action Units","Perp","Rental","DHCD","","MEDFORD"
2962,"8832","68 CENTRAL AVE","MEDFORD","25","17","339900","5003",-71.09493000000001,42.419174,"3","NO","","2036","Ownership","HUD","","MEDFORD"
2825,"7956","160 PLAYSTEAD RD","MEDFORD","25","17","339200","1003",-71.13415500000001,42.428,"3","NO","","perp","Ownership","HUD","","MEDFORD"
1040,"1898","RIVERSIDE/ROCKWELL/FOSTER COURT/LIGHT GUARD","MEDFORD","","","","",-71.09716930211231,42.4112185166722,"142","No","","Perp","Rental","DHCD","","MEDFORD"
293,"10326","5 CABOT RD","MEDFORD","25","17","339802","1004",-71.086365,42.408962,"30","NO","non-40b Local Action Units","Perp","Rental","DHCD","","MEDFORD"
3460,"9961","297 MAIN ST","MEDFORD","25","17","339600","1003",-71.109245,42.408283,"1","NO","non-40b Local Action Units","2044","Rental","DHCD","","MEDFORD"
1042,"1901","35 BRADLEE RD","MEDFORD","25","17","339101","1009",-71.1103,42.419804,"75","No","","Perp","Rental","DHCD","","MEDFORD"
1045,"1904","42 WATER ST","MEDFORD","25","17","339101","1001",-71.105316,42.42128,"35","No","","2023","Rental","HUD","","MEDFORD"
3461,"9962","3780 MYSTIC VALLEY PKWY","MEDFORD","25","17","339802","4000",-71.09506,42.405964,"16","NO","non-40b Local Action Units","Perp","Rental","","  6/6/2012","MEDFORD"
1046,"1905","3600 MYSTIC VALLEY PKY","MEDFORD","25","17","339802","4000",-71.09564,42.405964,"465","No","","2043*","Rental","MassHousing","","MEDFORD"
147,"10173","3 GLEN BROOK WAY","MEDWAY","","","","",-71.4513309269406,42.1384458690446,"48","YES","","Perp","Rental","DHCD"," 8/10/2017","MEDWAY"
1052,"1913","248 VILLAGE ST","MEDWAY","","","","",-71.41040870244071,42.1398347789846,"6","No","","Perp","Rental","DHCD","","MEDWAY"
198,"10239","37 WEST ST","MEDWAY","25","21","408103","1014",-71.4516,42.14006,"0","YES","comp permits sheet","Perp","Rental","DHCD"," 8/16/2018","MEDWAY"
196,"10239","31 WEST ST","MEDWAY","25","21","408103","1014",-71.45115,42.1395,"0","YES","comp permits sheet","Perp","Rental","DHCD"," 8/16/2018","MEDWAY"
145,"10173","0 GLEN BROOK WAY","MEDWAY","","","","",-71.4513309269406,42.1384458690446,"48","YES","","Perp","Rental","DHCD"," 8/10/2017","MEDWAY"
298,"10333","2 MILLSTONE DR","MEDWAY","25","21","408104","2008",-71.43026999999999,42.161655,"7","NO","non-40b Local Action Units","Perp","Ownership","DHCD","","MEDWAY"
1051,"1912","MAHAN CR","MEDWAY","","","","",-71.4206359889466,42.1538763161766,"70","No","","Perp","Rental","HUD","","MEDWAY"
1053,"1914","KENNEY DR","MEDWAY","","","","",-71.4052384331241,42.1467333727549,"34","No","","Perp","Rental","DHCD","","MEDWAY"
197,"10239","33 WEST ST","MEDWAY","25","21","408103","1014",-71.451294,42.139687,"0","YES","comp permits sheet","Perp","Rental","DHCD"," 8/16/2018","MEDWAY"
2365,"4744","* KINGSON LN","MEDWAY","","","","",,,"14","Yes","comp permits sheet","2100","Ownership","FHLBB"," 4/13/1999","MEDWAY"
1050,"1911","MAPLE LN","MEDWAY","","","","",-71.42347781561411,42.1535646170028,"30","No","","Perp","Rental","HUD","","MEDWAY"
1054,"1915","LOVERING HTS","MEDWAY","","","","",-71.4190472447692,42.1597234053928,"60","No","","Perp","Rental","DHCD","","MEDWAY"
285,"10318","33 MAIN ST","MEDWAY","25","21","408104","1004",-71.39789,42.15496,"190","YES","comp permits sheet","Perp","Rental","DHCD","  8/1/2019","MEDWAY"
146,"10173","1 GLEN BROOK WAY","MEDWAY","","","","",-71.4513309269406,42.1384458690446,"48","YES","","Perp","Rental","DHCD"," 8/10/2017","MEDWAY"
3378,"9846","* MORNINGSIDE DR","MEDWAY","","","","",,,"4","YES","comp permits sheet","Perp","Ownership","MassHousing","  5/4/2011","MEDWAY"
3310,"9753","354 UPHAM ST","MELROSE","25","17","336202","1015",-71.04786,42.459103,"1","NO","non-40b Local Action Units","Perp","Ownership","DHCD","","MELROSE"
110,"10131","130 TREMONT ST","MELROSE","25","17","336100","2008",-71.06946000000001,42.463615,"2","NO","non-40b Local Action Units","Perp","Rental","DHCD"," 9/29/2014","MELROSE"
3309,"9751","1000 STONE PL","MELROSE","25","17","336403","2002",-71.07158,42.443604,"19","NO","non-40b Local Action Units","Perp","Rental","DHCD","","MELROSE"
1059,"1921","919 MAIN ST","MELROSE","","","","",-71.06111749873421,42.4660998109876,"8","No","","Perp","Rental","DHCD","","MELROSE"
1055,"1917","1 NASON DR","MELROSE","25","17","336100","5000",-71.06937000000001,42.469826,"155","No","","Perp","Rental","DHCD","","MELROSE"
1063,"1927","80 GROVE ST","MELROSE","25","17","336300","5011",-71.06516000000001,42.453213,"101","No","","2030*","Rental","HUD","","MELROSE"
1058,"1920","499 LEBANON ST","MELROSE","","","","",-71.0499857024312,42.442468597113,"8","No","","Perp","Rental","DHCD","","MELROSE"
1057,"1919","165 TRENTON ST","MELROSE","25","17","336402","3011",-71.07174000000001,42.454643,"8","No","","Perp","Rental","DHCD","","MELROSE"
1064,"1928","101 COTTAGE ST","MELROSE","25","17","336402","3012",-71.070526,42.454628,"114","Yes","","2029*","Rental","HUD","","MELROSE"
3086,"9248","534 MAIN ST","MELROSE","","","","",,,"3","NO","non-40b Local Action Units","Perp","Ownership","DHCD","","MELROSE"
1056,"1918","910 MAIN ST","MELROSE","25","17","336100","2000",-71.06165,42.465218,"150","No","","Perp","Rental","DHCD","","MELROSE"
3042,"9105","24 VINE ST","MELROSE","25","17","336402","1005",-71.06752,42.457798,"14","YES","","Perp","Rental","DHCD"," 12/4/2006","MELROSE"
3427,"9918","2 WASHINGTON ST","MELROSE","25","17","336403","1007",-71.07165500000001,42.440163,"9","NO","non-40b Local Action Units","Perp","Rental","DHCD","","MELROSE"
111,"10133","HOLBROOK CT","MELROSE","","","","",-71.0601446987141,42.4647724608633,"3","NO","","2046","Rental","HUD","","MELROSE"
1062,"1926","200 WEST FOSTER ST","MELROSE","25","17","336402","3012",-71.06939,42.45541,"104","No","","2029*","Rental","HUD","","MELROSE"
1061,"1925","235 W WYOMING AVE","MELROSE","25","17","336402","2001",-71.07832000000001,42.454704,"107","Yes","","2033*","Rental","MassHousing","","MELROSE"
2983,"8980","391 PLEASANT ST","MELROSE","25","17","336403","2001",-71.07057,42.449505,"3","NO","","perp","Ownership","HUD","","MELROSE"
257,"10280","10 COREY ST","MELROSE","25","17","336404","1003",-71.06793999999999,42.451866,"4","NO","non-40b Local Action Units","Perp","Rental","DHCD","","MELROSE"
2877,"8596","16 WILLOW ST","MELROSE","25","17","336402","1003",-71.06818,42.455837,"5","NO","","perp","Ownership","HUD","","MELROSE"
2958,"8816","10 ISLAND HILL AVE","MELROSE","","","","",,,"48","NO","non-40b Local Action Units","perp","Rental","DHCD","","MELROSE"
1060,"1922","42 OTIS ST","MELROSE","25","17","336100","3004",-71.07316,42.461323,"3","No","","Perp","Rental","DHCD","","MELROSE"
109,"10130","37 WASINGTON ST","MELROSE","","","","",-71.0715708784594,42.441427881584,"8","","","Perp","Rental","DHCD","","MELROSE"
1091,"1975","59 NORTH MAIN ST","MIDDLETON","25","9","212102","1004",-71.01964,42.597904,"11","No","","2025","Rental","HUD","","MIDDLETON"
2160,"3809","61 NORTH MAIN ST","MIDDLETON","25","9","212102","1004",-71.0198,42.597996,"44","Yes","","2021*","Rental","RHS","","MIDDLETON"
277,"10300","1 PEASELEE CIR","MIDDLETON","25","9","212102","2009",-71.00215,42.572506,"6","NO","non-40b Local Action Units","Perp","Ownership","DHCD","","MIDDLETON"
1089,"1973","ORCHARD CR","MIDDLETON","","","","",-71.0120853077055,42.5901844316532,"54","Yes","","Perp","Rental","DHCD","","MIDDLETON"
1090,"1974","MEMORIAL DR (OR LOCUST ST)","MIDDLETON","","","","",-70.972178696653,42.5963568693614,"12","Yes","","Perp","Rental","DHCD","","MIDDLETON"
212,"10254","464 EAST MAIN ST","MILFORD","25","27","744103","1019",-71.48154,42.1634,"0","YES","","Perp","Rental","MassHousing"," 7/11/2018","MILFORD"
1093,"1977","LUBY AVE","MILFORD","","","","",-71.52966154476989,42.1427348139607,"69","No","","Perp","Rental","DHCD","","MILFORD"
1095,"1979","GREENLEAF TR","MILFORD","","","","",-71.52059117175691,42.1508379249588,"30","No","","Perp","Rental","DHCD","","MILFORD"
1092,"1976","MAHER CT","MILFORD","","","","",-71.5112681889469,42.148337977696,"65","No","","Perp","Rental","HUD","","MILFORD"
1097,"1980","BIRMINGHAM CT","MILFORD","","","","",-71.51952685826321,42.1512921024939,"120","No","","Perp","Rental","DHCD","","MILFORD"
275,"10299","200 DEER ST","MILFORD","","","","",,,"0","YES","","Perp","Rental","MassHousing"," 9/14/2018","MILFORD"
1094,"1978","FAIRFIELD CT","MILFORD","","","","",-71.5168851005927,42.1373560197899,"30","No","","Perp","Rental","DHCD","","MILFORD"
1099,"1982","VICKI LN","MILFORD","","","","",-71.5217115447695,42.1523821506049,"8","No","","Perp","Rental","DHCD","","MILFORD"
1098,"1981","WILLOW CT","MILFORD","","","","",-71.5328848159336,42.1654406921118,"8","No","","Perp","Rental","DHCD","","MILFORD"
1100,"1986","ROLLING GREEN DR","MILFORD","","","","",-71.5369341714367,42.1625333946031,"304","No","","09/01/28","Rental","MassHousing","","MILFORD"
211,"10254","462 EAST MAIN ST","MILFORD","25","27","744103","1019",-71.48170500000001,42.16321,"0","YES","","Perp","Rental","MassHousing"," 7/11/2018","MILFORD"
1107,"1997","6-24 DANIELS ST","MILLIS","25","21","407101","3012",-71.35251,42.172432,"10","No","","Perp","Rental","DHCD","","MILLIS"
1105,"1995","310 EXCHANGE ST","MILLIS","25","21","407101","2021",-71.36017,42.17606,"32","No","","Perp","Rental","DHCD","","MILLIS"
3163,"9480","* TUCKERDALE WAY","MILLIS","","","","",,,"4","YES","comp permits sheet","Perp","Ownership","MassHousing"," 9/15/2003","MILLIS"
1108,"1998","* HERITAGE PATH","MILLIS","","","","",,,"17","Yes","comp permits sheet","2035","Ownership","DHCD","","MILLIS"
2162,"3810","16 LAVENDER ST","MILLIS","25","21","407101","2010",-71.35993000000001,42.16751,"4","No","","2044","Rental","DHCD","","MILLIS"
1106,"1996","411 UNION ST","MILLIS","25","21","407101","2021",-71.360634,42.174747,"41","No","","Perp","Rental","DHCD","","MILLIS"
273,"10298","26 WOODMERE DR","MILTON","25","21","416102","1031",-71.11790000000001,42.242596,"4","NO","non-40b Local Action Units","Perp","Ownership","DHCD","","MILTON"
271,"10298","22 WOODMERE DR","MILTON","25","21","416102","1031",-71.11781000000001,42.24252,"4","NO","non-40b Local Action Units","Perp","Ownership","DHCD","","MILTON"
1115,"2009","30 CURTIS RD","MILTON","25","21","416300","5007",-71.09237,42.26603,"139","No","","2029*","Rental","DHCD","","MILTON"
274,"10298","28 WOODMERE DR","MILTON","25","21","416102","1031",-71.11792,42.24264,"4","NO","non-40b Local Action Units","Perp","Ownership","DHCD","","MILTON"
1112,"2001","121 CENTRAL AVE","MILTON","25","21","416300","4001",-71.07648500000001,42.266792,"8","No","","Perp","Rental","DHCD","","MILTON"
272,"10298","24 WOODMERE DR","MILTON","25","21","416102","1031",-71.11785999999999,42.242558,"4","NO","non-40b Local Action Units","Perp","Ownership","DHCD","","MILTON"
1111,"2000","65 MILLER AVE","MILTON","25","21","416101","1001",-71.05454,42.249413,"40","No","","Perp","Rental","DHCD","","MILTON"
1116,"2010","HIGHLAND & CANTON AVES","MILTON","","","","",-71.08076579532769,42.2526020858694,"129","No","","2020","Rental","HUD","","MILTON"
3292,"9718","36 CENTRAL AVE","MILTON","25","21","416300","5013",-71.0731,42.269608,"2","NO","non-40b Local Action Units","Perp","Ownership","DHCD"," 7/25/2003","MILTON"
1113,"2002","753 BLUE HILL AVE","MILTON","25","21","416102","2001",-71.10753,42.240784,"6","No","","Perp","Rental","DHCD","","MILTON"
1114,"2008","TUCKER ST","MILTON","","","","",-71.0979733626702,42.2603960241503,"2","No","","Perp","Rental","DHCD","","MILTON"
1117,"2011","600 CANTON AVE","MILTON","","","","",-71.0809482442893,42.250810917881,"32","No","","2031","Rental","HUD","","MILTON"
1125,"2052","SPRING/EMERALD ROADS","NAHANT","","","","",-70.9244165732764,42.4251217291386,"14","No","","Perp","Rental","DHCD","","NAHANT"
1126,"2053","194 NAHANT RD","NAHANT","25","9","201100","3018",-70.92711,42.427837,"29","No","","Perp","Rental","DHCD","","NAHANT"
1127,"2054","22-30 GREYSTONE RD","NAHANT","25","9","201100","3018",-70.926704,42.42878,"5","No","","Perp","Rental","DHCD","","NAHANT"
1148,"2071","10 WEST HILL PARK","NATICK","25","17","382601","1005",-71.38114,42.28023,"16","Yes","","Perp","Rental","DHCD","","NATICK"
1162,"2071","9 WEST HILL PARK","NATICK","25","17","382601","1001",-71.38019,42.281136,"16","Yes","","Perp","Rental","DHCD","","NATICK"
1157,"2071","4 WEST HILL PARK","NATICK","25","17","382601","1005",-71.38023,42.28092,"16","Yes","","Perp","Rental","DHCD","","NATICK"
1142,"2070","15 SCHOOL ST","NATICK","25","17","382300","1009",-71.346306,42.28209,"8","Yes","","Perp","Rental","DHCD","","NATICK"
1141,"2070","13 SCHOOL ST","NATICK","25","17","382300","1009",-71.346306,42.2821,"8","Yes","","Perp","Rental","DHCD","","NATICK"
1137,"2069"," 2 HUNTER HILL ST","NATICK","","","","",,,"10","No","","Perp","Rental","DHCD","","NATICK"
150,"10176","48 SOUTH AVE","NATICK","25","17","382200","1025",-71.34408000000001,42.285645,"1","NO","non-40b Local Action Units","Perp","Ownership","DHCD","","NATICK"
1159,"2071","6 WEST HILL PARK","NATICK","25","17","382601","1005",-71.38035600000001,42.280556,"16","Yes","","Perp","Rental","DHCD","","NATICK"
2964,"8834","8 GRANT ST","NATICK","25","17","382300","2000",-71.34186,42.284504,"24","YES","comp permits sheet","perp","Rental","MassHousing","  4/3/2007","NATICK"
3168,"9486","20 SOUTH AVE","NATICK","25","17","382200","1025",-71.34524,42.28551,"5","NO","non-40b Local Action Units","Perp","Ownership","DHCD","","NATICK"
1155,"2071","2 WEST HILL PARK","NATICK","25","17","382601","1005",-71.380135,42.281284,"16","Yes","","Perp","Rental","DHCD","","NATICK"
1161,"2071","8 WEST HILL PARK","NATICK","25","17","382601","1005",-71.38065,42.28027,"16","Yes","","Perp","Rental","DHCD","","NATICK"
1146,"2070","9 SCHOOL ST","NATICK","25","17","382300","1009",-71.346306,42.282124,"8","Yes","","Perp","Rental","DHCD","","NATICK"
1156,"2071","3 WEST HILL PARK","NATICK","25","17","382601","1001",-71.38016500000001,42.28125,"16","Yes","","Perp","Rental","DHCD","","NATICK"
1165,"2075","12-13 WALNUT ST","NATICK","25","17","382200","2016",-71.347694,42.286396,"5","No","","perp","Ownership","DHCD","","NATICK"
1163,"2073","8 NATICK VILLAGE WAY","NATICK","","","","",-71.39105290058821,42.2797195140291,"6","No","","2042","Rental","FHLBB","","NATICK"
115,"10137","82 NORTH MAIN ST","NATICK","25","17","382500","1008",-71.35445,42.29048,"28","NO","","Perp*","Rental","DHCD","","NATICK"
1131,"2064","CEDAR TR","NATICK","","","","",-71.3556987024365,42.2739058075235,"260","No","","Perp","Rental","DHCD","","NATICK"
1143,"2070","17 SCHOOL ST","NATICK","25","17","382300","1009",-71.346306,42.28208,"8","Yes","","Perp","Rental","DHCD","","NATICK"
1133,"2066","72 SOUTH MAIN ST","NATICK","25","17","382300","1010",-71.34726000000001,42.28101,"10","No","","Perp","Rental","DHCD","","NATICK"
2963,"8833","226 SOUTH MAIN ST & 61 ROCKLAND AVE","NATICK","","","","",,,"67","YES","","perp","Ownership","MassHousing"," 6/12/2007","NATICK"
3094,"9300","7 DEWEY ST","NATICK","25","17","382200","1025",-71.34086600000001,42.285156,"2","NO","non-40b Local Action Units","Perp","Ownership","HUD","","NATICK"
1150,"2071","12 WEST HILL PARK","NATICK","25","17","382601","1005",-71.38160000000001,42.280384,"16","Yes","","Perp","Rental","DHCD","","NATICK"
1134,"2067","17 & 18 WEST HILL PARK","NATICK","","","","",-71.3817364294237,42.2812831118151,"8","No","","Perp","Rental","DHCD","","NATICK"
1153,"2071","15 WEST HILL PARK","NATICK","25","17","382601","1001",-71.38021999999999,42.281025,"16","Yes","","Perp","Rental","DHCD","","NATICK"
2881,"8652","321 SPEEN ST","NATICK","25","17","382500","4001",-71.37999000000001,42.30097,"183","YES","","2031","Rental","FHLBB"," 7/12/2006","NATICK"
1152,"2071","14 WEST HILL PARK","NATICK","","","","",,,"16","Yes","","Perp","Rental","DHCD","","NATICK"
1138,"2069"," 6 PLAIN ST","NATICK","25","17","382400","1000",-71.34876,42.28233,"10","No","","Perp","Rental","DHCD","","NATICK"
1158,"2071","5 WEST HILL PARK","NATICK","25","17","382601","1001",-71.38017000000001,42.28121,"16","Yes","","Perp","Rental","DHCD","","NATICK"
1132,"2065","4 COTTAGE ST","NATICK","25","17","382300","1010",-71.347244,42.280453,"45","Yes","","Perp","Rental","DHCD","","NATICK"
1136,"2069"," 1 WESTVIEW","NATICK","","","","",,,"10","No","","Perp","Rental","DHCD","","NATICK"
1139,"2069","106-108 PONDST","NATICK","","","","",,,"10","No","","Perp","Rental","DHCD","","NATICK"
1144,"2070","5 SCHOOL ST","NATICK","25","17","382300","1009",-71.346306,42.282143,"8","Yes","","Perp","Rental","DHCD","","NATICK"
1140,"2070","11 SCHOOL ST","NATICK","25","17","382300","1009",-71.346306,42.282112,"8","Yes","","Perp","Rental","DHCD","","NATICK"
1135,"2068","201 POND ST","NATICK","25","17","382500","2020",-71.37116,42.278122,"3","No","","Perp","Rental","DHCD","","NATICK"
454,"10579","1205 WORCESTER ST","NATICK","25","17","382500","4003",-71.37694,42.29941,"17","NO","","Perp","Rental","DHCD","","NATICK"
1149,"2071","11 WEST HILL PARK","NATICK","25","17","382601","1001",-71.3802,42.281097,"16","Yes","","Perp","Rental","DHCD","","NATICK"
1151,"2071","13 WEST HILL PARK","NATICK","25","17","382601","1001",-71.38021000000001,42.281063,"16","Yes","","Perp","Rental","DHCD","","NATICK"
151,"10178","58 NORTH AVE","NATICK","25","17","382200","3008",-71.34401,42.28656,"8","NO","non-40b Local Action Units","Perp","Rental","DHCD","","NATICK"
1164,"2074","MILL ST","NATICK","","","","",-71.38343980486481,42.2889269197771,"236","Yes","","2034*","Rental","MassHousing","","NATICK"
1160,"2071","7 WEST HILL PARK","NATICK","25","17","382601","1001",-71.38018,42.281174,"16","Yes","","Perp","Rental","DHCD","","NATICK"
1154,"2071","16 WEST HILL PARK","NATICK","","","","",,,"16","Yes","","Perp","Rental","DHCD","","NATICK"
1147,"2071","1 WEST HILL PARK","NATICK","25","17","382601","1001",-71.38015,42.28129,"16","Yes","","Perp","Rental","DHCD","","NATICK"
1130,"2063","CURVE/HIGH STS","NATICK","","","","",-71.353796914082,42.2763723822377,"52","No","","Perp","Rental","DHCD","","NATICK"
1145,"2070","7 SCHOOL ST","NATICK","25","17","382300","1009",-71.346306,42.28213,"8","Yes","","Perp","Rental","DHCD","","NATICK"
1171,"2082","15-42 CHAMBERS ST","NEEDHAM","25","21","403400","4010",-71.24185,42.273212,"80","No","","Perp","Rental","DHCD","","NEEDHAM"
1172,"2083","1415 GREAT PLAIN AVE","NEEDHAM","25","21","403400","2007",-71.25182,42.28297,"8","No","","Perp","Rental","DHCD","","NEEDHAM"
1177,"2088","299 WEBSTER ST","NEEDHAM","25","21","403501","1026",-71.23211000000001,42.297386,"6","No","","2037","Rental","HUD","","NEEDHAM"
1175,"2086","1035 CENTRAL AVE","NEEDHAM","25","21","403400","1006",-71.25266000000001,42.28597,"61","Yes","","perp","Rental","MassHousing","","NEEDHAM"
2180,"3848","213 GARDEN ST","NEEDHAM","25","21","403400","2022",-71.238304,42.28174,"2","Yes","comp permits sheet","Perp","Ownership","FHLBB"," 3/21/2002","NEEDHAM"
3044,"9113","300 SECOND AVE","NEEDHAM","25","21","403501","2015",-71.21348999999999,42.302185,"350","YES","comp permits sheet","Perp","Rental","DHCD"," 1/12/2007","NEEDHAM"
3426,"9916","744 GREENDALE AVE","NEEDHAM","25","21","403100","2001",-71.20704000000001,42.283634,"136","YES","comp permits sheet","Perp","Rental","MassHousing","12/19/2013","NEEDHAM"
1176,"2087","929 WEBSTER ST","NEEDHAM","25","21","403300","1018",-71.23077000000001,42.275814,"4","No","","2037","Rental","HUD","","NEEDHAM"
1174,"2085","262 MARKED TREE RD","NEEDHAM","25","21","403300","3005",-71.25262499999999,42.2758,"4","No","","2038","Rental","HUD","","NEEDHAM"
1166,"2078","SEABEDS WAY/CAPT ROBT COOK DR","NEEDHAM","","","","",-71.23475481592899,42.3128650234844,"76","No","","Perp","Rental","HUD","","NEEDHAM"
2799,"7903","797 HIGHLAND AVE","NEEDHAM","25","21","403501","1018",-71.23517,42.295277,"2","YES","comp permits sheet","Perp","Ownership","MassHousing"," 5/19/2006","NEEDHAM"
2178,"3848","209 GARDEN ST","NEEDHAM","25","21","403400","2022",-71.23826,42.28178,"2","Yes","comp permits sheet","Perp","Ownership","FHLBB"," 3/21/2002","NEEDHAM"
3257,"9644","894 GREENDALE AVE","NEEDHAM","25","21","403100","3001",-71.20403,42.278854,"4","YES","comp permits sheet","Perp","Ownership","MassHousing","  7/3/2013","NEEDHAM"
3425,"9916","692 GREENDALE AVE","NEEDHAM","25","21","403100","2001",-71.208916,42.284733,"136","YES","comp permits sheet","Perp","Rental","MassHousing","12/19/2013","NEEDHAM"
1173,"2084","111 HIGHLAND AVE","NEEDHAM","25","21","403501","2002",-71.218506,42.305244,"6","No","","2038","Rental","EOHHS","","NEEDHAM"
1167,"2079","YURICK/FAIRVIEW/LINDEN/MEMORIAL/MURPHY/SUMMIT/HIGH ROCK","NEEDHAM","","","","",-71.2443582790164,42.2723002541357,"80","No","","Perp","Rental","DHCD","","NEEDHAM"
1169,"2080","138-158 LINDEN ST","NEEDHAM","25","21","403400","4010",-71.24151999999999,42.275406,"32","No","","Perp","Rental","DHCD","","NEEDHAM"
1170,"2081","166-188 LINDEN ST","NEEDHAM","25","21","403400","4010",-71.24173999999999,42.274513,"40","No","","Perp","Rental","DHCD","","NEEDHAM"
2175,"3845","237 WEST ST","NEEDHAM","25","21","403502","2022",-71.240425,42.29338,"6","No","","2043","Rental","HUD","","NEEDHAM"
232,"10257","235 GOULD ST","NEEDHAM","25","21","403501","1000",-71.22957599999999,42.301212,"2","NO","non-40b Local Action Units","Perp","Rental","DHCD","","NEEDHAM"
2527,"5826","141 CHESTNUT ST","NEEDHAM","25","21","403300","1004",-71.23735000000001,42.27778,"6","No","non-40b Local Action Units","04/27/2021","Rental","HUD","","NEEDHAM"
2181,"3849","199 SAINT MARY ST","NEEDHAM","25","21","403502","1006",-71.23362,42.312634,"3","Yes","comp permits sheet","Perp","Ownership","FHLBB"," 4/25/2002","NEEDHAM"
3422,"9907","275 2ND AVE","NEEDHAM","25","21","403501","2011",-71.21502,42.30218,"390","YES","comp permits sheet","Perp","Rental","DHCD"," 12/8/2015","NEEDHAM"
2179,"3848","211 GARDEN ST","NEEDHAM","25","21","403400","2022",-71.23828,42.28176,"2","Yes","comp permits sheet","Perp","Ownership","FHLBB"," 3/21/2002","NEEDHAM"
348,"10430","1180 GREAT PLAIN AVE","NEEDHAM","25","21","403400","4002",-71.24184,42.280155,"16","YES","","2049","Rental","MHP","11/25/2019","NEEDHAM"
2177,"3848","207 GARDEN ST","NEEDHAM","25","21","403400","2022",-71.238235,42.281803,"2","Yes","comp permits sheet","Perp","Ownership","FHLBB"," 3/21/2002","NEEDHAM"
3258,"9644","906 GREENDALE AVE","NEEDHAM","25","21","403100","3001",-71.20408999999999,42.278336,"4","YES","comp permits sheet","Perp","Ownership","MassHousing","  7/3/2013","NEEDHAM"
3213,"9577","17-27 HIGH ST","NEEDHAM","25","21","457200","2000",-71.23119,42.293346,"2","YES","","Perp","Ownership","MassHousing"," 6/24/2009","NEEDHAM"
3364,"9836","28 WEBSTER ST","NEEDHAM","25","21","403502","1013",-71.23624,42.306156,"2","YES","","Perp","Ownership","MassHousing"," 11/4/2005","NEEDHAM"
2176,"3847","32 JUNCTION ST","NEEDHAM","25","21","403300","1022",-71.23744000000001,42.27326,"2","Yes","comp permits sheet","Perp","Ownership","DHCD","","NEEDHAM"
1255,"2197","48 CRESCENT ST","NEWTON","25","17","374700","2010",-71.23708000000001,42.348366,"12","No","","2040","Mixed","DHCD","","NEWTON"
1224,"2173","21 PARKER ST","NEWTON","25","17","373800","3002",-71.1939,42.326347,"33","No","","Perp","Rental","HUD","","NEWTON"
1240,"2192","677 WINCHESTER ST","NEWTON","25","17","374000","2027",-71.20183,42.29835,"46","Yes","","2038*","Rental","HUD","","NEWTON"
2194,"3903","105 NEEDHAM ST","NEWTON","25","17","374100","1003",-71.21165499999999,42.31381,"294","Yes","","perp","Rental","MassHousing","","NEWTON"
1246,"2196","18 COYNE RD","NEWTON","","","","",-71.2218394024346,42.3351386984087,"6","No","","2041","Rental","EOHHS","","NEWTON"
1228,"2177","541 GROVE ST","NEWTON","25","17","374800","3017",-71.25775,42.330727,"42","No","","Perp","Rental","HUD","","NEWTON"
105,"10125","1521 BEACONS ST","NEWTON","","","","",,,"2","YES","comp permits sheet","Perp","Ownership","MassHousing"," 11/7/2016","NEWTON"
1237,"2190","276 NEWTONVILLE AVE","NEWTON","25","17","373400","1002",-71.198494,42.352295,"100","No","","2026","Rental","MassHousing","","NEWTON"
432,"10554","236 AUBURN ST","NEWTON","","","","",-71.24491681560799,42.3459567839662,"8","YES","","perp","Rental","DHCD"," 2/12/2018","NEWTON"
407,"10509","262 DERBY ST","NEWTON","25","17","374600","3002",-71.23452,42.360035,"2","YES","comp permits sheet","Perp","Ownership","MassHousing","  5/1/2001","NEWTON"
405,"10509","258 DERBY ST","NEWTON","25","17","374600","3002",-71.23434399999999,42.35997,"2","YES","comp permits sheet","Perp","Ownership","MassHousing","  5/1/2001","NEWTON"
1262,"2206","14 NEWTONVILLE AVE","NEWTON","25","17","373500","2003",-71.18658000000001,42.35179,"7","No","","2040","Rental","HUD","","NEWTON"
1233,"2189","21 BONTEMPO RD","NEWTON","25","17","374000","3000",-71.18356,42.293655,"5","No","","2035","Rental","EOHHS","","NEWTON"
1256,"2199","14 NONANTUM PL","NEWTON","25","17","373100","5000",-71.182785,42.35869,"3","No","","2096","Rental","DHCD","","NEWTON"
1239,"2191","601 WINCHESTER ST","NEWTON","25","17","374000","2027",-71.20462999999999,42.3013,"100","Yes","","2036*","Rental","HUD","","NEWTON"
104,"10124","150 ADAMS ST","NEWTON","25","17","373200","4010",-71.20165,42.35948,"1","NO","non-40b Local Action Units","Perp","Rental","DHCD","","NEWTON"
406,"10509","261 DERBY ST","NEWTON","25","17","374600","4013",-71.234566,42.360065,"2","YES","comp permits sheet","Perp","Ownership","MassHousing","  5/1/2001","NEWTON"
1223,"2172","46 ASH ST","NEWTON","","","","",-71.25049027175071,42.3471933502067,"57","No","","Perp","Rental","HUD","","NEWTON"
263,"10286","429 CHERRY ST","NEWTON","25","17","374600","2014",-71.22869,42.350113,"3","NO","non-40b Local Action Units","Perp","Rental","DHCD","","NEWTON"
1251,"2197","36-48 CRESCENT ST","NEWTON","25","17","374700","2010",-71.23705,42.348515,"12","No","","2040","Mixed","FHLBB","","NEWTON"
1238,"2190","276-278 NEWTONVILLE AVE, 22-24 MUNROE ST","NEWTON","25","17","373400","1002",-71.198494,42.352295,"100","No","","2026","Rental","MassHousing","","NEWTON"
1243,"2195","390 NEWTONVILLE AVE","NEWTON","25","17","373400","2002",-71.20281,42.350857,"11","No","","2034","Rental","DHCD","","NEWTON"
1266,"2214","7 HEREWARD RD","NEWTON","25","17","373800","3003",-71.198166,42.323807,"75","No","","2034","Rental","DHCD","","NEWTON"
1247,"2196","18-22 COYNE RD","NEWTON","","","","",-71.2218394024346,42.3351386984087,"6","No","","2041","Rental","HUD","","NEWTON"
1222,"2171","111 JF KENNEDY CR","NEWTON","25","17","373200","1011",-71.19594600000001,42.358643,"64","No","","Perp","Rental","HUD","","NEWTON"
1270,"2219","117 OSBOURNE PATH","NEWTON","25","17","374000","3017",-71.189926,42.29154,"4","No","","2040","Rental","HUD","","NEWTON"
2198,"3908","90 CHRISTINA ST","NEWTON","25","17","374100","1021",-71.21207,42.306385,"5","Yes","","Perp","Mix","HUD","","NEWTON"
1253,"2197","44 CRESCENT ST","NEWTON","25","17","374700","2010",-71.237076,42.348415,"12","No","","2040","Mixed","FHLBB","","NEWTON"
2195,"3903","107 NEEDHAM ST","NEWTON","25","17","374100","1003",-71.21169,42.313755,"294","Yes","","perp","Rental","MassHousing","","NEWTON"
2554,"6110","45 PELHAM ST","NEWTON","25","17","373700","3017",-71.19623,42.33105,"10","Yes","","perp","Rental","DHCD","11/18/2003","NEWTON"
1254,"2197","46 CRESCENT ST","NEWTON","25","17","374700","2010",-71.23708000000001,42.348392,"12","No","","2040","Mixed","DHCD","","NEWTON"
1226,"2175","234 CENTRAL ST","NEWTON","","","","",-71.25033568441251,42.3450701995379,"12","Yes","","Perp","Rental","DHCD","","NEWTON"
1232,"2186","181 OAK ST & CHESTNUT ST","NEWTON","","","","",-71.2173671709435,42.3073835160678,"18","No","","Perp","Rental","DHCD","","NEWTON"
2193,"3903","103 NEEDHAM ST","NEWTON","25","17","374100","1003",-71.21162,42.31386,"294","Yes","","perp","Rental","MassHousing","","NEWTON"
404,"10509","255 DERBY ST","NEWTON","25","17","374600","4012",-71.23421,42.359936,"2","YES","comp permits sheet","Perp","Ownership","MassHousing","  5/1/2001","NEWTON"
1230,"2181","82 LINCOLN ST","NEWTON","25","17","374200","2017",-71.20887999999999,42.32132,"24","No","","Perp","Rental","DHCD","","NEWTON"
1269,"2218","40 ORCHARD AVE WEST","NEWTON","25","17","374500","5006",-71.22230500000001,42.352768,"8","No","","2021","Rental","HUD","","NEWTON"
2191,"3902","412-416 PARKER ST","NEWTON","25","17","373902","2010",-71.19598999999999,42.31344,"5","Yes","","2030","Ownership","DHCD","","NEWTON"
1268,"2216","228 WEBSTER ST","NEWTON","25","17","374700","2010",-71.23584,42.34876,"6","No","","2040","Rental","HUD","","NEWTON"
264,"10287","400 LANGLEY RD","NEWTON","25","17","373800","2013",-71.18365,42.320713,"4","NO","non-40b Local Action Units","Perp","Rental","DHCD","","NEWTON"
3114,"9374","192 LEXINGTON ST","NEWTON","","","","",,,"6","YES","comp permits sheet","Perp","Ownership","DHCD","12/29/2009","NEWTON"
200,"10243","CAMBRIA RD","NEWTON","","","","",-71.2298858596079,42.3628614658438,"2","NO","","Perp","Rental","DHCD","","NEWTON"
1260,"2204","1751 WASHINGTON ST","NEWTON","","","","",-71.2401516582572,42.3397659690785,"4","No","","2035","Rental","DHCD","","NEWTON"
1265,"2213","1600 WASHINGTON ST","NEWTON","","","","",-71.2364048159279,42.3432326480426,"59","No","","2030","Rental","MassHousing","","NEWTON"
1221,"2170","674-690 WATERTOWN ST","NEWTON","25","17","373300","2006",-71.21226,42.354656,"72","No","","Perp","Rental","HUD","","NEWTON"
1231,"2182","14 WILSON ST","NEWTON","25","17","374200","2000",-71.20945,42.33002,"20","No","","Perp","Rental","DHCD","","NEWTON"
1263,"2208","2281 WASHINGTON ST","NEWTON","","","","",-71.2548686683872,42.3268650913792,"60","No","","2040*","Rental","HUD","","NEWTON"
1264,"2209","88 CHESTNUT ST","NEWTON","25","17","374400","1012",-71.22451,42.34706,"34","No","","2031","Rental","MassHousing","","NEWTON"
1241,"2193","195 SUMNER ST","NEWTON","25","17","373600","3042",-71.19215,42.331493,"43","No","","2031*","Rental","HUD","","NEWTON"
1227,"2176","76 THURSTON ST","NEWTON","25","17","374100","2017",-71.21939999999999,42.31518,"40","No","","Perp","Rental","DHCD","","NEWTON"
1257,"2200","160 STANTON AVE","NEWTON","","","","",-71.24278686898811,42.333938079505,"100","Yes","","2020*","Rental","HUD","","NEWTON"
1259,"2203","430 CENTRE  ST","NEWTON","25","17","373100","3004",-71.18593,42.355793,"115","No","","2025","Rental","DHCD","","NEWTON"
1242,"2194","538 CALIFORNIA ST","NEWTON","25","17","373300","1015",-71.209915,42.36126,"8","No","","2041","Rental","HUD","","NEWTON"
103,"10123","83 COURT ST","NEWTON","25","17","373300","3001",-71.20421,42.353146,"0","YES","comp permits sheet","Perp","Ownership","DHCD","11/25/2014","NEWTON"
1248,"2197"," 38 CRESCENT ST","NEWTON","25","17","374700","2010",-71.23705,42.34849,"12","No","","2040","Mixed","MHP","","NEWTON"
428,"10549","200 ESTATE DR","NEWTON","","","","",,,"13","NO","non-40b Local Action Units","Perp","Rental","DHCD","","NEWTON"
101,"10123","75 COURT ST","NEWTON","25","17","373300","3001",-71.20373499999999,42.353226,"0","YES","comp permits sheet","Perp","Ownership","DHCD","11/25/2014","NEWTON"
100,"10122","54 TAFT AVE","NEWTON","25","17","374500","2018",-71.22358,42.362312,"2","YES","comp permits sheet","Perp","Rental","DHCD","10/23/2015","NEWTON"
1234,"2190"," 22 MUNROE ST","NEWTON","25","17","373400","1002",-71.19849000000001,42.351955,"100","No","","2026","Rental","MassHousing","","NEWTON"
2197,"3903","99 NEEDHAM ST","NEWTON","25","17","374100","1003",-71.21153,42.31397,"294","Yes","","perp","Rental","MassHousing","","NEWTON"
2696,"7153","WASHINGTON ST","NEWTON","","","","",-71.24316,42.333014,"180","Yes","","perp","Rental","MassHousing"," 1/19/2005","NEWTON"
1225,"2174","FLORENCE ST","NEWTON","","","","",-71.1796259870933,42.3181894722808,"5","No","","Perp","Rental","DHCD","","NEWTON"
1229,"2178","239 WATERTOWN ST","NEWTON","25","17","373200","1004",-71.19619,42.361637,"36","Yes","","Perp","Rental","DHCD","","NEWTON"
2196,"3903","109 NEEDHAM ST","NEWTON","25","17","374100","1003",-71.21174000000001,42.313698,"294","Yes","","perp","Rental","MassHousing","","NEWTON"
2556,"6112","21 FOSTER ST","NEWTON","25","17","373300","3012",-71.2084,42.352802,"8","No","","2042","Rental","DHCD","","NEWTON"
2699,"7163","52-54 WYMAN ST","NEWTON","","","","",-71.22908747635439,42.325405001293,"10","No","","perp","Rental","City of Newton","","NEWTON"
1244,"2196"," 20 COYNE RD","NEWTON","","","","",-71.2218394024346,42.3351386984087,"6","No","","2041","Rental","HUD","","NEWTON"
1245,"2196"," 22 COYNE RD","NEWTON","","","","",-71.2218394024346,42.3351386984087,"6","No","","2041","Rental","EOHHS","","NEWTON"
1267,"2215","276 CHURCH ST","NEWTON","25","17","373100","3007",-71.18932,42.354702,"25","No","","Perp","Rental","HUD","","NEWTON"
262,"10285","28 AUSTIN ST","NEWTON","25","17","373400","2005",-71.20826,42.35048,"68","NO","non-40b Local Action Units","Perp","Rental","DHCD","","NEWTON"
2555,"6111","160 BOYLSTON ST","NEWTON","","","","",-71.17359999999999,42.3195,"204","Yes","","perp","Rental","MassHousing"," 6/13/2004","NEWTON"
1236,"2190"," 278 NEWTONVILLE AVE","NEWTON","25","17","373400","1002",-71.198654,42.352234,"100","No","","2026","Rental","MassHousing","","NEWTON"
1252,"2197","42 CRESCENT ST","NEWTON","25","17","374700","2010",-71.23707,42.348442,"12","No","","2040","Mixed","MHP","","NEWTON"
1258,"2202","27-80 HAMLET ST","NEWTON","25","17","373800","2011",-71.182846,42.322903,"50","No","","2022/2057*","Rental","DHCD","","NEWTON"
2665,"7021","248 ELLIOT ST","NEWTON","25","17","374100","3006",-71.21956,42.31268,"3","Yes","comp permits sheet","perp","Ownership","DHCD"," 4/11/2005","NEWTON"
2192,"3903","101 NEEDHAM ST","NEWTON","25","17","374100","1003",-71.21156999999999,42.313915,"294","Yes","","perp","Rental","MassHousing","","NEWTON"
1261,"2205","32-50 PINE ST","NEWTON","25","17","374700","3005",-71.23652,42.35446,"6","Yes","","2038","Mix","HUD","","NEWTON"
102,"10123","77 COURT ST","NEWTON","25","17","373300","3001",-71.20414,42.353157,"0","YES","comp permits sheet","Perp","Ownership","DHCD","11/25/2014","NEWTON"
1235,"2190"," 24 MUNROE ST","NEWTON","25","17","373400","1002",-71.19847,42.35194,"100","No","","2026","Rental","MassHousing","","NEWTON"
1250,"2197","36 CRESCENT ST","NEWTON","25","17","374700","2010",-71.23705,42.348515,"12","No","","2040","Mixed","MHP","","NEWTON"
2666,"7022","1093 CHESTNUT ST","NEWTON","25","17","374100","3013",-71.2244,42.31149,"2","Yes","comp permits sheet","perp","Ownership","DHCD"," 4/26/2005","NEWTON"
99,"10121","12 CURVE ST","NEWTON","25","17","374500","1009",-71.23520000000001,42.34652,"7","YES","comp permits sheet","Perp","Rental","DHCD","10/28/2014","NEWTON"
2667,"7022","1101 CHESTNUT ST","NEWTON","25","17","374100","3013",-71.22436500000001,42.311314,"2","Yes","comp permits sheet","perp","Ownership","DHCD"," 4/26/2005","NEWTON"
2785,"7886","27-35 COMMONWEALTH AVE","NEWTON","25","17","373700","2017",-71.20314,42.339138,"15","YES","","perp","Ownership","MassHousing"," 7/14/2006","NEWTON"
1249,"2197"," 40 CRESCENT ST","NEWTON","25","17","374700","2010",-71.23706,42.348465,"12","No","","2040","Mixed","DHCD","","NEWTON"
416,"10525","67 LAWRENCE ST","NORFOLK","25","21","409102","2019",-71.35942,42.093567,"16","YES","comp permits sheet","Perp","Ownership","MassHousing"," 9/24/2020","NORFOLK"
1272,"2221","ARNOLD RD","NORFOLK","","","","",-71.3057669717586,42.0990086746872,"20","No","","Perp","Rental","DHCD","","NORFOLK"
1271,"2220","33 ROCKWOOD RD","NORFOLK","25","21","409102","1034",-71.32738500000001,42.12249,"64","No","","Perp","Rental","DHCD","","NORFOLK"
169,"10204","84 CLEVELAND ST","NORFOLK","25","21","409101","1026",-71.31946600000001,42.13606,"0","YES","comp permits sheet","Perp","Ownership","MassHousing"," 1/11/2017","NORFOLK"
170,"10205","25 ROCKLAND RD","NORFOLK","","","","",,,"0","YES","comp permits sheet","Perp","Ownership","MassHousing","12/19/2017","NORFOLK"
39,"10036","106/108 MAIN ST","NORFOLK","25","21","409101","4005",-71.32031000000001,42.120388,"0","YES","","Perp","Ownership","MassHousing"," 2/17/2016","NORFOLK"
417,"10526","144 SEEKONK ST","NORFOLK","25","21","409101","1000",-71.31140000000001,42.139553,"11","YES","comp permits sheet","Perp","Ownership","MassHousing"," 9/24/2020","NORFOLK"
415,"10524","194 MAINE ST","NORFOLK","25","21","409102","1034",-71.329185,42.119286,"9","YES","comp permits sheet","Perp","Ownership","MassHousing"," 7/27/2020","NORFOLK"
413,"10519","106-108 MAIN ST","NORFOLK","25","21","409101","4005",-71.32031000000001,42.120388,"10","YES","","Perp","Ownership","MassHousing"," 2/17/2016","NORFOLK"
3315,"9764","153 MARBLEHEAD ST","NORTH READING","25","17","330101","1001",-71.080376,42.59758,"1","NO","non-40b Local Action Units","Perp","Ownership","DHCD","","NORTH READING"
2701,"7165","193 ELM ST","NORTH READING","25","17","330101","2007",-71.05932,42.577663,"7","Yes","","perp","Ownership","MassHousing"," 6/17/2005","NORTH READING"
1288,"2260","PEABODY CT","NORTH READING","","","","",-71.08043924475599,42.5759809986755,"40","No","","Perp","Rental","DHCD","","NORTH READING"
3021,"9060","100 LOWELL RD","NORTH READING","","","","",-71.12456409782629,42.5829029821329,"406","NO","","2038","Rental","DHCD","","NORTH READING"
1289,"2261","53 SWAN POND RD","NORTH READING","25","17","330101","2000",-71.051704,42.58232,"4","YES","","Perp","Rental","DHCD"," 6/12/1986","NORTH READING"
2791,"7894","1-8 PILGRIM RD","NORTH READING","25","17","330201","1012",-71.09626,42.581253,"4","YES","","perp","Ownership","MassHousing"," 3/29/2006","NORTH READING"
1290,"2263","333 PARK ST","NORTH READING","25","17","330201","1016",-71.10646,42.566658,"8","No","","2041","Rental","HUD","","NORTH READING"
2792,"7895","50 MT VERNON ST","NORTH READING","25","17","330102","1014",-71.076706,42.571217,"9","YES","","perp","Ownership","MassHousing"," 9/23/2005","NORTH READING"
2790,"7893","63 CENTRAL ST","NORTH READING","25","17","330102","2000",-71.09313,42.577297,"7","YES","","2104","Ownership","MassHousing"," 4/16/2004","NORTH READING"
1326,"2319","27 ASSINIPPI AVE","NORWELL","25","23","503101","1000",-70.84889,42.157974,"8","No","","Perp","Rental","DHCD","","NORWELL"
2166,"3814","239 WASHINGTON ST","NORWELL","25","23","504101","2000",-70.86987999999999,42.165405,"9","Yes","comp permits sheet","Perp","Ownership","MassHousing"," 10/3/2003","NORWELL"
2167,"3815","19 ASSINIPPI AVE","NORWELL","25","23","503101","1000",-70.84931,42.157917,"11","Yes","comp permits sheet","2098","Ownership","FHLLB","  2/4/1999","NORWELL"
2168,"3816","10 SILVER BROOK LN","NORWELL","25","23","504102","4001",-70.834755,42.143593,"7","Yes","comp permits sheet","2098","Ownership","FHLBB","11/23/1999","NORWELL"
140,"10171","40 RIVER ST","NORWELL","25","23","504102","3001",-70.79263,42.159733,"18","YES","","Perp","Rental","DHCD, MassHousing"," 7/27/2017","NORWELL"
1325,"2318","399 WASHINGTON ST","NORWELL","25","23","504101","2000",-70.85975999999999,42.16038,"80","Yes","","Perp","Rental","DHCD","","NORWELL"
202,"10244","152 LENOX ST","NORWOOD","25","21","413100","7023",-71.19875999999999,42.189034,"198","YES","","Perp","Rental","MHP","10/18/2017","NORWOOD"
201,"10244","150 LENOX ST","NORWOOD","25","21","413100","7023",-71.19875,42.18905,"198","YES","","Perp","Rental","MHP","10/18/2017","NORWOOD"
3267,"9669","1021 WASHINGTON ST","NORWOOD","","","","",,,"6","NO","","2022","Rental","DHCD","","NORWOOD"
205,"10244","158 LENOX ST","NORWOOD","25","21","413100","7023",-71.19878,42.18899,"198","YES","","Perp","Rental","MHP","10/18/2017","NORWOOD"
204,"10244","156 LENOX ST","NORWOOD","25","21","413100","7023",-71.19877,42.189003,"198","YES","","Perp","Rental","MHP","10/18/2017","NORWOOD"
2991,"8993","27 ST JAMES AVE","NORWOOD","25","21","413500","2004",-71.20509,42.178474,"3","NO","","perp","Ownership","DHCD","","NORWOOD"
1330,"2325","NAHATAN ST","NORWOOD","","","","",-71.1895536447684,42.1887115166269,"72","No","","Perp","Rental","DHCD","","NORWOOD"
203,"10244","154 LENOX ST","NORWOOD","25","21","413100","7023",-71.19877,42.18902,"198","YES","","Perp","Rental","MHP","10/18/2017","NORWOOD"
1332,"2329","13 ST GEORGE ST","NORWOOD","25","21","413202","1008",-71.19901,42.198715,"9","No","","2022","Rental","HUD","","NORWOOD"
1334,"2331","WILSON & WALPOLE ST","NORWOOD","","","","",-71.2216306233054,42.1793667553236,"139","Yes","","Perp","Rental","DHCD","12/11/1984","NORWOOD"
3383,"9852","129 GUILD ST","NORWOOD","25","21","413401","1028",-71.1996,42.18974,"40","NO","","perp","Rental","DHCD","","NORWOOD"
3252,"9636","1 UPLAND WOODS CR","NORWOOD","","","","",-71.2052590656823,42.205875876979,"262","YES","","Perp","Rental","MHP","  9/5/2013","NORWOOD"
2706,"7195","909 WASHINGTON ST","NORWOOD","25","21","413401","2017",-71.20321,42.18509,"2","No","non-40b Local Action Units","perp","Ownership","DHCD","","NORWOOD"
1329,"2324","40 WILLIAM SHYNE CR","NORWOOD","25","21","413300","1017",-71.20498000000001,42.197636,"72","No","","Perp","Rental","DHCD","","NORWOOD"
1327,"2322","BROOKVIEW CR","NORWOOD","","","","",-71.1865232870967,42.2125470072518,"96","No","","Perp","Rental","HUD","","NORWOOD"
1328,"2323","ROOSEVELT AVE & JEFFERSON DR","NORWOOD","","","","",-71.1944684159326,42.1997250316219,"75","No","","Perp","Rental","DHCD","","NORWOOD"
1331,"2327","ADAMS ST/RAILROAD/WILLOW","NORWOOD","","","","",-71.19446077328359,42.1971439037326,"50","No","","Perp","Rental","DHCD","","NORWOOD"
1333,"2330","18 CLAPBOARDTREE ST","NORWOOD","","","","",-71.1919883582612,42.2130425377683,"13","No","","2027","Rental","HUD","","NORWOOD"
2707,"7195","911 WASHINGTON ST","NORWOOD","25","21","413401","2017",-71.20322,42.18502,"2","No","non-40b Local Action Units","perp","Ownership","DHCD","","NORWOOD"
399,"10500","55 NEWBURY ST","PEABODY","25","9","210302","1003",-70.990135,42.533817,"60","YES","comp permits sheet","perp","Rental","DHCD"," 9/17/2019","PEABODY"
2780,"7875","84 ABORN ST","PEABODY","25","9","210700","1000",-70.92039,42.521656,"5","NO","non-40b Local Action Units","perp","Ownership","DHCD","","PEABODY"
89,"10082","10 ELLIOTT PL","PEABODY","25","9","210700","2008",-70.92615000000001,42.52346,"6","NO","","6/3/45","Rental","HUD","","PEABODY"
1370,"2426","31 REED RD","PEABODY","25","9","210302","2013",-70.95947,42.53418,"4","No","","2041","Rental","HUD","","PEABODY"
1355,"2412","EASTMAN PARK","PEABODY","","","","",-70.9340404159225,42.5174296775481,"52","No","","Perp","Rental","DHCD","","PEABODY"
1368,"2424","20 CENTRAL ST","PEABODY","25","9","210800","3003",-70.92733,42.527557,"88","No","","2025*","Rental","HUD","","PEABODY"
347,"10425","200 LYNN ST","PEABODY","25","9","210600","2006",-70.95208,42.50371,"61","NO","","2057","Rental","MHP","","PEABODY"
1373,"2431","18 CROWNINSHIELD ST","PEABODY","25","9","210800","4002",-70.93094000000001,42.529198,"284","No","","2062","Rental","MassHousing","","PEABODY"
1376,"2442","* REDBERRY LN","PEABODY","","","","",,,"15","Yes","comp permits sheet","2101","Ownership","FHLBB","  5/7/2002","PEABODY"
1357,"2414","ROCKDALE PARK","PEABODY","","","","",-70.95016900242921,42.503083832692,"50","No","","Perp","Rental","DHCD","","PEABODY"
1374,"2432","98 CENTRAL ST","PEABODY","25","9","210800","3001",-70.92779,42.533154,"48","No","","2099","Rental","HUD","","PEABODY"
2247,"3964","756 LOWELL ST","PEABODY","","","","",,,"5","No","","2054","Rental","DHCD","","PEABODY"
421,"10532","152 SHORE DR","PEABODY","25","9","210401","1013",-70.94414500000001,42.53555,"5","NO","non-40b Local Action Units","perp","Rental","DHCD","","PEABODY"
1375,"2441","ANDOVER ST","PEABODY","","","","",-70.9729444159213,42.5550291458078,"309","Yes","","2042","Rental","MassHousing","  5/7/2002","PEABODY"
3226,"9597","12 PARK ST","PEABODY","25","9","210700","2008",-70.92628499999999,42.524117,"8","NO","non-40b Local Action Units","Perp","Rental","DHCD","","PEABODY"
1352,"2409","VETERANS MEMORIAL DR","PEABODY","","","","",-70.94944281592289,42.5035948116156,"68","No","","Perp","Rental","DHCD","","PEABODY"
1353,"2410","BRESHNAHAN ST","PEABODY","","","","",-70.930667988935,42.5199326391152,"35","No","","Perp","Rental","DHCD","","PEABODY"
1363,"2418","347 LOWELL ST","PEABODY","25","9","210302","2000",-70.95505,42.53437,"6","No","","Perp","Rental","DHCD","","PEABODY"
1360,"2415","79 CENTRAL ST","PEABODY","25","9","210900","3003",-70.92734,42.5311,"78","No","","Perp","Rental","DHCD","","PEABODY"
1364,"2419","349 LOWELL ST","PEABODY","25","9","210302","2000",-70.95508599999999,42.53452,"8","No","","Perp","Rental","DHCD","","PEABODY"
1362,"2417","509 LOWELL ST","PEABODY","25","9","210301","1014",-70.97893500000001,42.543896,"8","Yes","","Perp","Rental","DHCD","","PEABODY"
1354,"2411","CONNOLLY TR","PEABODY","","","","",-70.91967717156621,42.533144101598,"52","No","","Perp","Rental","DHCD","","PEABODY"
1356,"2413","103 CENTRAL ST","PEABODY","25","9","210900","3003",-70.92802,42.533665,"29","Yes","","Perp","Rental","DHCD","","PEABODY"
1372,"2430","12 CROWNINSHIELD ST","PEABODY","","","","",-70.93093092941569,42.5282946234584,"173","No","","2035*","Rental","MassHousing","","PEABODY"
1358,"2415","75 CENTRAL ST","PEABODY","25","9","210900","3003",-70.92733,42.53092,"78","No","","Perp","Rental","DHCD","","PEABODY"
1365,"2420","59 ANDOVER DR","PEABODY","25","9","210401","2008",-70.933334,42.53697,"26","No","","Perp","Rental","DHCD","","PEABODY"
1351,"2408","TANNERS CT","PEABODY","","","","",-70.9427065600993,42.5273027463089,"24","No","","Perp","Rental","DHCD","","PEABODY"
1371,"2428","18 WALNUT ST","PEABODY","25","9","210800","2005",-70.92570000000001,42.526943,"140","Yes","","1/8/2024","Rental","HUD/ MassHousing","","PEABODY"
1367,"2422","JACOB ST","PEABODY","","","","",-70.9284219005802,42.5294930137042,"4","No","","Perp","Rental","DHCD","","PEABODY"
1359,"2415","77 CENTRAL ST","PEABODY","25","9","210900","3003",-70.92734,42.53101,"78","No","","Perp","Rental","DHCD","","PEABODY"
2749,"7682","75 WALNUT ST","PEABODY","25","9","210800","2011",-70.92048,42.525936,"4","NO","non-40b Local Action Units","perp","Ownership","DHCD","","PEABODY"
1369,"2425","154 NEWBURY ST","PEABODY","25","9","210200","1013",-70.98885,42.536858,"39","No","","2045*","Rental","DHCD","","PEABODY"
1361,"2416","WILSON TR","PEABODY","","","","",-70.9270710600991,42.5341580421092,"50","No","","Perp","Rental","DHCD","","PEABODY"
88,"10080","17 PEABODY SQ","PEABODY","25","9","210800","4009",-70.92734,42.526367,"2","NO","","Perp","Rental","HUD","","PEABODY"
456,"10581","27 FARM AVE","PEABODY","25","9","210302","1004",-70.98236,42.525883,"116","YES","","2051","Rental","DHCD"," 3/29/2021","PEABODY"
420,"10531","59 WALNUT ST","PEABODY","25","9","210800","2010",-70.922066,42.526333,"17","","","2039","Rental","HUD","","PEABODY"
2676,"7072","278 NEWBURY ST","PEABODY","25","9","210100","1000",-70.9806,42.554306,"1","No","","2033","Ownership","DHCD","","PEABODY"
1366,"2421","GOLDBERG RD","PEABODY","","","","",-70.926592039296,42.5336630215559,"15","Yes","","Perp","Rental","DHCD","","PEABODY"
2599,"6505","235 CENTER ST","PEMBROKE","25","23","508102","1014",-70.809845,42.061573,"11","Yes","comp permits sheet","perp","Ownership","DHCD","11/19/2003","PEMBROKE"
2582,"6363","5 BARKER ST","PEMBROKE","25","23","508101","2004",-70.79152000000001,42.087017,"6","Yes","comp permits sheet","perp","Ownership","FHLBB"," 4/16/2003","PEMBROKE"
1378,"2448","490 CENTER ST","PEMBROKE","25","23","508200","1009",-70.81905999999999,42.048103,"8","No","","Perp","Rental","DHCD","","PEMBROKE"
2583,"6364","186 LAKE ST","PEMBROKE","25","23","508200","3005",-70.80041,42.03436,"10","Yes","comp permits sheet","perp","Ownership","FHLBB","  6/6/2003","PEMBROKE"
3158,"9474","105 WAMPATUCK ST","PEMBROKE","25","23","508101","1011",-70.83037,42.066296,"2","YES","","Perp","Ownership","MassHousing"," 7/22/2003","PEMBROKE"
1379,"2450","* REDWOOD CIR","PEMBROKE","","","","",,,"8","Yes","comp permits sheet","Perp","Ownership","DHCD","","PEMBROKE"
1377,"2447","62 LYDIA FORD RD","PEMBROKE","25","23","508102","3002",-70.83739,42.03791,"8","No","","Perp","Rental","DHCD","","PEMBROKE"
2645,"6825","178 SCHOOSETT ST","PEMBROKE","25","23","508101","3002",-70.7873,42.104458,"38","Yes","","perp","Rental","HUD"," 1/25/1993","PEMBROKE"
2642,"6823","1100 PEMBROKE WOODS DR","PEMBROKE","","","","",,,"240","Yes","comp permits sheet","perp","Rental","FHLBB"," 8/11/2004","PEMBROKE"
2644,"6825","176 SCHOOSETT ST","PEMBROKE","25","23","508101","3002",-70.787575,42.10445,"38","Yes","","perp","Rental","HUD"," 1/25/1993","PEMBROKE"
1380,"2451","34 ELLIOT ST","PEMBROKE","25","23","508200","2003",-70.80723999999999,42.06729,"5","Yes","comp permits sheet","Perp","Ownership","DHCD","","PEMBROKE"
1429,"2538","73 BICKNELL ST","QUINCY","25","21","417802","2001",-70.9631,42.25119,"275","No","","Perp","Rental","HUD","","QUINCY"
2263,"3994","366 QUINCY AVE","QUINCY","25","21","418002","4000",-70.98636999999999,42.240097,"2","No","","2022","Rental","HUD","","QUINCY"
1437,"2549","75 SOUTH ST","QUINCY","25","21","417902","2004",-70.99494,42.245052,"8","No","","Perp","Rental","DHCD","","QUINCY"
1436,"2548","267 WATER ST","QUINCY","25","21","418004","1004",-71.00885,42.240906,"12","No","","Perp","Rental","DHCD","","QUINCY"
3056,"9141","20 HOLMES ST","QUINCY","25","21","417502","1003",-71.028114,42.274567,"11","NO","","2037","Rental","HUD","","QUINCY"
1446,"2564","57 REVERE RD","QUINCY","","","","",,,"9","No","","2021","Rental","HUD","","QUINCY"
443,"10566","10 BERSANI CR","QUINCY","25","21","417502","3004",-71.03238,42.28034,"32","","","2050","Rental","DHCD","","QUINCY"
1434,"2546","80 CLAY ST","QUINCY","25","21","417602","3001",-71.016014,42.26568,"200","No","","Perp","Rental","DHCD","","QUINCY"
250,"10276","116 EAST HOWARD ST","QUINCY","25","21","417901","5000",-70.978264,42.2406,"140","NO","","2059","Rental","MassHousing","","QUINCY"
1452,"2572","310 WATER ST","QUINCY","25","21","418004","3013",-71.01085,42.241386,"75","No","","2036","Rental","HUD","","QUINCY"
3175,"9497","6 FORT ST","QUINCY","25","21","417703","3021",-71.00708,42.244797,"34","NO","","2042","Rental","MassHousing","","QUINCY"
2625,"6721"," 26 CLAREMONT AVE","QUINCY","25","21","417901","6006",-70.97853000000001,42.24365,"12","No","","perp","Rental","DHCD","","QUINCY"
1450,"2570","45 BRACKETT ST","QUINCY","25","21","417703","1002",-70.99458,42.25217,"151","No","","2022","Rental","HUD","","QUINCY"
1451,"2571","191 BURGIN PKWY","QUINCY","","","","",,,"8","No","","2021*","Rental","HUD","","QUINCY"
2264,"3996","266 - 310 QUINCY SHORE DR","QUINCY","","","","",,,"223","No","","2046","Rental","MassHousing","","QUINCY"
453,"10578","ONE NEWPORT AVE","QUINCY","","","","",-71.02989016851819,42.2741294559308,"4","NO","","perp","Rental","DHCD","","QUINCY"
1453,"2573","91 CLAY ST","QUINCY","25","21","417602","3002",-71.01586,42.26555,"164","No","","Perp","Rental","DHCD","","QUINCY"
2702,"7167","2001 FALLS BLVD","QUINCY","25","21","418002","1001",-70.991905,42.23789,"20","No","non-40b Local Action Units","2104","Rental","DHCD","","QUINCY"
1447,"2565","1000 SOUTHERN ARTERY","QUINCY","25","21","417901","2013",-70.983406,42.244602,"215","No","","2035*","Rental","HUD","","QUINCY"
1435,"2547","215 SAFFORD ST","QUINCY","25","21","417202","2006",-71.02524,42.266514,"5","No","","Perp","Rental","DHCD","","QUINCY"
2626,"6721","24 CLAREMONT AVE","QUINCY","25","21","417901","6006",-70.9786,42.243664,"12","No","","perp","Rental","HUD","","QUINCY"
1449,"2569","50-56 SPEAR ST","QUINCY","","","","",,,"22","No","","2054","Rental","HUD","","QUINCY"
3176,"9498","45 WINTER ST","QUINCY","25","21","417901","5000",-70.97996999999999,42.241055,"24","NO","","Perp","Rental","DHCD","","QUINCY"
1439,"2550","93 CURTIS ST","QUINCY","25","21","418101","3006",-71.01667,42.249393,"4","No","","Perp","Rental","DHCD","","QUINCY"
1445,"2560","10 WINTER ST","QUINCY","25","21","417901","6009",-70.98061,42.2419,"78","No","","2022","Rental","DHCD","","QUINCY"
1442,"2557","125 GRANITE ST","QUINCY","25","21","418101","3000",-71.00618,42.245903,"270","No","","2021*","Rental","HUD","","QUINCY"
1454,"2575","58-62 WINTER ST","QUINCY","25","21","417901","6009",-70.97941,42.241024,"7","No","","Perp","Rental","HUD","","QUINCY"
1440,"2554","6-8 MECHANIC ST","QUINCY","25","21","417703","3012",-70.99996,42.24715,"58","No","","2022","Rental","MHP","","QUINCY"
1441,"2556","540 HANCOCK ST","QUINCY","25","21","417601","3017",-71.02121,42.270786,"152","No","","2039*","Rental","HUD","","QUINCY"
445,"10568","71 BICKNELL ST","QUINCY","25","21","417802","2001",-70.96316,42.251213,"5","","","2050","Ownership","DHCD","","QUINCY"
1430,"2539","109 CURTIS AVE","QUINCY","25","21","417901","3000",-70.97655,42.24782,"156","No","","Perp","Rental","HUD","","QUINCY"
3174,"9496","388 GRANITE ST","QUINCY","25","21","418004","3004",-71.01542999999999,42.242065,"5","NO","","2039","Rental","DHCD","","QUINCY"
1443,"2559","25 SCHOOL ST","QUINCY","25","21","417703","3024",-71.00127999999999,42.244923,"80","No","","11/01/23","Rental","MassHousing","","QUINCY"
1432,"2540","170 COPELAND ST","QUINCY","25","21","418201","1023",-71.02256,42.24317,"40","No","","Perp","Rental","HUD","","QUINCY"
3057,"9142","17 ELM ST","QUINCY","25","21","417902","2007",-70.999504,42.24574,"9","NO","","2022","Rental","HUD","","QUINCY"
2819,"7944","31 WINTER ST","QUINCY","25","21","417901","5000",-70.98043,42.241417,"19","NO","","2034","Rental","HUD","","QUINCY"
1448,"2568","8-10 ROCKVIEW RD","QUINCY","","","","",,,"8","No","","2021","Rental","DHCD","","QUINCY"
1433,"2545","95 MARTENSEN ST","QUINCY","25","21","418002","4001",-70.99009,42.243103,"153","No","","Perp","Rental","DHCD","","QUINCY"
3055,"9140","356 WASHINGTON ST","QUINCY","25","21","417901","4013",-70.98765,42.249126,"11","NO","","2036","Rental","HUD","","QUINCY"
1458,"2591","100 LIBERTY PL","RANDOLPH","25","21","420101","2017",-71.04405,42.175327,"107","Yes","","perp","Rental","DHCD","","RANDOLPH"
3038,"9095","* CHESTNUT W","RANDOLPH","","","","",,,"120","NO","non-40b Local Action Units","Perp","Rental","DHCD","","RANDOLPH"
1455,"2589","25 BRIDLE PATH CR","RANDOLPH","25","21","420302","1000",-71.05325999999999,42.163837,"104","No","","2108","Rental","MassHousing","","RANDOLPH"
1459,"2592","18 PROSPECT ST","RANDOLPH","25","21","420301","2008",-71.032326,42.15944,"4","No","","2020","Rental","DHCD","","RANDOLPH"
1457,"2590","640 NORTH MAIN ST","RANDOLPH","25","21","420302","4018",-71.04056,42.141262,"160","No","","2025","Rental","MassHousing","","RANDOLPH"
144,"10172","178 WOBURN ST","READING","25","17","334200","3011",-71.113045,42.520927,"20","YES","","Perp","Rental","MHP"," 7/24/2017","READING"
2115,"3731","40 WEST ST","READING","","","","",,,"204","Yes","comp permits sheet","Perp","Rental","FHLBB"," 4/23/2003","READING"
2370,"4771","1375 MAIN ST","READING","25","17","334300","1002",-71.105515,42.55633,"1","Yes","comp permits sheet","Perp","Ownership","FHLBB","  8/3/2001","READING"
9,"10009","31 LINCOLN ST","READING","25","17","334200","3009",-71.10783000000001,42.52168,"68","YES","comp permits sheet","Perp","Rental","MassHousing"," 2/23/2017","READING"
141,"10172","172 WOBURN ST","READING","25","17","334200","3011",-71.11277,42.521046,"20","YES","","Perp","Rental","MHP"," 7/24/2017","READING"
2117,"3731","66 WEST ST","READING","25","17","334100","3015",-71.1223,42.510895,"204","Yes","comp permits sheet","Perp","Rental","FHLBB"," 4/23/2003","READING"
2268,"4000","159 HOPKINS ST","READING","25","17","334400","3012",-71.10020400000001,42.506706,"4","No","","2042","Rental","HUD","","READING"
1471,"2609","75 PEARL ST","READING","25","17","334400","2007",-71.09936,42.529896,"86","No","","2046","Rental","MassHousing","","READING"
3206,"9556","30 HAVEN ST","READING","25","17","334200","2011",-71.10617000000001,42.52247,"11","NO","","Perp","Rental","DHCD","","READING"
1468,"2605","OAKLAND & WAVERLY","READING","25","17","334300","4016",-71.10784871455949,42.5361575209886,"6","Yes","","Perp","Rental","DHCD","","READING"
254,"10279","128 EASTON ST","READING","","","","",,,"77","YES","comp permits sheet","Perp","Mix","MassHousing","  3/7/2019","READING"
3379,"9848","30 TAYLOR DR","READING","25","17","334100","4007",-71.1315,42.523556,"12","NO","non-40b Local Action Units","Perp","Ownership","DHCD","","READING"
10,"10009","35 LINCOLN ST","READING","25","17","334100","1009",-71.10751,42.521545,"68","YES","comp permits sheet","Perp","Rental","MassHousing"," 2/23/2017","READING"
1467,"2604","74 BANCROFT AVE","READING","25","17","334200","2001",-71.10827999999999,42.526978,"8","No","","Perp","Rental","DHCD","","READING"
1470,"2608","6 PITMAN DR","READING","25","17","334400","2004",-71.08398,42.532745,"12","No","","2036","Rental","HUD","","READING"
183,"10219","467 MAIN ST","READING","25","17","334400","4024",-71.10317999999999,42.5214,"31","NO","","TBD-min 30 yr","Rental","DHCD","","READING"
2118,"3731","70 WEST ST","READING","","","","",,,"204","Yes","comp permits sheet","Perp","Rental","FHLBB"," 4/23/2003","READING"
3380,"9848","39 TAYLOR DR","READING","25","17","334100","4002",-71.13125599999999,42.523544,"12","NO","non-40b Local Action Units","Perp","Ownership","DHCD","","READING"
255,"10279","23 LAKEVIEW","READING","25","17","334400","4002",-71.09395000000001,42.521225,"77","YES","comp permits sheet","Perp","Mix","MassHousing","  3/7/2019","READING"
162,"10196","20-24 GOULD ST","READING","25","17","334200","3002",-71.104225,42.522686,"55","NO","","Perp","Rental","DHCD","","READING"
1474,"2611","40 SANBORN ST","READING","25","17","334200","2007",-71.10472,42.525356,"3","No","","2037","Rental","HUD","","READING"
148,"10174","136 HAVEN ST","READING","25","17","334200","2010",-71.10483000000001,42.5231,"10","NO","","Perp","Ownership","DHCD","","READING"
143,"10172","176 WOBURN ST","READING","25","17","334200","3011",-71.11295,42.520966,"20","YES","","Perp","Rental","MHP"," 7/24/2017","READING"
2800,"7904","231 SALEM ST","READING","25","17","334400","4001",-71.08951999999999,42.527237,"9","YES","comp permits sheet","2054","Ownership","DHCD","  7/1/2004","READING"
1469,"2607","2 ELDERBERRY LN","READING","25","17","334300","3004",-71.10814999999999,42.557716,"114","Yes","","Perp*","Rental","MassHousing","","READING"
2116,"3731","50 WEST ST","READING","","","","",,,"204","Yes","comp permits sheet","Perp","Rental","FHLBB"," 4/23/2003","READING"
142,"10172","174 WOBURN ST","READING","25","17","334200","3011",-71.11286,42.521004,"20","YES","","Perp","Rental","MHP"," 7/24/2017","READING"
2990,"8992","468 WEST ST","READING","25","17","334100","4005",-71.127655,42.52769,"11","NO","non-40b Local Action Units","Perp","Ownership","DHCD","","READING"
1473,"2610","50 BAY STATE RD","READING","25","11","40400","2063",-72.435295,42.601128,"74","Yes","","Perp","Rental","HUD","","READING"
67,"10065","1 BEACH ST","REVERE","25","25","170601","2008",-71.01448000000001,42.406464,"39","NO","","2045","Rental","","","REVERE"
73,"10067"," 60 HIGHLAND AVE","REVERE","25","25","170702","3001",-70.99982,42.407948,"17","NO","","2055","Rental","DHCD","","REVERE"
71,"10067"," 56 HIGHLAND AVE","REVERE","25","25","170702","3001",-70.99988,42.40786,"17","NO","","2055","Rental","","","REVERE"
1481,"2626","55 NAHANT AVE","REVERE","25","25","170702","5003",-70.99584,42.40761,"24","No","","Perp","Rental","DHCD","","REVERE"
69,"10067"," 16 NAHANT ST","REVERE","25","25","170702","5001",-70.99563999999999,42.408405,"17","NO","","2055","Rental","","","REVERE"
1486,"2631","250 BROADWAY","REVERE","25","25","170101","1005",-71.01397,42.407433,"92","No","","2022","Rental","DHCD","","REVERE"
1485,"2630","95 CRESCENT AVE","REVERE","25","25","170800","4004",-70.98999000000001,42.395584,"40","No","","2031*","Rental","HUD","","REVERE"
75,"10067","14-16 NAHANT STREET, 17 WALDEN STREET, 56-60 HIGHLAND AVE","REVERE","25","25","170702","5001",-70.995636,42.40845,"17","NO","","2055","Rental","DHCD","","REVERE"
2784,"7885","291 REVERE ST","REVERE","25","25","170400","2004",-70.99952999999999,42.418423,"1","","","perp","Ownership","HUD","","REVERE"
1480,"2626","53 NAHANT AVE","REVERE","25","25","170702","5003",-70.99584,42.40763,"24","No","","Perp","Rental","DHCD","","REVERE"
1478,"2626","47 NAHANT AVE","REVERE","25","25","170702","5003",-70.99583,42.407696,"24","No","","Perp","Rental","DHCD","","REVERE"
1482,"2628","104 BROADWAY","REVERE","25","25","170101","3009",-71.01649,42.404797,"4","No","","2037","Rental","HUD","","REVERE"
1475,"2617","260 CUSHMAN AVE","REVERE","25","25","170200","1001",-71.01786,42.418076,"49","No","","Perp","Rental","HUD","","REVERE"
1489,"2637","420 REVERE BEACH BLVD","REVERE","25","25","170502","2003",-70.98292499999999,42.4245,"266","No","","2037*","Rental","HUD","","REVERE"
70,"10067"," 17 WALDEN ST","REVERE","25","25","170702","5001",-70.99464,42.408447,"17","NO","","2055","Rental","DHCD","","REVERE"
2627,"6725","28 SPRING AVE","REVERE","25","25","170101","3003",-71.02799,42.410667,"110","No","","2021","Rental","HUD","","REVERE"
1488,"2636","235 REVERE ST","REVERE","25","25","170400","2005",-71.00063,42.417515,"107","No","","2026","Rental","HUD","","REVERE"
1487,"2633","14 VICTORIA ST","REVERE","25","25","170601","2002",-71.00803000000001,42.405712,"16","No","","2032","Rental","HUD","","REVERE"
1479,"2626","51 NAHANT AVE","REVERE","25","25","170702","5003",-70.995834,42.407654,"24","No","","Perp","Rental","DHCD","","REVERE"
1477,"2622","50 WALNUT AVE","REVERE","25","25","170702","5002",-70.99681,42.40848,"106","Yes","","Perp","Rental","DHCD","","REVERE"
1484,"2630"," 154 BRADSTREET AVE","REVERE","25","25","170800","2008",-70.9871,42.395847,"40","No","","2031*","Rental","","","REVERE"
68,"10066","525 BEACH ST","REVERE","25","25","170702","4007",-70.99805499999999,42.409687,"30","NO","","2033","Rental","","","REVERE"
72,"10067"," 58 HIGHLAND AVE","REVERE","25","25","170702","3001",-70.99985,42.4079,"17","NO","","2055","Rental","","","REVERE"
74,"10067","14 NAHANT ST","REVERE","25","25","170702","5001",-70.995636,42.40845,"17","NO","","2055","Rental","DHCD","","REVERE"
3352,"9817","* NORTHFIELD DR","ROCKLAND","","","","",,,"15","YES","comp permits sheet","Perp","Ownership","MassHousing","10/22/2004","ROCKLAND"
1491,"2656","105-115 MARKET ST","ROCKLAND","25","23","502102","3000",-70.91579,42.12176,"82","No","","Perp","Rental","DHCD","","ROCKLAND"
56,"10054","80 NORMAN ST","ROCKLAND","25","23","502102","1007",-70.9075,42.12005,"0","YES","","Perp","Rental","DHCD","  5/6/2016","ROCKLAND"
3353,"9819","533 MARKET ST","ROCKLAND","25","23","502102","1007",-70.9021,42.123688,"2","YES","comp permits sheet","Perp","Ownership","MassHousing"," 11/8/2004","ROCKLAND"
1492,"2658","MEMORIAL DR (MARTHA DR&HANNAH WAY)","ROCKLAND","","","","",-70.9122123967725,42.1178877743383,"204","Yes","","2057","Rental","MassHousing","","ROCKLAND"
3351,"9816","* CORN MILL WAY","ROCKLAND","","","","",,,"18","YES","comp permits sheet","Perp","Ownership","MassHousing","  1/3/2007","ROCKLAND"
1495,"2661","KITEFIELD RD","ROCKPORT","","","","",-70.622587217391,42.6514211271687,"24","Yes","","Perp","Rental","DHCD","","ROCKPORT"
1493,"2659","13 CURTIS ST","ROCKPORT","25","9","220102","1007",-70.62791,42.67704,"40","No","","Perp","Rental","DHCD","","ROCKPORT"
1496,"2663","4 BROADWAY","ROCKPORT","25","9","220101","3022",-70.61644,42.65791,"31","Yes","","2047","Rental","DHCD","","ROCKPORT"
1507,"2694","86 ESSEX ST","SALEM","25","9","204400","1009",-70.88816,42.522614,"17","No","","Perp","Rental","DHCD","","SALEM"
1519,"2707"," 1 WASHINGTON ST","SALEM","25","9","204500","2011",-70.89609,42.52379,"3","No","","2041","Rental","HUD","","SALEM"
1523,"2708"," 34 PRINCE ST","SALEM","25","9","204300","2003",-70.89045,42.515903,"44","No","","2034","Rental","DHCD","","SALEM"
1529,"2708","8-10, 12, 24 PEABODY ST; 1-16 PRINCE ST PLACE; 34 PRINCE STREET; 51-53 PALMER ST; 100 CONGRESS ST","SALEM","","","","",,,"44","No","","2034","Rental","DHCD","","SALEM"
3355,"9822","135 LAFAYETTE STREET UNIT","SALEM","25","9","204300","3011",-70.893,42.517307,"51","YES","","2111","Rental","MassHousing","  3/8/2007","SALEM"
2249,"3965","68 PALMER ST","SALEM","25","9","204300","2008",-70.88831999999999,42.515724,"10","No","","2020","Rental","MHP","","SALEM"
2248,"3965"," 70 PALMER ST","SALEM","25","9","204300","2008",-70.88827999999999,42.515724,"10","No","","2020","Rental","MHP","","SALEM"
1528,"2708","8 PEABODY ST","SALEM","25","9","204300","3007",-70.892685,42.51849,"44","No","","2034","Rental","DHCD","","SALEM"
240,"10260"," 179 BOSTON ST","SALEM","25","9","204702","2001",-70.918076,42.522606,"26","NO","","Perp","Rental","","","SALEM"
1527,"2708","24 PEABODY ST","SALEM","25","9","204300","3007",-70.89215,42.518536,"44","No","","2034","Rental","DHCD","","SALEM"
1511,"2699","98-102 LAFAYETTE ST","SALEM","25","9","204200","2001",-70.89319999999999,42.51843,"15","No","","2036","Rental","DHCD","","SALEM"
1517,"2705","12 HERITAGE DR","SALEM","25","9","204702","4004",-70.90833000000001,42.513203,"358","No","","2017","Rental","MassHousing","","SALEM"
1515,"2702","1000 LORING AVE","SALEM","25","9","204102","2015",-70.90474,42.484936,"250","No","","2046*","Rental","MassHousing","","SALEM"
1506,"2690","45 ST PETER ST","SALEM","25","9","204500","2010",-70.89351000000001,42.524033,"54","No","","Perp","Rental","DHCD","","SALEM"
3362,"9831","28 GOODHUE ST","SALEM","25","9","204702","1005",-70.91018,42.520355,"4","NO","non-40b Local Action Units","Perp","Rental","DHCD","","SALEM"
1508,"2699","100 LAFAYETTE ST","SALEM","25","9","204200","2001",-70.89318,42.518284,"15","No","","2036","Rental","DHCD","","SALEM"
234,"10259"," 52 SALEM ST","SALEM","25","9","204300","2005",-70.891266,42.515697,"64","NO","","2066","Rental","DHCD","","SALEM"
237,"10259"," 71 PALMER ST","SALEM","25","9","204300","2000",-70.88836000000001,42.515736,"64","NO","","2066","Rental","","","SALEM"
1532,"2712","64 HARBOR/PEABODY/WARD","SALEM","","","","",,,"77","No","","2091","Rental","DHCD","","SALEM"
1501,"2680","290 ESSEX ST","SALEM","25","9","204500","3006",-70.89805,42.521442,"14","No","","Perp","Rental","HUD","","SALEM"
1504,"2686","3 BROAD ST","SALEM","25","9","204200","3008",-70.899216,42.518803,"16","No","","Perp","Rental","DHCD","","SALEM"
1526,"2708","12 PEABODY ST","SALEM","25","9","204300","3007",-70.892555,42.518497,"44","No","","2034","Rental","DHCD","","SALEM"
1505,"2687","205 BRIDGE ST","SALEM","25","9","204500","2004",-70.896545,42.523796,"35","No","","Perp","Rental","DHCD","","SALEM"
1510,"2699","98 LAFAYETTE ST","SALEM","25","9","204200","2001",-70.89319999999999,42.51843,"15","No","","2036","Rental","DHCD","","SALEM"
1509,"2699","102 LAFAYETTE ST","SALEM","25","9","204200","2001",-70.89315999999999,42.518143,"15","No","","2036","Rental","DHCD","","SALEM"
241,"10260","43 BOSTON ST","SALEM","25","9","204701","3000",-70.90845,42.5187,"26","NO","","Perp","Rental","MassHousing","","SALEM"
1522,"2708"," 100 CONGRESS ST","SALEM","25","9","204300","2002",-70.88934999999999,42.51589,"44","No","","2034","Rental","DHCD","","SALEM"
1514,"2701","403-405 1/2 ESSEX ST","SALEM","25","9","204200","5010",-70.90506000000001,42.518143,"9","No","","2037","Rental","DHCD","","SALEM"
1516,"2704","10,12 FIRST ST","SALEM","","","","",,,"250","No","","Perp","Rental","DHCD","","SALEM"
1503,"2684","27 CHARTER ST","SALEM","25","9","204300","1019",-70.89121,42.521187,"110","No","","Perp","Rental","DHCD","","SALEM"
1525,"2708"," 53 PALMER ST","SALEM","25","9","204300","2002",-70.88939999999999,42.51573,"44","No","","2034","Rental","DHCD","","SALEM"
233,"10259"," 40 WARD ST","SALEM","25","9","204300","3006",-70.89161,42.51823,"64","NO","","2066","Rental","MassHousing","","SALEM"
1502,"2681","5 BARTON SQ","SALEM","25","9","204200","3001",-70.89587,42.520786,"16","No","","Perp","Rental","HUD","","SALEM"
242,"10260","43, 179 BOSTON ST","SALEM","","","","",,,"26","NO","","Perp","Rental","DHCD","","SALEM"
236,"10259"," 61 CONGRESS ST","SALEM","25","9","204300","2001",-70.88934,42.517178,"64","NO","","2066","Rental","MassHousing","","SALEM"
1533,"2714","104 LAFAYETTE ST","SALEM","25","9","204200","2008",-70.89284000000001,42.516434,"10","No","","2031","Rental","HUD","","SALEM"
1520,"2707","20 CENTRAL AV","SALEM","25","9","204300","1017",-70.89279000000001,42.51998,"3","No","","2041","Rental","EOHHS","","SALEM"
239,"10259","32 PERKINS STREET, 61 CONGRESS STREET, 71 PALMER STREET, 6 WARD STREET, 40 WARD STREET, 52 SALEM ST","SALEM","25","9","204300","2001",-70.88842,42.516087,"64","NO","","2066","Rental","DHCD","","SALEM"
1513,"2700","40R HIGHLAND AVE","SALEM","25","9","204701","3000",-70.90671500000001,42.513924,"127","No","","2025*","Rental","HUD","","SALEM"
235,"10259"," 6 WARD ST","SALEM","25","9","204300","3006",-70.892715,42.518154,"64","NO","","2066","Rental","MassHousing","","SALEM"
1521,"2708"," 10 PEABODY ST","SALEM","25","9","204300","3007",-70.892624,42.518494,"44","No","","2034","Rental","DHCD","","SALEM"
238,"10259","32 PERKINS ST","SALEM","25","9","204300","2001",-70.88842,42.516087,"64","NO","","2066","Rental","DHCD","","SALEM"
3069,"9193","50 PALMER ST","SALEM","25","9","204300","2006",-70.88939999999999,42.51572,"15","NO","","2056","Rental","DHCD","","SALEM"
1524,"2708"," 51 PALMER ST","SALEM","25","9","204300","2002",-70.889465,42.515728,"44","No","","2034","Rental","DHCD","","SALEM"
1531,"2710","12 POPE ST","SALEM","25","9","204701","3001",-70.90898,42.51713,"285","No","","2103","Rental","MDFA","","SALEM"
1542,"2735","3 BAKER ST","SAUGUS","25","9","208102","2000",-71.00606999999999,42.44904,"20","No","","Perp","Rental","DHCD","","SAUGUS"
1541,"2733","2 RICE ST","SAUGUS","","","","",,,"40","No","","Perp","Rental","DHCD","","SAUGUS"
2875,"8565","9 NIRVANA DR","SAUGUS","25","9","208301","2001",-71.01719,42.476463,"4","YES","comp permits sheet","perp","Ownership","FHLBB","  3/3/2004","SAUGUS"
2912,"8696","48 DENVER ST","SAUGUS","25","9","208200","3017",-71.014656,42.46046,"3","NO","non-40b Local Action Units","perp","Ownership","DHCD","","SAUGUS"
1544,"2737","212 ESSEX ST","SAUGUS","25","9","208200","4005",-71.02037,42.45519,"8","Yes","","Perp","Rental","DHCD","","SAUGUS"
1545,"2739","9 NEWHALL AVE","SAUGUS","25","9","208301","1000",-71.01604,42.46486,"266","Yes","","2030*","Rental","MassHousing","","SAUGUS"
393,"10491","857 BROADWAY","SAUGUS","25","9","208401","1006",-71.02366000000001,42.475956,"28","NO","non-40b Local Action Units","perp","Rental","DHCD","","SAUGUS"
1540,"2731","19 TALBOT ST","SAUGUS","25","9","208200","3010",-71.01673,42.462612,"100","No","","Perp","Rental","HUD","","SAUGUS"
1543,"2736","5 & 7 BAKER ST","SAUGUS","","","","",,,"8","No","","Perp","Rental","DHCD","","SAUGUS"
2271,"4007","102 CENTRAL ST","SAUGUS","25","9","208302","3006",-71.00897999999999,42.476444,"6","Yes","comp permits sheet","Perp","Ownership","FHLBB","  5/5/2003","SAUGUS"
2272,"4009","150 MANN LOT RD","SCITUATE","25","23","505102","3003",-70.78124,42.20553,"10","Yes","","perp","Ownership","MassHousing"," 1/27/2004","SCITUATE"
1547,"2748","412 FIRST PARISH RD","SCITUATE","","","","",,,"8","No","","Perp","Rental","DHCD","","SCITUATE"
210,"10253","126 CHIEF JUSTICE CUSHING HWY","SCITUATE","25","23","505201","2022",-70.74581000000001,42.169823,"0","YES","comp permits sheet","Perp","Rental","MassHousing"," 5/26/2010","SCITUATE"
1546,"2745","791 COUNTRY WAY","SCITUATE","25","23","505103","2014",-70.78846,42.220882,"40","No","","Perp","Rental","DHCD","","SCITUATE"
333,"10380","COUNTRY WAY","SCITUATE","","","","",-70.74781961111459,42.1796318579313,"4","","","Perp","Rental","DHCD","","SCITUATE"
1552,"2752","30-52 KENT ST","SCITUATE","25","23","505202","3017",-70.726006,42.18988,"4","No","","Perp","Ownership","DHCD","","SCITUATE"
1550,"2750","65 N RIVER RD","SCITUATE","25","23","505201","2011",-70.726524,42.18122,"64","Yes","","2033*","Rental","MassHousing","","SCITUATE"
209,"10252","0 CENTRAL PARK DR","SCITUATE","","","","",,,"30","YES","","Perp","Rental","DHCD","","SCITUATE"
1548,"2749","664 COUNTRY WAY","SCITUATE","25","23","505102","1002",-70.77694,42.215706,"4","No","","2035","Rental","EOHHS","","SCITUATE"
1551,"2751","22 VERNON RD","SCITUATE","25","23","505102","4006",-70.78936,42.191265,"4","No","","2027","Rental","EOHHS","","SCITUATE"
6,"10005","635 OLD POST RD","SHARON","","","","",,,"0","YES","comp permits sheet","Perp","Ownership","MassHousing"," 7/22/2005","SHARON"
425,"10543","135 OLD POST RD","SHARON","25","21","414100","3024",-71.22374000000001,42.103798,"192","NO","","perp","Rental","DHCD","  9/4/2015","SHARON"
1557,"2758","215 PLEASANT ST","SHARON","","","","",,,"6","No","","Perp","Rental","DHCD","","SHARON"
1555,"2756","26 HIXSON FARM RD","SHARON","25","21","414300","4003",-71.15873000000001,42.135994,"24","Yes","","Perp","Rental","DHCD","","SHARON"
1556,"2757","2601 BAY RD","SHARON","25","21","414200","2020",-71.13902,42.074886,"8","No","","Perp","Rental","DHCD","","SHARON"
2910,"8694","361 NORWOOD ST","SHARON","25","21","414100","4009",-71.20005,42.14639,"156","YES","comp permits sheet","Perp","Rental","DHCD"," 3/19/2007","SHARON"
1554,"2755","18 HIXSON FARM RD","SHARON","25","21","414300","4003",-71.15891999999999,42.136166,"64","No","","Perp","Rental","DHCD","","SHARON"
3093,"9295","75 SOUTH MAIN ST","SHARON","25","21","414300","1012",-71.180374,42.12135,"75","YES","","Perp","Rental","DHCD"," 6/30/2008","SHARON"
1558,"2760","51 HIXSON FARM RD","SHARON","25","21","414300","4003",-71.157974,42.135586,"99","Yes","","2025","Rental","HUD","","SHARON"
1595,"2804","38 GLEN ST","SOMERVILLE","25","17","351403","2001",-71.08508,42.386536,"7","No","","2028","Mix","DHCD","","SOMERVILLE"
1604,"2810","58 MT VERNON ST","SOMERVILLE","25","17","350300","1005",-71.10383,42.39226,"8","No","","2020*","Rental","HUD","","SOMERVILLE"
1605,"2811","80 MT VERNON ST","SOMERVILLE","25","17","350300","1005",-71.10459,42.392773,"7","No","","2021*","Rental","HUD","","SOMERVILLE"
1577,"2789","32 JACQUES ST","SOMERVILLE","","","","",,,"100","No","","Perp","Rental","DHCD","","SOMERVILLE"
1614,"2820"," 27 BONAIR ST","SOMERVILLE","25","17","351403","4000",-71.08815,42.3881,"18","No","","2022","Rental","HUD","","SOMERVILLE"
268,"10294","SYDNEY ST","SOMERVILLE","","","","",-71.0894577307706,42.3946888062035,"2","NO","","Perp","Rental","DHCD","","SOMERVILLE"
2601,"6507","373 HIGHLAND AVE","SOMERVILLE","25","17","350900","1001",-71.11893000000001,42.395035,"5","No","non-40b Local Action Units","perp","Rental","DHCD","","SOMERVILLE"
1568,"2781"," 40-60 RIVER RD","SOMERVILLE","25","17","350108","1004",-71.093056,42.397343,"215","No","","Perp","Rental","HUD","","SOMERVILLE"
1579,"2790","13-25 WARREN AVE","SOMERVILLE","25","17","351300","2010",-71.09625,42.380684,"109","No","","Perp","Rental","DHCD","","SOMERVILLE"
2455,"5320","101 HIGHLAND AVE","SOMERVILLE","25","17","351101","3005",-71.09932000000001,42.387043,"43","No","","perp","Rental","HUD","","SOMERVILLE"
3254,"9639","75 CROSS ST","SOMERVILLE","25","17","351404","2000",-71.08803,42.38545,"8","NO","","2062","Rental","MassHousing"," 7/15/2010","SOMERVILLE"
1622,"2852","303 MEDFORD ST","SOMERVILLE","25","17","351300","1001",-71.0937779422846,42.3861328783589,"6","Yes","","2043","Rental","DHCD"," 9/25/2002","SOMERVILLE"
1606,"2812","240 PEARL ST","SOMERVILLE","25","17","351404","2005",-71.094765,42.387836,"86","No","","2037*","Rental","HUD","","SOMERVILLE"
1613,"2820"," 25 BONAIR ST","SOMERVILLE","25","17","351403","4000",-71.088066,42.388073,"18","No","","2022","Rental","HUD","","SOMERVILLE"
1597,"2804","8 GILES PARK","SOMERVILLE","25","17","351300","1009",-71.09675,42.381653,"7","No","","2028","Mix","DHCD","","SOMERVILLE"
1592,"2804"," 10 GILES PARK","SOMERVILLE","25","17","351300","1009",-71.096756,42.38166,"7","No","","2028","Mix","DHCD","","SOMERVILLE"
1581,"2792","268 WASHINGTON ST","SOMERVILLE","25","17","351203","2000",-71.09766399999999,42.3795,"24","No","","Perp","Rental","DHCD","","SOMERVILLE"
1607,"2813","86 PEARL ST","SOMERVILLE","25","17","351404","3000",-71.08511,42.38484,"10","No","","2036","Rental","EOHHS","","SOMERVILLE"
1586,"2799","25 HIGHLAND AVE","SOMERVILLE","25","17","351300","2001",-71.0936,42.384922,"130","No","","2036*","Rental","MassHousing","","SOMERVILLE"
2940,"8746","109 GILMAN ST","SOMERVILLE","25","17","351404","2004",-71.0928,42.38631,"6","NO","","2047","Rental","HUD","","SOMERVILLE"
1583,"2795","110 WALNUT ST","SOMERVILLE","25","17","351404","2005",-71.0932,42.38731,"12","No","","perp","Rental","HUD","","SOMERVILLE"
1571,"2781","5-25 RIVER RD","SOMERVILLE","25","17","350108","1005",-71.09296399999999,42.39715,"215","No","","Perp","Rental","HUD","","SOMERVILLE"
2939,"8745","1-16 CAPEN CT","SOMERVILLE","25","17","350702","1010",-71.12965,42.414875,"95","YES","","perp","Rental","MHP","  5/8/2007","SOMERVILLE"
1584,"2798","33 BOW ST","SOMERVILLE","25","17","351300","1009",-71.09775,42.381664,"18","No","","2095","Rental","DHCD","","SOMERVILLE"
1611,"2819","259 LOWELL ST","SOMERVILLE","25","17","351101","1000",-71.10638,42.392467,"97","No","","Perp","Rental","DHCD","","SOMERVILLE"
1588,"2800","181 BROADWAY","SOMERVILLE","","","","",,,"8","No","","2025","Rental","HUD","","SOMERVILLE"
1610,"2818","131 HIGHLAND AVE","SOMERVILLE","25","17","351101","3005",-71.10151999999999,42.38778,"8","No","","2030","Rental","HUD","","SOMERVILLE"
48,"10047","181 WASHINGTON ST","SOMERVILLE","25","17","351300","3003",-71.09071,42.37986,"35","NO","","Perp","Rental","MHP","","SOMERVILLE"
3003,"9030","460 MYSTIC AVE","SOMERVILLE","25","17","350109","1002",-71.08947999999999,42.39589,"24","NO","","2058","Rental","HUD","","SOMERVILLE"
1585,"2798","33 BOW STREET, WESLEY PARK","SOMERVILLE","25","17","351204","2006",-71.09912,42.381763,"18","No","","2095","Rental","DHCD","","SOMERVILLE"
1615,"2820","23 BONAIR ST","SOMERVILLE","25","17","351403","4000",-71.08799,42.388046,"18","No","","2022","Rental","HUD","","SOMERVILLE"
1601,"2808","70 PERKINS ST","SOMERVILLE","25","17","351403","5000",-71.07975999999999,42.38464,"65","No","","2031","Rental","MassHousing","","SOMERVILLE"
1569,"2781"," 5-25 CANAL LN","SOMERVILLE","25","17","350108","1005",-71.09372999999999,42.39656,"215","No","","Perp","Rental","HUD","","SOMERVILLE"
2600,"6506","65 TEMPLE ST","SOMERVILLE","25","17","350109","1011",-71.09188,42.39453,"8","Yes","","2105","Ownership","DHCD"," 8/23/2004","SOMERVILLE"
1574,"2785","75 MYRTLE ST","SOMERVILLE","25","17","351403","3004",-71.08325000000001,42.38457,"134","No","","Perp","Rental","DHCD","","SOMERVILLE"
1596,"2804","38,40 GLEN ST/8, 10,12 GILES PK","SOMERVILLE","","","","",,,"7","No","","2028","Mix","DHCD","","SOMERVILLE"
1591,"2803","84 WASHINGTON ST","SOMERVILLE","25","17","351500","4004",-71.08459499999999,42.381573,"224","No","","2034*","Rental","HUD","","SOMERVILLE"
1590,"2802","1366-1374 BROADWAY","SOMERVILLE","25","17","350702","2001",-71.13274,42.406494,"460","No","","Perp","Rental","HUD","","SOMERVILLE"
1589,"2801","167 HIGHLAND AVE","SOMERVILLE","25","17","351101","1005",-71.10477,42.388874,"9","No","","2021","Rental","HUD","","SOMERVILLE"
1618,"2851","6 WALNUT RD","SOMERVILLE","25","17","350201","3001",-71.091705,42.390068,"6","No","","2037","Rental","HUD","","SOMERVILLE"
267,"10293","293 ALEWIFE BROOK PKWY","SOMERVILLE","25","17","350702","3002",-71.13080600000001,42.4104,"3","NO","","Perp","Rental","DHCD","","SOMERVILLE"
248,"10273","485 MYSTIC VALLEY PKWY","SOMERVILLE","25","17","350702","1010",-71.13094,42.415054,"25","NO","","Perp","Rental","DHCD","","SOMERVILLE"
1593,"2804"," 12 GILES PARK","SOMERVILLE","25","17","351300","1009",-71.09676,42.381668,"7","No","","2028","Mix","DHCD","","SOMERVILLE"
1599,"2806","28-38 LINCOLN ST","SOMERVILLE","25","17","351403","1004",-71.08132999999999,42.385685,"5","No","","Perp","Ownership","DHCD","","SOMERVILLE"
1621,"2852","301 MEDFORD ST","SOMERVILLE","25","17","351300","1001",-71.0937779422846,42.3861328783589,"6","Yes","","2043","Rental","FHLBB"," 9/25/2002","SOMERVILLE"
1594,"2804"," 40 GLEN ST","SOMERVILLE","25","17","351403","2001",-71.08511,42.38649,"7","No","","2028","Mix","DHCD","","SOMERVILLE"
1619,"2852","299 - 303 MEDFORD ST","SOMERVILLE","","","","",-71.0937779422846,42.3861328783589,"6","Yes","","2043","Rental","HUD"," 9/25/2002","SOMERVILLE"
1600,"2807","57 MERRIAM ST","SOMERVILLE","25","17","351500","3002",-71.09192,42.378677,"8","Yes","","2034","Rental","DHCD","","SOMERVILLE"
1572,"2782","15 WESTON AVE","SOMERVILLE","25","17","350701","3003",-71.12886,42.403725,"80","No","","Perp","Rental","HUD","","SOMERVILLE"
1609,"2817","10 SEWALL ST","SOMERVILLE","25","17","350109","1013",-71.0912,42.392612,"14","Yes","","2029","Rental","DHCD","","SOMERVILLE"
1570,"2781"," 70-90 RIVER RD","SOMERVILLE","25","17","350108","1004",-71.09353,42.398098,"215","No","","Perp","Rental","HUD","","SOMERVILLE"
1602,"2809","54 MT VERNON ST","SOMERVILLE","25","17","350300","1005",-71.10362000000001,42.39214,"8","No","","2025*","Rental","HUD","","SOMERVILLE"
3255,"9641","5 MEMORIAL RD","SOMERVILLE","25","17","350108","1014",-71.091515,42.39552,"31","NO","","2113","Rental","MHP","","SOMERVILLE"
2703,"7171","405 ALEWIFE BROOK PKWY","SOMERVILLE","25","17","350702","1010",-71.13122,42.414,"99","Yes","","2036","Rental","HUD"," 4/14/2005","SOMERVILLE"
1567,"2780","114 HIGHLAND AVE","SOMERVILLE","25","17","351101","3009",-71.10023,42.38733,"42","No","","Perp","Rental","HUD","","SOMERVILLE"
1576,"2788","1366 BROADWAY","SOMERVILLE","25","17","350702","2001",-71.13274,42.406494,"41","No","","2089","Rental","DHCD","","SOMERVILLE"
1598,"2805","29-38 KENT ST","SOMERVILLE","25","17","351204","1008",-71.11062,42.382713,"40","Yes","","Perp","Rental","DHCD","","SOMERVILLE"
1620,"2852","299 MEDFORD ST","SOMERVILLE","25","17","351300","2000",-71.0937779422846,42.3861328783589,"6","Yes","","2043","Rental","Somerville"," 9/25/2002","SOMERVILLE"
1617,"2850","34 LINDEN ST","SOMERVILLE","25","17","351500","3012",-71.09256999999999,42.37791,"42","Yes","","Perp","Rental","DHCD"," 1/31/2001","SOMERVILLE"
1565,"2779","252 MEDFORD ST","SOMERVILLE","25","17","351300","2004",-71.09189000000001,42.38391,"84","No","","Perp","Rental","HUD","","SOMERVILLE"
1575,"2787","27 COLLEGE AVE","SOMERVILLE","25","17","350400","4007",-71.12178,42.39733,"53","No","","Perp","Rental","DHCD","","SOMERVILLE"
1608,"2815","WHEATLAND ST","SOMERVILLE","","","","",-71.0894158649409,42.3924215531623,"8","Yes","","Perp","Ownership","DHCD","","SOMERVILLE"
1573,"2784","500 MYSTIC AVE","SOMERVILLE","25","17","350108","1014",-71.09014000000001,42.396397,"240","No","","Perp","Rental","DHCD","","SOMERVILLE"
3253,"9638","1323 BROADWAY","SOMERVILLE","25","17","350702","3005",-71.13139,42.40586,"29","NO","","2112","Rental","MassHousing","","SOMERVILLE"
3111,"9364","16 BUTLER DR","SOMERVILLE","","","","",,,"29","NO","","2111","Rental","DHCD","","SOMERVILLE"
1580,"2791","17 MONMOUTH ST","SOMERVILLE","25","17","351102","1000",-71.10597,42.385406,"10","No","","Perp","Rental","DHCD","","SOMERVILLE"
1582,"2793","386 BROADWAY","SOMERVILLE","","","","",,,"10","No","","Perp","Rental","DHCD","","SOMERVILLE"
1627,"2861","3 NORTH ST","SOUTHBORO","","","","",,,"8","No","","Perp","Rental","DHCD","","SOUTHBORO"
2943,"8757","1 CORDAVILLE RD","SOUTHBORO","","","","",,,"1","NO","","Perp","Rental","DHCD","","SOUTHBORO"
1628,"2862","49 BOSTON RD","SOUTHBORO","","","","",,,"56","No","","Perp","Rental","DHCD","","SOUTHBORO"
3208,"9558","1200 MADISON PL","SOUTHBORO","","","","",-71.5532455109017,42.2890570010495,"168","YES","","Perp","Rental","MassHousing"," 6/28/2012","SOUTHBORO"
20,"10019","PARK CENTRAL DR","SOUTHBORO","","","","",-71.5607895569117,42.2899735504028,"0","YES","","Perp","Rental","MassHousing"," 8/25/2016","SOUTHBORO"
2590,"6411","MIDDLE RD","SOUTHBORO","","","","",-71.5296,42.2927,"8","Yes","","Perp","Ownership","FHLBB"," 12/1/2004","SOUTHBORO"
2376,"4789","155 NORTHBOROUGH RD","SOUTHBORO","","","","",-71.57400002906709,42.3145579496114,"30","Yes","","Perp","Rental","MassHousing"," 6/30/2004","SOUTHBORO"
1730,"3049","100 MOUNTAIN VIEW DR","STONEHAM","25","17","337202","4002",-71.11078999999999,42.481102,"194","No","","2031*","Rental","MassHousing","","STONEHAM"
1740,"3060","61 PAGE TR","STOUGHTON","25","21","456200","1009",-71.07565,42.15142,"100","Yes","","Perp","Rental","DHCD","","STOUGHTON"
1732,"3050","126 BRITTON AVE","STOUGHTON","25","21","456102","1002",-71.09883000000001,42.13206,"40","No","","Perp","Rental","HUD","","STOUGHTON"
1733,"3054","4 CAPEN ST","STOUGHTON","25","21","456102","2021",-71.10019,42.12483,"69","No","","Perp","Rental","DHCD","","STOUGHTON"
1739,"3060","39 PAGE TR","STOUGHTON","25","21","456200","1009",-71.07534,42.151604,"100","Yes","","Perp","Rental","DHCD","","STOUGHTON"
2717,"7485","243 PAGE ST","STOUGHTON","","","","",,,"0","Yes","","perp","Ownership","MassDevelopment","  2/1/2005","STOUGHTON"
3077,"9200","1779 CENTRAL ST","STOUGHTON","25","21","456302","4009",-71.12918999999999,42.130703,"67","YES","comp permits sheet","perp","Rental","MassHousing","  3/3/2011","STOUGHTON"
128,"10152","ESTEN ROAD/DALY DRIVE EXT","STOUGHTON","","","","",-71.45887435699299,42.1765655355245,"8","YES","","Perp","Ownership","FHLBB"," 7/30/2003","STOUGHTON"
1734,"3055","44 PLEASANT ST","STOUGHTON","25","21","456102","1015",-71.09992,42.125153,"19","No","","Perp","Rental","DHCD","","STOUGHTON"
2716,"7484","* CONSERVATION WAY","STOUGHTON","","","","",,,"10","Yes","comp permits sheet","perp","Ownership","FHLBB"," 12/3/2004","STOUGHTON"
1741,"3061","223 PEARL ST","STOUGHTON","25","21","456301","1000",-71.10756000000001,42.130566,"105","No","","2029*","Ownership","HUD","","STOUGHTON"
2718,"7486","BUCKLEY RD","STOUGHTON","","","","",-71.1221970353244,42.1343849226849,"132","Yes","","perp","Rental","DHCD","  2/4/2005","STOUGHTON"
1738,"3060","27 PAGE TR","STOUGHTON","25","21","456200","1009",-71.075165,42.1517,"100","Yes","","Perp","Rental","DHCD","","STOUGHTON"
2960,"8829","30 STAGECOACH RD","STOUGHTON","25","21","456200","2004",-71.09916,42.14644,"154","YES","comp permits sheet","perp","Rental","MassHousing","10/26/2007","STOUGHTON"
3078,"9200","75 ISLAND ST","STOUGHTON","25","21","456302","4000",-71.12694,42.133236,"67","YES","comp permits sheet","perp","Rental","MassHousing","  3/3/2011","STOUGHTON"
1736,"3059","22-31 CENTRAL ST","STOUGHTON","25","21","456101","2000",-71.060875,42.108063,"112","Yes","","Perp","Rental","DHCD","","STOUGHTON"
2921,"8709","400 TECHNOLOGY CENTER DR","STOUGHTON","25","21","456200","1024",-71.06431000000001,42.148937,"240","YES","comp permits sheet","perp","Rental","MassHousing","  3/2/2007","STOUGHTON"
1735,"3056","78 MEMORIAL DR","STOUGHTON","25","21","456401","2024",-71.11577,42.12616,"8","No","","Perp","Rental","DHCD","","STOUGHTON"
1742,"3062","19A LUCAS DR","STOUGHTON","25","21","456101","1005",-71.09535,42.10248,"4","No","","Perp","Rental","EOHHS","","STOUGHTON"
3251,"9635","OFF WEST ACTON RD & BOXBORO RD","STOW","","","","",-71.50206747013149,42.4405051607985,"30","YES","","Perp","Rental","DHCD","12/15/2010","STOW"
1745,"3069","197 GREAT RD","STOW","25","17","323101","1000",-71.48961,42.43424,"7","Yes","comp permits sheet","2034","Ownership","DHCD","","STOW"
2634,"6780","OFF OF GREAT ROAD & HUDSON RD","STOW","","","","",-71.53319999999999,42.434,"24","Yes","","Perp","Ownership","MassHousing","10/20/2003","STOW"
1744,"3068","GREAT RD/JOHNSTON WAY","STOW","","","","",-71.49535094094129,42.4348785650692,"50","Yes","","2025","Rental","HUD","","STOW"
1743,"3067","11 WARREN RD","STOW","25","17","323101","1001",-71.50192,42.44089,"60","Yes","","perp","Rental","MassHousing","","STOW"
2984,"8982","29 HUDSON RD","SUDBURY","25","17","365201","1003",-71.41449,42.382835,"0","YES","","Perp","Ownership","MassHousing"," 1/16/2008","SUDBURY"
1752,"3076"," 64 PINE ST","SUDBURY","25","17","365201","3006",-71.45524,42.379883,"12","Yes","","Perp","Rental","DHCD","","SUDBURY"
2779,"7874","534 NORTH RD","SUDBURY","","","","",,,"2","YES","","Perp","Ownership","MassHousing","  2/8/2006","SUDBURY"
2985,"8983","275, 289, 295, 303 BOSTON POST RD","SUDBURY","","","","",,,"0","YES","","Perp","Ownership","MassHousing"," 7/10/2007","SUDBURY"
1750,"3073","55 HUDSON RD","SUDBURY","25","17","365201","1004",-71.416115,42.383415,"64","No","","Perp","Rental","DHCD","","SUDBURY"
1755,"3078","761 BOSTON POST RD","SUDBURY","","","","",-71.4522293831141,42.3597546572468,"45","Yes","","2049","Rental","MassHousing","","SUDBURY"
2965,"8839","6 OLD COUNTY RD","SUDBURY","25","17","365201","1000",-71.39044,42.365128,"10","YES","","Perp","Ownership","MassHousing","  8/2/2006","SUDBURY"
3182,"9508","192 BOSTON POST RD","SUDBURY","25","17","365201","1008",-71.40039,42.3615,"8","YES","","Perp","Ownership","MassHousing"," 2/14/2012","SUDBURY"
3109,"9352","189 BOSTON BOST RD","SUDBURY","25","17","365201","1028",-71.39904,42.36188,"64","YES","","Perp","Rental","DHCD","  8/9/2011","SUDBURY"
1751,"3076"," 45 MEADOW RD","SUDBURY","","","","",,,"12","Yes","","Perp","Rental","DHCD","","SUDBURY"
1753,"3076","62 PINE ST","SUDBURY","25","17","365201","3006",-71.455215,42.379963,"12","Yes","","Perp","Rental","DHCD","","SUDBURY"
2276,"4015","717-729 BOSTON POST RD","SUDBURY","25","17","365202","1007",-71.452065,42.360626,"4","Yes","","Perp","Ownership","MassHousing"," 5/14/2002","SUDBURY"
1754,"3077","655 BOSTON POST RD","SUDBURY","25","17","365202","1007",-71.44172,42.36064,"120","Yes","","2071","Rental","DHCD","","SUDBURY"
3190,"9527","189 LANDHAM RD","SUDBURY","25","17","365202","1024",-71.40318000000001,42.353973,"0","YES","comp permits sheet","Perp","Rental","MassHousing","  8/1/2012","SUDBURY"
3451,"9952","526 BOSTON POST RD","SUDBURY","25","17","365202","1005",-71.43169,42.36029,"250","YES","","Perp","Rental","Mass Housing Partnership"," 7/20/2016","SUDBURY"
47,"10045","187 BOSTON POST  RD","SUDBURY","","","","",,,"56","YES","","Perp","Rental","DHCD"," 3/10/2017","SUDBURY"
1758,"3085","565 HUMPHREY ST","SWAMPSCOTT","25","9","202200","2000",-70.90248,42.468044,"59","Yes","","07/01/38","Rental","MassHousing","","SWAMPSCOTT"
152,"10179","35 BURPEE RD","SWAMPSCOTT","25","9","202103","1001",-70.92122000000001,42.477646,"0","YES","","Perp","Rental","DHCD"," 9/28/2017","SWAMPSCOTT"
2277,"4017","225 HUMPHREY ST","SWAMPSCOTT","25","9","202200","2007",-70.91502,42.467274,"2","Yes","","Perp","Ownership","MassHousing","  6/3/2003","SWAMPSCOTT"
1791,"3153","92 WASHINGTON ST","TOPSFIELD","25","9","214100","2004",-70.96293,42.641655,"24","Yes","","2021*","Rental","RHS","","TOPSFIELD"
1790,"3150","69 WASHINGTON ST","TOPSFIELD","25","9","214100","3031",-70.95992,42.641933,"60","No","","Perp","Rental","DHCD","","TOPSFIELD"
2209,"3919","281 ROWLEY BRIDGE ST","TOPSFIELD","25","9","214100","4007",-70.96375,42.60141,"6","Yes","comp permits sheet","Perp","Ownership","DHCD","","TOPSFIELD"
444,"10567","642 MAIN ST","WAKEFIELD","25","17","335301","2014",-71.06931,42.496582,"1","","","perp","Ownership","DHCD","","WAKEFIELD"
3178,"9501","8 PARKER RD","WAKEFIELD","25","17","335200","3011",-71.08677,42.503838,"2","YES","comp permits sheet","Perp","Ownership","DHCD","","WAKEFIELD"
3357,"9826","415 LOWELL ST","WAKEFIELD","25","17","335100","3000",-71.06309,42.51724,"30","YES","comp permits sheet","Perp","Rental","MassHousing"," 9/27/2012","WAKEFIELD"
310,"10360","3 BENNETT ST","WAKEFIELD","25","17","335301","3006",-71.06874999999999,42.499634,"4","","","Perp","Ownership","DHCD","","WAKEFIELD"
2978,"8953","610 REAR SALEM ST","WAKEFIELD","","","","",,,"28","YES","comp permits sheet","perp","Rental","MassHousing"," 3/31/2008","WAKEFIELD"
1806,"3181","95 AUDUBON RD","WAKEFIELD","25","17","335302","1000",-71.04971,42.51957,"176","No","","2020*","Rental","HUD","","WAKEFIELD"
1808,"3183","997 MAIN ST","WAKEFIELD","","","","",,,"4","Yes","comp permits sheet","2050","Ownership","DHCD","","WAKEFIELD"
1804,"3179","38 HARTS HILL RD","WAKEFIELD","25","17","335301","1010",-71.065926,42.493507,"8","No","","Perp","Rental","DHCD","","WAKEFIELD"
2222,"3939","100 CHESTNUT STREET (REHAB)","WAKEFIELD","25","17","335200","5005",-71.08311999999999,42.50161,"6","No","","09/10/2032","Rental","DHCD","","WAKEFIELD"
2173,"3822","361 WATER ST","WAKEFIELD","25","17","335301","2000",-71.05403,42.50112,"10","Yes","comp permits sheet","2102","Ownership","FHLBB","","WAKEFIELD"
309,"10359","600 NORTH AVE","WAKEFIELD","25","17","335100","7030",-71.08638000000001,42.514427,"4","NO","non-40b Local Action Units","Perp","Rental","DHCD","  6/9/2016","WAKEFIELD"
3356,"9825","14 AUDOBON RD","WAKEFIELD","25","17","335302","1000",-71.046165,42.518925,"33","NO","non-40b Local Action Units","Perp","Rental","DHCD","","WAKEFIELD"
446,"10569","598 NORTH AVE","WAKEFIELD","25","17","335100","7030",-71.086365,42.514412,"3","NO","","perp","Rental","DHCD","","WAKEFIELD"
2319,"4135","239 NAHANT ST","WAKEFIELD","25","17","335301","1004",-71.055595,42.49643,"2","Yes","comp permits sheet","2101","Ownership","FHLBB"," 2/28/2002","WAKEFIELD"
2320,"4159","48 WATER ST","WAKEFIELD","25","17","335100","5005",-71.067825,42.502724,"26","No","","2032","Rental","DHCD","","WAKEFIELD"
2979,"8954","101-109 HOPKINS ST","WAKEFIELD","25","17","335200","3006",-71.09824,42.505043,"32","YES","","Perp","Mix",""," 3/28/2008","WAKEFIELD"
1803,"3178","26 CRESCENT ST","WAKEFIELD","25","17","335100","5004",-71.06939,42.504807,"25","No","","Perp","Rental","DHCD","","WAKEFIELD"
381,"10482","69 FOUNDRY ST","WAKEFIELD","25","17","335200","4003",-71.074585,42.499763,"10","NO","non-40b Local Action Units","perp","Ownership","DHCD","","WAKEFIELD"
363,"10445","175 NORTH AVE","WAKEFIELD","25","17","335100","6017",-71.07393999999999,42.500572,"8","NO","non-40b Local Action Units","Perp","Ownership","DHCD","","WAKEFIELD"
1807,"3182","13 FITCH CT","WAKEFIELD","25","17","335100","2000",-71.06474,42.510166,"3","Yes","comp permits sheet","2049","Ownership","DHCD","","WAKEFIELD"
3177,"9500","410 HERON POND","WAKEFIELD","","","","",,,"23","YES","comp permits sheet","Perp","Ownership","DHCD","","WAKEFIELD"
1811,"3197","148 PEMBERTON ST","WALPOLE","25","21","411301","1033",-71.25283,42.157314,"8","No","","Perp","Rental","DHCD","","WALPOLE"
1812,"3199","DIAMOND POND TR","WALPOLE","","","","",-71.2455748265259,42.1463735094396,"54","Yes","","Perp","Rental","DHCD","","WALPOLE"
458,"10582","51 SUMMER ST","WALPOLE","25","21","411101","2026",-71.26371,42.1047,"194","YES","","perp","Mix","MassHousing"," 4/27/2021","WALPOLE"
184,"10220","272 MOOSE HILL RD","WALPOLE","","","","",,,"157","YES","comp permits sheet","Perp","Rental","MassHousing","  5/1/2015","WALPOLE"
457,"10582"," 53 SUMMER ST","WALPOLE","25","21","411101","2026",-71.26385999999999,42.10468,"194","YES","","perp","Mix","MassHousing"," 4/27/2021","WALPOLE"
2253,"3971","212-237 HILLTOP DR","WALPOLE","25","21","411101","1006",-71.24720000000001,42.10867,"300","Yes","","Perp","Rental","DHCD","10/11/2002","WALPOLE"
1810,"3197","146 PEMBERTON ST","WALPOLE","25","21","411301","1033",-71.25278,42.157272,"8","No","","Perp","Rental","DHCD","","WALPOLE"
3194,"9542","240 CRESCENT ST","WALTHAM","25","17","368600","4003",-71.243576,42.36553,"10","NO","non-40b Local Action Units","Perp","Rental","DHCD","","WALTHAM"
2302,"4065","94 ADAMS ST","WALTHAM","25","17","368500","2003",-71.24036,42.368004,"90","No","","05/31/2022","Rental","MHP","","WALTHAM"
1837,"3223","190 MOODY ST","WALTHAM","25","17","368800","1009",-71.23649,42.37359,"150","No","","09/09/2023","Rental","HUD","","WALTHAM"
1820,"3207","7-15 GARDNER ST","WALTHAM","25","17","368700","1006",-71.23246,42.37045,"32","No","","Perp","Rental","DHCD","","WALTHAM"
1821,"3209","292-324 GROVE ST","WALTHAM","25","17","368800","4006",-71.22410000000001,42.37498,"60","No","","Perp","Rental","DHCD","","WALTHAM"
1823,"3210","269-79 SCHOOL ST","WALTHAM","25","17","368300","2000",-71.242874,42.378433,"24","No","","Perp","Rental","DHCD","","WALTHAM"
1815,"3201","48 PINE ST","WALTHAM","25","17","368500","1000",-71.23538000000001,42.371403,"120","No","","Perp","Rental","HUD","","WALTHAM"
1834,"3220","113-119 BRIGHT ST","WALTHAM","25","17","368800","4010",-71.22346,42.37337,"14","No","","Perp","Rental","DHCD","","WALTHAM"
1839,"3226","78 LEXINGTON ST","WALTHAM","25","17","368902","2006",-71.23576,42.37855,"70","No","","2041","Rental","HUD","","WALTHAM"
3256,"9642","51 LAKE ST","WALTHAM","25","17","368101","4004",-71.23645,42.40258,"19","NO","non-40b Local Action Units","Perp","Rental","DHCD","","WALTHAM"
1816,"3202","100 CEDAR ST","WALTHAM","25","17","368700","2007",-71.22828,42.366318,"22","No","","Perp","Rental","HUD","","WALTHAM"
1828,"3215","101 PROSPECT ST","WALTHAM","25","17","368400","1008",-71.24652,42.37305,"59","No","","Perp","Rental","DHCD","","WALTHAM"
1833,"3220"," 20 GORMANS CT","WALTHAM","25","17","368902","2007",-71.23814,42.378246,"14","No","","Perp","Rental","DHCD","","WALTHAM"
3195,"9542","241 CRESCENT ST","WALTHAM","25","17","368600","4000",-71.24344000000001,42.36598,"10","NO","non-40b Local Action Units","Perp","Rental","DHCD","","WALTHAM"
1838,"3224","174 MOODY ST","WALTHAM","25","17","368800","1009",-71.23649,42.37361,"108","No","","09/09/2023","Rental","HUD","","WALTHAM"
46,"10044","1 MOODY ST","WALTHAM","25","17","368800","1001",-71.23706,42.3761,"27","NO","non-40b Local Action Units","Perp","Rental","DHCD","","WALTHAM"
1824,"3211","37 BANK ST","WALTHAM","","","","",,,"7","No","","Perp","Rental","DHCD","","WALTHAM"
1819,"3205","231-237 SCHOOL ST","WALTHAM","25","17","368300","1005",-71.24102000000001,42.37831,"40","No","","Perp","Rental","HUD","","WALTHAM"
3433,"9926","36 RIVER ST","WALTHAM","25","17","368800","2009",-71.21711000000001,42.36829,"20","NO","non-40b Local Action Units","Perp","Rental","DHCD","","WALTHAM"
1825,"3212","75-85 MYRTLE ST","WALTHAM","25","17","368600","5002",-71.23438,42.36589,"24","No","","Perp","Rental","DHCD","","WALTHAM"
1830,"3217","146-148 HAMMOND ST","WALTHAM","25","17","368200","1001",-71.24657000000001,42.381687,"8","No","","Perp","Rental","DHCD","","WALTHAM"
1831,"3218","284 SOUTH ST","WALTHAM","25","17","368400","6000",-71.25349,42.36705,"6","No","","Perp","Rental","DHCD","","WALTHAM"
2282,"4027","300 FLORENCE RD","WALTHAM","25","17","368400","3017",-71.2641,42.368286,"4","No","","2043","Rental","HUD","","WALTHAM"
1829,"3216","15 TOWNSEND ST","WALTHAM","25","17","368800","4005",-71.22802,42.377228,"8","No","","Perp","Rental","DHCD","","WALTHAM"
1818,"3204","46 DALE ST","WALTHAM","25","17","368300","1002",-71.23918,42.383575,"36","No","","Perp","Rental","HUD","","WALTHAM"
3002,"9024","1163 MAIN ST","WALTHAM","25","17","368300","4004",-71.25926,42.376415,"2","NO","non-40b Local Action Units","Perp","Ownership","DHCD","","WALTHAM"
1817,"3203","94-120 POND ST","WALTHAM","25","17","368300","1005",-71.24029,42.379448,"47","No","","Perp","Rental","HUD","","WALTHAM"
1826,"3213","300 SOUTH ST","WALTHAM","25","17","368400","6016",-71.25360000000001,42.366962,"20","No","","Perp","Rental","DHCD","","WALTHAM"
1835,"3221","326-340 GROVE ST","WALTHAM","25","17","368800","4006",-71.22538,42.37466,"8","No","","Perp","Rental","DHCD","","WALTHAM"
2587,"6400","218 SOUTH ST","WALTHAM","25","17","368400","6001",-71.25117,42.368412,"2","No","","perp","Ownership","HUD","","WALTHAM"
2650,"6903","105 RIDGE LN","WALTHAM","","","","",,,"264","Yes","comp permits sheet","perp","Rental","FHLBB"," 7/29/2002","WALTHAM"
1827,"3214","82-86 ORANGE ST","WALTHAM","25","17","368600","3002",-71.24091,42.363823,"32","No","","Perp","Rental","DHCD","","WALTHAM"
1836,"3222","19-21 CENTRAL ST","WALTHAM","25","17","368800","5000",-71.229675,42.375637,"6","No","","2030","Rental","DHCD","","WALTHAM"
3155,"9455","255 WINTER ST","WALTHAM","25","17","368102","2013",-71.253494,42.398838,"2","NO","non-40b Local Action Units","Perp","Ownership","DHCD","","WALTHAM"
1858,"3290","2 ROSARY DR","WATERTOWN","25","17","370101","4008",-71.19405999999999,42.37401,"25","No","","2054","Rental","DHCD","","WATERTOWN"
304,"10355","45 BACON ST","WATERTOWN","25","17","370104","2010",-71.19392999999999,42.369198,"7","NO","non-40b Local Action Units","Perp","Rental","DHCD","","WATERTOWN"
3366,"9839","270 PLEASANT ST","WATERTOWN","25","17","370104","2017",-71.197365,42.368248,"17","NO","non-40b Local Action Units","Perp","Rental","DHCD","","WATERTOWN"
2915,"8699","555 PLEASANT ST","WATERTOWN","25","17","370104","1008",-71.208855,42.36626,"28","NO","non-40b Local Action Units","Perp","Ownership","DHCD","","WATERTOWN"
3365,"9838","100 WOODVIEW WAY","WATERTOWN","25","17","370104","1008",-71.20925,42.3701,"16","NO","non-40b Local Action Units","Perp","Rental","DHCD","","WATERTOWN"
305,"10355","60 HOWARD ST","WATERTOWN","25","17","370104","2010",-71.195435,42.368916,"7","NO","non-40b Local Action Units","Perp","Rental","DHCD","","WATERTOWN"
3214,"9578","319 ARLINGTON ST","WATERTOWN","25","17","370301","4007",-71.15768,42.373184,"38","NO","","Perp","Rental","MHP","","WATERTOWN"
3203,"9548","120 PLEASANT ST","WATERTOWN","25","17","370103","3009",-71.19159999999999,42.366276,"4","NO","non-40b Local Action Units","Perp","Rental","DHCD","","WATERTOWN"
370,"10458","385 PLEASANT ST","WATERTOWN","25","17","370104","2018",-71.20184999999999,42.36725,"8","NO","non-40b Local Action Units","Perp","Rental","DHCD","","WATERTOWN"
1854,"3283","GREEN ST","WATERTOWN","","","","",-71.1911101050574,42.3679192600835,"16","Yes","","Perp","Rental","DHCD","","WATERTOWN"
2120,"3734","28, 30, 32 AND 34 QUIMBY ST","WATERTOWN","","","","",,,"4","No","","2101","Ownership","DHCD","","WATERTOWN"
1853,"3282","UNION ST","WATERTOWN","","","","",-71.187907247018,42.3628337962208,"7","Yes","","Perp","Rental","DHCD","","WATERTOWN"
2119,"3733","341 MOUNT AUBURN ST","WATERTOWN","","","","",,,"62","No","","2052","Rental","DHCD","","WATERTOWN"
251,"10277","202 ARSENAL ST","WATERTOWN","25","17","370401","2011",-71.17475,42.364548,"30","NO","non-40b Local Action Units","Perp","Rental","DHCD","","WATERTOWN"
1851,"3276","100 WARREN ST","WATERTOWN","25","17","370101","4000",-71.193535,42.37548,"50","No","","Perp","Rental","HUD","","WATERTOWN"
252,"10277","204 ARSENAL ST","WATERTOWN","25","17","370401","2011",-71.17462999999999,42.364536,"30","NO","non-40b Local Action Units","Perp","Rental","DHCD","","WATERTOWN"
3204,"9549","73 WAVERLY AVE","WATERTOWN","25","17","370103","1003",-71.190704,42.372288,"2","NO","non-40b Local Action Units","Perp","Rental","DHCD","","WATERTOWN"
3207,"9557","1060 BELMONT ST","WATERTOWN","","","","",,,"18","NO","","2041","Rental","DHCD","","WATERTOWN"
2783,"7884","120 MT AUBURN ST","WATERTOWN","","","","",,,"11","NO","","Perp","Rental","HUD","","WATERTOWN"
306,"10356","56 IRVING ST","WATERTOWN","25","17","370401","2011",-71.17872,42.365177,"35","NO","non-40b Local Action Units","Perp","Rental","DHCD","","WATERTOWN"
1855,"3286","465 ARSENAL ST","WATERTOWN","25","17","370302","1002",-71.161736,42.363304,"156","No","","2033*","Rental","MassHousing","","WATERTOWN"
349,"10431","485 ARSENAL ST","WATERTOWN","25","17","370302","1003",-71.15544,42.3626,"33","NO","non-40b Local Action Units","Perp","Rental","DHCD","","WATERTOWN"
1856,"3287","16 IRVING ST","WATERTOWN","25","17","370401","2005",-71.179596,42.36676,"14","No","","2021","Rental","HUD","","WATERTOWN"
3280,"9686","89 STONEBRIDGE RD","WAYLAND","25","17","366202","1045",-71.38094,42.339035,"4","YES","comp permits sheet","Perp","Ownership","DHCD","  5/1/2013","WAYLAND"
258,"10281","113 BOSTON POST RD","WAYLAND","25","17","366202","3014",-71.34087,42.360165,"60","YES","","Perp","Rental","MassHousing"," 1/15/2019","WAYLAND"
295,"10328","HAMMOND RD","WAYLAND","","","","",-71.3644748154279,42.3136348242784,"1","NO","","Perp","Rental","DHCD","","WAYLAND"
3277,"9683","* HASTINGS WAY","WAYLAND","","","","",,,"11","YES","comp permits sheet","Perp","Ownership","MassHousing"," 1/31/2006","WAYLAND"
3018,"9049","371 COMMONWEALTH RD","WAYLAND","25","17","366100","1002",-71.348434,42.323845,"52","YES","","Perp","Rental","MHP","  2/9/2009","WAYLAND"
3278,"9684","137 BOSTON POST RD","WAYLAND","25","17","366202","3013",-71.34481,42.360447,"4","YES","","Perp","Ownership","MassHousing","","WAYLAND"
1859,"3291","36 MITCHELL ST,& SCATTERED SITES","WAYLAND","","","","",,,"25","No","","Perp","Rental","HUD","","WAYLAND"
3046,"9117","336 COMMONWEALTH RD","WAYLAND","25","17","366100","2008",-71.35223000000001,42.32307,"3","YES","comp permits sheet","Perp","Ownership","FHLBB"," 7/17/2002","WAYLAND"
3279,"9685","39 ANDREW AVE","WAYLAND","25","17","366202","1022",-71.36962,42.364597,"12","NO","non-40b Local Action Units","Perp","Rental","DHCD","","WAYLAND"
3045,"9115","89 OXBOW RD/TROUT BROOK RD","WAYLAND","25","17","366201","1007",-71.35857,42.40801,"11","YES","","Perp","Ownership","DHCD"," 9/17/2007","WAYLAND"
43,"10041","225 OLD CONNECTICUT PATH","WAYLAND","25","17","366202","2003",-71.36499999999999,42.343903,"2","YES","comp permits sheet","Perp","Ownership","MassHousing"," 1/25/2008","WAYLAND"
434,"10556","20-40 WILLIAM ST","WELLESLEY","25","21","404100","1001",-71.22964,42.317696,"350","NO","","2050*","Rental","DHCD","  1/9/2020","WELLESLEY"
3474,"9996","580 WASHINGTON STREET & 53 GROVE ST","WELLESLEY","","","","",,,"5","NO","","Perp","Ownership","DHCD","","WELLESLEY"
137,"10169","978 WORCESTER ST","WELLESLEY","25","21","404302","3005",-71.32415,42.30446,"36","NO","non-40b Local Action Units","Perp","Rental","DHCD","","WELLESLEY"
2901,"8679","64 HASTING ST","WELLESLEY","","","","",-71.24927312351581,42.3131401799486,"52","YES","","Perp","Rental","MassHousing"," 7/12/2002","WELLESLEY"
3328,"9785","65 WASHINGTON ST","WELLESLEY","","","","",,,"1","YES","","Perp","Ownership","MassHousing","10/27/2009","WELLESLEY"
312,"10362","680 WORCESTER RD","WELLESLEY","25","21","404302","1007",-71.29602,42.30613,"20","YES","comp permits sheet","Perp","Rental","MassHousing","","WELLESLEY"
439,"10560"," 138 WORCESTER ST","WELLESLEY","25","21","404100","1015",-71.240295,42.31604,"40","YES","","perp","Rental","MassHousing","11/30/2020","WELLESLEY"
311,"10361","16 STEARNS RD","WELLESLEY","25","21","404302","1007",-71.29445,42.30554,"6","YES","comp permits sheet","Perp","Ownership","MassHousing"," 6/20/2019","WELLESLEY"
2899,"8679","60 HASTING ST","WELLESLEY","","","","",-71.24927312351581,42.3131401799486,"52","YES","","Perp","Rental","MassHousing"," 7/12/2002","WELLESLEY"
1874,"3320","4 CEDAR ST","WELLESLEY","25","21","404100","2019",-71.25266999999999,42.32285,"36","Yes","","Perp","Rental","DHCD","","WELLESLEY"
2900,"8679","62 HASTING ST","WELLESLEY","","","","",-71.24927312351581,42.3131401799486,"52","YES","","Perp","Rental","MassHousing"," 7/12/2002","WELLESLEY"
1876,"3322","50 GROVE ST","WELLESLEY","25","21","404400","1012",-71.29218,42.295418,"125","Yes","","Perp","Rental","MassHousing","","WELLESLEY"
1872,"3317","505-513 WASHINGTON ST","WELLESLEY","25","21","404400","1000",-71.287384,42.30101,"40","No","","Perp","Rental","DHCD","","WELLESLEY"
2896,"8679","54 HASTING ST","WELLESLEY","","","","",-71.24927312351581,42.3131401799486,"52","YES","","Perp","Rental","MassHousing"," 7/12/2002","WELLESLEY"
1873,"3318","487-503 WASHINGTON ST","WELLESLEY","25","21","404400","1000",-71.28737,42.30103,"36","No","","Perp","Rental","DHCD","","WELLESLEY"
2903,"8680","874 WORCESTER ST","WELLESLEY","25","21","404302","3001",-71.31494000000001,42.305157,"7","YES","comp permits sheet","Perp","Ownership","FHLBB"," 1/17/2006","WELLESLEY"
2892,"8666","182 WALNUT ST","WELLESLEY","25","21","404100","2013",-71.25662,42.321564,"1","YES","comp permits sheet","Perp","Ownership","DHCD","  3/8/2006","WELLESLEY"
1870,"3315","190 BARTON RD","WELLESLEY","25","21","404100","2025",-71.247574,42.31928,"90","No","","Perp","Rental","DHCD","","WELLESLEY"
1875,"3321","10 CROSS ST","WELLESLEY","25","21","404400","5009",-71.296875,42.29569,"4","No","","Perp","Rental","HUD","","WELLESLEY"
440,"10560","136 WORCESTER ST","WELLESLEY","25","21","404100","1015",-71.24014,42.31605,"40","YES","","perp","Rental","MassHousing","11/30/2020","WELLESLEY"
2898,"8679","58 HASTING ST","WELLESLEY","","","","",-71.24927312351581,42.3131401799486,"52","YES","","Perp","Rental","MassHousing"," 7/12/2002","WELLESLEY"
3202,"9546","27 WASHINGTON ST","WELLESLEY","","","","",,,"82","NO","non-40b Local Action Units","Perp","Rental","DHCD","","WELLESLEY"
2904,"8680","878 WORCESTER ST","WELLESLEY","25","21","404302","3001",-71.31535,42.305122,"7","YES","comp permits sheet","Perp","Ownership","FHLBB"," 1/17/2006","WELLESLEY"
2285,"4030","* EDGEMOOR CIR","WELLESLEY","","","","",,,"3","Yes","comp permits sheet","Perp","Ownership","DHCD"," 7/12/2002","WELLESLEY"
207,"10246","135 GREAT PLAIN AVE","WELLESLEY","","","","",,,"7","YES","comp permits sheet","Perp","Ownership","MassHousing"," 11/2/2018","WELLESLEY"
2897,"8679","56 HASTING ST","WELLESLEY","","","","",-71.24927312351581,42.3131401799486,"52","YES","","Perp","Rental","MassHousing"," 7/12/2002","WELLESLEY"
1871,"3316","41 RIVER ST","WELLESLEY","","","","",,,"57","No","","Perp","Rental","DHCD","","WELLESLEY"
435,"10557","2 BURKE LN","WELLESLEY","25","21","404100","1020",-71.24442999999999,42.315437,"17","YES","","perp","Rental","MassHousing"," 1/27/2020","WELLESLEY"
2902,"8679","66 HASTING ST","WELLESLEY","","","","",-71.24927312351581,42.3131401799486,"52","YES","","Perp","Rental","MassHousing"," 7/12/2002","WELLESLEY"
3291,"9715","70 BURLEY ST","WENHAM","25","9","216100","2021",-70.92479,42.59322,"5","YES","","Perp","Ownership","MassHousing","  7/7/2004","WENHAM"
364,"10446","40 HULL ST","WENHAM","25","9","216100","3012",-70.82847,42.58561,"2","YES","comp permits sheet","Perp","Ownership","DHCD"," 2/21/2019","WENHAM"
1923,"3403","23 VILLAGE RD","WESTON","25","17","367100","2012",-71.310196,42.378803,"62","No","non-40b Local Action Units","perp","Rental","DHCD","","WESTON"
2987,"8988","45 CHURCH ST","WESTON","25","17","367100","4003",-71.29509,42.370304,"1","YES","comp permits sheet","perp","Rental","DHCD"," 11/2/2007","WESTON"
437,"10559","0 BOSTON POST RD","WESTON","","","","",-71.3213611488022,42.3647220773709,"180","YES","","Perp","Rental","MassHousing","11/24/2020","WESTON"
124,"10146","269 NORTH AVE","WESTON","25","17","367100","3000",-71.289795,42.38943,"0","YES","comp permits sheet","Perp","Rental","MassHousing","  5/3/2017","WESTON"
123,"10145","255 MERRIAM ST","WESTON","25","17","367100","1001",-71.30244399999999,42.394222,"0","YES","comp permits sheet","Perp","Ownership","MassHousing"," 12/2/2016","WESTON"
2812,"7927","680 SOUTH AVE","WESTON","25","17","367200","3021",-71.32029,42.335983,"4","YES","comp permits sheet","2055","Ownership","DHCD","","WESTON"
1921,"3401","* LIVERMORE LN","WESTON","","","","",,,"6","Yes","comp permits sheet","2041","Ownership","DHCD","","WESTON"
1922,"3402","154 WINTER ST","WESTON","25","17","367200","4011",-71.31741,42.330406,"6","Yes","","Perp","Ownership","DHCD","","WESTON"
3118,"9380","23 PINE ST","WESTON","25","17","367200","3016",-71.320526,42.34112,"2","YES","comp permits sheet","Perp","Rental","DHCD"," 2/23/2010","WESTON"
2811,"7926","809 BOSTON POST RD","WESTON","25","17","367100","4010",-71.325096,42.36373,"2","YES","comp permits sheet","2054","Ownership","DHCD","","WESTON"
436,"10559"," 751 BOSTON POST RD","WESTON","","","","",-71.3213611488022,42.3647220773709,"180","YES","","Perp","Rental","MassHousing","11/24/2020","WESTON"
1920,"3400","44 SCHOOL ST","WESTON","25","17","367200","1008",-71.29491,42.364872,"51","No","","2025*","Rental","MassHousing","","WESTON"
122,"10145","11 HALLETT HILL RD","WESTON","25","17","367100","1001",-71.30114,42.394505,"0","YES","comp permits sheet","Perp","Ownership","MassHousing"," 12/2/2016","WESTON"
1928,"3412","1120 HIGHLAND GLEN RD","WESTWOOD","25","21","412100","1010",-71.23153000000001,42.213478,"282","Yes","comp permits sheet","2020*","Rental","FHLBB","","WESTWOOD"
1927,"3410","117 WINTER ST","WESTWOOD","25","21","412100","3021",-71.22159000000001,42.204826,"25","Yes","comp permits sheet","Perp","Ownership","DHCD","","WESTWOOD"
231,"10256","321 WASHINGTON ST","WESTWOOD","25","21","412300","4014",-71.18844,42.218063,"12","NO","non-40b Local Action Units","Perp","Rental","DHCD","","WESTWOOD"
288,"10320","120 UNIVERSITY AVE","WESTWOOD","25","21","412300","1016",-71.154854,42.200886,"10","NO","non-40b Local Action Units","Perp","Ownership","DHCD","","WESTWOOD"
1925,"3409","840 GAY ST","WESTWOOD","25","21","412200","2021",-71.189514,42.227505,"13","Yes","comp permits sheet","Perp","Ownership","DHCD","","WESTWOOD"
3358,"9827","95 UNIVERSITY AVE","WESTWOOD","25","21","412300","1007",-71.151436,42.20803,"234","NO","non-40b Local Action Units","Perp","Rental","DHCD","","WESTWOOD"
1931,"3419","HARRINGTON CR","WEYMOUTH","","","","",-70.9504140739688,42.2187067795258,"76","Yes","","Perp","Rental","DHCD","","WEYMOUTH"
3153,"9453","235 POND ST","WEYMOUTH","25","21","422100","2005",-70.96002,42.162663,"63","NO","","Perp","Rental","DHCD","","WEYMOUTH"
3154,"9454","679 POND ST","WEYMOUTH","","","","",-70.9535519026284,42.1470516998583,"20","YES","","Perp","Rental","MHP","12/10/2004","WEYMOUTH"
1934,"3422","686 BROAD ST","WEYMOUTH","25","21","422502","1011",-70.93022999999999,42.216835,"9","No","","Perp","Rental","HUD","","WEYMOUTH"
1942,"3431","95 BROAD ST","WEYMOUTH","25","21","422401","2004",-70.96272999999999,42.216457,"199","Yes","","2036*","Rental","HUD","","WEYMOUTH"
1935,"3424","107-111 BROAD ST","WEYMOUTH","25","21","422401","2004",-70.96214999999999,42.216587,"89","Yes","","2023","Rental","MassHousing","","WEYMOUTH"
1930,"3416","990 PLEASANT ST","WEYMOUTH","","","","",,,"40","No","","Perp","Rental","HUD","","WEYMOUTH"
1932,"3420","25 WATER ST","WEYMOUTH","25","21","422501","4007",-70.92403,42.213856,"60","No","","Perp","Rental","DHCD","","WEYMOUTH"
1938,"3426"," 50 WEBSTER","WEYMOUTH","25","21","422202","3006",-70.953384,42.165848,"6","No","","2035*","Rental","HUD","","WEYMOUTH"
1940,"3428","1402 WASHINGTON ST","WEYMOUTH","25","21","422501","2009",-70.91998,42.193813,"31","Yes","","2021*","Rental","HUD","","WEYMOUTH"
1937,"3426"," 46 GREENTREE","WEYMOUTH","25","21","422202","3003",-70.953125,42.166878,"6","No","","2035*","Rental","HUD","","WEYMOUTH"
1933,"3421","43 SCHOOL HOUSE RD","WEYMOUTH","25","21","422402","2000",-70.95162999999999,42.21779,"70","No","","2049","Rental","MassHousing","","WEYMOUTH"
1936,"3425","76-82 FRONT ST","WEYMOUTH","25","21","422402","3016",-70.96843,42.216534,"11","No","","2027","Rental","DHCD","","WEYMOUTH"
1939,"3426","36 GREENTREE","WEYMOUTH","25","21","422202","3001",-70.95336,42.166794,"6","No","","2035*","Rental","HUD","","WEYMOUTH"
1943,"3432","519 BROAD ST","WEYMOUTH","25","21","422502","3006",-70.93904000000001,42.217575,"75","Yes","","2020*","Rental","HUD","","WEYMOUTH"
1929,"3415","575 BRIDGE ST","WEYMOUTH","25","21","422700","1008",-70.94326,42.243923,"30","Yes","","Perp","Rental","HUD","","WEYMOUTH"
1941,"3430","159 KING AVE","WEYMOUTH","25","21","422401","2000",-70.95716,42.215363,"90","No","","2054","Rental","HUD","","WEYMOUTH"
1959,"3462","1 AVALON DR","WILMINGTON","","","","",-71.1605911694168,42.5800975666989,"204","Yes","","2/01/2041","Rental","MassHousing","","WILMINGTON"
1960,"3466","500 WOBURN ST","WILMINGTON","25","17","331102","2006",-71.14578,42.55048,"4","No","","2036","Rental","HUD","","WILMINGTON"
2515,"5713","195 SALEM ST","WILMINGTON","25","17","331101","1001",-71.16858000000001,42.57488,"7","Yes","comp permits sheet","perp","Ownership","DHCD","  7/1/2004","WILMINGTON"
2359,"4687","121 WEST ST","WILMINGTON","","","","",-71.1399850243352,42.5344910354149,"120","Yes","","Perp","Rental","MassHousing"," 4/22/2004","WILMINGTON"
1961,"3467","SALEM ST","WILMINGTON","","","","",-71.15549073331719,42.5787242856052,"120","Yes","","Perp","Rental","MassHousing"," 2/24/2000","WILMINGTON"
2988,"8989","155 LAKE ST","WILMINGTON","25","17","331300","1002",-71.20077999999999,42.56385,"4","YES","comp permits sheet","Perp","Ownership","DHCD"," 10/4/2007","WILMINGTON"
3219,"9589","10 BURLINGTON AVE","WILMINGTON","25","17","331300","3000",-71.17485000000001,42.544865,"108","YES","comp permits sheet","Perp","Rental","MassHousing","12/14/2010","WILMINGTON"
3435,"9929","416 CAMBRDIGE ST","WINCHESTER","25","17","338400","1004",-71.16068,42.45743,"0","YES","comp permits sheet","Perp","Rental","MassHousing"," 4/15/2016","WINCHESTER"
1965,"3479","13 WESTLEY","WINCHESTER","25","17","338500","4003",-71.13196600000001,42.45686,"60","No","","Perp","Rental","DHCD","","WINCHESTER"
356,"10434","31 RIVER ST","WINCHESTER","25","17","338200","3014",-71.13698599999999,42.46542,"147","YES","","Perp","Rental","MassHousing"," 3/19/2020","WINCHESTER"
1966,"3480","41 PALMER ST","WINCHESTER","25","17","338300","2000",-71.14234,42.45577,"52","No","","Perp","Rental","DHCD","","WINCHESTER"
353,"10434","25 RIVER ST","WINCHESTER","25","17","338200","3014",-71.13695,42.46539,"147","YES","","Perp","Rental","MassHousing"," 3/19/2020","WINCHESTER"
354,"10434","27 RIVER ST","WINCHESTER","25","17","338200","3014",-71.13696,42.4654,"147","YES","","Perp","Rental","MassHousing"," 3/19/2020","WINCHESTER"
351,"10434","21 RIVER ST","WINCHESTER","25","17","338200","3014",-71.13693000000001,42.46537,"147","YES","","Perp","Rental","MassHousing"," 3/19/2020","WINCHESTER"
350,"10434","19 RIVER ST","WINCHESTER","25","17","338200","3014",-71.13692,42.46536,"147","YES","","Perp","Rental","MassHousing"," 3/19/2020","WINCHESTER"
355,"10434","29 RIVER ST","WINCHESTER","25","17","338200","3014",-71.13697000000001,42.465412,"147","YES","","Perp","Rental","MassHousing"," 3/19/2020","WINCHESTER"
1967,"3486","75 HEMENWAY ST","WINCHESTER","","","","",,,"18","No","","2070","Rental","MassHousing","","WINCHESTER"
3231,"9603","223-225 CAMBRIDGE ST","WINCHESTER","25","17","338300","3003",-71.15851000000001,42.45357,"5","NO","","Perp","Ownership","DHCD","","WINCHESTER"
352,"10434","23 RIVER ST","WINCHESTER","25","17","338200","3014",-71.13694,42.465378,"147","YES","","Perp","Rental","MassHousing"," 3/19/2020","WINCHESTER"
357,"10434","33 RIVER ST","WINCHESTER","25","17","338200","3014",-71.13699,42.46543,"147","YES","","Perp","Rental","MassHousing"," 3/19/2020","WINCHESTER"
1969,"3494","1 POND ST","WINTHROP","25","25","180101","2006",-70.96968,42.38782,"150","No","","2021*","Rental","MassHousing","","WINTHROP"
386,"10488","299 LEXINGTON ST","WOBURN","25","17","333100","3011",-71.18433,42.45783,"11","NO","non-40b Local Action Units","perp","Ownership","DHCD","","WOBURN"
135,"10168","57 MILL ST","WOBURN","25","17","333400","1014",-71.11922,42.489834,"0","YES","comp permits sheet","Per","Rental","MassHousing"," 6/21/2017","WOBURN"
1977,"3501","59 LIBRARY PL","WOBURN","25","17","333200","2004",-71.15382,42.479813,"45","No","","Perp","Rental","DHCD","","WOBURN"
133,"10167","200 PRESIDENTIAL WAY","WOBURN","","","","",,,"200","YES","comp permits sheet","Perp","Rental","MassHousing","  8/3/2017","WOBURN"
136,"10168","61 MILL ST","WOBURN","25","17","333400","1014",-71.118996,42.489998,"0","YES","comp permits sheet","Per","Rental","MassHousing"," 6/21/2017","WOBURN"
2286,"4037","7 KIMBALL CT","WOBURN","25","17","333501","2007",-71.15716999999999,42.4948,"174","Yes","","perp","Rental","MassHousing","","WOBURN"
1970,"3497","12-96 CRESTON AVE","WOBURN","25","17","333501","3006",-71.14091999999999,42.490864,"68","No","","Perp","Rental","DHCD","","WOBURN"
2602,"6511","1042 MAIN ST","WOBURN","","","","",,,"0","Yes","comp permits sheet","perp","Rental","FHLBB"," 6/10/2004","WOBURN"
430,"10552","300 MISHAWUM RD","WOBURN","25","17","333601","1049",-71.1335,42.50366,"350","NO","","2050*","Rental","DHCD","","WOBURN"
1971,"3498","1-48 LIBERTY AVE","WOBURN","25","17","333400","4006",-71.14264,42.479942,"48","No","","Perp","Rental","DHCD","","WOBURN"
426,"10547","LOCUST ST","WOBURN","","","","",-71.1812569750669,42.4760527382032,"4","YES","","perp","Rental","DHCD"," 5/23/2019","WOBURN"
1979,"3503","70 WARREN AVE","WOBURN","25","17","333300","2001",-71.150764,42.47354,"40","No","","Perp","Rental","DHCD","","WOBURN"
1980,"3504","2 KIMBALL CT","WOBURN","25","17","333602","1007",-71.1673,42.501156,"184","Yes","","perp","Rental","DHCD","","WOBURN"
1981,"3505","5 KIMBALL CT","WOBURN","25","17","333501","2007",-71.15724,42.494934,"167","Yes","","perp","Rental","DHCD","","WOBURN"
1982,"3506","17 WARREN AVE","WOBURN","25","17","333200","3009",-71.15439000000001,42.476852,"11","No","","2037","Rental","HUD","","WOBURN"
1978,"3502","1-54 NICHOL ST EXTENSION","WOBURN","","","","",,,"54","No","","Perp","Rental","DHCD","","WOBURN"
1976,"3500","59 CAMPBELL ST","WOBURN","25","17","333502","1011",-71.14642000000001,42.481663,"100","No","","Perp","Rental","DHCD","","WOBURN"
1972,"3499","1-60 WEBSTER AVE","WOBURN","25","17","333602","4010",-71.16495999999999,42.508327,"60","No","","Perp","Rental","DHCD","","WOBURN"
134,"10168","53 MILL ST","WOBURN","25","17","333400","1014",-71.11942000000001,42.48966,"0","YES","comp permits sheet","Per","Rental","MassHousing"," 6/21/2017","WOBURN"
335,"10384","40 LEDGEVIEW WAY","WRENTHAM","25","21","441203","2003",-71.30733499999999,42.04024,"220","YES","","Perp","Rental","MassHousing"," 4/28/2016","WRENTHAM"
2077,"3615","GARDEN LN","WRENTHAM","","","","",-71.3241658955658,42.0638216218378,"30","Yes","","Perp","Rental","DHCD","","WRENTHAM"
334,"10384"," 50 LEDGEVIEW WAY","WRENTHAM","25","21","441203","2003",-71.307884,42.039894,"220","YES","","Perp","Rental","MassHousing"," 4/28/2016","WRENTHAM"
2967,"8840","190 BLACK BIRCH DR","WRENTHAM","25","21","441204","1032",-71.35851,42.078094,"38","YES","comp permits sheet","Perp","Ownership","MassHousing"," 1/28/2008","WRENTHAM"
2078,"3617","NEW EMERALD LN","WRENTHAM","","","","",-71.328679844417,42.0773507104023,"15","Yes","","Perp","Rental","DHCD","","WRENTHAM"
2079,"3618","56 CREEK ST","WRENTHAM","25","21","441204","2000",-71.33611999999999,42.061577,"58","No","","2033*","Rental","MassHousing","","WRENTHAM"
3429,"9921","5 EAGLEBROOK BLVD","WRENTHAM","25","21","441204","1034",-71.35561,42.073555,"0","YES","comp permits sheet","Perp","Rental","MassHousing"," 5/12/2016","WRENTHAM"
