---------------------------------------------------------------------------------------------------------------------------------------------------------------------------------------------------------------------------------------------------------------
      name:  <unnamed>
       log:  /shared/boston_zoning/working_paper/replication_package/analysis/main_mtlines_output/main_mtlines_log_2025-04-18.log
  log type:  text
 opened on:  18 Apr 2025, 13:34:22

. 
. 
. ********************************************************************************
. * File name:            main_mtlines.do
. *
. * Project title:        Boston Zoning Project
. *
. * Description:          Main regression specifications for the paper. Runs through
. *                                       multiple models and specifications. Has been cut down to 
. *                                       just include versions used in the paper.
. *                                       
. *                                       Part 1: Units >=1918
. *                                               Units >=1918, baseline
. *                                       Part 2: Units >=1956
. *                                               Units >=1956, baseline
. *                                               Units >=1956, w/ characteristics
. *                                       Part 3: Units no year restriction
. *                                               Units no year restriction, baseline
. *                                       Part 4: Sales prices
. *                                               Sales prices, baseline
. *                                               Sales prices, w/ characteristics
. *                                       Part 5: Land prices
. *                                               Land prices, baseline
. *                                       Part 6: Rents
. *                                               Rents, baseline
. *                                               Rents, w/ characteristics
. *                               
. * Inputs:                       mt_orthogonal_dist_100m_07-01-22_v2.dta
. *                                       dist_south_station_2022_09_29.csv
. *                                       transit_distance.csv
. *                                       soil_quality_matches.dta
. *                                       within_town_analysis_data.dta
. *                               
. * Outputs:                      log file w/ tables
. *                                       coef_units_1918_base_du.gph (pdf)
. *                                       coef_units_1918_base_duhe.gph (pdf)
. *                                       coef_units_1918_base_he.gph (pdf)
. *                                       coef_units_1918_base_mf.gph (pdf)
. *                                       coef_units_1918_base_mfdu.gph (pdf)
. *                                       coef_units_1918_base_mfhe.gph (pdf)
. *                                       coef_units_1956_base_du.gph (pdf)
. *                                       coef_units_1956_base_duhe.gph (pdf)
. *                                       coef_units_1956_base_he.gph (pdf)
. *                                       coef_units_1956_base_mf.gph (pdf)
. *                                       coef_units_1956_base_mfdu.gph (pdf)
. *                                       coef_units_1956_base_mfhe.gph (pdf)
. *                                       coef_units_noyear_base_du.gph (pdf)
. *                                       coef_units_noyear_base_duhe.gph (pdf)
. *                                       coef_units_noyear_base_he.gph (pdf)
. *                                       coef_units_noyear_base_mf.gph (pdf)
. *                                       coef_units_noyear_base_mfdu.gph (pdf)
. *                                       coef_units_noyear_base_mfhe.gph (pdf)
. *                                       coef_price_base_du.gph (pdf)
. *                                       coef_price_base_duhe.gph (pdf)
. *                                       coef_price_base_he.gph (pdf)
. *                                       coef_price_base_mf.gph (pdf)
. *                                       coef_price_base_mfdu.gph (pdf)
. *                                       coef_price_base_mfhe.gph (pdf)
. *                                       coef_price_both_du.gph (pdf)
. *                                       coef_price_both_mfdu.gph (pdf)
. *                                       coef_land_base_du.gph (pdf)
. *                                       coef_land_base_duhe.gph (pdf)
. *                                       coef_land_base_he.gph (pdf)
. *                                       coef_land_base_mf.gph (pdf)
. *                                       coef_land_base_mfdu.gph (pdf)
. *                                       coef_land_base_mfhe.gph (pdf)
. *                                       coef_rent_base_du.gph (pdf)
. *                                       coef_rent_base_duhe.gph (pdf)
. *                                       coef_rent_base_he.gph (pdf)
. *                                       coef_rent_both_du.gph (pdf)
. *                                       coef_rent_both_duhe.gph (pdf)
. *
. * Created:                      06/23/2021
. * Updated:                      03/18/2025
. ********************************************************************************
. 
. 
. ********************************************************************************
. ** load the mt lines data
. ********************************************************************************
. use "$DATAPATH/mt_orthogonal_dist_100m_07-01-22_v2.dta", clear

. 
. destring prop_id, replace
prop_id: all characters numeric; replaced as long

. 
. tempfile mtlines

. save `mtlines', replace
(file /tmp/343956.1.sta.q/St2124155.000001 not found)
file /tmp/343956.1.sta.q/St2124155.000001 saved as .dta format

. 
. ********************************************************************************
. ** load and tempsave the transit data
. ********************************************************************************
. import delimited "$DATAPATH/dist_south_station_2022_09_29.csv", clear stringcols(_all)
(encoding automatically selected: ISO-8859-1)
(10 vars, 303 obs)

. 
. tempfile dist_south_station

. save `dist_south_station', replace
(file /tmp/343956.1.sta.q/St2124155.000002 not found)
file /tmp/343956.1.sta.q/St2124155.000002 saved as .dta format

. 
. import delimited "$DATAPATH/transit_distance.csv", clear stringcols(_all)
(encoding automatically selected: ISO-8859-1)
(10 vars, 821,237 obs)

. 
. merge m:1 station_id using `dist_south_station'

    Result                      Number of obs
    -----------------------------------------
    Not matched                            11
        from master                         0  (_merge==1)
        from using                         11  (_merge==2)

    Matched                           821,237  (_merge==3)
    -----------------------------------------

.                 
.                 * merge error check
.                 sum _merge

    Variable |        Obs        Mean    Std. dev.       Min        Max
-------------+---------------------------------------------------------
      _merge |    821,248    2.999987    .0036598          2          3

.                 assert `r(N)' ==  821248

.                 assert `r(sum_w)' ==  821248

.                 assert `r(mean)' ==  2.999986605751247

.                 assert `r(Var)' ==  .0000133940856566

.                 assert `r(sd)' ==  .0036597931166456

.                 assert `r(min)' ==  2

.                 assert `r(max)' ==  3

.                 assert `r(sum)' ==  2463733

. 
.                 drop if _merge == 2
(11 observations deleted)

.                 drop _merge

.         
. keep prop_id station_id station_name distance_m_* length_m

. 
. destring prop_id distance_m_* length_m, replace
prop_id: all characters numeric; replaced as long
distance_m_euc: all characters numeric; replaced as double
distance_m_man: all characters numeric; replaced as double
length_m: all characters numeric; replaced as long
(3660 missing values generated)

. 
. gen transit_dist_m = distance_m_man + length_m
(3,660 missing values generated)

. 
. tempfile transit

. save `transit', replace
(file /tmp/343956.1.sta.q/St2124155.000003 not found)
file /tmp/343956.1.sta.q/St2124155.000003 saved as .dta format

. 
. 
. ********************************************************************************
. ** load and tempsave the soil data
. ********************************************************************************
. use "$DATAPATH/soil_quality_matches.dta", clear

. 
. keep prop_id avg_slope slope_15 avg_restri avg_sand avg_clay

. 
. destring  avg_slope slope_15 avg_restri avg_sand avg_clay, replace
avg_slope: all characters numeric; replaced as double
(164372 missing values generated)
slope_15: all characters numeric; replaced as double
(164372 missing values generated)
avg_restri: all characters numeric; replaced as double
(164372 missing values generated)
avg_sand: all characters numeric; replaced as double
(164372 missing values generated)
avg_clay: all characters numeric; replaced as double
(164372 missing values generated)

. 
. tempfile soil

. save `soil', replace
(file /tmp/343956.1.sta.q/St2124155.000004 not found)
file /tmp/343956.1.sta.q/St2124155.000004 saved as .dta format

. 
. 
. ********************************************************************************
. ** create working dataset
. ********************************************************************************
. use "$DATAPATH/within_town_analysis_data.dta", clear

. 
. 
. ********************************************************************************
. ** merge on transit data
. ********************************************************************************
. 
. merge m:1 prop_id using `transit'

    Result                      Number of obs
    -----------------------------------------
    Not matched                       443,044
        from master                         0  (_merge==1)
        from using                    443,044  (_merge==2)

    Matched                         3,199,248  (_merge==3)
    -----------------------------------------

.         
.         /* merge error check
>         sum _merge
>         assert `r(N)' ==  3642292
>         assert `r(sum_w)' ==  3642292
>         assert `r(mean)' ==  2.878361207723049
>         assert `r(Var)' ==  .1068428258243096
>         assert `r(sd)' ==  .3268682086473226
>         assert `r(min)' ==  2
>         assert `r(max)' ==  3
>         assert `r(sum)' ==  10483832 */
. 
.         drop if _merge == 2
(443,044 observations deleted)

.         drop _merge

. 
.         
. ********************************************************************************
. ** merge on soil quality data
. ********************************************************************************
. merge m:1 prop_id using `soil'

    Result                      Number of obs
    -----------------------------------------
    Not matched                       443,044
        from master                         0  (_merge==1)
        from using                    443,044  (_merge==2)

    Matched                         3,199,248  (_merge==3)
    -----------------------------------------

.         
.         /* merge error check
>         sum _merge
>         assert `r(N)' ==  3642292
>         assert `r(sum_w)' ==  3642292
>         assert `r(mean)' ==  2.878361207723049
>         assert `r(Var)' ==  .1068428258243096
>         assert `r(sd)' ==  .3268682086473226
>         assert `r(min)' ==  2
>         assert `r(max)' ==  3
>         assert `r(sum)' ==  10483832 */
.         
.         drop if _merge == 2
(443,044 observations deleted)

.         drop _merge

. 
. 
. ********************************************************************************
. ** merge on mt lines to keep straight line properties
. ********************************************************************************
. merge m:1 prop_id using `mtlines', keepusing(straight_line)

    Result                      Number of obs
    -----------------------------------------
    Not matched                       201,049
        from master                         0  (_merge==1)
        from using                    201,049  (_merge==2)

    Matched                         3,199,248  (_merge==3)
    -----------------------------------------

.         
.         * checks for errors in merge
.         sum _merge

    Variable |        Obs        Mean    Std. dev.       Min        Max
-------------+---------------------------------------------------------
      _merge |  3,400,297    2.940873    .2358621          2          3

.         assert `r(N)' ==  3400297

.         assert `r(sum_w)' ==  3400297

.         assert `r(mean)' ==  2.940873106084557

.         assert `r(Var)' ==  .0556309206919615

.         assert `r(sd)' ==  .235862079809285

.         assert `r(min)' ==  2

.         assert `r(max)' ==  3

.         assert `r(sum)' ==  9999842

. 
.         drop if _merge == 2
(201,049 observations deleted)

.         drop _merge

. 
. keep if straight_line == 1  // <-- drops non-straight line properties
(2,237,233 observations deleted)

. 
. 
. ********************************************************************************
. ** drop out of scope years
. ********************************************************************************
. keep if (year >= 2010 & year <= 2018)
(0 observations deleted)

. 
. tab year

       year |      Freq.     Percent        Cum.
------------+-----------------------------------
       2010 |    104,264       10.84       10.84
       2011 |    107,230       11.15       21.98
       2012 |    106,561       11.08       33.06
       2013 |    106,732       11.09       44.16
       2014 |    105,275       10.94       55.10
       2015 |    107,440       11.17       66.27
       2016 |    107,865       11.21       77.48
       2017 |    108,234       11.25       88.73
       2018 |    108,414       11.27      100.00
------------+-----------------------------------
      Total |    962,015      100.00

. 
. 
. ********************************************************************************
. ** property characteristic variables
. ********************************************************************************
. gen char1_lotsizeac1 = ln(lot_sizeac) if lot_sizeac != 0  // lot size in acres, excl zero acre --> NOW IN LOGS
(74,533 missing values generated)

. gen char2_livingarea1 = ln(livingarea) / num_units1 if livingarea != 0  // living area in XX per unit, excl zero --> NOW IN LOGS
(11,228 missing values generated)

. gen char3_bedrooms1 = bedroom_num / num_units1 if bedroom_num != 0  // num bedrooms per unit, atleast 1
(43,879 missing values generated)

. gen char4_bathfull1 = bathfull_num / num_units1 if bathfull_num != 0  // num full bathrooms per unit, atleast 1
(21,608 missing values generated)

. 
. gen log_lotacres = ln(lot_acres) if lot_acres!=0
(74,483 missing values generated)

. gen log_bldgarea =ln(grossbldg_area) if grossbldg_area!=0
(113,706 missing values generated)

. 
. global char_vars i.year_built log_lotacres num_floors log_bldgarea bedroom_num bathfull_num

. 
. 
. ********************************************************************************
. ** gen amenity variables
. ********************************************************************************
. gen dist_school = closest_school_dist

. gen dist_center = closest_city_dist

. gen dist_road = closest_road_dist

. gen dist_river = closest_river_dist

. gen dist_space = closest_green_dist

. 
. gen transit_dist = transit_dist_m/1609
(6,421 missing values generated)

. 
. gen soil_avgslope = avg_slope
(182,953 missing values generated)

. gen soil_slope15 = slope_15
(182,953 missing values generated)

. gen soil_avgrestri = avg_restri
(182,953 missing values generated)

. gen soil_avgsand = avg_sand
(182,953 missing values generated)

. gen soil_avgclay = avg_clay
(182,953 missing values generated)

. 
. global char_vars_land dist_school dist_center dist_road dist_river dist_space transit_dist soil_avgslope soil_slope15 soil_avgrestri soil_avgsand soil_avgclay

. 
. 
. ********************************************************************************
. ** Part 1: Units >=1918
. * Part 1a: units >=1918, baseline
. ********************************************************************************
. ** regressions
. * set regression conditions
. local regression_conditions year_built>=1918 & year==2018 & (dist_both<=0.21 & dist_both>=-0.2) & res_typex!="Condominiums"

. 
. * Part 1a: units >=1918, baseline
. quietly eststo units_du: reg num_units1 ib26.dist3 i.lam_seg if only_du == 1 & `regression_conditions', vce(cluster lam_seg)

. sum num_units1 if only_du == 1 & year_built>=1918 & year==2018 & (dist_both<=0.02 & dist_both>0) & res_typex!="Condominiums"

    Variable |        Obs        Mean    Std. dev.       Min        Max
-------------+---------------------------------------------------------
  num_units1 |      3,299    1.384359    3.340611          1        124

. sum num_units1 if only_du == 1 & year_built>=1918 & year==2018 & (dist_both<=0 & dist_both>-0.02) & res_typex!="Condominiums"

    Variable |        Obs        Mean    Std. dev.       Min        Max
-------------+---------------------------------------------------------
  num_units1 |      2,409    1.580739    9.940741          1        444

.         
. quietly eststo units_duhe: reg num_units1 ib26.dist3 i.lam_seg if du_he == 1 & `regression_conditions', vce(cluster lam_seg)

. sum num_units1 if du_he == 1 & year_built>=1918 & year==2018 & (dist_both<=0.02 & dist_both>0) & res_typex!="Condominiums"

    Variable |        Obs        Mean    Std. dev.       Min        Max
-------------+---------------------------------------------------------
  num_units1 |        236    3.127119     5.51292          1         40

. sum num_units1 if du_he == 1 & year_built>=1918 & year==2018 & (dist_both<=0 & dist_both>-0.02) & res_typex!="Condominiums"

    Variable |        Obs        Mean    Std. dev.       Min        Max
-------------+---------------------------------------------------------
  num_units1 |        252    2.940476    6.589291          1         50

. 
. quietly eststo units_mfdu: reg num_units1 ib26.dist3 i.lam_seg if mf_du == 1 & `regression_conditions', vce(cluster lam_seg)

. sum num_units1 if mf_du == 1 & year_built>=1918 & year==2018 & (dist_both<=0.02 & dist_both>0) & res_typex!="Condominiums"

    Variable |        Obs        Mean    Std. dev.       Min        Max
-------------+---------------------------------------------------------
  num_units1 |      1,194    1.768844    4.908227          1        122

. sum num_units1 if mf_du == 1 & year_built>=1918 & year==2018 & (dist_both<=0 & dist_both>-0.02) & res_typex!="Condominiums"

    Variable |        Obs        Mean    Std. dev.       Min        Max
-------------+---------------------------------------------------------
  num_units1 |      1,221    1.250614    1.126911          1         24

. 
. quietly eststo units_mf: reg num_units1 ib26.dist3 i.lam_seg if only_mf== 1 & `regression_conditions', vce(cluster lam_seg)

. sum num_units1 if only_mf == 1 & year_built>=1918 & year==2018 & (dist_both<=0.02 & dist_both>0) & res_typex!="Condominiums"

    Variable |        Obs        Mean    Std. dev.       Min        Max
-------------+---------------------------------------------------------
  num_units1 |        226    1.681416    1.201965          1         11

. sum num_units1 if only_mf == 1 & year_built>=1918 & year==2018 & (dist_both<=0 & dist_both>-0.02) & res_typex!="Condominiums"

    Variable |        Obs        Mean    Std. dev.       Min        Max
-------------+---------------------------------------------------------
  num_units1 |        240    1.166667    .6511443          1          7

. 
. quietly eststo units_mfhe: reg num_units1 ib26.dist3 i.lam_seg if mf_he == 1 & `regression_conditions', vce(cluster lam_seg)

. sum num_units1 if mf_he == 1 & year_built>=1918 & year==2018 & (dist_both<=0.02 & dist_both>0) & res_typex!="Condominiums"

    Variable |        Obs        Mean    Std. dev.       Min        Max
-------------+---------------------------------------------------------
  num_units1 |         82    1.292683    .9874247          1          9

. sum num_units1 if mf_he == 1 & year_built>=1918 & year==2018 & (dist_both<=0 & dist_both>-0.02) & res_typex!="Condominiums"

    Variable |        Obs        Mean    Std. dev.       Min        Max
-------------+---------------------------------------------------------
  num_units1 |         86    2.302326    11.75242          1        110

. 
. quietly eststo units_he: reg num_units1 ib26.dist3 i.lam_seg if only_he == 1 & `regression_conditions', vce(cluster lam_seg)

. sum num_units1 if only_he == 1 & year_built>=1918 & year==2018 & (dist_both<=0.02 & dist_both>0) & res_typex!="Condominiums"

    Variable |        Obs        Mean    Std. dev.       Min        Max
-------------+---------------------------------------------------------
  num_units1 |        190    1.263158    1.806575          1         24

. sum num_units1 if only_he == 1 & year_built>=1918 & year==2018 & (dist_both<=0 & dist_both>-0.02) & res_typex!="Condominiums"

    Variable |        Obs        Mean    Std. dev.       Min        Max
-------------+---------------------------------------------------------
  num_units1 |        139    1.388489    1.590328          1         12

. 
. esttab units_du units_duhe units_mfdu units_mf units_mfhe units_he, ///
>         se r2 indicate("Boundary f.e.=*lam_seg") interaction(" X ") ///
>         label mtitles("units_du" "units_duhe" "units_mfdu" "units_mf" "units_mfhe" "units_he") ///
>         title("Units >=1918, baseline") 

Units >=1918, baseline
--------------------------------------------------------------------------------------------------------------------
                              (1)             (2)             (3)             (4)             (5)             (6)   
                         units_du      units_duhe      units_mfdu        units_mf      units_mfhe        units_he   
--------------------------------------------------------------------------------------------------------------------
-.2                       -0.0598          -4.871*         -0.739*         -0.534***      0.00350                   
                         (0.0603)         (2.281)         (0.315)         (0.106)        (0.0987)                   

-.18                      -0.0844          -5.075*         -1.396          -0.766***       -13.48          -47.10   
                         (0.0660)         (2.190)         (0.813)         (0.146)         (12.46)         (43.80)   

-.16                     -0.00382          -4.854*         -1.387          -0.514**        -10.48          -8.563   
                         (0.0895)         (2.187)         (0.762)         (0.187)         (12.40)         (10.02)   

-.14                      -0.0523          -5.414          -0.886**        -0.415**        -0.450       -7.93e-13   
                         (0.0631)         (2.766)         (0.317)         (0.122)         (0.497)      (8.31e-13)   

-.12                       -0.120          -4.458*         -1.103*         -0.457***       -0.615          -21.72   
                         (0.0643)         (2.118)         (0.526)         (0.133)         (0.578)         (26.78)   

-.1                        -0.120          -4.244*         -0.937*         -0.572***       -0.622          -3.817   
                         (0.0619)         (1.984)         (0.387)         (0.122)         (1.024)         (2.835)   

-.08                       -0.123          -6.534          -0.599*         -0.867**        -1.069          -3.261   
                         (0.0671)         (4.411)         (0.278)         (0.268)         (0.783)         (2.593)   

-.06                       -0.140          -2.817          -0.709*         -0.759***       -0.427           1.158   
                          (0.112)         (1.624)         (0.276)         (0.209)         (0.386)         (1.299)   

-.04                      -0.0656          -3.684          -0.922**        -0.202           1.714          -0.684   
                          (0.135)         (2.055)         (0.306)         (0.326)         (1.912)         (0.452)   

-.02                       -0.110          -2.474          -0.799**        -0.598***        1.022         -0.0627   
                         (0.0973)         (1.532)         (0.294)         (0.114)         (1.268)         (0.293)   

0                               0               0               0               0               0               0   
                              (.)             (.)             (.)             (.)             (.)             (.)   

.02                         0.106           5.196           0.536           0.151          0.0175         -0.0707   
                         (0.0905)         (4.084)         (0.558)         (0.257)         (0.493)         (0.240)   

.04                         0.289*          12.01          0.0147          0.0506          -0.269           0.484   
                          (0.121)         (8.615)         (0.240)         (0.294)         (0.505)         (0.800)   

.06                         0.120           5.796           0.182          -0.374          -0.129         -0.0432   
                         (0.0962)         (5.793)         (0.428)         (0.251)         (0.470)         (0.180)   

.08                        0.0317           0.372         -0.0558          -0.194           2.495          -0.154   
                         (0.0568)         (1.799)         (0.196)         (0.201)         (2.402)         (0.198)   

.1                          0.117           2.468          -0.111          -0.138          -2.309          0.0114   
                         (0.0865)         (2.067)         (0.203)         (0.147)         (3.346)         (0.211)   

.12                         0.118           5.266          -0.223         -0.0810          -0.445           0.948   
                          (0.133)         (6.026)         (0.190)         (0.137)         (0.865)         (1.294)   

.14                      -0.00372          -8.848         0.00834          -0.121          -2.277         -0.0218   
                         (0.0542)         (7.285)         (0.256)         (0.253)         (3.467)         (0.245)   

.16                      -0.00726          -0.321           0.263          -0.268*         -10.86         -0.0331   
                         (0.0577)         (5.650)         (0.488)         (0.112)         (11.20)         (0.208)   

.18                        0.0982           3.266          -0.141          -0.217*         -1.091         -0.0569   
                          (0.105)         (6.026)         (0.207)         (0.106)         (1.194)         (0.200)   

.2                         0.0125          -4.854*         -0.225          -0.330          -0.816         -0.0625   
                         (0.0609)         (2.187)         (0.206)         (0.368)         (0.836)         (0.191)   

Constant                    1.069***        5.854**         1.044***        1.405***        1.318*          1.000***
                         (0.0620)         (2.187)         (0.216)         (0.107)         (0.520)      (8.31e-13)   

Boundary f.e.                 Yes             Yes             Yes             Yes             Yes             Yes   
--------------------------------------------------------------------------------------------------------------------
Observations                33940            1806           11541            1535             504            1854   
R-squared                   0.644           0.484           0.059           0.384           0.304           0.543   
--------------------------------------------------------------------------------------------------------------------
Standard errors in parentheses
* p<0.05, ** p<0.01, *** p<0.001

.         
. * robust s.e.
. quietly eststo units_du_robust: reg num_units1 ib26.dist3 i.lam_seg if only_du == 1 & `regression_conditions', vce(robust)

.         
. quietly eststo units_duhe_robust: reg num_units1 ib26.dist3 i.lam_seg if du_he == 1 & `regression_conditions', vce(robust)

. 
. quietly eststo units_mfdu_robust: reg num_units1 ib26.dist3 i.lam_seg if mf_du == 1 & `regression_conditions', vce(robust)

. 
. quietly eststo units_mf_robust: reg num_units1 ib26.dist3 i.lam_seg if only_mf== 1 & `regression_conditions', vce(robust)

. 
. quietly eststo units_mfhe_robust: reg num_units1 ib26.dist3 i.lam_seg if mf_he == 1 & `regression_conditions', vce(robust)

. 
. quietly eststo units_he_robust: reg num_units1 ib26.dist3 i.lam_seg if only_he == 1 & `regression_conditions', vce(robust)

. 
. esttab units_du_robust units_duhe_robust units_mfdu_robust units_mf_robust units_mfhe_robust units_he_robust, ///
>         se r2 indicate("Boundary f.e.=*lam_seg") interaction(" X ") ///
>         label mtitles("units_du" "units_duhe" "units_mfdu" "units_mf" "units_mfhe" "units_he") ///
>         title("Units >=1918, baseline, robust s.e.")    

Units >=1918, baseline, robust s.e.
--------------------------------------------------------------------------------------------------------------------
                              (1)             (2)             (3)             (4)             (5)             (6)   
                         units_du      units_duhe      units_mfdu        units_mf      units_mfhe        units_he   
--------------------------------------------------------------------------------------------------------------------
-.2                       -0.0598          -4.871**        -0.739**        -0.534***      0.00350                   
                         (0.0517)         (1.874)         (0.273)         (0.105)        (0.0961)                   

-.18                      -0.0844          -5.075**        -1.396          -0.766***       -13.48          -47.10   
                         (0.0602)         (1.856)         (0.793)         (0.223)         (8.170)         (38.72)   

-.16                     -0.00382          -4.854**        -1.387          -0.514***       -10.48          -8.563   
                         (0.0826)         (1.753)         (0.738)         (0.125)         (7.093)         (9.336)   

-.14                      -0.0523          -5.414*         -0.886**        -0.415***       -0.450       -7.93e-13   
                         (0.0520)         (2.495)         (0.276)         (0.104)         (0.399)    (0.00000567)   

-.12                       -0.120*         -4.458**        -1.103*         -0.457***       -0.615          -21.72   
                         (0.0560)         (1.648)         (0.496)        (0.0958)         (0.391)         (20.11)   

-.1                        -0.120*         -4.244**        -0.937**        -0.572***       -0.622          -3.817   
                         (0.0515)         (1.552)         (0.361)         (0.101)         (0.803)         (2.177)   

-.08                       -0.123*         -6.534          -0.599*         -0.867***       -1.069*         -3.261   
                         (0.0598)         (3.627)         (0.238)         (0.230)         (0.484)         (2.056)   

-.06                       -0.140          -2.817*         -0.709**        -0.759***       -0.427           1.158   
                         (0.0871)         (1.244)         (0.224)         (0.161)         (0.285)         (0.880)   

-.04                      -0.0656          -3.684*         -0.922***       -0.202           1.714          -0.684   
                          (0.108)         (1.692)         (0.265)         (0.331)         (2.202)         (0.488)   

-.02                       -0.110          -2.474*         -0.799**        -0.598***        1.022         -0.0627   
                         (0.0749)         (1.075)         (0.253)        (0.0748)         (1.109)         (0.208)   

0                               0               0               0               0               0               0   
                              (.)             (.)             (.)             (.)             (.)             (.)   

.02                         0.106           5.196           0.536           0.151          0.0175         -0.0707   
                         (0.0721)         (3.138)         (0.531)         (0.177)         (0.480)         (0.263)   

.04                         0.289**         12.01          0.0147          0.0506          -0.269           0.484   
                         (0.0891)         (6.666)         (0.207)         (0.240)         (0.494)         (0.672)   

.06                         0.120           5.796           0.182          -0.374          -0.129         -0.0432   
                         (0.0819)         (4.723)         (0.403)         (0.208)         (0.376)         (0.172)   

.08                        0.0317           0.372         -0.0558          -0.194           2.495          -0.154   
                         (0.0465)         (1.534)         (0.166)         (0.161)         (3.176)         (0.156)   

.1                          0.117           2.468          -0.111          -0.138          -2.309          0.0114   
                         (0.0790)         (1.531)         (0.172)         (0.100)         (2.222)         (0.194)   

.12                         0.118           5.266          -0.223         -0.0810          -0.445           0.948   
                         (0.0993)         (3.916)         (0.160)         (0.112)         (0.545)         (1.019)   

.14                      -0.00372          -8.848         0.00834          -0.121          -2.277         -0.0218   
                         (0.0467)         (8.884)         (0.231)         (0.253)         (2.140)         (0.209)   

.16                      -0.00726          -0.321           0.263          -0.268*         -10.86         -0.0331   
                         (0.0499)         (3.993)         (0.505)         (0.111)         (6.292)         (0.187)   

.18                        0.0982           3.266          -0.141          -0.217          -1.091         -0.0569   
                         (0.0948)         (3.916)         (0.176)         (0.116)         (0.673)         (0.184)   

.2                         0.0125          -4.854**        -0.225          -0.330          -0.816         -0.0625   
                         (0.0569)         (1.753)         (0.174)         (0.285)         (0.535)         (0.182)   

Constant                    1.069***        5.854***        1.044***        1.405***        1.318**         1.000***
                         (0.0593)         (1.753)         (0.229)        (0.0868)         (0.489)    (0.00000464)   

Boundary f.e.                 Yes             Yes             Yes             Yes             Yes             Yes   
--------------------------------------------------------------------------------------------------------------------
Observations                33940            1806           11541            1535             504            1854   
R-squared                   0.644           0.484           0.059           0.384           0.304           0.543   
--------------------------------------------------------------------------------------------------------------------
Standard errors in parentheses
* p<0.05, ** p<0.01, *** p<0.001

.         
. 
. ** coefplots
. * coefplots, units >=1918 w/o characteristics
. {
. local plot_list units_du units_duhe units_mfdu units_mf units_mfhe units_he
. local suffix "coef_units_1918_base"
. local l1_title "Number of Units"
. local b1_title "<- More restrictive  |  Less restrictive ->"
. local b2_title "Distance to Boundary (miles)"
. 
. foreach r in `plot_list'{
  2.         
.         local pos = ustrpos("`r'", "_") + 1
  3.         local str = substr("`r'", `pos', .)
  4. 
.         if "`str'" == "du" {
  5.                 local title "Only DUPAC Changes"
  6.         }
  7.         
.         if "`str'" == "duhe" {
  8.                 local title "DUPAC and Height Change"
  9.         }
 10. 
.         if "`str'" == "mfdu" {
 11.                 local title "MF Allowed and DUPAC Change"
 12.         }
 13.         
.         if "`str'" == "mf" {
 14.                 local title "Only MF Allowed Changes"
 15.         }
 16.         
.         if "`str'" == "mfhe" {
 17.                 local title "MF Allowed and Height Change"
 18.         }
 19.         
.         if "`str'" == "he" {
 20.                 local title "Only Height Changes"
 21.         }
 22.         
.         * coefplots
.         #delimit;
delimiter now ;
.         coefplot 
>                 /* relaxed side graphing variables */
>                 (`r', keep(16.dist3 17.dist3 18.dist3 19.dist3 20.dist3 21.dist3 22.dist3 23.dist3 24.dist3 25.dist3) 
>                         recast(line) color(midblue) 
>                         ciopts(recast(rarea) color(midblue%30) lwidth(none))
>                         )
>                 
>                 /* strict side graphing variables */
>                 (`r', keep(26.dist3 27.dist3 28.dist3 29.dist3 30.dist3 31.dist3 32.dist3 33.dist3 34.dist3 35.dist3) 
>                         recast(line) color(maroon)
>                         ciopts(recast(rarea) color(maroon%30) lwidth(none))
>                         ),
> 
>                 /* plot region */
>                 vertical levels(95) baselevels offset(0)
>                 graphregion(fc(white) lcolor(white)) plotregion(fc(white) lcolor(white))
> 
>                 xline(10.5, lpattern(dash) lwidth(thin) lcolor(black))
>                 yline(0, lpattern(dash) lwidth(thin) lcolor(black))
> 
>                 /* titles, subtitles, notes */          
>                 title("{bf:`title'}", size(3) pos(12) margin(t=0 b=0 l=0 r=0) span)
> 
>                 /* axis titles and labels */            
>                 ylabel(, labsize(4) gmin gmax) ymtick() 
>                 
>                 xlabel(1 "-.20" 2 "-.18" 3 "-.16" 4 "-.14" 5 "-.12" 6 "-.10" 7 "-.08" 8 "-.06" 9 "-.04" 10 "-.02" 10.5 "0"
>                         11 ".02" 12 ".04" 13 ".06" 14 ".08" 15 ".10" 16 ".12" 17 ".14" 18 ".16" 19 ".18" 20 ".20", labsize(3) angle(45) gmax)
>                         
>                 /* legend */
>                 legend(off position(6) 
>                         order()
>                         symy(2) symx(3) 
>                         rows(1) cols() size(2) 
>                         nobox fcolor()
>                         region(fcolor(none) lpattern(blank))
>                         margin(t=1 b=1 l=0 r=0)span)
>                 name("`r'", replace) ;
 23.                         graph combine `r',
>                 graphregion(fc(white) lcolor(white))
>                 l1title("{bf:`l1_title'}", size(3) margin(t=0 b=0 l=0 r=1))
>                 b1title("`b1_title'", size(2))
>                 b2title("{bf:`b2_title'}", size(3) margin(t=1 b=0 l=0 r=0))
>                 name("`r'a", replace);
 24.                 graph save "`r'a" "$EXPORTPATH/`suffix'_`str'", replace;
 25.         graph close "`r'a";
 26.         #delimit cr
delimiter now cr
. }
(file /shared/boston_zoning/working_paper/replication_package/analysis/main_mtlines_output/coef_units_1918_base_du.gph not found)
file /shared/boston_zoning/working_paper/replication_package/analysis/main_mtlines_output/coef_units_1918_base_du.gph saved
(file /shared/boston_zoning/working_paper/replication_package/analysis/main_mtlines_output/coef_units_1918_base_duhe.gph not found)
file /shared/boston_zoning/working_paper/replication_package/analysis/main_mtlines_output/coef_units_1918_base_duhe.gph saved
(file /shared/boston_zoning/working_paper/replication_package/analysis/main_mtlines_output/coef_units_1918_base_mfdu.gph not found)
file /shared/boston_zoning/working_paper/replication_package/analysis/main_mtlines_output/coef_units_1918_base_mfdu.gph saved
(file /shared/boston_zoning/working_paper/replication_package/analysis/main_mtlines_output/coef_units_1918_base_mf.gph not found)
file /shared/boston_zoning/working_paper/replication_package/analysis/main_mtlines_output/coef_units_1918_base_mf.gph saved
(file /shared/boston_zoning/working_paper/replication_package/analysis/main_mtlines_output/coef_units_1918_base_mfhe.gph not found)
file /shared/boston_zoning/working_paper/replication_package/analysis/main_mtlines_output/coef_units_1918_base_mfhe.gph saved
(file /shared/boston_zoning/working_paper/replication_package/analysis/main_mtlines_output/coef_units_1918_base_he.gph not found)
file /shared/boston_zoning/working_paper/replication_package/analysis/main_mtlines_output/coef_units_1918_base_he.gph saved
. 
. * combine all
. #delimit ;
delimiter now ;
. graph combine units_du units_duhe units_mfdu units_mf units_mfhe units_he,
>         rows(3) cols(2) ysize() xsize() iscale() imargin(0)
>         graphregion(fc(white) lcolor(white))
>         l1title("{bf:`l1_title'}", size(3) margin(t=0 b=0 l=0 r=1))
>         b1title("`b1_title'", size(2))
>         b2title("{bf:`b2_title'}", size(3) margin(t=1 b=0 l=0 r=0))
>         name("final_graph", replace);
(note:  named style 0 not found in class margin, default attributes used)
(note:  named style 0 not found in class margin, default attributes used)
(note:  named style 0 not found in class margin, default attributes used)
(note:  named style 0 not found in class margin, default attributes used)
(note:  named style 0 not found in class margin, default attributes used)
(note:  named style 0 not found in class margin, default attributes used)
.                 graph save "final_graph" "$EXPORTPATH/`suffix'_all", replace;
(file /shared/boston_zoning/working_paper/replication_package/analysis/main_mtlines_output/coef_units_1918_base_all.gph not found)
file /shared/boston_zoning/working_paper/replication_package/analysis/main_mtlines_output/coef_units_1918_base_all.gph saved
. #delimit cr     
delimiter now cr
. }

. 
. eststo clear

. graph close _all

. 
. 
. ********************************************************************************
. ** Part 2: Units >=1956
. * Part 2a: units >=1956, baseline
. * Part 2b: units >=1956, w/ characteristics
. ********************************************************************************
. ** regressions
. * set regression conditions
. local regression_conditions year_built>=1956 & year==2018 & (dist_both<=0.21 & dist_both>=-0.2) & res_typex!="Condominiums"

. 
. * Part 2a: units >=1956, baseline
. quietly eststo units_du: reg num_units1 ib26.dist3 i.lam_seg if only_du == 1 & `regression_conditions', vce(cluster lam_seg)

. sum num_units1 if only_du == 1 & year_built>=1956 & year==2018 & (dist_both<=0.02 & dist_both>0) & res_typex!="Condominiums"

    Variable |        Obs        Mean    Std. dev.       Min        Max
-------------+---------------------------------------------------------
  num_units1 |      1,877    1.320725    4.042084          1        124

. sum num_units1 if only_du == 1 & year_built>=1956 & year==2018 & (dist_both<=0 & dist_both>-0.02) & res_typex!="Condominiums"

    Variable |        Obs        Mean    Std. dev.       Min        Max
-------------+---------------------------------------------------------
  num_units1 |      1,455    1.641924    12.66754          1        444

.         
. quietly eststo units_duhe: reg num_units1 ib26.dist3 i.lam_seg if du_he == 1 & `regression_conditions', vce(cluster lam_seg)

. sum num_units1 if du_he == 1 & year_built>=1956 & year==2018 & (dist_both<=0.02 & dist_both>0) & res_typex!="Condominiums"

    Variable |        Obs        Mean    Std. dev.       Min        Max
-------------+---------------------------------------------------------
  num_units1 |         88    3.556818    6.620862          1         40

. sum num_units1 if du_he == 1 & year_built>=1956 & year==2018 & (dist_both<=0 & dist_both>-0.02) & res_typex!="Condominiums"

    Variable |        Obs        Mean    Std. dev.       Min        Max
-------------+---------------------------------------------------------
  num_units1 |         92    4.184783    9.714529          1         50

. 
. quietly eststo units_mfdu: reg num_units1 ib26.dist3 i.lam_seg if mf_du == 1 & `regression_conditions', vce(cluster lam_seg)

. sum num_units1 if mf_du == 1 & year_built>=1956 & year==2018 & (dist_both<=0.02 & dist_both>0) & res_typex!="Condominiums"

    Variable |        Obs        Mean    Std. dev.       Min        Max
-------------+---------------------------------------------------------
  num_units1 |        436    2.227064    8.047634          1        122

. sum num_units1 if mf_du == 1 & year_built>=1956 & year==2018 & (dist_both<=0 & dist_both>-0.02) & res_typex!="Condominiums"

    Variable |        Obs        Mean    Std. dev.       Min        Max
-------------+---------------------------------------------------------
  num_units1 |        577    1.183709    1.386021          1         24

. 
. quietly eststo units_mf: reg num_units1 ib26.dist3 i.lam_seg if only_mf== 1 & `regression_conditions', vce(cluster lam_seg)

. sum num_units1 if only_mf == 1 & year_built>=1956 & year==2018 & (dist_both<=0.02 & dist_both>0) & res_typex!="Condominiums"

    Variable |        Obs        Mean    Std. dev.       Min        Max
-------------+---------------------------------------------------------
  num_units1 |         45    2.022222     2.14782          1         11

. sum num_units1 if only_mf == 1 & year_built>=1956 & year==2018 & (dist_both<=0 & dist_both>-0.02) & res_typex!="Condominiums"

    Variable |        Obs        Mean    Std. dev.       Min        Max
-------------+---------------------------------------------------------
  num_units1 |         87    1.045977    .2106494          1          2

. 
. quietly eststo units_mfhe: reg num_units1 ib26.dist3 i.lam_seg if mf_he == 1 & `regression_conditions', vce(cluster lam_seg)

. sum num_units1 if mf_he == 1 & year_built>=1956 & year==2018 & (dist_both<=0.02 & dist_both>0) & res_typex!="Condominiums"

    Variable |        Obs        Mean    Std. dev.       Min        Max
-------------+---------------------------------------------------------
  num_units1 |         32      1.1875    .3965578          1          2

. sum num_units1 if mf_he == 1 & year_built>=1956 & year==2018 & (dist_both<=0 & dist_both>-0.02) & res_typex!="Condominiums"

    Variable |        Obs        Mean    Std. dev.       Min        Max
-------------+---------------------------------------------------------
  num_units1 |         42    3.595238    16.81907          1        110

. 
. quietly eststo units_he: reg num_units1 ib26.dist3 i.lam_seg if only_he == 1 & `regression_conditions', vce(cluster lam_seg)

. sum num_units1 if only_he == 1 & year_built>=1956 & year==2018 & (dist_both<=0.02 & dist_both>0) & res_typex!="Condominiums"

    Variable |        Obs        Mean    Std. dev.       Min        Max
-------------+---------------------------------------------------------
  num_units1 |        100        1.44    2.459038          1         24

. sum num_units1 if only_he == 1 & year_built>=1956 & year==2018 & (dist_both<=0 & dist_both>-0.02) & res_typex!="Condominiums"

    Variable |        Obs        Mean    Std. dev.       Min        Max
-------------+---------------------------------------------------------
  num_units1 |         76    1.421053    1.714745          1         10

. 
. esttab units_du units_duhe units_mfdu units_mf units_mfhe units_he, ///
>         se r2 indicate("Boundary f.e.=*lam_seg") interaction(" X ") ///
>         label mtitles("units_du" "units_duhe" "units_mfdu" "units_mf" "units_mfhe" "units_he") ///
>         title("Units >=1956, baseline") 

Units >=1956, baseline
--------------------------------------------------------------------------------------------------------------------
                              (1)             (2)             (3)             (4)             (5)             (6)   
                         units_du      units_duhe      units_mfdu        units_mf      units_mfhe        units_he   
--------------------------------------------------------------------------------------------------------------------
-.2                       -0.0606          -9.417*         -1.628*         -0.677*      -3.49e-16                   
                         (0.0746)         (4.547)         (0.735)         (0.272)      (1.09e-15)                   

-.18                       -0.103          -9.508*         -2.660          -0.878***       -20.81          -81.69   
                         (0.0792)         (4.548)         (1.501)         (0.233)         (22.66)         (69.24)   

-.16                     -0.00533          -9.685*         -2.815          -0.434          -22.88          -29.03   
                          (0.114)         (4.558)         (1.593)         (0.285)         (26.68)         (29.81)   

-.14                      -0.0565          -8.666          -1.598*         -0.353          -1.250                   
                         (0.0731)         (4.383)         (0.725)         (0.246)         (1.729)                   

-.12                       -0.188          -9.070*         -2.118          -0.426          -2.118          -20.10   
                          (0.112)         (4.427)         (1.084)         (0.278)         (2.733)         (23.42)   

-.1                        -0.129          -8.773          -1.745*         -0.526*         -2.371          -2.148   
                         (0.0795)         (4.452)         (0.875)         (0.213)         (3.951)         (1.258)   

-.08                       -0.156          -11.97          -1.290*         -1.661          -2.193          -3.113   
                         (0.0919)         (9.447)         (0.655)         (0.979)         (2.395)         (2.305)   

-.06                       -0.182          -6.240          -1.391          -1.565          -1.327           2.310   
                          (0.139)         (4.124)         (0.708)         (0.838)         (1.562)         (2.041)   

-.04                      0.00155          -5.618          -1.922*          0.427        -0.00656          -1.298   
                          (0.132)         (4.688)         (0.820)         (1.066)         (1.623)         (1.013)   

-.02                      -0.0139          -5.194          -1.712*         -0.663*          1.271           0.128   
                          (0.104)         (3.918)         (0.792)         (0.249)         (1.673)         (0.253)   

0                               0               0               0               0               0               0   
                              (.)             (.)             (.)             (.)             (.)             (.)   

.02                         0.122           8.932           1.334           1.064          0.0799         -0.0580   
                          (0.106)         (7.875)         (1.572)         (2.018)         (0.900)         (0.489)   

.04                         0.227           12.72          -0.238          -0.610          0.0652           0.570   
                          (0.125)         (14.29)         (0.542)         (0.416)         (0.322)         (1.059)   

.06                         0.103           12.76          -0.478          -0.534          -0.187         -0.0660   
                          (0.135)         (17.96)         (0.489)         (0.402)         (0.691)         (0.244)   

.08                        0.0266          -0.374          -0.428          -0.264           5.903         -0.0460   
                         (0.0700)         (8.122)         (0.515)         (0.283)         (6.416)         (0.253)   

.1                          0.113           6.648          -0.601          -0.633**         0.414           0.114   
                          (0.111)         (8.335)         (0.519)         (0.223)         (0.472)         (0.321)   

.12                         0.119          -2.739          -0.754          -0.278         -0.0700           1.294   
                          (0.207)         (4.645)         (0.528)         (0.210)         (0.757)         (1.840)   

.14                        -0.119           6.148          -0.197          -0.235          -0.397          0.0366   
                          (0.111)         (8.335)         (0.735)         (0.275)         (0.681)         (0.381)   

.16                       -0.0398           6.904           0.463          -0.232          -0.234        -0.00669   
                         (0.0744)         (8.908)         (1.534)         (0.287)         (0.608)         (0.302)   

.18                        0.0616          -9.685*         -0.861          -0.157          -0.965         -0.0352   
                          (0.166)         (4.558)         (0.552)         (0.275)         (0.994)         (0.282)   

.2                        -0.0342          -9.685*         -0.874           0.169          -0.352         -0.0407   
                         (0.0855)         (4.558)         (0.547)         (0.307)         (0.713)         (0.248)   

Constant                    1.094***        10.69*          1.310           1.604***        2.535           0.456   
                         (0.0792)         (4.558)         (0.666)         (0.269)         (2.494)         (0.469)   

Boundary f.e.                 Yes             Yes             Yes             Yes             Yes             Yes   
--------------------------------------------------------------------------------------------------------------------
Observations                21601             718            5223             501             207            1095   
R-squared                   0.745           0.729           0.097           0.534           0.679           0.623   
--------------------------------------------------------------------------------------------------------------------
Standard errors in parentheses
* p<0.05, ** p<0.01, *** p<0.001

.         
. * robust s.e.
. quietly eststo units_du_robust: reg num_units1 ib26.dist3 i.lam_seg if only_du == 1 & `regression_conditions', vce(robust)

.         
. quietly eststo units_duhe_robust: reg num_units1 ib26.dist3 i.lam_seg if du_he == 1 & `regression_conditions', vce(robust)

. 
. quietly eststo units_mfdu_robust: reg num_units1 ib26.dist3 i.lam_seg if mf_du == 1 & `regression_conditions', vce(robust)

. 
. quietly eststo units_mf_robust: reg num_units1 ib26.dist3 i.lam_seg if only_mf== 1 & `regression_conditions', vce(robust)

. 
. quietly eststo units_mfhe_robust: reg num_units1 ib26.dist3 i.lam_seg if mf_he == 1 & `regression_conditions', vce(robust)

. 
. quietly eststo units_he_robust: reg num_units1 ib26.dist3 i.lam_seg if only_he == 1 & `regression_conditions', vce(robust)

. 
. esttab units_du_robust units_duhe_robust units_mfdu_robust units_mf_robust units_mfhe_robust units_he_robust, ///
>         se r2 indicate("Boundary f.e.=*lam_seg") interaction(" X ") ///
>         label mtitles("units_du" "units_duhe" "units_mfdu" "units_mf" "units_mfhe" "units_he") ///
>         title("Units >=1956, baseline, robust s.e.") 

Units >=1956, baseline, robust s.e.
--------------------------------------------------------------------------------------------------------------------
                              (1)             (2)             (3)             (4)             (5)             (6)   
                         units_du      units_duhe      units_mfdu        units_mf      units_mfhe        units_he   
--------------------------------------------------------------------------------------------------------------------
-.2                       -0.0606          -9.417*         -1.628**        -0.677       -3.49e-16                   
                         (0.0640)         (4.002)         (0.614)         (0.345)      (8.38e-16)                   

-.18                       -0.103          -9.508*         -2.660          -0.878*         -20.81          -81.69   
                         (0.0717)         (3.951)         (1.432)         (0.433)         (16.69)         (56.74)   

-.16                     -0.00533          -9.685*         -2.815          -0.434          -22.88          -29.03   
                          (0.103)         (3.926)         (1.550)         (0.357)         (19.75)         (31.35)   

-.14                      -0.0565          -8.666*         -1.598**        -0.353          -1.250                   
                         (0.0611)         (3.664)         (0.596)         (0.394)         (1.105)                   

-.12                       -0.188*         -9.070*         -2.118*         -0.426          -2.118          -20.10   
                         (0.0874)         (3.883)         (0.991)         (0.511)         (1.873)         (19.91)   

-.1                        -0.129          -8.773*         -1.745*         -0.526          -2.371          -2.148   
                         (0.0672)         (3.662)         (0.767)         (0.401)         (3.120)         (1.656)   

-.08                       -0.156          -11.97          -1.290*         -1.661*         -2.193          -3.113   
                         (0.0870)         (6.733)         (0.535)         (0.749)         (1.566)         (2.339)   

-.06                       -0.182          -6.240*         -1.391**        -1.565*         -1.327           2.310   
                          (0.116)         (2.965)         (0.533)         (0.605)         (1.062)         (1.511)   

-.04                      0.00155          -5.618          -1.922**         0.427        -0.00656          -1.298   
                          (0.110)         (3.529)         (0.687)         (1.154)         (3.169)         (0.992)   

-.02                      -0.0139          -5.194          -1.712*         -0.663*          1.271           0.128   
                         (0.0945)         (2.913)         (0.671)         (0.321)         (1.645)         (0.234)   

0                               0               0               0               0               0               0   
                              (.)             (.)             (.)             (.)             (.)             (.)   

.02                         0.122           8.932           1.334           1.064          0.0799         -0.0580   
                         (0.0883)         (5.244)         (1.483)         (1.456)         (1.059)         (0.468)   

.04                         0.227*          12.72          -0.238          -0.610          0.0652           0.570   
                          (0.106)         (11.02)         (0.469)         (0.435)         (0.397)         (0.853)   

.06                         0.103           12.76          -0.478          -0.534          -0.187         -0.0660   
                          (0.123)         (15.06)         (0.416)         (0.371)         (0.810)         (0.235)   

.08                        0.0266          -0.374          -0.428          -0.264           5.903         -0.0460   
                         (0.0580)         (6.027)         (0.427)         (0.350)         (6.317)         (0.233)   

.1                          0.113           6.648          -0.601          -0.633           0.414           0.114   
                         (0.0931)         (6.345)         (0.429)         (0.330)         (1.086)         (0.286)   

.12                         0.119          -2.739          -0.754          -0.278         -0.0700           1.294   
                          (0.157)         (3.871)         (0.428)         (0.351)         (0.988)         (1.429)   

.14                        -0.119           6.148          -0.197          -0.235          -0.397          0.0366   
                          (0.104)         (6.456)         (0.663)         (0.430)         (0.924)         (0.315)   

.16                       -0.0398           6.904           0.463          -0.232          -0.234        -0.00669   
                         (0.0645)         (6.818)         (1.522)         (0.436)         (0.903)         (0.271)   

.18                        0.0616          -9.685*         -0.861          -0.157          -0.965         -0.0352   
                          (0.138)         (3.926)         (0.461)         (0.462)         (1.144)         (0.262)   

.2                        -0.0342          -9.685*         -0.874           0.169          -0.352         -0.0407   
                         (0.0886)         (3.926)         (0.460)         (0.457)         (0.805)         (0.240)   

Constant                    1.094***        10.69**         1.310*          1.604***        2.535           0.456   
                         (0.0753)         (3.926)         (0.648)         (0.319)         (2.063)         (0.405)   

Boundary f.e.                 Yes             Yes             Yes             Yes             Yes             Yes   
--------------------------------------------------------------------------------------------------------------------
Observations                21601             718            5223             501             207            1095   
R-squared                   0.745           0.729           0.097           0.534           0.679           0.623   
--------------------------------------------------------------------------------------------------------------------
Standard errors in parentheses
* p<0.05, ** p<0.01, *** p<0.001

.         
.         
. 
. ** coefplots
. * coefplots, units >=1956 w/o characteristics
. {
. local plot_list units_du units_duhe units_mfdu units_mf units_mfhe units_he
. local suffix "coef_units_1956_base"
. local l1_title "Number of Units"
. local b1_title "<- More restrictive  |  Less restrictive ->"
. local b2_title "Distance to Boundary (miles)"
. 
. foreach r in `plot_list'{
  2.         
.         local pos = ustrpos("`r'", "_") + 1
  3.         local str = substr("`r'", `pos', .)
  4. 
.         if "`str'" == "du" {
  5.                 local title "Only DUPAC Changes"
  6.         }
  7.         
.         if "`str'" == "duhe" {
  8.                 local title "DUPAC and Height Change"
  9.         }
 10. 
.         if "`str'" == "mfdu" {
 11.                 local title "MF Allowed and DUPAC Change"
 12.         }
 13.         
.         if "`str'" == "mf" {
 14.                 local title "Only MF Allowed Changes"
 15.         }
 16.         
.         if "`str'" == "mfhe" {
 17.                 local title "MF Allowed and Height Change"
 18.         }
 19.         
.         if "`str'" == "he" {
 20.                 local title "Only Height Changes"
 21.         }
 22.         
.         * coefplots
.         #delimit;
delimiter now ;
.         coefplot 
>                 /* relaxed side graphing variables */
>                 (`r', keep(16.dist3 17.dist3 18.dist3 19.dist3 20.dist3 21.dist3 22.dist3 23.dist3 24.dist3 25.dist3) 
>                         recast(line) color(midblue) 
>                         ciopts(recast(rarea) color(midblue%30) lwidth(none))
>                         )
>                 
>                 /* strict side graphing variables */
>                 (`r', keep(26.dist3 27.dist3 28.dist3 29.dist3 30.dist3 31.dist3 32.dist3 33.dist3 34.dist3 35.dist3) 
>                         recast(line) color(maroon)
>                         ciopts(recast(rarea) color(maroon%30) lwidth(none))
>                         ),
> 
>                 /* plot region */
>                 vertical levels(95) baselevels offset(0)
>                 graphregion(fc(white) lcolor(white)) plotregion(fc(white) lcolor(white))
> 
>                 xline(10.5, lpattern(dash) lwidth(thin) lcolor(black))
>                 yline(0, lpattern(dash) lwidth(thin) lcolor(black))
> 
>                 /* titles, subtitles, notes */          
>                 title("{bf:`title'}", size(3) pos(12) margin(t=0 b=0 l=0 r=0) span)
> 
>                 /* axis titles and labels */            
>                 ylabel(, labsize(4) gmin gmax) ymtick() 
>                 
>                 xlabel(1 "-.20" 2 "-.18" 3 "-.16" 4 "-.14" 5 "-.12" 6 "-.10" 7 "-.08" 8 "-.06" 9 "-.04" 10 "-.02" 10.5 "0"
>                         11 ".02" 12 ".04" 13 ".06" 14 ".08" 15 ".10" 16 ".12" 17 ".14" 18 ".16" 19 ".18" 20 ".20", labsize(3) angle(45) gmax)
>                         
>                 /* legend */
>                 legend(off position(6) 
>                         order()
>                         symy(2) symx(3) 
>                         rows(1) cols() size(2) 
>                         nobox fcolor()
>                         region(fcolor(none) lpattern(blank))
>                         margin(t=1 b=1 l=0 r=0)span)
>                 name("`r'", replace) ;
 23.                         graph combine `r',
>                 graphregion(fc(white) lcolor(white))
>                 l1title("{bf:`l1_title'}", size(3) margin(t=0 b=0 l=0 r=1))
>                 b1title("`b1_title'", size(2))
>                 b2title("{bf:`b2_title'}", size(3) margin(t=1 b=0 l=0 r=0))
>                 name("`r'a", replace);
 24.                 graph save "`r'a" "$EXPORTPATH/`suffix'_`str'", replace;
 25.         graph close "`r'a";
 26.         #delimit cr
delimiter now cr
. }
(file /shared/boston_zoning/working_paper/replication_package/analysis/main_mtlines_output/coef_units_1956_base_du.gph not found)
file /shared/boston_zoning/working_paper/replication_package/analysis/main_mtlines_output/coef_units_1956_base_du.gph saved
(file /shared/boston_zoning/working_paper/replication_package/analysis/main_mtlines_output/coef_units_1956_base_duhe.gph not found)
file /shared/boston_zoning/working_paper/replication_package/analysis/main_mtlines_output/coef_units_1956_base_duhe.gph saved
(file /shared/boston_zoning/working_paper/replication_package/analysis/main_mtlines_output/coef_units_1956_base_mfdu.gph not found)
file /shared/boston_zoning/working_paper/replication_package/analysis/main_mtlines_output/coef_units_1956_base_mfdu.gph saved
(file /shared/boston_zoning/working_paper/replication_package/analysis/main_mtlines_output/coef_units_1956_base_mf.gph not found)
file /shared/boston_zoning/working_paper/replication_package/analysis/main_mtlines_output/coef_units_1956_base_mf.gph saved
(file /shared/boston_zoning/working_paper/replication_package/analysis/main_mtlines_output/coef_units_1956_base_mfhe.gph not found)
file /shared/boston_zoning/working_paper/replication_package/analysis/main_mtlines_output/coef_units_1956_base_mfhe.gph saved
(file /shared/boston_zoning/working_paper/replication_package/analysis/main_mtlines_output/coef_units_1956_base_he.gph not found)
file /shared/boston_zoning/working_paper/replication_package/analysis/main_mtlines_output/coef_units_1956_base_he.gph saved
. 
. * combine all
. #delimit ;
delimiter now ;
. graph combine units_du units_duhe units_mfdu units_mf units_mfhe units_he,
>         rows(3) cols(2) ysize() xsize() iscale() imargin(0)
>         graphregion(fc(white) lcolor(white))
>         l1title("{bf:`l1_title'}", size(3) margin(t=0 b=0 l=0 r=1))
>         b1title("`b1_title'", size(2))
>         b2title("{bf:`b2_title'}", size(3) margin(t=1 b=0 l=0 r=0))
>         name("final_graph", replace);
(note:  named style 0 not found in class margin, default attributes used)
(note:  named style 0 not found in class margin, default attributes used)
(note:  named style 0 not found in class margin, default attributes used)
(note:  named style 0 not found in class margin, default attributes used)
(note:  named style 0 not found in class margin, default attributes used)
(note:  named style 0 not found in class margin, default attributes used)
.                 graph save "final_graph" "$EXPORTPATH/`suffix'_all", replace;
(file /shared/boston_zoning/working_paper/replication_package/analysis/main_mtlines_output/coef_units_1956_base_all.gph not found)
file /shared/boston_zoning/working_paper/replication_package/analysis/main_mtlines_output/coef_units_1956_base_all.gph saved
. #delimit cr     
delimiter now cr
. }

. 
. eststo clear

. graph close _all

. 
. 
. ********************************************************************************
. ** Part 3: Units no year restriction
. * Part 3a: units no year restriction, baseline
. ********************************************************************************
. ** regressions
. * set regression conditions
. local regression_conditions year==2018 & (dist_both<=0.21 & dist_both>=-0.2) & res_typex!="Condominiums"

. 
. * Part 3a: units no year restriction, baseline
. quietly eststo units_du: reg num_units1 ib26.dist3 i.lam_seg if only_du == 1 & `regression_conditions', vce(cluster lam_seg)

. sum num_units1 if only_du == 1 & year==2018 & (dist_both<=0.02 & dist_both>0) & res_typex!="Condominiums"

    Variable |        Obs        Mean    Std. dev.       Min        Max
-------------+---------------------------------------------------------
  num_units1 |      4,479    1.565305    3.294556          1        124

. sum num_units1 if only_du == 1 & year==2018 & (dist_both<=0 & dist_both>-0.02) & res_typex!="Condominiums"

    Variable |        Obs        Mean    Std. dev.       Min        Max
-------------+---------------------------------------------------------
  num_units1 |      3,457    1.719988    8.482569          1        444

.         
. quietly eststo units_duhe: reg num_units1 ib26.dist3 i.lam_seg if du_he == 1 & `regression_conditions', vce(cluster lam_seg)

. sum num_units1 if du_he == 1 & year==2018 & (dist_both<=0.02 & dist_both>0) & res_typex!="Condominiums"

    Variable |        Obs        Mean    Std. dev.       Min        Max
-------------+---------------------------------------------------------
  num_units1 |        561    3.026738    4.902732          1         56

. sum num_units1 if du_he == 1 & year==2018 & (dist_both<=0 & dist_both>-0.02) & res_typex!="Condominiums"

    Variable |        Obs        Mean    Std. dev.       Min        Max
-------------+---------------------------------------------------------
  num_units1 |        707    2.533239    4.733398          1         60

. 
. quietly eststo units_mfdu: reg num_units1 ib26.dist3 i.lam_seg if mf_du == 1 & `regression_conditions', vce(cluster lam_seg)

. sum num_units1 if mf_du == 1 & year==2018 & (dist_both<=0.02 & dist_both>0) & res_typex!="Condominiums"

    Variable |        Obs        Mean    Std. dev.       Min        Max
-------------+---------------------------------------------------------
  num_units1 |      1,980    1.757071    3.861299          1        122

. sum num_units1 if mf_du == 1 & year==2018 & (dist_both<=0 & dist_both>-0.02) & res_typex!="Condominiums"

    Variable |        Obs        Mean    Std. dev.       Min        Max
-------------+---------------------------------------------------------
  num_units1 |      1,975    1.454684    1.102106          1         24

. 
. quietly eststo units_mf: reg num_units1 ib26.dist3 i.lam_seg if only_mf== 1 & `regression_conditions', vce(cluster lam_seg)

. sum num_units1 if only_mf == 1 & year==2018 & (dist_both<=0.02 & dist_both>0) & res_typex!="Condominiums"

    Variable |        Obs        Mean    Std. dev.       Min        Max
-------------+---------------------------------------------------------
  num_units1 |        387    1.808786    1.171609          1         11

. sum num_units1 if only_mf == 1 & year==2018 & (dist_both<=0 & dist_both>-0.02) & res_typex!="Condominiums"

    Variable |        Obs        Mean    Std. dev.       Min        Max
-------------+---------------------------------------------------------
  num_units1 |        401    1.466334    .8599353          1          7

. 
. quietly eststo units_mfhe: reg num_units1 ib26.dist3 i.lam_seg if mf_he == 1 & `regression_conditions', vce(cluster lam_seg)

. sum num_units1 if mf_he == 1 & year==2018 & (dist_both<=0.02 & dist_both>0) & res_typex!="Condominiums"

    Variable |        Obs        Mean    Std. dev.       Min        Max
-------------+---------------------------------------------------------
  num_units1 |        119    1.739496    2.817807          1         26

. sum num_units1 if mf_he == 1 & year==2018 & (dist_both<=0 & dist_both>-0.02) & res_typex!="Condominiums"

    Variable |        Obs        Mean    Std. dev.       Min        Max
-------------+---------------------------------------------------------
  num_units1 |        131    2.068702    9.523405          1        110

. 
. quietly eststo units_he: reg num_units1 ib26.dist3 i.lam_seg if only_he == 1 & `regression_conditions', vce(cluster lam_seg)

. sum num_units1 if only_he == 1 & year==2018 & (dist_both<=0.02 & dist_both>0) & res_typex!="Condominiums"

    Variable |        Obs        Mean    Std. dev.       Min        Max
-------------+---------------------------------------------------------
  num_units1 |        300        1.44    1.697844          1         24

. sum num_units1 if only_he == 1 & year==2018 & (dist_both<=0 & dist_both>-0.02) & res_typex!="Condominiums"

    Variable |        Obs        Mean    Std. dev.       Min        Max
-------------+---------------------------------------------------------
  num_units1 |        247    1.668016    1.940976          1         18

. 
. esttab units_du units_duhe units_mfdu units_mf units_mfhe units_he, ///
>         se r2 indicate("Boundary f.e.=*lam_seg") interaction(" X ") ///
>         label mtitles("units_du" "units_duhe" "units_mfdu" "units_mf" "units_mfhe" "units_he") ///
>         title("Units, baseline") 

Units, baseline
--------------------------------------------------------------------------------------------------------------------
                              (1)             (2)             (3)             (4)             (5)             (6)   
                         units_du      units_duhe      units_mfdu        units_mf      units_mfhe        units_he   
--------------------------------------------------------------------------------------------------------------------
-.2                        -0.144*         -3.098**        -0.499*         -0.416*         -0.945          -14.86   
                         (0.0564)         (1.189)         (0.200)         (0.159)         (0.778)         (17.48)   

-.18                       -0.150*         -3.183**        -0.950          -0.605***       -10.59          -36.85   
                         (0.0584)         (1.092)         (0.612)         (0.157)         (10.46)         (32.36)   

-.16                      -0.0929          -3.110**        -0.991          -0.502*         -8.855          -13.50   
                         (0.0807)         (1.110)         (0.584)         (0.211)         (9.618)         (16.64)   

-.14                       -0.138*         -3.420*         -0.570**        -0.310*         -0.727          -5.985   
                         (0.0588)         (1.405)         (0.196)         (0.145)         (0.506)         (6.060)   

-.12                       -0.180**        -3.021**        -0.714*         -0.412*         -0.811          -6.137   
                         (0.0582)         (1.013)         (0.352)         (0.178)         (0.518)         (7.195)   

-.1                        -0.232***       -2.476**        -0.579*         -0.400**        -0.640          -2.429   
                         (0.0619)         (0.774)         (0.251)         (0.146)         (0.831)         (1.312)   

-.08                       -0.181**        -2.822*         -0.363          -0.609*         -1.048          -3.680   
                         (0.0576)         (1.413)         (0.186)         (0.234)         (0.629)         (2.726)   

-.06                       -0.282*         -1.853**        -0.466**        -0.474*         -0.662           0.577   
                          (0.123)         (0.624)         (0.175)         (0.233)         (0.383)         (0.990)   

-.04                       -0.190          -2.193**        -0.541**        -0.175           0.565          -0.457   
                          (0.108)         (0.814)         (0.187)         (0.252)         (1.296)         (0.287)   

-.02                       -0.273**        -1.341*         -0.460**        -0.341*          0.153         -0.0528   
                          (0.102)         (0.548)         (0.172)         (0.156)         (0.876)         (0.222)   

0                               0               0               0               0               0               0   
                              (.)             (.)             (.)             (.)             (.)             (.)   

.02                        0.0901           2.556           0.471          0.0628          -0.320          -0.200   
                         (0.0770)         (1.443)         (0.380)         (0.237)         (0.428)         (0.306)   

.04                         0.287*          3.739           0.133           0.122          -0.285           0.467   
                          (0.130)         (2.520)         (0.162)         (0.207)         (0.348)         (0.636)   

.06                        0.0690           1.203           0.164          0.0230         -0.0703           0.325   
                         (0.0936)         (1.742)         (0.278)         (0.263)         (0.386)         (0.493)   

.08                       -0.0433           0.300          0.0561          0.0201           1.461        -0.00217   
                         (0.0579)         (0.828)         (0.131)         (0.177)         (1.678)         (0.153)   

.1                         0.0919           0.573         0.00979         -0.0870          -1.668           0.135   
                         (0.0919)         (0.873)         (0.136)         (0.179)         (2.157)         (0.215)   

.12                        0.0573           1.351         -0.0956         -0.0325          -0.701           1.194   
                          (0.121)         (1.877)         (0.121)         (0.179)         (0.808)         (1.371)   

.14                       -0.0573          -1.531          0.0902         -0.0605          -2.097          0.0410   
                         (0.0551)         (1.149)         (0.173)         (0.220)         (2.682)         (0.273)   

.16                       -0.0567          -0.748           0.282          -0.246          -9.004          0.0384   
                         (0.0539)         (1.592)         (0.280)         (0.139)         (9.136)         (0.216)   

.18                        0.0361          -0.495          0.0671          -0.166          -1.034         0.00650   
                         (0.0942)         (1.528)         (0.135)         (0.121)         (0.812)         (0.213)   

.2                        -0.0110          -3.110**       -0.0119          -0.120          -1.057         -0.0166   
                         (0.0590)         (1.110)         (0.140)         (0.192)         (0.790)         (0.210)   

Constant                    1.135***        4.110***        0.912***        1.262***        1.551**         1.000***
                         (0.0537)         (1.110)         (0.148)         (0.108)         (0.506)      (2.05e-13)   

Boundary f.e.                 Yes             Yes             Yes             Yes             Yes             Yes   
--------------------------------------------------------------------------------------------------------------------
Observations                42648            4544           17156            2298             748            2581   
R-squared                   0.529           0.424           0.050           0.341           0.276           0.390   
--------------------------------------------------------------------------------------------------------------------
Standard errors in parentheses
* p<0.05, ** p<0.01, *** p<0.001

.         
. * export table version  
. esttab units_du units_duhe units_mfdu units_mf units_mfhe units_he using "$EXPORTPATH/units_noyear_table.tex", replace keep(25.dist3) ///
>         se r2 indicate("Boundary f.e.=*lam_seg") interaction(" X ") ///
>         label mtitles("units_du" "units_duhe" "units_mfdu" "units_mf" "units_mfhe" "units_he") ///
>         title("Units, baseline")                
(file /shared/boston_zoning/working_paper/replication_package/analysis/main_mtlines_output/units_noyear_table.tex not found)
(output written to /shared/boston_zoning/working_paper/replication_package/analysis/main_mtlines_output/units_noyear_table.tex)

.         
. *robust s.e.
. quietly eststo units_du_robust: reg num_units1 ib26.dist3 i.lam_seg if only_du == 1 & `regression_conditions', vce(robust)

.         
. quietly eststo units_duhe_robust: reg num_units1 ib26.dist3 i.lam_seg if du_he == 1 & `regression_conditions', vce(robust)

. 
. quietly eststo units_mfdu_robust: reg num_units1 ib26.dist3 i.lam_seg if mf_du == 1 & `regression_conditions', vce(robust)

. 
. quietly eststo units_mf_robust: reg num_units1 ib26.dist3 i.lam_seg if only_mf== 1 & `regression_conditions', vce(robust)

. 
. quietly eststo units_mfhe_robust: reg num_units1 ib26.dist3 i.lam_seg if mf_he == 1 & `regression_conditions', vce(robust)

. 
. quietly eststo units_he_robust: reg num_units1 ib26.dist3 i.lam_seg if only_he == 1 & `regression_conditions', vce(robust)

. 
. esttab units_du_robust units_duhe_robust units_mfdu_robust units_mf_robust units_mfhe_robust units_he_robust, ///
>         se r2 indicate("Boundary f.e.=*lam_seg") interaction(" X ") ///
>         label mtitles("units_du" "units_duhe" "units_mfdu" "units_mf" "units_mfhe" "units_he") ///
>         title("Units, baseline, robust s.e.") 

Units, baseline, robust s.e.
--------------------------------------------------------------------------------------------------------------------
                              (1)             (2)             (3)             (4)             (5)             (6)   
                         units_du      units_duhe      units_mfdu        units_mf      units_mfhe        units_he   
--------------------------------------------------------------------------------------------------------------------
-.2                        -0.144**        -3.098**        -0.499**        -0.416***       -0.945          -14.86   
                         (0.0448)         (0.948)         (0.173)         (0.121)         (0.740)         (14.21)   

-.18                       -0.150**        -3.183***       -0.950          -0.605***       -10.59          -36.85   
                         (0.0492)         (0.892)         (0.596)         (0.183)         (6.233)         (31.21)   

-.16                      -0.0929          -3.110***       -0.991          -0.502***       -8.855          -13.50   
                         (0.0731)         (0.853)         (0.570)         (0.145)         (5.847)         (12.85)   

-.14                       -0.138**        -3.420**        -0.570***       -0.310**        -0.727*         -5.985   
                         (0.0474)         (1.279)         (0.171)         (0.105)         (0.367)         (5.402)   

-.12                       -0.180***       -3.021***       -0.714*         -0.412***       -0.811*         -6.137   
                         (0.0497)         (0.791)         (0.336)         (0.102)         (0.329)         (5.376)   

-.1                        -0.232***       -2.476***       -0.579*         -0.400***       -0.640          -2.429*  
                         (0.0478)         (0.605)         (0.231)        (0.0882)         (0.609)         (1.030)   

-.08                       -0.181***       -2.822*         -0.363*         -0.609**        -1.048*         -3.680*  
                         (0.0515)         (1.184)         (0.159)         (0.189)         (0.442)         (1.820)   

-.06                       -0.282**        -1.853***       -0.466**        -0.474***       -0.662*          0.577   
                         (0.0916)         (0.499)         (0.143)         (0.115)         (0.321)         (0.563)   

-.04                       -0.190*         -2.193***       -0.541***       -0.175           0.565          -0.457   
                         (0.0863)         (0.656)         (0.157)         (0.221)         (1.316)         (0.289)   

-.02                       -0.273***       -1.341**        -0.460**        -0.341***        0.153         -0.0528   
                         (0.0742)         (0.426)         (0.147)        (0.0659)         (0.755)         (0.161)   

0                               0               0               0               0               0               0   
                              (.)             (.)             (.)             (.)             (.)             (.)   

.02                        0.0901           2.556*          0.471          0.0628          -0.320          -0.200   
                         (0.0676)         (1.124)         (0.361)         (0.138)         (0.364)         (0.270)   

.04                         0.287**         3.739           0.133           0.122          -0.285           0.467   
                         (0.0896)         (2.138)         (0.136)         (0.160)         (0.350)         (0.517)   

.06                        0.0690           1.203           0.164          0.0230         -0.0703           0.325   
                         (0.0718)         (1.425)         (0.262)         (0.255)         (0.340)         (0.339)   

.08                       -0.0433           0.300          0.0561          0.0201           1.461        -0.00217   
                         (0.0436)         (0.519)         (0.108)         (0.151)         (2.228)         (0.139)   

.1                         0.0919           0.573         0.00979         -0.0870          -1.668           0.135   
                         (0.0788)         (0.663)         (0.114)        (0.0931)         (1.381)         (0.174)   

.12                        0.0573           1.351         -0.0956         -0.0325          -0.701           1.194   
                         (0.0903)         (1.285)         (0.101)         (0.102)         (0.496)         (1.210)   

.14                       -0.0573          -1.531          0.0902         -0.0605          -2.097          0.0410   
                         (0.0450)         (1.161)         (0.149)         (0.235)         (1.673)         (0.216)   

.16                       -0.0567          -0.748           0.282          -0.246*         -9.004          0.0384   
                         (0.0488)         (1.369)         (0.279)        (0.0974)         (5.106)         (0.170)   

.18                        0.0361          -0.495          0.0671          -0.166          -1.034         0.00650   
                         (0.0864)         (1.097)         (0.110)        (0.0876)         (0.536)         (0.172)   

.2                        -0.0110          -3.110***      -0.0119          -0.120          -1.057*        -0.0166   
                         (0.0528)         (0.853)         (0.111)         (0.375)         (0.490)         (0.179)   

Constant                    1.135***        4.110***        0.912***        1.262***        1.551***        1.000   
                         (0.0538)         (0.853)         (0.148)        (0.0785)         (0.384)             (.)   

Boundary f.e.                 Yes             Yes             Yes             Yes             Yes             Yes   
--------------------------------------------------------------------------------------------------------------------
Observations                42648            4544           17156            2298             748            2581   
R-squared                   0.529           0.424           0.050           0.341           0.276           0.390   
--------------------------------------------------------------------------------------------------------------------
Standard errors in parentheses
* p<0.05, ** p<0.01, *** p<0.001

.                 
. 
. ** coefplots
. * coefplots, units no year restriction w/o characteristics
. {
. local plot_list units_du units_duhe units_mfdu units_mf units_mfhe units_he
. local suffix "coef_units_noyear_base"
. local l1_title "Number of Units"
. local b1_title "<- More restrictive  |  Less restrictive ->"
. local b2_title "Distance to Boundary (miles)"
. 
. foreach r in `plot_list'{
  2.         
.         local pos = ustrpos("`r'", "_") + 1
  3.         local str = substr("`r'", `pos', .)
  4. 
.         if "`str'" == "du" {
  5.                 local title "Only DUPAC Changes"
  6.         }
  7.         
.         if "`str'" == "duhe" {
  8.                 local title "DUPAC and Height Change"
  9.         }
 10. 
.         if "`str'" == "mfdu" {
 11.                 local title "MF Allowed and DUPAC Change"
 12.         }
 13.         
.         if "`str'" == "mf" {
 14.                 local title "Only MF Allowed Changes"
 15.         }
 16.         
.         if "`str'" == "mfhe" {
 17.                 local title "MF Allowed and Height Change"
 18.         }
 19.         
.         if "`str'" == "he" {
 20.                 local title "Only Height Changes"
 21.         }
 22.         
.         * coefplots
.         #delimit;
delimiter now ;
.         coefplot 
>                 /* relaxed side graphing variables */
>                 (`r', keep(16.dist3 17.dist3 18.dist3 19.dist3 20.dist3 21.dist3 22.dist3 23.dist3 24.dist3 25.dist3) 
>                         recast(line) color(midblue) 
>                         ciopts(recast(rarea) color(midblue%30) lwidth(none))
>                         )
>                 
>                 /* strict side graphing variables */
>                 (`r', keep(26.dist3 27.dist3 28.dist3 29.dist3 30.dist3 31.dist3 32.dist3 33.dist3 34.dist3 35.dist3) 
>                         recast(line) color(maroon)
>                         ciopts(recast(rarea) color(maroon%30) lwidth(none))
>                         ),
> 
>                 /* plot region */
>                 vertical levels(95) baselevels offset(0)
>                 graphregion(fc(white) lcolor(white)) plotregion(fc(white) lcolor(white))
> 
>                 xline(10.5, lpattern(dash) lwidth(thin) lcolor(black))
>                 yline(0, lpattern(dash) lwidth(thin) lcolor(black))
> 
>                 /* titles, subtitles, notes */          
>                 title("{bf:`title'}", size(3) pos(12) margin(t=0 b=0 l=0 r=0) span)
> 
>                 /* axis titles and labels */            
>                 ylabel(, labsize(4) gmin gmax) ymtick() 
>                 
>                 xlabel(1 "-.20" 2 "-.18" 3 "-.16" 4 "-.14" 5 "-.12" 6 "-.10" 7 "-.08" 8 "-.06" 9 "-.04" 10 "-.02" 10.5 "0"
>                         11 ".02" 12 ".04" 13 ".06" 14 ".08" 15 ".10" 16 ".12" 17 ".14" 18 ".16" 19 ".18" 20 ".20", labsize(3) angle(45) gmax)
>                         
>                 /* legend */
>                 legend(off position(6) 
>                         order()
>                         symy(2) symx(3) 
>                         rows(1) cols() size(2) 
>                         nobox fcolor()
>                         region(fcolor(none) lpattern(blank))
>                         margin(t=1 b=1 l=0 r=0)span)
>                 name("`r'", replace) ;
 23.                         graph combine `r',
>                 graphregion(fc(white) lcolor(white))
>                 l1title("{bf:`l1_title'}", size(3) margin(t=0 b=0 l=0 r=1))
>                 b1title("`b1_title'", size(2))
>                 b2title("{bf:`b2_title'}", size(3) margin(t=1 b=0 l=0 r=0))
>                 name("`r'a", replace);
 24.                 graph save "`r'a" "$EXPORTPATH/`suffix'_`str'", replace;
 25.         graph close "`r'a";
 26.         #delimit cr
delimiter now cr
. }
(file /shared/boston_zoning/working_paper/replication_package/analysis/main_mtlines_output/coef_units_noyear_base_du.gph not found)
file /shared/boston_zoning/working_paper/replication_package/analysis/main_mtlines_output/coef_units_noyear_base_du.gph saved
(file /shared/boston_zoning/working_paper/replication_package/analysis/main_mtlines_output/coef_units_noyear_base_duhe.gph not found)
file /shared/boston_zoning/working_paper/replication_package/analysis/main_mtlines_output/coef_units_noyear_base_duhe.gph saved
(file /shared/boston_zoning/working_paper/replication_package/analysis/main_mtlines_output/coef_units_noyear_base_mfdu.gph not found)
file /shared/boston_zoning/working_paper/replication_package/analysis/main_mtlines_output/coef_units_noyear_base_mfdu.gph saved
(file /shared/boston_zoning/working_paper/replication_package/analysis/main_mtlines_output/coef_units_noyear_base_mf.gph not found)
file /shared/boston_zoning/working_paper/replication_package/analysis/main_mtlines_output/coef_units_noyear_base_mf.gph saved
(file /shared/boston_zoning/working_paper/replication_package/analysis/main_mtlines_output/coef_units_noyear_base_mfhe.gph not found)
file /shared/boston_zoning/working_paper/replication_package/analysis/main_mtlines_output/coef_units_noyear_base_mfhe.gph saved
(file /shared/boston_zoning/working_paper/replication_package/analysis/main_mtlines_output/coef_units_noyear_base_he.gph not found)
file /shared/boston_zoning/working_paper/replication_package/analysis/main_mtlines_output/coef_units_noyear_base_he.gph saved
. 
. * combine all
. #delimit ;
delimiter now ;
. graph combine units_du units_duhe units_mfdu units_mf units_mfhe units_he,
>         rows(3) cols(2) ysize() xsize() iscale() imargin(0)
>         graphregion(fc(white) lcolor(white))
>         l1title("{bf:`l1_title'}", size(3) margin(t=0 b=0 l=0 r=1))
>         b1title("`b1_title'", size(2))
>         b2title("{bf:`b2_title'}", size(3) margin(t=1 b=0 l=0 r=0))
>         name("final_graph", replace);
(note:  named style 0 not found in class margin, default attributes used)
(note:  named style 0 not found in class margin, default attributes used)
(note:  named style 0 not found in class margin, default attributes used)
(note:  named style 0 not found in class margin, default attributes used)
(note:  named style 0 not found in class margin, default attributes used)
(note:  named style 0 not found in class margin, default attributes used)
.                 graph save "final_graph" "$EXPORTPATH/`suffix'_all", replace;
(file /shared/boston_zoning/working_paper/replication_package/analysis/main_mtlines_output/coef_units_noyear_base_all.gph not found)
file /shared/boston_zoning/working_paper/replication_package/analysis/main_mtlines_output/coef_units_noyear_base_all.gph saved
. #delimit cr     
delimiter now cr
. }

. 
. eststo clear

. graph close _all

. 
. 
. ********************************************************************************
. ** Part 4: Sales prices
. * Part 4a: Sales prices, baseline
. * Part 4b: Sales prices, w/ characteristics
. ********************************************************************************
. ** regressions
. * set regression conditions
. local regression_conditions (last_saleyr>=2010 & last_saleyr<=2018) & (dist_both<=0.21 & dist_both>=-0.2) & res_typex=="Single Family Res"

. 
. * Part 3a: Sales price w/o characteristics
. quietly eststo price_du: reg log_saleprice ib26.dist3 i.lam_seg i.last_saleyr if only_du==1 & `regression_conditions', vce(cluster lam_seg)

. sum def_saleprice if only_du == 1 & (last_saleyr>=2010 & last_saleyr<=2018) & (dist_both<=0.02 & dist_both>0) & res_typex=="Single Family Res" & last_salepr > 0

    Variable |        Obs        Mean    Std. dev.       Min        Max
-------------+---------------------------------------------------------
def_salepr~e |      5,551    624149.2    377675.7   37285.19    2068167

. sum def_saleprice if only_du == 1 & (last_saleyr>=2010 & last_saleyr<=2018) & (dist_both<=0 & dist_both>-0.02) & res_typex=="Single Family Res" & last_salepr > 0

    Variable |        Obs        Mean    Std. dev.       Min        Max
-------------+---------------------------------------------------------
def_salepr~e |      4,182    623843.2    346605.5   123868.7    2076372

.         
. quietly eststo price_duhe: reg log_saleprice ib26.dist3 i.lam_seg i.last_saleyr if du_he == 1 & `regression_conditions', vce(cluster lam_seg)

. sum def_saleprice if du_he == 1 & (last_saleyr>=2010 & last_saleyr<=2018) & (dist_both<=0.02 & dist_both>0) & res_typex=="Single Family Res" & last_salepr > 0

    Variable |        Obs        Mean    Std. dev.       Min        Max
-------------+---------------------------------------------------------
def_salepr~e |        372    536629.7    366874.2   131963.5    1953939

. sum def_saleprice if du_he == 1 & (last_saleyr>=2010 & last_saleyr<=2018) & (dist_both<=0 & dist_both>-0.02) & res_typex=="Single Family Res" & last_salepr > 0

    Variable |        Obs        Mean    Std. dev.       Min        Max
-------------+---------------------------------------------------------
def_salepr~e |        524    526963.3      403571   120863.4    2036865

. 
. quietly eststo price_mfdu: reg log_saleprice ib26.dist3 i.lam_seg i.last_saleyr if  mf_du == 1 & `regression_conditions', vce(cluster lam_seg)

. sum def_saleprice if mf_du == 1 & (last_saleyr>=2010 & last_saleyr<=2018) & (dist_both<=0.02 & dist_both>0) & res_typex=="Single Family Res" & last_salepr > 0

    Variable |        Obs        Mean    Std. dev.       Min        Max
-------------+---------------------------------------------------------
def_salepr~e |      1,875    552228.6    374085.5   83950.88    2082549

. sum def_saleprice if mf_du == 1 & (last_saleyr>=2010 & last_saleyr<=2018) & (dist_both<=0 & dist_both>-0.02) & res_typex=="Single Family Res" & last_salepr > 0

    Variable |        Obs        Mean    Std. dev.       Min        Max
-------------+---------------------------------------------------------
def_salepr~e |      2,255      614430    411307.7     151758    2091146

. 
. quietly eststo price_mf: reg log_saleprice ib26.dist3 i.lam_seg i.last_saleyr if only_mf== 1 & `regression_conditions', vce(cluster lam_seg)

. sum def_saleprice if only_mf == 1 & (last_saleyr>=2010 & last_saleyr<=2018) & (dist_both<=0.02 & dist_both>0) & res_typex=="Single Family Res" & last_salepr > 0

    Variable |        Obs        Mean    Std. dev.       Min        Max
-------------+---------------------------------------------------------
def_salepr~e |        248    506414.3      195635   150136.7    1038877

. sum def_saleprice if only_mf == 1 & (last_saleyr>=2010 & last_saleyr<=2018) & (dist_both<=0 & dist_both>-0.02) & res_typex=="Single Family Res" & last_salepr > 0

    Variable |        Obs        Mean    Std. dev.       Min        Max
-------------+---------------------------------------------------------
def_salepr~e |        443    646885.7    234756.5   206057.1    1656613

. 
. quietly eststo price_mfhe: reg log_saleprice ib26.dist3 i.lam_seg i.last_saleyr if mf_he == 1 & `regression_conditions', vce(cluster lam_seg)

. sum def_saleprice if mf_he == 1 & (last_saleyr>=2010 & last_saleyr<=2018) & (dist_both<=0.02 & dist_both>0) & res_typex=="Single Family Res" & last_salepr > 0

    Variable |        Obs        Mean    Std. dev.       Min        Max
-------------+---------------------------------------------------------
def_salepr~e |        125    694017.2    443447.6   176649.2    1890883

. sum def_saleprice if mf_he == 1 & (last_saleyr>=2010 & last_saleyr<=2018) & (dist_both<=0 & dist_both>-0.02) & res_typex=="Single Family Res" & last_salepr > 0

    Variable |        Obs        Mean    Std. dev.       Min        Max
-------------+---------------------------------------------------------
def_salepr~e |        199    741346.7    456910.6     212187    2041975

. 
. quietly eststo price_he: reg log_saleprice ib26.dist3 i.lam_seg i.last_saleyr if only_he == 1 & `regression_conditions', vce(cluster lam_seg)

. sum def_saleprice if only_he == 1 & (last_saleyr>=2010 & last_saleyr<=2018) & (dist_both<=0.02 & dist_both>0) & res_typex=="Single Family Res" & last_salepr > 0

    Variable |        Obs        Mean    Std. dev.       Min        Max
-------------+---------------------------------------------------------
def_salepr~e |        377      771412    438842.3     186592    1977911

. sum def_saleprice if only_he == 1 & (last_saleyr>=2010 & last_saleyr<=2018) & (dist_both<=0 & dist_both>-0.02) & res_typex=="Single Family Res" & last_salepr > 0

    Variable |        Obs        Mean    Std. dev.       Min        Max
-------------+---------------------------------------------------------
def_salepr~e |        247    838266.5    484622.5   144302.2    2027565

. 
. esttab price_du price_duhe price_mfdu price_mf price_mfhe price_he, ///
>         se r2 indicate("Boundary f.e.=*lam_seg" "Year f.e.=*last_saleyr") interaction(" X ") ///
>         label mtitles("price_du" "price_duhe" "price_mfdu" "price_mf" "price_mfhe" "price_he") ///
>         title("Sales Prices baseline") 

Sales Prices baseline
--------------------------------------------------------------------------------------------------------------------
                              (1)             (2)             (3)             (4)             (5)             (6)   
                         price_du      price_duhe      price_mfdu        price_mf      price_mfhe        price_he   
--------------------------------------------------------------------------------------------------------------------
-.2                         0.167***      -0.0331           0.159***        0.529*          0.266**                 
                         (0.0317)        (0.0733)        (0.0410)         (0.223)        (0.0828)                   

-.18                        0.151***      -0.0113          0.0867          0.0498           0.193         -0.0473   
                         (0.0368)         (0.140)        (0.0460)        (0.0869)        (0.0936)        (0.0606)   

-.16                        0.132***       0.0857           0.124**       -0.0143           0.372***       -0.381***
                         (0.0366)        (0.0709)        (0.0471)         (0.141)        (0.0806)        (0.0787)   

-.14                        0.105***      -0.0422           0.122          0.0990         -0.0321                   
                         (0.0314)        (0.0867)        (0.0717)        (0.0698)         (0.108)                   

-.12                        0.135***       0.0639           0.107*          0.139*          0.217          -0.212   
                         (0.0307)        (0.0719)        (0.0464)        (0.0679)         (0.105)         (0.268)   

-.1                         0.131***      -0.0252           0.128**        0.0431           0.311*          0.191   
                         (0.0353)        (0.0955)        (0.0399)        (0.0915)         (0.130)         (0.129)   

-.08                        0.118***      -0.0456          0.0780          0.0322           0.227         -0.0666   
                         (0.0257)        (0.0633)        (0.0405)        (0.0618)         (0.181)        (0.0700)   

-.06                        0.119***      -0.0913          0.0679          0.0286         -0.0977           0.158*  
                         (0.0272)        (0.0651)        (0.0369)        (0.0795)        (0.0886)        (0.0765)   

-.04                       0.0994***      0.00544          0.0767*        -0.0203           0.181*         0.0788   
                         (0.0247)        (0.0485)        (0.0340)        (0.0828)        (0.0716)         (0.101)   

-.02                       0.0443*        -0.0111          0.0215          0.0669           0.198*        -0.0217   
                         (0.0222)        (0.0493)        (0.0285)        (0.0470)        (0.0933)        (0.0967)   

0                               0               0               0               0               0               0   
                              (.)             (.)             (.)             (.)             (.)             (.)   

.02                       -0.0317         -0.0300         -0.0146         -0.0450         -0.0693         0.00526   
                         (0.0210)        (0.0775)        (0.0317)        (0.0565)        (0.0623)        (0.0535)   

.04                       -0.0581*        -0.0659         -0.0328          0.0248          -0.126         -0.0721   
                         (0.0232)        (0.0475)        (0.0326)        (0.0488)        (0.0793)        (0.0556)   

.06                       -0.0651**        0.0672         -0.0487          -0.111         -0.0748          -0.142*  
                         (0.0221)        (0.0440)        (0.0337)        (0.0785)         (0.130)        (0.0602)   

.08                       -0.0679**         0.339         -0.0680*       -0.00510          -0.146          -0.213** 
                         (0.0255)         (0.205)        (0.0330)        (0.0942)         (0.136)        (0.0663)   

.1                        -0.0874**        0.0173         -0.0459         -0.0586          -0.238*         -0.125   
                         (0.0267)        (0.0362)        (0.0466)         (0.128)         (0.109)        (0.0961)   

.12                       -0.0556*         -0.167         -0.0483        -0.00608          -0.477***      -0.0269   
                         (0.0261)         (0.101)        (0.0409)         (0.101)        (0.0695)        (0.0961)   

.14                       -0.0771**         0.112*         -0.113*          0.165           0.189          -0.140   
                         (0.0277)        (0.0527)        (0.0479)         (0.118)         (0.114)        (0.0888)   

.16                       -0.0659*          0.231***       -0.100          -0.159*          0.138         -0.0465   
                         (0.0255)        (0.0502)        (0.0555)        (0.0744)         (0.138)         (0.101)   

.18                       -0.0626                         -0.0116          0.0693           0.248*         -0.221   
                         (0.0321)                        (0.0700)         (0.137)         (0.114)         (0.146)   

.2                        -0.0816*                         -0.184          0.0807           0.426**       -0.0989   
                         (0.0396)                         (0.115)        (0.0541)         (0.119)        (0.0682)   

Constant                    13.23***        12.46***        13.14***        12.66***        13.20***        12.85***
                         (0.0249)        (0.0509)        (0.0478)        (0.0540)         (0.112)        (0.0642)   

Boundary f.e.                 Yes             Yes             Yes             Yes             Yes             Yes   

Year f.e.                     Yes             Yes             Yes             Yes             Yes             Yes   
--------------------------------------------------------------------------------------------------------------------
Observations                56561            3117           18815            2178             990            3140   
R-squared                   0.616           0.848           0.728           0.667           0.884           0.643   
--------------------------------------------------------------------------------------------------------------------
Standard errors in parentheses
* p<0.05, ** p<0.01, *** p<0.001

. 
. *robust s.e.
. quietly eststo price_du_robust: reg log_saleprice ib26.dist3 i.lam_seg i.last_saleyr if only_du==1 & `regression_conditions', vce(robust)

.         
. quietly eststo price_duhe_robust: reg log_saleprice ib26.dist3 i.lam_seg i.last_saleyr if du_he == 1 & `regression_conditions', vce(robust)

. 
. quietly eststo price_mfdu_robust: reg log_saleprice ib26.dist3 i.lam_seg i.last_saleyr if  mf_du == 1 & `regression_conditions', vce(robust)

. 
. quietly eststo price_mf_robust: reg log_saleprice ib26.dist3 i.lam_seg i.last_saleyr if only_mf== 1 & `regression_conditions', vce(robust)

. 
. quietly eststo price_mfhe_robust: reg log_saleprice ib26.dist3 i.lam_seg i.last_saleyr if mf_he == 1 & `regression_conditions', vce(robust)

. 
. quietly eststo price_he_robust: reg log_saleprice ib26.dist3 i.lam_seg i.last_saleyr if only_he == 1 & `regression_conditions', vce(robust)

. 
. esttab price_du_robust price_duhe_robust price_mfdu_robust price_mf_robust price_mfhe_robust price_he_robust, ///
>         se r2 indicate("Boundary f.e.=*lam_seg" "Year f.e.=*last_saleyr") interaction(" X ") ///
>         label mtitles("price_du" "price_duhe" "price_mfdu" "price_mf" "price_mfhe" "price_he") ///
>         title("Sales Prices baseline, robust s.e.") 

Sales Prices baseline, robust s.e.
--------------------------------------------------------------------------------------------------------------------
                              (1)             (2)             (3)             (4)             (5)             (6)   
                         price_du      price_duhe      price_mfdu        price_mf      price_mfhe        price_he   
--------------------------------------------------------------------------------------------------------------------
-.2                         0.167***      -0.0331           0.159***        0.529***        0.266***                
                         (0.0115)        (0.0301)        (0.0157)        (0.0665)        (0.0508)                   

-.18                        0.151***      -0.0113          0.0867***       0.0498           0.193*        -0.0473   
                         (0.0107)        (0.0511)        (0.0154)        (0.0725)        (0.0774)         (0.236)   

-.16                        0.132***       0.0857**         0.124***      -0.0143           0.372***       -0.381   
                         (0.0106)        (0.0315)        (0.0190)        (0.0541)        (0.0500)         (0.256)   

-.14                        0.105***      -0.0422           0.122***       0.0990         -0.0321                   
                        (0.00885)        (0.0336)        (0.0179)        (0.0519)        (0.0521)                   

-.12                        0.135***       0.0639*          0.107***        0.139**         0.217***       -0.212   
                        (0.00914)        (0.0271)        (0.0155)        (0.0446)        (0.0410)         (0.134)   

-.1                         0.131***      -0.0252           0.128***       0.0431           0.311***        0.191***
                        (0.00872)        (0.0292)        (0.0158)        (0.0441)        (0.0658)        (0.0553)   

-.08                        0.118***      -0.0456          0.0780***       0.0322           0.227***      -0.0666   
                        (0.00821)        (0.0245)        (0.0122)        (0.0299)        (0.0646)        (0.0595)   

-.06                        0.119***      -0.0913**        0.0679***       0.0286         -0.0977*          0.158***
                        (0.00758)        (0.0279)        (0.0127)        (0.0296)        (0.0400)        (0.0308)   

-.04                       0.0994***      0.00544          0.0767***      -0.0203           0.181***       0.0788*  
                        (0.00714)        (0.0223)        (0.0109)        (0.0291)        (0.0377)        (0.0341)   

-.02                       0.0443***      -0.0111          0.0215*         0.0669*          0.198***      -0.0217   
                        (0.00703)        (0.0193)        (0.0100)        (0.0264)        (0.0347)        (0.0292)   

0                               0               0               0               0               0               0   
                              (.)             (.)             (.)             (.)             (.)             (.)   

.02                       -0.0317***      -0.0300         -0.0146         -0.0450         -0.0693         0.00526   
                        (0.00629)        (0.0269)        (0.0113)        (0.0370)        (0.0383)        (0.0301)   

.04                       -0.0581***      -0.0659*        -0.0328**        0.0248          -0.126**       -0.0721** 
                        (0.00671)        (0.0323)        (0.0114)        (0.0401)        (0.0479)        (0.0277)   

.06                       -0.0651***       0.0672*        -0.0487***       -0.111**       -0.0748          -0.142***
                        (0.00705)        (0.0302)        (0.0127)        (0.0426)        (0.0624)        (0.0256)   

.08                       -0.0679***        0.339*        -0.0680***     -0.00510          -0.146*         -0.213***
                        (0.00686)         (0.161)        (0.0124)        (0.0595)        (0.0607)        (0.0267)   

.1                        -0.0874***       0.0173         -0.0459**       -0.0586          -0.238***       -0.125***
                        (0.00736)        (0.0407)        (0.0141)        (0.0584)        (0.0607)        (0.0284)   

.12                       -0.0556***       -0.167***      -0.0483***     -0.00608          -0.477***      -0.0269   
                        (0.00800)        (0.0432)        (0.0138)        (0.0476)        (0.0810)        (0.0297)   

.14                       -0.0771***        0.112          -0.113***        0.165           0.189**        -0.140***
                        (0.00848)        (0.0663)        (0.0196)        (0.0947)        (0.0572)        (0.0353)   

.16                       -0.0659***        0.231*         -0.100***       -0.159*          0.138*        -0.0465   
                        (0.00906)        (0.0999)        (0.0194)        (0.0758)        (0.0578)        (0.0336)   

.18                       -0.0626***                      -0.0116          0.0693           0.248***       -0.221***
                        (0.00930)                        (0.0191)        (0.0663)        (0.0563)        (0.0377)   

.2                        -0.0816***                       -0.184***       0.0807           0.426***      -0.0989** 
                         (0.0124)                        (0.0387)        (0.0840)        (0.0572)        (0.0338)   

Constant                    13.23***        12.46***        13.14***        12.66***        13.20***        12.85***
                         (0.0329)        (0.0252)        (0.0457)        (0.0417)        (0.0508)        (0.0419)   

Boundary f.e.                 Yes             Yes             Yes             Yes             Yes             Yes   

Year f.e.                     Yes             Yes             Yes             Yes             Yes             Yes   
--------------------------------------------------------------------------------------------------------------------
Observations                56561            3117           18815            2178             990            3140   
R-squared                   0.616           0.848           0.728           0.667           0.884           0.643   
--------------------------------------------------------------------------------------------------------------------
Standard errors in parentheses
* p<0.05, ** p<0.01, *** p<0.001

.         
.         
. * Part 3b: Sales price w/ characteristis
. quietly eststo price_du2: reg log_saleprice ib26.dist3 i.lam_seg i.last_saleyr $char_vars if only_du==1 & `regression_conditions', vce(cluster lam_seg)

.         
. quietly eststo price_duhe2: reg log_saleprice ib26.dist3 i.lam_seg i.last_saleyr $char_vars if du_he == 1 & `regression_conditions', vce(cluster lam_seg)

. 
. quietly eststo price_mfdu2: reg log_saleprice ib26.dist3 i.lam_seg i.last_saleyr $char_vars if  mf_du == 1 & `regression_conditions', vce(cluster lam_seg)

. 
. quietly eststo price_mf2: reg log_saleprice ib26.dist3 i.lam_seg i.last_saleyr $char_vars if only_mf== 1 & `regression_conditions', vce(cluster lam_seg)

. 
. quietly eststo price_mfhe2: reg log_saleprice ib26.dist3 i.lam_seg i.last_saleyr $char_vars if mf_he == 1 & `regression_conditions', vce(cluster lam_seg)

. 
. quietly eststo price_he2: reg log_saleprice ib26.dist3 i.lam_seg i.last_saleyr $char_vars if only_he == 1 & `regression_conditions', vce(cluster lam_seg)

.         
. esttab price_du2 price_duhe2 price_mfdu2 price_mf2 price_mfhe2 price_he2, ///
>         se r2 indicate("Boundary f.e.=*lam_seg" "Year f.e.=*last_saleyr" "Year Built f.e.=*year_built") interaction(" X ") ///
>         label mtitles("price_du" "price_duhe" "price_mfdu" "price_mf" "price_mfhe" "price_he") ///
>         title("Sales Prices w/ characteristics") 

Sales Prices w/ characteristics
--------------------------------------------------------------------------------------------------------------------
                              (1)             (2)             (3)             (4)             (5)             (6)   
                         price_du      price_duhe      price_mfdu        price_mf      price_mfhe        price_he   
--------------------------------------------------------------------------------------------------------------------
-.2                        0.0383           0.100          0.0996**         0.131                                   
                         (0.0210)        (0.0778)        (0.0349)         (0.143)                                   

-.18                       0.0368*         0.0327          0.0240          0.0844          -0.746**        -0.238*  
                         (0.0181)        (0.0741)        (0.0296)         (0.132)         (0.241)        (0.0932)   

-.16                       0.0114           0.101          0.0731*         0.0641           0.100          -0.579** 
                         (0.0214)        (0.0754)        (0.0308)         (0.139)         (0.122)         (0.172)   

-.14                     -0.00695          0.0589          0.0283         -0.0547          0.0739                   
                         (0.0223)        (0.0482)        (0.0384)        (0.0686)         (0.327)                   

-.12                      0.00999          0.0531          0.0704*          0.238           0.110          -0.106   
                         (0.0167)        (0.0745)        (0.0297)         (0.136)         (0.133)         (0.147)   

-.1                       0.00657         -0.0369          0.0444         -0.0529          -0.196          0.0212   
                         (0.0185)        (0.0606)        (0.0248)        (0.0708)         (0.238)        (0.0848)   

-.08                     -0.00620          0.0326          0.0477         0.00573          0.0691          -0.265*  
                         (0.0164)        (0.0617)        (0.0251)        (0.0588)        (0.0736)        (0.0987)   

-.06                      0.00765          -0.119          0.0201          0.0786         -0.0898           0.132   
                         (0.0138)        (0.0682)        (0.0245)        (0.0760)         (0.316)        (0.0672)   

-.04                       0.0220          0.0212          0.0412         -0.0292          -0.256          0.0406   
                         (0.0146)        (0.0511)        (0.0241)        (0.0831)         (0.244)        (0.0596)   

-.02                      -0.0212          0.0148         0.00157          0.0230           0.228          0.0222   
                         (0.0132)        (0.0565)        (0.0212)        (0.0374)         (0.261)        (0.0921)   

0                               0               0               0               0               0               0   
                              (.)             (.)             (.)             (.)             (.)             (.)   

.02                       -0.0256*       -0.00852          0.0104          0.0538           0.156          0.0124   
                         (0.0123)        (0.0573)        (0.0227)        (0.0597)         (0.151)        (0.0500)   

.04                       -0.0179           0.162*        -0.0199        0.000719          -0.735*        -0.0985   
                         (0.0125)        (0.0618)        (0.0240)        (0.0760)         (0.312)        (0.0699)   

.06                       -0.0184          0.0725         -0.0254        -0.00610          -0.371*         -0.105*  
                         (0.0120)        (0.0515)        (0.0230)        (0.0757)         (0.133)        (0.0453)   

.08                       -0.0286*          0.315*        -0.0182          0.0751          -0.349          -0.153** 
                         (0.0133)         (0.139)        (0.0313)         (0.100)         (0.221)        (0.0491)   

.1                        -0.0466**        0.0144        0.000266           0.143          -0.283*         -0.127*  
                         (0.0154)        (0.0416)        (0.0277)         (0.126)         (0.128)        (0.0585)   

.12                       -0.0111          -0.210         0.00579          0.0360          -0.123          -0.158***
                         (0.0143)         (0.122)        (0.0330)        (0.0592)        (0.0773)        (0.0411)   

.14                       -0.0267           0.231**       -0.0211          0.0531           0.105          -0.157   
                         (0.0165)        (0.0873)        (0.0351)        (0.0620)         (0.163)        (0.0810)   

.16                       -0.0125           0.275*        -0.0119         -0.0763         -0.0103         -0.0946   
                         (0.0189)         (0.135)        (0.0311)        (0.0976)         (0.240)        (0.0685)   

.18                       0.00310                          0.0726           0.244          -0.200          -0.203*  
                         (0.0155)                        (0.0431)         (0.172)         (0.103)        (0.0988)   

.2                        -0.0108                         -0.0461           0.162         -0.0997          -0.149   
                         (0.0242)                         (0.104)        (0.0891)         (0.101)         (0.118)   

log_lotacres               0.0454***        0.116**        0.0512***        0.122*          0.439          0.0676*  
                        (0.00701)        (0.0362)        (0.0120)        (0.0467)         (0.328)        (0.0298)   

Number of Floors i~g       0.0282**        0.0100          0.0356***       0.0136          0.0642          0.0866** 
                         (0.0107)        (0.0311)        (0.0105)        (0.0367)        (0.0451)        (0.0258)   

log_bldgarea                0.316***        0.262***        0.286***        0.282***      -0.0337           0.441***
                         (0.0241)        (0.0455)        (0.0204)        (0.0749)        (0.0190)        (0.0366)   

Number of Bedrooms~g       0.0320***       0.0132          0.0230***       0.0475*        0.00214          0.0105   
                        (0.00417)        (0.0137)       (0.00508)        (0.0209)        (0.0237)        (0.0154)   

Number of Full Bat~l       0.0550***       0.0522**        0.0480***       0.0484**     -0.000172          0.0316   
                        (0.00570)        (0.0187)       (0.00656)        (0.0153)        (0.0294)        (0.0196)   

Constant                    9.526***        10.06***        10.19***        9.780***        12.23***        9.085***
                          (0.185)         (0.411)         (0.183)         (0.627)         (0.785)         (0.242)   

Boundary f.e.                 Yes             Yes             Yes             Yes             Yes             Yes   

Year f.e.                     Yes             Yes             Yes             Yes             Yes             Yes   

Year Built f.e.               Yes             Yes             Yes             Yes             Yes             Yes   
--------------------------------------------------------------------------------------------------------------------
Observations                50845            2825           16535            2158             534            3128   
R-squared                   0.797           0.922           0.832           0.855           0.983           0.857   
--------------------------------------------------------------------------------------------------------------------
Standard errors in parentheses
* p<0.05, ** p<0.01, *** p<0.001

. 
. *robust s.e.
. quietly eststo price_du2_robust: reg log_saleprice ib26.dist3 i.lam_seg i.last_saleyr $char_vars if only_du==1 & `regression_conditions', vce(robust)

.         
. quietly eststo price_duhe2_robust: reg log_saleprice ib26.dist3 i.lam_seg i.last_saleyr $char_vars if du_he == 1 & `regression_conditions', vce(robust)

. 
. quietly eststo price_mfdu2_robust: reg log_saleprice ib26.dist3 i.lam_seg i.last_saleyr $char_vars if  mf_du == 1 & `regression_conditions', vce(robust)

. 
. quietly eststo price_mf2_robust: reg log_saleprice ib26.dist3 i.lam_seg i.last_saleyr $char_vars if only_mf== 1 & `regression_conditions', vce(robust)

. 
. quietly eststo price_mfhe2_robust: reg log_saleprice ib26.dist3 i.lam_seg i.last_saleyr $char_vars if mf_he == 1 & `regression_conditions', vce(robust)

. 
. quietly eststo price_he2_robust: reg log_saleprice ib26.dist3 i.lam_seg i.last_saleyr $char_vars if only_he == 1 & `regression_conditions', vce(robust)

.         
. esttab price_du2_robust price_duhe2_robust price_mfdu2_robust price_mf2_robust price_mfhe2_robust price_he2_robust, ///
>         se r2 indicate("Boundary f.e.=*lam_seg" "Year f.e.=*last_saleyr" "Year Built f.e.=*year_built") interaction(" X ") ///
>         label mtitles("price_du" "price_duhe" "price_mfdu" "price_mf" "price_mfhe" "price_he") ///
>         title("Sales Prices w/ characteristics, robust s.e.") 

Sales Prices w/ characteristics, robust s.e.
--------------------------------------------------------------------------------------------------------------------
                              (1)             (2)             (3)             (4)             (5)             (6)   
                         price_du      price_duhe      price_mfdu        price_mf      price_mfhe        price_he   
--------------------------------------------------------------------------------------------------------------------
-.2                        0.0383***        0.100*         0.0996***        0.131                                   
                        (0.00896)        (0.0407)        (0.0145)        (0.0679)                                   

-.18                       0.0368***       0.0327          0.0240          0.0844          -0.746***       -0.238** 
                        (0.00759)        (0.0560)        (0.0132)        (0.0668)         (0.215)        (0.0823)   

-.16                       0.0114           0.101**        0.0731***       0.0641           0.100          -0.579***
                        (0.00804)        (0.0353)        (0.0150)        (0.0584)         (0.103)         (0.139)   

-.14                     -0.00695          0.0589          0.0283*        -0.0547          0.0739                   
                        (0.00689)        (0.0331)        (0.0130)        (0.0382)         (0.146)                   

-.12                      0.00999          0.0531          0.0704***        0.238***        0.110          -0.106   
                        (0.00680)        (0.0331)        (0.0128)        (0.0597)        (0.0853)        (0.0662)   

-.1                       0.00657         -0.0369          0.0444**       -0.0529          -0.196          0.0212   
                        (0.00681)        (0.0318)        (0.0149)        (0.0330)         (0.130)        (0.0547)   

-.08                     -0.00620          0.0326          0.0477***      0.00573          0.0691          -0.265***
                        (0.00658)        (0.0285)       (0.00984)        (0.0280)         (0.118)        (0.0588)   

-.06                      0.00765          -0.119***       0.0201          0.0786**       -0.0898           0.132***
                        (0.00588)        (0.0301)        (0.0114)        (0.0300)         (0.228)        (0.0305)   

-.04                       0.0220***       0.0212          0.0412***      -0.0292          -0.256          0.0406   
                        (0.00538)        (0.0258)       (0.00927)        (0.0299)         (0.210)        (0.0286)   

-.02                      -0.0212***       0.0148         0.00157          0.0230           0.228          0.0222   
                        (0.00543)        (0.0239)       (0.00873)        (0.0232)         (0.123)        (0.0276)   

0                               0               0               0               0               0               0   
                              (.)             (.)             (.)             (.)             (.)             (.)   

.02                       -0.0256***     -0.00852          0.0104          0.0538           0.156          0.0124   
                        (0.00472)        (0.0259)        (0.0113)        (0.0384)         (0.169)        (0.0216)   

.04                       -0.0179***        0.162***      -0.0199        0.000719          -0.735***      -0.0985***
                        (0.00505)        (0.0408)        (0.0103)        (0.0381)         (0.124)        (0.0254)   

.06                       -0.0184***       0.0725*        -0.0254*       -0.00610          -0.371**        -0.105***
                        (0.00545)        (0.0354)        (0.0116)        (0.0394)         (0.116)        (0.0207)   

.08                       -0.0286***        0.315*        -0.0182          0.0751          -0.349**        -0.153***
                        (0.00510)         (0.151)        (0.0120)        (0.0485)         (0.114)        (0.0218)   

.1                        -0.0466***       0.0144        0.000266           0.143**        -0.283*         -0.127***
                        (0.00579)        (0.0736)        (0.0119)        (0.0553)         (0.112)        (0.0221)   

.12                       -0.0111          -0.210***      0.00579          0.0360          -0.123          -0.158***
                        (0.00587)        (0.0550)        (0.0129)        (0.0412)         (0.101)        (0.0220)   

.14                       -0.0267***        0.231***      -0.0211          0.0531           0.105          -0.157***
                        (0.00644)        (0.0602)        (0.0191)        (0.0563)        (0.0933)        (0.0277)   

.16                       -0.0125           0.275*        -0.0119         -0.0763         -0.0103         -0.0946***
                        (0.00711)         (0.107)        (0.0154)        (0.0543)         (0.270)        (0.0240)   

.18                       0.00310                          0.0726***        0.244          -0.200*         -0.203***
                        (0.00648)                        (0.0147)         (0.132)        (0.0826)        (0.0251)   

.2                        -0.0108                         -0.0461           0.162**       -0.0997          -0.149***
                         (0.0101)                        (0.0385)        (0.0562)        (0.0921)        (0.0379)   

log_lotacres               0.0454***        0.116***       0.0512***        0.122***        0.439***       0.0676***
                        (0.00252)        (0.0163)       (0.00481)        (0.0236)         (0.113)        (0.0130)   

Number of Floors i~g       0.0282***       0.0100          0.0356***       0.0136          0.0642          0.0866***
                        (0.00238)        (0.0139)       (0.00370)        (0.0207)        (0.0410)        (0.0128)   

log_bldgarea                0.316***        0.262***        0.286***        0.282***      -0.0337**         0.441***
                        (0.00478)        (0.0227)        (0.0101)        (0.0268)        (0.0128)        (0.0240)   

Number of Bedrooms~g       0.0320***       0.0132          0.0230***       0.0475***      0.00214          0.0105   
                        (0.00168)       (0.00713)       (0.00262)        (0.0113)        (0.0204)       (0.00705)   

Number of Full Bat~l       0.0550***       0.0522***       0.0480***       0.0484**     -0.000172          0.0316***
                        (0.00203)       (0.00842)       (0.00345)        (0.0179)        (0.0191)       (0.00914)   

Constant                    9.526***        10.06***        10.19***        9.780***        12.23***        9.085***
                         (0.0523)         (0.237)        (0.0896)         (0.212)         (0.557)         (0.235)   

Boundary f.e.                 Yes             Yes             Yes             Yes             Yes             Yes   

Year f.e.                     Yes             Yes             Yes             Yes             Yes             Yes   

Year Built f.e.               Yes             Yes             Yes             Yes             Yes             Yes   
--------------------------------------------------------------------------------------------------------------------
Observations                50845            2825           16535            2158             534            3128   
R-squared                   0.797           0.922           0.832           0.855           0.983           0.857   
--------------------------------------------------------------------------------------------------------------------
Standard errors in parentheses
* p<0.05, ** p<0.01, *** p<0.001

.         
.         
. ** coefplots
. * coefplots, sales prices w/o characteristics
. {
. local plot_list price_du price_duhe price_mfdu price_mf price_mfhe price_he
. local suffix "coef_price_base"
. local l1_title "Log Sales Price"
. local b1_title "<- More restrictive  |  Less restrictive ->"
. local b2_title "Distance to Boundary (miles)"
. 
. foreach r in `plot_list'{
  2.         
.         local pos = ustrpos("`r'", "_") + 1
  3.         local str = substr("`r'", `pos', .)
  4. 
.         if "`str'" == "du" {
  5.                 local title "Only DUPAC Changes"
  6.         }
  7.         
.         if "`str'" == "duhe" {
  8.                 local title "DUPAC and Height Change"
  9.         }
 10. 
.         if "`str'" == "mfdu" {
 11.                 local title "MF Allowed and DUPAC Change"
 12.         }
 13.         
.         if "`str'" == "mf" {
 14.                 local title "Only MF Allowed Changes"
 15.         }
 16.         
.         if "`str'" == "mfhe" {
 17.                 local title "MF Allowed and Height Change"
 18.         }
 19.         
.         if "`str'" == "he" {
 20.                 local title "Only Height Changes"
 21.         }
 22.         
.         * coefplots
.         #delimit;
delimiter now ;
.         coefplot 
>                 /* relaxed side graphing variables */
>                 (`r', keep(16.dist3 17.dist3 18.dist3 19.dist3 20.dist3 21.dist3 22.dist3 23.dist3 24.dist3 25.dist3) 
>                         recast(line) color(midblue) 
>                         ciopts(recast(rarea) color(midblue%30) lwidth(none))
>                         )
>                 
>                 /* strict side graphing variables */
>                 (`r', keep(26.dist3 27.dist3 28.dist3 29.dist3 30.dist3 31.dist3 32.dist3 33.dist3 34.dist3 35.dist3) 
>                         recast(line) color(maroon)
>                         ciopts(recast(rarea) color(maroon%30) lwidth(none))
>                         ),
> 
>                 /* plot region */
>                 vertical levels(95) baselevels offset(0)
>                 graphregion(fc(white) lcolor(white)) plotregion(fc(white) lcolor(white))
> 
>                 xline(10.5, lpattern(dash) lwidth(thin) lcolor(black))
>                 yline(0, lpattern(dash) lwidth(thin) lcolor(black))
> 
>                 /* titles, subtitles, notes */          
>                 title("{bf:`title'}", size(3) pos(12) margin(t=0 b=0 l=0 r=0) span)
> 
>                 /* axis titles and labels */            
>                 ylabel(, labsize(4) gmin gmax) ymtick() 
>                 
>                 xlabel(1 "-.20" 2 "-.18" 3 "-.16" 4 "-.14" 5 "-.12" 6 "-.10" 7 "-.08" 8 "-.06" 9 "-.04" 10 "-.02" 10.5 "0"
>                         11 ".02" 12 ".04" 13 ".06" 14 ".08" 15 ".10" 16 ".12" 17 ".14" 18 ".16" 19 ".18" 20 ".20", labsize(3) angle(45) gmax)
>                         
>                 /* legend */
>                 legend(off position(6) 
>                         order()
>                         symy(2) symx(3) 
>                         rows(1) cols() size(2) 
>                         nobox fcolor()
>                         region(fcolor(none) lpattern(blank))
>                         margin(t=1 b=1 l=0 r=0)span)
>                 name(`r', replace) ;
 23.                         graph combine `r',
>                 graphregion(fc(white) lcolor(white))
>                 l1title("{bf:`l1_title'}", size(3) margin(t=0 b=0 l=0 r=1))
>                 b1title("`b1_title'", size(2))
>                 b2title("{bf:`b2_title'}", size(3) margin(t=1 b=0 l=0 r=0))
>                 name(`r'a, replace);
 24.                 graph save "`r'a" "$EXPORTPATH/`suffix'_`str'", replace;
 25.         graph close "`r'a";
 26.         #delimit cr
delimiter now cr
. }
(file /shared/boston_zoning/working_paper/replication_package/analysis/main_mtlines_output/coef_price_base_du.gph not found)
file /shared/boston_zoning/working_paper/replication_package/analysis/main_mtlines_output/coef_price_base_du.gph saved
(file /shared/boston_zoning/working_paper/replication_package/analysis/main_mtlines_output/coef_price_base_duhe.gph not found)
file /shared/boston_zoning/working_paper/replication_package/analysis/main_mtlines_output/coef_price_base_duhe.gph saved
(file /shared/boston_zoning/working_paper/replication_package/analysis/main_mtlines_output/coef_price_base_mfdu.gph not found)
file /shared/boston_zoning/working_paper/replication_package/analysis/main_mtlines_output/coef_price_base_mfdu.gph saved
(file /shared/boston_zoning/working_paper/replication_package/analysis/main_mtlines_output/coef_price_base_mf.gph not found)
file /shared/boston_zoning/working_paper/replication_package/analysis/main_mtlines_output/coef_price_base_mf.gph saved
(file /shared/boston_zoning/working_paper/replication_package/analysis/main_mtlines_output/coef_price_base_mfhe.gph not found)
file /shared/boston_zoning/working_paper/replication_package/analysis/main_mtlines_output/coef_price_base_mfhe.gph saved
(file /shared/boston_zoning/working_paper/replication_package/analysis/main_mtlines_output/coef_price_base_he.gph not found)
file /shared/boston_zoning/working_paper/replication_package/analysis/main_mtlines_output/coef_price_base_he.gph saved
. 
. * combine all
. #delimit ;
delimiter now ;
. graph combine price_du price_duhe price_mfdu price_mf price_mfhe price_he,
>         rows(3) cols(2) ysize() xsize() iscale() imargin(0)
>         graphregion(fc(white) lcolor(white))
>         l1title("{bf:`l1_title'}", size(3) margin(t=0 b=0 l=0 r=1))
>         b1title("`b1_title'", size(2))
>         b2title("{bf:`b2_title'}", size(3) margin(t=1 b=0 l=0 r=0))
>         name("final_graph", replace);
(note:  named style 0 not found in class margin, default attributes used)
(note:  named style 0 not found in class margin, default attributes used)
(note:  named style 0 not found in class margin, default attributes used)
(note:  named style 0 not found in class margin, default attributes used)
(note:  named style 0 not found in class margin, default attributes used)
(note:  named style 0 not found in class margin, default attributes used)
.                 graph save "final_graph" "$EXPORTPATH/`suffix'_all", replace;
(file /shared/boston_zoning/working_paper/replication_package/analysis/main_mtlines_output/coef_price_base_all.gph not found)
file /shared/boston_zoning/working_paper/replication_package/analysis/main_mtlines_output/coef_price_base_all.gph saved
. #delimit cr     
delimiter now cr
. }

. 
. * coefplots, sales prices w/ characteristics
. {
. local plot_list price_du price_duhe price_mfdu price_mf price_mfhe price_he
. local suffix "coef_price_char"
. local l1_title "Log Sales Price"
. local b1_title "<- More restrictive  |  Less restrictive ->"
. local b2_title "Distance to Boundary (miles)"
. 
. foreach r in `plot_list'{
  2.         
.         local pos = ustrpos("`r'", "_") + 1
  3.         local str = substr("`r'", `pos', .)
  4. 
.         if "`str'" == "du" {
  5.                 local title "Only DUPAC Changes"
  6.         }
  7.         
.         if "`str'" == "duhe" {
  8.                 local title "DUPAC and Height Change"
  9.         }
 10. 
.         if "`str'" == "mfdu" {
 11.                 local title "MF Allowed and DUPAC Change"
 12.         }
 13.         
.         if "`str'" == "mf" {
 14.                 local title "Only MF Allowed Changes"
 15.         }
 16.         
.         if "`str'" == "mfhe" {
 17.                 local title "MF Allowed and Height Change"
 18.         }
 19.         
.         if "`str'" == "he" {
 20.                 local title "Only Height Changes"
 21.         }
 22.         
.         * coefplots
.         #delimit;
delimiter now ;
.         coefplot 
>                 /* relaxed side graphing variables */
>                 (`r'2, keep(16.dist3 17.dist3 18.dist3 19.dist3 20.dist3 21.dist3 22.dist3 23.dist3 24.dist3 25.dist3) 
>                         recast(line) color(gs5%30) lpattern(dash)
>                         ciopts(recast(rarea) color(gs5%30) lwidth(none))
>                         )
>                 
>                 /* strict side graphing variables */
>                 (`r'2, keep(26.dist3 27.dist3 28.dist3 29.dist3 30.dist3 31.dist3 32.dist3 33.dist3 34.dist3 35.dist3) 
>                         recast(line) color(gs5%30) lpattern(dash)
>                         ciopts(recast(rarea) color(gs5%30) lwidth(none))
>                         ),
> 
>                 /* plot region */
>                 vertical levels(95) baselevels offset(0)
>                 graphregion(fc(white) lcolor(white)) plotregion(fc(white) lcolor(white))
> 
>                 xline(10.5, lpattern(dash) lwidth(thin) lcolor(black))
>                 yline(0, lpattern(dash) lwidth(thin) lcolor(black))
> 
>                 /* titles, subtitles, notes */          
>                 title("{bf:`title'}", size(3) pos(12) margin(t=0 b=0 l=0 r=0) span)
> 
>                 /* axis titles and labels */            
>                 ylabel(, labsize(4) gmin gmax) ymtick() 
>                 
>                 xlabel(1 "-.20" 2 "-.18" 3 "-.16" 4 "-.14" 5 "-.12" 6 "-.10" 7 "-.08" 8 "-.06" 9 "-.04" 10 "-.02" 10.5 "0"
>                         11 ".02" 12 ".04" 13 ".06" 14 ".08" 15 ".10" 16 ".12" 17 ".14" 18 ".16" 19 ".18" 20 ".20", labsize(3) angle(45) gmax)
>                         
>                 /* legend */
>                 legend(off position(6) 
>                         order()
>                         symy(2) symx(3) 
>                         rows(1) cols() size(2) 
>                         nobox fcolor()
>                         region(fcolor(none) lpattern(blank))
>                         margin(t=1 b=1 l=0 r=0)span)
>                 name(`r'2, replace) ;
 23.                         graph combine `r'2,
>                 graphregion(fc(white) lcolor(white))
>                 l1title("{bf:`l1_title'}", size(3) margin(t=0 b=0 l=0 r=1))
>                 b1title("`b1_title'", size(2))
>                 b2title("{bf:`b2_title'}", size(3) margin(t=1 b=0 l=0 r=0))
>                 name(`r'a, replace);
 24.                 graph save "`r'a" "$EXPORTPATH/`suffix'_`str'", replace;
 25.         graph close "`r'a";
 26.         #delimit cr
delimiter now cr
. }
(file /shared/boston_zoning/working_paper/replication_package/analysis/main_mtlines_output/coef_price_char_du.gph not found)
file /shared/boston_zoning/working_paper/replication_package/analysis/main_mtlines_output/coef_price_char_du.gph saved
(file /shared/boston_zoning/working_paper/replication_package/analysis/main_mtlines_output/coef_price_char_duhe.gph not found)
file /shared/boston_zoning/working_paper/replication_package/analysis/main_mtlines_output/coef_price_char_duhe.gph saved
(file /shared/boston_zoning/working_paper/replication_package/analysis/main_mtlines_output/coef_price_char_mfdu.gph not found)
file /shared/boston_zoning/working_paper/replication_package/analysis/main_mtlines_output/coef_price_char_mfdu.gph saved
(file /shared/boston_zoning/working_paper/replication_package/analysis/main_mtlines_output/coef_price_char_mf.gph not found)
file /shared/boston_zoning/working_paper/replication_package/analysis/main_mtlines_output/coef_price_char_mf.gph saved
(file /shared/boston_zoning/working_paper/replication_package/analysis/main_mtlines_output/coef_price_char_mfhe.gph not found)
file /shared/boston_zoning/working_paper/replication_package/analysis/main_mtlines_output/coef_price_char_mfhe.gph saved
(file /shared/boston_zoning/working_paper/replication_package/analysis/main_mtlines_output/coef_price_char_he.gph not found)
file /shared/boston_zoning/working_paper/replication_package/analysis/main_mtlines_output/coef_price_char_he.gph saved
. 
. * combine all
. #delimit ;
delimiter now ;
. graph combine price_du2 price_duhe2 price_mfdu2 price_mf2 price_mfhe2 price_he2,
>         rows(3) cols(2) ysize() xsize() iscale() imargin(0)
>         graphregion(fc(white) lcolor(white))
>         l1title("{bf:`l1_title'}", size(3) margin(t=0 b=0 l=0 r=1))
>         b1title("`b1_title'", size(2))
>         b2title("{bf:`b2_title'}", size(3) margin(t=1 b=0 l=0 r=0))
>         name("final_graph", replace);
(note:  named style 0 not found in class margin, default attributes used)
(note:  named style 0 not found in class margin, default attributes used)
(note:  named style 0 not found in class margin, default attributes used)
(note:  named style 0 not found in class margin, default attributes used)
(note:  named style 0 not found in class margin, default attributes used)
(note:  named style 0 not found in class margin, default attributes used)
.                 graph save "final_graph" "$EXPORTPATH/`suffix'_all", replace;
(file /shared/boston_zoning/working_paper/replication_package/analysis/main_mtlines_output/coef_price_char_all.gph not found)
file /shared/boston_zoning/working_paper/replication_package/analysis/main_mtlines_output/coef_price_char_all.gph saved
. #delimit cr     
delimiter now cr
. }

. 
. 
. * coefplots, sales prices both
. {
. local plot_list price_du price_duhe price_mfdu price_mf price_mfhe price_he
. local suffix "coef_price_both"
. local l1_title "Log Sales Price"
. local b1_title "<- More restrictive  |  Less restrictive ->"
. local b2_title "Distance to Boundary (miles)"
. 
. foreach r in `plot_list'{
  2.         
.         local pos = ustrpos("`r'", "_") + 1
  3.         local str = substr("`r'", `pos', .)
  4. 
.         if "`str'" == "du" {
  5.                 local title "Only DUPAC Changes"
  6.         }
  7.         
.         if "`str'" == "duhe" {
  8.                 local title "DUPAC and Height Change"
  9.         }
 10. 
.         if "`str'" == "mfdu" {
 11.                 local title "MF Allowed and DUPAC Change"
 12.         }
 13.         
.         if "`str'" == "mf" {
 14.                 local title "Only MF Allowed Changes"
 15.         }
 16.         
.         if "`str'" == "mfhe" {
 17.                 local title "MF Allowed and Height Change"
 18.         }
 19.         
.         if "`str'" == "he" {
 20.                 local title "Only Height Changes"
 21.         }
 22.         
.         * coefplots
.         #delimit;
delimiter now ;
.         coefplot 
>                 /* relaxed side graphing variables */
>                 (`r', keep(16.dist3 17.dist3 18.dist3 19.dist3 20.dist3 21.dist3 22.dist3 23.dist3 24.dist3 25.dist3) 
>                         recast(line) color(midblue) 
>                         ciopts(recast(rarea) color(midblue%30) lwidth(none))
>                         )
>                 
>                 /* strict side graphing variables */
>                 (`r', keep(26.dist3 27.dist3 28.dist3 29.dist3 30.dist3 31.dist3 32.dist3 33.dist3 34.dist3 35.dist3) 
>                         recast(line) color(maroon)
>                         ciopts(recast(rarea) color(maroon%30) lwidth(none))
>                         )
>                         
>                 (`r'2, keep(16.dist3 17.dist3 18.dist3 19.dist3 20.dist3 21.dist3 22.dist3 23.dist3 24.dist3 25.dist3) 
>                         recast(line) color(gs5%30) 
>                         ciopts(recast(rarea) color(gs5%30) lwidth(none))
>                         )
>                 
>                 /* strict side graphing variables */
>                 (`r'2, keep(26.dist3 27.dist3 28.dist3 29.dist3 30.dist3 31.dist3 32.dist3 33.dist3 34.dist3 35.dist3) 
>                         recast(line) color(gs5%30)
>                         ciopts(recast(rarea) color(gs5%30) lwidth(none))
>                         ),
> 
>                 /* plot region */
>                 vertical levels(95) baselevels offset(0)
>                 graphregion(fc(white) lcolor(white)) plotregion(fc(white) lcolor(white))
> 
>                 xline(10.5, lpattern(dash) lwidth(thin) lcolor(black))
>                 yline(0, lpattern(dash) lwidth(thin) lcolor(black))
> 
>                 /* titles, subtitles, notes */          
>                 title("{bf:`title'}", size(3) pos(12) margin(t=0 b=0 l=0 r=0) span)
> 
>                 /* axis titles and labels */            
>                 ylabel(, labsize(4) gmin gmax) ymtick() 
>                 
>                 xlabel(1 "-.20" 2 "-.18" 3 "-.16" 4 "-.14" 5 "-.12" 6 "-.10" 7 "-.08" 8 "-.06" 9 "-.04" 10 "-.02" 10.5 "0"
>                         11 ".02" 12 ".04" 13 ".06" 14 ".08" 15 ".10" 16 ".12" 17 ".14" 18 ".16" 19 ".18" 20 ".20", labsize(3) angle(45) gmax)
>                         
>                 /* legend */
>                 legend(off position(6) 
>                         order()
>                         symy(2) symx(3) 
>                         rows(1) cols() size(2) 
>                         nobox fcolor()
>                         region(fcolor(none) lpattern(blank))
>                         margin(t=1 b=1 l=0 r=0)span)
>                 name(`r'3, replace) ;
 23.                         graph combine `r'3,
>                 graphregion(fc(white) lcolor(white))
>                 l1title("{bf:`l1_title'}", size(3) margin(t=0 b=0 l=0 r=1))
>                 b1title("`b1_title'", size(2))
>                 b2title("{bf:`b2_title'}", size(3) margin(t=1 b=0 l=0 r=0))
>                 name(`r'a, replace);
 24.                 graph save "`r'a" "$EXPORTPATH/`suffix'_`str'", replace;
 25.         graph close "`r'a";
 26.         #delimit cr
delimiter now cr
. }
(file /shared/boston_zoning/working_paper/replication_package/analysis/main_mtlines_output/coef_price_both_du.gph not found)
file /shared/boston_zoning/working_paper/replication_package/analysis/main_mtlines_output/coef_price_both_du.gph saved
(file /shared/boston_zoning/working_paper/replication_package/analysis/main_mtlines_output/coef_price_both_duhe.gph not found)
file /shared/boston_zoning/working_paper/replication_package/analysis/main_mtlines_output/coef_price_both_duhe.gph saved
(file /shared/boston_zoning/working_paper/replication_package/analysis/main_mtlines_output/coef_price_both_mfdu.gph not found)
file /shared/boston_zoning/working_paper/replication_package/analysis/main_mtlines_output/coef_price_both_mfdu.gph saved
(file /shared/boston_zoning/working_paper/replication_package/analysis/main_mtlines_output/coef_price_both_mf.gph not found)
file /shared/boston_zoning/working_paper/replication_package/analysis/main_mtlines_output/coef_price_both_mf.gph saved
(file /shared/boston_zoning/working_paper/replication_package/analysis/main_mtlines_output/coef_price_both_mfhe.gph not found)
file /shared/boston_zoning/working_paper/replication_package/analysis/main_mtlines_output/coef_price_both_mfhe.gph saved
(file /shared/boston_zoning/working_paper/replication_package/analysis/main_mtlines_output/coef_price_both_he.gph not found)
file /shared/boston_zoning/working_paper/replication_package/analysis/main_mtlines_output/coef_price_both_he.gph saved
. 
. * combine all
. #delimit ;
delimiter now ;
. graph combine price_du3 price_duhe3 price_mfdu3 price_mf3 price_mfhe3 price_he3,
>         rows(3) cols(2) ysize() xsize() iscale() imargin(0)
>         graphregion(fc(white) lcolor(white))
>         l1title("{bf:`l1_title'}", size(3) margin(t=0 b=0 l=0 r=1))
>         b1title("`b1_title'", size(2))
>         b2title("{bf:`b2_title'}", size(3) margin(t=1 b=0 l=0 r=0))
>         name("final_graph", replace);
(note:  named style 0 not found in class margin, default attributes used)
(note:  named style 0 not found in class margin, default attributes used)
(note:  named style 0 not found in class margin, default attributes used)
(note:  named style 0 not found in class margin, default attributes used)
(note:  named style 0 not found in class margin, default attributes used)
(note:  named style 0 not found in class margin, default attributes used)
.                 graph save "final_graph" "$EXPORTPATH/`suffix'_all", replace;
(file /shared/boston_zoning/working_paper/replication_package/analysis/main_mtlines_output/coef_price_both_all.gph not found)
file /shared/boston_zoning/working_paper/replication_package/analysis/main_mtlines_output/coef_price_both_all.gph saved
. #delimit cr     
delimiter now cr
. }

. 
. eststo clear

. graph close _all

. 
. 
. ********************************************************************************
. ** Part 5: Land prices
. * Part 5a: Land prices, baseline
. ********************************************************************************
. ** regressions
. 
. gen log_land = log(assd_landval)
(96,863 missing values generated)

. 
. *per squarefoot price of land 
. gen land_per_sqft = assd_landval/lot_sizesqft
(74,483 missing values generated)

. gen log_land_per_sqft = log(land_per_sqft)
(96,885 missing values generated)

. 
. * set regression conditions
. local regression_conditions (year>=2010 & year<=2018) & (dist_both<=0.21 & dist_both>=-0.2) & res_typex != "Condominiums" & assd_landval !=0

. 
. * Part 5a: Land value w/o characteristics
. quietly eststo land_du: reg log_land_per_sqft ib26.dist3 i.lam_seg i.year if only_du==1 & `regression_conditions', vce(cluster lam_seg)

. sum land_per_sqft if only_du == 1 & (year>=2010 & year<=2018) & (dist_both<=0.02 & dist_both>0) & res_typex != "Condominiums" & assd_landval !=0

    Variable |        Obs        Mean    Std. dev.       Min        Max
-------------+---------------------------------------------------------
land_per_s~t |     39,988     34.4532    49.86635   .1623818   690.2959

. sum land_per_sqft if only_du == 1 & (year>=2010 & year<=2018) & (dist_both<=0 & dist_both>-0.02) & res_typex != "Condominiums" & assd_landval !=0

    Variable |        Obs        Mean    Std. dev.       Min        Max
-------------+---------------------------------------------------------
land_per_s~t |     31,103    36.81046     56.2698   .2724091   773.2432

.         
. quietly eststo land_duhe: reg log_land_per_sqft ib26.dist3 i.lam_seg i.year if du_he == 1 & `regression_conditions', vce(cluster lam_seg)

. sum land_per_sqft if du_he == 1 & (year>=2010 & year<=2018) & (dist_both<=0.02 & dist_both>0) & res_typex != "Condominiums" & assd_landval !=0

    Variable |        Obs        Mean    Std. dev.       Min        Max
-------------+---------------------------------------------------------
land_per_s~t |      4,917    69.19626    118.4393   2.095024   1381.656

. sum land_per_sqft if du_he == 1 & (year>=2010 & year<=2018) & (dist_both<=0 & dist_both>-0.02) & res_typex != "Condominiums" & assd_landval !=0

    Variable |        Obs        Mean    Std. dev.       Min        Max
-------------+---------------------------------------------------------
land_per_s~t |      6,312    64.99381    68.75278   2.890007   639.5707

. 
. quietly eststo land_mfdu: reg log_land_per_sqft ib26.dist3 i.lam_seg i.year if  mf_du == 1 & `regression_conditions', vce(cluster lam_seg)

. sum land_per_sqft if mf_du == 1 & (year>=2010 & year<=2018) & (dist_both<=0.02 & dist_both>0) & res_typex != "Condominiums" & assd_landval !=0

    Variable |        Obs        Mean    Std. dev.       Min        Max
-------------+---------------------------------------------------------
land_per_s~t |     17,892    27.83056    18.65687   .5035518   193.6128

. sum land_per_sqft if mf_du == 1 & (year>=2010 & year<=2018) & (dist_both<=0 & dist_both>-0.02) & res_typex != "Condominiums" & assd_landval !=0

    Variable |        Obs        Mean    Std. dev.       Min        Max
-------------+---------------------------------------------------------
land_per_s~t |     17,689    25.99996    16.47539    .459139   215.4545

. 
. quietly eststo land_mf: reg log_land_per_sqft ib26.dist3 i.lam_seg i.year if only_mf== 1 & `regression_conditions', vce(cluster lam_seg)

. sum land_per_sqft if only_mf == 1 & (year>=2010 & year<=2018) & (dist_both<=0.02 & dist_both>0) & res_typex != "Condominiums" & assd_landval !=0

    Variable |        Obs        Mean    Std. dev.       Min        Max
-------------+---------------------------------------------------------
land_per_s~t |      3,519    42.44421    19.92256   1.317285   140.9236

. sum land_per_sqft if only_mf == 1 & (year>=2010 & year<=2018) & (dist_both<=0 & dist_both>-0.02) & res_typex != "Condominiums" & assd_landval !=0

    Variable |        Obs        Mean    Std. dev.       Min        Max
-------------+---------------------------------------------------------
land_per_s~t |      3,583    38.12184    18.30166   .8942092   134.8095

. 
. quietly eststo land_mfhe: reg log_land_per_sqft ib26.dist3 i.lam_seg i.year if mf_he == 1 & `regression_conditions', vce(cluster lam_seg)

. sum land_per_sqft if mf_he == 1 & (year>=2010 & year<=2018) & (dist_both<=0.02 & dist_both>0) & res_typex != "Condominiums" & assd_landval !=0

    Variable |        Obs        Mean    Std. dev.       Min        Max
-------------+---------------------------------------------------------
land_per_s~t |      1,086    28.73088    24.27646   1.307316   135.2349

. sum land_per_sqft if mf_he == 1 & (year>=2010 & year<=2018) & (dist_both<=0 & dist_both>-0.02) & res_typex != "Condominiums" & assd_landval !=0

    Variable |        Obs        Mean    Std. dev.       Min        Max
-------------+---------------------------------------------------------
land_per_s~t |      1,163     38.3403    29.15542   3.044615   177.6728

. 
. quietly eststo land_he: reg log_land_per_sqft ib26.dist3 i.lam_seg i.year if only_he == 1 & `regression_conditions', vce(cluster lam_seg)

. sum land_per_sqft if only_he == 1 & (year>=2010 & year<=2018) & (dist_both<=0.02 & dist_both>0) & res_typex != "Condominiums" & assd_landval !=0

    Variable |        Obs        Mean    Std. dev.       Min        Max
-------------+---------------------------------------------------------
land_per_s~t |      2,530    56.11756     79.5699   .5715992   1232.231

. sum land_per_sqft if only_he == 1 & (year>=2010 & year<=2018) & (dist_both<=0 & dist_both>-0.02) & res_typex != "Condominiums" & assd_landval !=0

    Variable |        Obs        Mean    Std. dev.       Min        Max
-------------+---------------------------------------------------------
land_per_s~t |      2,127    59.74243     66.8604   1.015679    1271.36

.         
. esttab land_du land_duhe land_mfdu land_mf land_mfhe land_he, ///
>         se r2 indicate("Boundary f.e.=*lam_seg" "Year f.e.=*year") interaction(" X ") ///
>         label mtitles("land_du" "land_duhe" "land_mfdu" "land_mf" "land_mfhe" "land_he") ///
>         title("Land price per squarefoot baseline") 

Land price per squarefoot baseline
--------------------------------------------------------------------------------------------------------------------
                              (1)             (2)             (3)             (4)             (5)             (6)   
                          land_du       land_duhe       land_mfdu         land_mf       land_mfhe         land_he   
--------------------------------------------------------------------------------------------------------------------
-.2                        -0.274***       -0.165          -0.171***      -0.0578         -0.0904          -0.778   
                         (0.0333)        (0.0999)        (0.0398)        (0.0858)        (0.0537)         (0.404)   

-.18                       -0.241***       -0.111          -0.199***        0.162           0.112          -0.646*  
                         (0.0333)        (0.0662)        (0.0437)         (0.272)         (0.178)         (0.302)   

-.16                       -0.207***      -0.0915          -0.176***       -0.132         -0.0354          -0.682   
                         (0.0348)        (0.0575)        (0.0381)        (0.0673)         (0.221)         (0.420)   

-.14                       -0.225***      -0.0246          -0.180***       0.0175           0.105          -0.100   
                         (0.0332)        (0.0617)        (0.0397)        (0.0884)         (0.101)        (0.0864)   

-.12                       -0.222***      -0.0786          -0.135***      -0.0444          0.0186          -0.120   
                         (0.0295)        (0.0578)        (0.0342)        (0.0641)         (0.112)         (0.114)   

-.1                        -0.216***     -0.00411          -0.133***      -0.0418         -0.0932          -0.269   
                         (0.0326)        (0.0721)        (0.0300)        (0.0743)        (0.0923)         (0.221)   

-.08                       -0.225***      -0.0499          -0.117***      -0.0811          0.0142         -0.0463   
                         (0.0269)        (0.0546)        (0.0292)        (0.0639)        (0.0781)        (0.0714)   

-.06                       -0.200***      -0.0598          -0.153***      -0.0525          0.0710           0.203*  
                         (0.0273)        (0.0373)        (0.0387)        (0.0548)        (0.0671)        (0.0988)   

-.04                       -0.156***      -0.0537         -0.0662**       -0.0251         -0.0452           0.213***
                         (0.0220)        (0.0345)        (0.0220)        (0.0573)        (0.0511)        (0.0602)   

-.02                       -0.167***      -0.0265         -0.0668**       -0.0800          0.0754           0.103   
                         (0.0250)        (0.0391)        (0.0209)        (0.0474)        (0.0667)        (0.0657)   

0                               0               0               0               0               0               0   
                              (.)             (.)             (.)             (.)             (.)             (.)   

.02                        0.0295          0.0120         -0.0324           0.116**        0.0541          -0.105*  
                         (0.0171)        (0.0315)        (0.0279)        (0.0392)         (0.165)        (0.0418)   

.04                        0.0648***       0.0982          0.0216          0.0974          0.0544         -0.0998*  
                         (0.0190)        (0.0750)        (0.0263)        (0.0546)        (0.0609)        (0.0413)   

.06                        0.0972***        0.101          0.0628*         0.0816           0.287          -0.129*  
                         (0.0200)        (0.0628)        (0.0303)        (0.0649)         (0.158)        (0.0515)   

.08                         0.112***        0.113           0.111**        0.0773           0.185          -0.141*  
                         (0.0222)        (0.0654)        (0.0339)        (0.0668)         (0.198)        (0.0577)   

.1                          0.112***        0.138*          0.139***        0.176*         0.0716          -0.169** 
                         (0.0259)        (0.0599)        (0.0402)        (0.0692)        (0.0787)        (0.0621)   

.12                         0.135***       0.0285           0.110**         0.136          0.0955          -0.247** 
                         (0.0294)        (0.0517)        (0.0403)        (0.0783)         (0.107)        (0.0800)   

.14                         0.124***      -0.0979           0.174***        0.222*         0.0811          -0.234** 
                         (0.0304)        (0.0992)        (0.0412)        (0.0903)         (0.109)        (0.0813)   

.16                         0.176***        0.309***        0.131*        -0.0100          0.0756          -0.274** 
                         (0.0326)        (0.0783)        (0.0533)        (0.0815)         (0.103)        (0.0877)   

.18                         0.177***        0.153**         0.141*          0.211*        -0.0540          -0.269***
                         (0.0272)        (0.0470)        (0.0633)        (0.0856)        (0.0737)        (0.0636)   

.2                          0.184***        1.584***        0.207*        -0.0667         -0.0490          -0.117** 
                         (0.0287)        (0.0575)        (0.0854)        (0.0605)        (0.0658)        (0.0401)   

Constant                    2.259***        1.439***        0.292***        2.068***        1.705***        0.578***
                         (0.0256)        (0.0533)        (0.0374)        (0.0387)        (0.0697)        (0.0131)   

Boundary f.e.                 Yes             Yes             Yes             Yes             Yes             Yes   

Year f.e.                     Yes             Yes             Yes             Yes             Yes             Yes   
--------------------------------------------------------------------------------------------------------------------
Observations               381941           40532          154433           20650            6754           21845   
R-squared                   0.794           0.871           0.724           0.815           0.813           0.774   
--------------------------------------------------------------------------------------------------------------------
Standard errors in parentheses
* p<0.05, ** p<0.01, *** p<0.001

.         
. * export table version  
. esttab land_du land_duhe land_mfdu land_mf land_mfhe land_he using "$EXPORTPATH/land_price_table.tex", replace keep(25.dist3) ///
>         se r2 indicate("Boundary f.e.=*lam_seg" "Year f.e.=*year") interaction(" X ") ///
>         label mtitles("land_du" "land_duhe" "land_mfdu" "land_mf" "land_mfhe" "land_he") ///
>         title("Assessed Land Value Per Squarefoot")     
(file /shared/boston_zoning/working_paper/replication_package/analysis/main_mtlines_output/land_price_table.tex not found)
(output written to /shared/boston_zoning/working_paper/replication_package/analysis/main_mtlines_output/land_price_table.tex)

.         
. *robust s.e.
. quietly eststo land_du_robust: reg log_land_per_sqft ib26.dist3 i.lam_seg i.year if only_du==1 & `regression_conditions', vce(robust)

.         
. quietly eststo land_duhe_robust: reg log_land_per_sqft ib26.dist3 i.lam_seg i.year if du_he == 1 & `regression_conditions', vce(robust)

. 
. quietly eststo land_mfdu_robust: reg log_land_per_sqft ib26.dist3 i.lam_seg i.year if  mf_du == 1 & `regression_conditions', vce(robust)

. 
. quietly eststo land_mf_robust: reg log_land_per_sqft ib26.dist3 i.lam_seg i.year if only_mf== 1 & `regression_conditions', vce(robust)

. 
. quietly eststo land_mfhe_robust: reg log_land_per_sqft ib26.dist3 i.lam_seg i.year if mf_he == 1 & `regression_conditions', vce(robust)

. 
. quietly eststo land_he_robust: reg log_land_per_sqft ib26.dist3 i.lam_seg i.year if only_he == 1 & `regression_conditions', vce(robust)

.         //Eli: replaced price_he_robust with land_he_robust
. esttab land_du_robust land_duhe_robust land_mfdu_robust land_mf_robust land_mfhe_robust land_he_robust, ///
>         se r2 indicate("Boundary f.e.=*lam_seg" "Year f.e.=*year") interaction(" X ") ///
>         label mtitles("land_du" "land_duhe" "land_mfdu" "land_mf" "land_mfhe" "land_he") ///
>         title("Land Price baseline, robust s.e.")       

Land Price baseline, robust s.e.
--------------------------------------------------------------------------------------------------------------------
                              (1)             (2)             (3)             (4)             (5)             (6)   
                          land_du       land_duhe       land_mfdu         land_mf       land_mfhe         land_he   
--------------------------------------------------------------------------------------------------------------------
-.2                        -0.274***       -0.165***       -0.171***      -0.0578**       -0.0904*         -0.778***
                        (0.00649)        (0.0180)       (0.00990)        (0.0182)        (0.0368)         (0.100)   

-.18                       -0.241***       -0.111***       -0.199***        0.162***        0.112*         -0.646***
                        (0.00591)        (0.0179)       (0.00780)        (0.0431)        (0.0469)         (0.107)   

-.16                       -0.207***      -0.0915***       -0.176***       -0.132***      -0.0354          -0.682***
                        (0.00650)        (0.0141)       (0.00795)        (0.0197)        (0.0513)        (0.0973)   

-.14                       -0.225***      -0.0246          -0.180***       0.0175           0.105***       -0.100   
                        (0.00568)        (0.0132)       (0.00748)        (0.0199)        (0.0231)        (0.0561)   

-.12                       -0.222***      -0.0786***       -0.135***      -0.0444**        0.0186          -0.120***
                        (0.00495)        (0.0111)       (0.00663)        (0.0146)        (0.0241)        (0.0360)   

-.1                        -0.216***     -0.00411          -0.133***      -0.0418*        -0.0932**        -0.269***
                        (0.00471)        (0.0110)       (0.00548)        (0.0189)        (0.0298)        (0.0271)   

-.08                       -0.225***      -0.0499***       -0.117***      -0.0811***       0.0142         -0.0463*  
                        (0.00438)       (0.00978)       (0.00495)        (0.0126)        (0.0265)        (0.0230)   

-.06                       -0.200***      -0.0598***       -0.153***      -0.0525***       0.0710**         0.203***
                        (0.00387)       (0.00928)       (0.00515)        (0.0104)        (0.0238)        (0.0220)   

-.04                       -0.156***      -0.0537***      -0.0662***      -0.0251         -0.0452*          0.213***
                        (0.00364)       (0.00833)       (0.00431)        (0.0163)        (0.0221)        (0.0157)   

-.02                       -0.167***      -0.0265***      -0.0668***      -0.0800***       0.0754***        0.103***
                        (0.00367)       (0.00781)       (0.00416)       (0.00846)        (0.0152)        (0.0133)   

0                               0               0               0               0               0               0   
                              (.)             (.)             (.)             (.)             (.)             (.)   

.02                        0.0295***       0.0120         -0.0324***        0.116***       0.0541*         -0.105***
                        (0.00337)       (0.00982)       (0.00452)       (0.00893)        (0.0238)        (0.0126)   

.04                        0.0648***       0.0982***       0.0216***       0.0974***       0.0544         -0.0998***
                        (0.00358)        (0.0132)       (0.00501)        (0.0129)        (0.0356)        (0.0125)   

.06                        0.0972***        0.101***       0.0628***       0.0816***        0.287***       -0.129***
                        (0.00369)        (0.0127)       (0.00582)        (0.0158)        (0.0274)        (0.0128)   

.08                         0.112***        0.113***        0.111***       0.0773***        0.185***       -0.141***
                        (0.00382)        (0.0152)       (0.00609)        (0.0191)        (0.0306)        (0.0143)   

.1                          0.112***        0.138***        0.139***        0.176***       0.0716*         -0.169***
                        (0.00439)        (0.0164)       (0.00755)        (0.0193)        (0.0356)        (0.0160)   

.12                         0.135***       0.0285           0.110***        0.136***       0.0955*         -0.247***
                        (0.00434)        (0.0172)       (0.00790)        (0.0175)        (0.0388)        (0.0184)   

.14                         0.124***      -0.0979**         0.174***        0.222***       0.0811***       -0.234***
                        (0.00468)        (0.0374)       (0.00815)        (0.0225)        (0.0233)        (0.0148)   

.16                         0.176***        0.309***        0.131***      -0.0100          0.0756          -0.274***
                        (0.00512)        (0.0312)        (0.0107)        (0.0272)        (0.0386)        (0.0158)   

.18                         0.177***        0.153*          0.141***        0.211***      -0.0540*         -0.269***
                        (0.00529)        (0.0619)        (0.0108)        (0.0420)        (0.0260)        (0.0136)   

.2                          0.184***        1.584***        0.207***      -0.0667         -0.0490          -0.117***
                        (0.00737)        (0.0349)        (0.0155)        (0.0353)        (0.0270)        (0.0220)   

Constant                    2.259***        1.439***        0.292***        2.068***        1.705***        0.578*  
                         (0.0545)        (0.0326)        (0.0326)        (0.0195)        (0.0295)         (0.250)   

Boundary f.e.                 Yes             Yes             Yes             Yes             Yes             Yes   

Year f.e.                     Yes             Yes             Yes             Yes             Yes             Yes   
--------------------------------------------------------------------------------------------------------------------
Observations               381941           40532          154433           20650            6754           21845   
R-squared                   0.794           0.871           0.724           0.815           0.813           0.774   
--------------------------------------------------------------------------------------------------------------------
Standard errors in parentheses
* p<0.05, ** p<0.01, *** p<0.001

.         
. ** coefplots
. * coefplots, sales prices w/o characteristics
. {
. local plot_list land_du land_duhe land_mfdu land_mf land_mfhe land_he
. local suffix "coef_land_base"
. local l1_title "Log Land Price Per Squarefoot"
. local b1_title "<- More restrictive  |  Less restrictive ->"
. local b2_title "Distance to Boundary (miles)"
. 
. foreach r in `plot_list'{
  2.         
.         local pos = ustrpos("`r'", "_") + 1
  3.         local str = substr("`r'", `pos', .)
  4. 
.         if "`str'" == "du" {
  5.                 local title "Only DUPAC Changes"
  6.         }
  7.         
.         if "`str'" == "duhe" {
  8.                 local title "DUPAC and Height Change"
  9.         }
 10. 
.         if "`str'" == "mfdu" {
 11.                 local title "MF Allowed and DUPAC Change"
 12.         }
 13.         
.         if "`str'" == "mf" {
 14.                 local title "Only MF Allowed Changes"
 15.         }
 16.         
.         if "`str'" == "mfhe" {
 17.                 local title "MF Allowed and Height Change"
 18.         }
 19.         
.         if "`str'" == "he" {
 20.                 local title "Only Height Changes"
 21.         }
 22.         
.         * coefplots
.         #delimit;
delimiter now ;
.         coefplot 
>                 /* relaxed side graphing variables */
>                 (`r', keep(16.dist3 17.dist3 18.dist3 19.dist3 20.dist3 21.dist3 22.dist3 23.dist3 24.dist3 25.dist3) 
>                         recast(line) color(midblue) 
>                         ciopts(recast(rarea) color(midblue%30) lwidth(none))
>                         )
>                 
>                 /* strict side graphing variables */
>                 (`r', keep(26.dist3 27.dist3 28.dist3 29.dist3 30.dist3 31.dist3 32.dist3 33.dist3 34.dist3 35.dist3) 
>                         recast(line) color(maroon)
>                         ciopts(recast(rarea) color(maroon%30) lwidth(none))
>                         ),
> 
>                 /* plot region */
>                 vertical levels(95) baselevels offset(0)
>                 graphregion(fc(white) lcolor(white)) plotregion(fc(white) lcolor(white))
> 
>                 xline(10.5, lpattern(dash) lwidth(thin) lcolor(black))
>                 yline(0, lpattern(dash) lwidth(thin) lcolor(black))
> 
>                 /* titles, subtitles, notes */          
>                 title("{bf:`title'}", size(3) pos(12) margin(t=0 b=0 l=0 r=0) span)
> 
>                 /* axis titles and labels */            
>                 ylabel(, labsize(4) gmin gmax) ymtick() 
>                 
>                 xlabel(1 "-.20" 2 "-.18" 3 "-.16" 4 "-.14" 5 "-.12" 6 "-.10" 7 "-.08" 8 "-.06" 9 "-.04" 10 "-.02" 10.5 "0"
>                         11 ".02" 12 ".04" 13 ".06" 14 ".08" 15 ".10" 16 ".12" 17 ".14" 18 ".16" 19 ".18" 20 ".20", labsize(3) angle(45) gmax)
>                         
>                 /* legend */
>                 legend(off position(6) 
>                         order()
>                         symy(2) symx(3) 
>                         rows(1) cols() size(2) 
>                         nobox fcolor()
>                         region(fcolor(none) lpattern(blank))
>                         margin(t=1 b=1 l=0 r=0)span)
>                 name(`r', replace) ;
 23.                         graph combine `r',
>                 graphregion(fc(white) lcolor(white))
>                 l1title("{bf:`l1_title'}", size(3) margin(t=0 b=0 l=0 r=1))
>                 b1title("`b1_title'", size(2))
>                 b2title("{bf:`b2_title'}", size(3) margin(t=1 b=0 l=0 r=0))
>                 name(`r'a, replace);
 24.                 graph save "`r'a" "$EXPORTPATH/`suffix'_`str'", replace;
 25.         graph close "`r'a";
 26.         #delimit cr
delimiter now cr
. }
(file /shared/boston_zoning/working_paper/replication_package/analysis/main_mtlines_output/coef_land_base_du.gph not found)
file /shared/boston_zoning/working_paper/replication_package/analysis/main_mtlines_output/coef_land_base_du.gph saved
(file /shared/boston_zoning/working_paper/replication_package/analysis/main_mtlines_output/coef_land_base_duhe.gph not found)
file /shared/boston_zoning/working_paper/replication_package/analysis/main_mtlines_output/coef_land_base_duhe.gph saved
(file /shared/boston_zoning/working_paper/replication_package/analysis/main_mtlines_output/coef_land_base_mfdu.gph not found)
file /shared/boston_zoning/working_paper/replication_package/analysis/main_mtlines_output/coef_land_base_mfdu.gph saved
(file /shared/boston_zoning/working_paper/replication_package/analysis/main_mtlines_output/coef_land_base_mf.gph not found)
file /shared/boston_zoning/working_paper/replication_package/analysis/main_mtlines_output/coef_land_base_mf.gph saved
(file /shared/boston_zoning/working_paper/replication_package/analysis/main_mtlines_output/coef_land_base_mfhe.gph not found)
file /shared/boston_zoning/working_paper/replication_package/analysis/main_mtlines_output/coef_land_base_mfhe.gph saved
(file /shared/boston_zoning/working_paper/replication_package/analysis/main_mtlines_output/coef_land_base_he.gph not found)
file /shared/boston_zoning/working_paper/replication_package/analysis/main_mtlines_output/coef_land_base_he.gph saved
. 
. * combine all
. #delimit ;
delimiter now ;
. graph combine land_du land_duhe land_mfdu land_mf land_mfhe land_he,
>         rows(3) cols(2) ysize() xsize() iscale() imargin(0)
>         graphregion(fc(white) lcolor(white))
>         l1title("{bf:`l1_title'}", size(3) margin(t=0 b=0 l=0 r=1))
>         b1title("`b1_title'", size(2))
>         b2title("{bf:`b2_title'}", size(3) margin(t=1 b=0 l=0 r=0))
>         name("final_graph", replace);
(note:  named style 0 not found in class margin, default attributes used)
(note:  named style 0 not found in class margin, default attributes used)
(note:  named style 0 not found in class margin, default attributes used)
(note:  named style 0 not found in class margin, default attributes used)
(note:  named style 0 not found in class margin, default attributes used)
(note:  named style 0 not found in class margin, default attributes used)
.                 graph save "final_graph" "$EXPORTPATH/`suffix'_all", replace;
(file /shared/boston_zoning/working_paper/replication_package/analysis/main_mtlines_output/coef_land_base_all.gph not found)
file /shared/boston_zoning/working_paper/replication_package/analysis/main_mtlines_output/coef_land_base_all.gph saved
. #delimit cr     
delimiter now cr
. }

. 
. eststo clear

. graph close _all

. 
. 
. ********************************************************************************
. ** Part 6: Rents
. * Part 6a: Rents, baseline
. * Part 6b: Rents, w/ characteristics
. ********************************************************************************
. ** regressions
. * set regression conditions
. local regression_conditions (year>=2010 & year<=2018) & (dist_both<=0.21 & dist_both>=-0.2) & res_typex != "Condominiums"

. 
. * Part 5a: Rents w/o characteristics
. quietly eststo rent_du: reg log_mfrent ib26.dist3 i.lam_seg i.year if only_du==1 & `regression_conditions', vce(cluster lam_seg)

. sum comb_rent2 if only_du == 1 & (year>=2010 & year<=2018) & (dist_both<=0.02 & dist_both>0) & res_typex != "Condominiums" & comb_rent2>0

    Variable |        Obs        Mean    Std. dev.       Min        Max
-------------+---------------------------------------------------------
  comb_rent2 |      7,886    1410.349    737.3632   26.94084   4986.459

. sum comb_rent2 if only_du == 1 & (year>=2010 & year<=2018) & (dist_both<=0 & dist_both>-0.02) & res_typex != "Condominiums" & comb_rent2>0

    Variable |        Obs        Mean    Std. dev.       Min        Max
-------------+---------------------------------------------------------
  comb_rent2 |      7,162    1509.583    789.8579   20.47254   4994.965

.         
. quietly eststo rent_duhe: reg log_mfrent ib26.dist3 i.lam_seg i.year if du_he == 1 & `regression_conditions', vce(cluster lam_seg)

. sum comb_rent2 if du_he == 1 & (year>=2010 & year<=2018) & (dist_both<=0.02 & dist_both>0) & res_typex != "Condominiums" & comb_rent2>0

    Variable |        Obs        Mean    Std. dev.       Min        Max
-------------+---------------------------------------------------------
  comb_rent2 |      2,885    1196.015    806.9506   116.5614   4994.113

. sum comb_rent2 if du_he == 1 & (year>=2010 & year<=2018) & (dist_both<=0 & dist_both>-0.02) & res_typex != "Condominiums" & comb_rent2>0

    Variable |        Obs        Mean    Std. dev.       Min        Max
-------------+---------------------------------------------------------
  comb_rent2 |      3,573    1337.656    797.7988   25.10605   4993.777

. 
. quietly eststo rent_he: reg log_mfrent ib26.dist3 i.lam_seg i.year if only_he == 1 & `regression_conditions', vce(cluster lam_seg)

. sum comb_rent2 if only_he == 1 & (year>=2010 & year<=2018) & (dist_both<=0.02 & dist_both>0) & res_typex != "Condominiums" & comb_rent2>0

    Variable |        Obs        Mean    Std. dev.       Min        Max
-------------+---------------------------------------------------------
  comb_rent2 |        412    1116.156    672.3269   191.5127   4571.508

. sum comb_rent2 if only_he == 1 & (year>=2010 & year<=2018) & (dist_both<=0 & dist_both>-0.02) & res_typex != "Condominiums" & comb_rent2>0

    Variable |        Obs        Mean    Std. dev.       Min        Max
-------------+---------------------------------------------------------
  comb_rent2 |        533    944.5037    370.3408   216.5848   2428.172

.         
. esttab rent_du rent_duhe rent_he, se r2 ///
>         indicate("Boundary f.e.=*lam_seg" "Year f.e.=*year") interaction(" X ") ///
>         label mtitles("rent_du" "rent_duhe" "rent_he") ///
>         title("Rents, baseline") 

Rents, baseline
--------------------------------------------------------------------
                              (1)             (2)             (3)   
                          rent_du       rent_duhe         rent_he   
--------------------------------------------------------------------
-.2                         0.165**         0.199***       -0.126   
                         (0.0614)        (0.0558)         (0.131)   

-.18                       0.0982*         0.0878          -0.307** 
                         (0.0384)        (0.0598)        (0.0900)   

-.16                       0.0712           0.129          -0.244***
                         (0.0621)        (0.0719)        (0.0647)   

-.14                        0.203***        0.181*          0.123*  
                         (0.0496)        (0.0739)        (0.0547)   

-.12                        0.135***        0.171**         0.130*  
                         (0.0328)        (0.0620)        (0.0571)   

-.1                        0.0898**        0.0497           0.109   
                         (0.0285)        (0.0539)        (0.0875)   

-.08                       0.0700**         0.107           0.174** 
                         (0.0255)        (0.0582)        (0.0529)   

-.06                       0.0812*         0.0783           0.138   
                         (0.0324)        (0.0620)        (0.0757)   

-.04                       0.0558*         0.0762           0.144*  
                         (0.0270)        (0.0642)        (0.0645)   

-.02                       0.0686**        0.0418          0.0190   
                         (0.0252)        (0.0570)        (0.0700)   

0                               0               0               0   
                              (.)             (.)             (.)   

.02                       -0.0207        -0.00250        -0.00566   
                         (0.0262)        (0.0461)        (0.0620)   

.04                       -0.0834*         -0.109          0.0229   
                         (0.0382)        (0.0641)        (0.0998)   

.06                       -0.0351         -0.0478          0.0427   
                         (0.0340)        (0.0774)        (0.0541)   

.08                        0.0141         -0.0424          -0.302***
                         (0.0259)        (0.0940)        (0.0823)   

.1                        0.00207          -0.115          -0.331***
                         (0.0331)        (0.0660)        (0.0819)   

.12                       -0.0281         -0.0835          -0.180   
                         (0.0267)        (0.0702)         (0.270)   

.14                        0.0469           0.250           0.107   
                         (0.0451)         (0.208)         (0.106)   

.16                       0.00577           0.260           0.309   
                         (0.0419)         (0.160)         (0.266)   

.18                       0.00794                                   
                         (0.0651)                                   

.2                         -0.143                                   
                         (0.0921)                                   

Constant                    6.414***        6.489***        7.116***
                         (0.0326)        (0.0535)        (0.0676)   

Boundary f.e.                 Yes             Yes             Yes   

Year f.e.                     Yes             Yes             Yes   
--------------------------------------------------------------------
Observations                50374           21925            3609   
R-squared                   0.642           0.620           0.641   
--------------------------------------------------------------------
Standard errors in parentheses
* p<0.05, ** p<0.01, *** p<0.001

.         
. *robust s.e.
. quietly eststo rent_du_robust: reg log_mfrent ib26.dist3 i.lam_seg i.year if only_du==1 & `regression_conditions', vce(robust)

.         
. quietly eststo rent_duhe_robust: reg log_mfrent ib26.dist3 i.lam_seg i.year if du_he == 1 & `regression_conditions', vce(robust)

. 
. quietly eststo rent_he_robust: reg log_mfrent ib26.dist3 i.lam_seg i.year if only_he == 1 & `regression_conditions', vce(robust)

.         
. esttab rent_du_robust rent_duhe_robust rent_he_robust, se r2 ///
>         indicate("Boundary f.e.=*lam_seg" "Year f.e.=*year") interaction(" X ") ///
>         label mtitles("rent_du" "rent_duhe" "rent_he") ///
>         title("Rents, baseline, robust s.e.") 

Rents, baseline, robust s.e.
--------------------------------------------------------------------
                              (1)             (2)             (3)   
                          rent_du       rent_duhe         rent_he   
--------------------------------------------------------------------
-.2                         0.165***        0.199***       -0.126   
                         (0.0201)        (0.0154)        (0.0737)   

-.18                       0.0982***       0.0878***       -0.307***
                         (0.0174)        (0.0183)        (0.0475)   

-.16                       0.0712***        0.129***       -0.244***
                         (0.0150)        (0.0162)        (0.0560)   

-.14                        0.203***        0.181***        0.123** 
                         (0.0128)        (0.0153)        (0.0473)   

-.12                        0.135***        0.171***        0.130***
                         (0.0123)        (0.0141)        (0.0341)   

-.1                        0.0898***       0.0497***        0.109***
                        (0.00953)        (0.0133)        (0.0327)   

-.08                       0.0700***        0.107***        0.174***
                        (0.00768)        (0.0118)        (0.0269)   

-.06                       0.0812***       0.0783***        0.138***
                        (0.00765)        (0.0139)        (0.0280)   

-.04                       0.0558***       0.0762***        0.144***
                        (0.00697)        (0.0131)        (0.0289)   

-.02                       0.0686***       0.0418***       0.0190   
                        (0.00633)        (0.0104)        (0.0257)   

0                               0               0               0   
                              (.)             (.)             (.)   

.02                       -0.0207**      -0.00250        -0.00566   
                        (0.00705)        (0.0122)        (0.0260)   

.04                       -0.0834***       -0.109***       0.0229   
                        (0.00885)        (0.0168)        (0.0325)   

.06                       -0.0351***      -0.0478*         0.0427   
                        (0.00977)        (0.0196)        (0.0295)   

.08                        0.0141         -0.0424          -0.302***
                        (0.00840)        (0.0247)        (0.0454)   

.1                        0.00207          -0.115***       -0.331***
                         (0.0102)        (0.0235)        (0.0410)   

.12                       -0.0281**       -0.0835***       -0.180*  
                        (0.00944)        (0.0234)        (0.0790)   

.14                        0.0469**         0.250***        0.107   
                         (0.0147)        (0.0658)         (0.104)   

.16                       0.00577           0.260**         0.309***
                         (0.0128)        (0.0814)        (0.0894)   

.18                       0.00794                                   
                         (0.0211)                                   

.2                         -0.143***                                
                         (0.0285)                                   

Constant                    6.414***        6.489***        7.116***
                         (0.0424)        (0.0270)        (0.0970)   

Boundary f.e.                 Yes             Yes             Yes   

Year f.e.                     Yes             Yes             Yes   
--------------------------------------------------------------------
Observations                50374           21925            3609   
R-squared                   0.642           0.620           0.641   
--------------------------------------------------------------------
Standard errors in parentheses
* p<0.05, ** p<0.01, *** p<0.001

.         
.         
. * Part 5b: Rents w/ characteristics
. quietly eststo rent_du2: reg log_mfrent ib26.dist3 i.lam_seg i.year $char_vars if only_du==1 & `regression_conditions', vce(cluster lam_seg)

.         
. quietly eststo rent_duhe2: reg log_mfrent ib26.dist3 i.lam_seg i.year $char_vars if du_he == 1 & `regression_conditions', vce(cluster lam_seg)

. 
. quietly eststo rent_he2: reg log_mfrent ib26.dist3 i.lam_seg i.year $char_vars if only_he == 1 & `regression_conditions', vce(cluster lam_seg)

.         
. esttab rent_du2 rent_duhe2 rent_he2, se r2 ///
>         indicate("Boundary f.e.=*lam_seg" "Year f.e.=*year") interaction(" X ") ///
>         label mtitles("rent_du" "rent_duhe" "rent_he") ///
>         title("Rents, w/ characteristics") 

Rents, w/ characteristics
--------------------------------------------------------------------
                              (1)             (2)             (3)   
                          rent_du       rent_duhe         rent_he   
--------------------------------------------------------------------
-.2                        0.0814           0.141*         -0.340***
                         (0.0626)        (0.0582)        (0.0878)   

-.18                       0.0578          0.0202          -0.191   
                         (0.0351)        (0.0518)         (0.161)   

-.16                       0.0148          0.0668          -0.387***
                         (0.0665)        (0.0568)         (0.109)   

-.14                        0.170**         0.160*      -0.000496   
                         (0.0541)        (0.0705)        (0.0976)   

-.12                        0.110***        0.139**         0.142*  
                         (0.0251)        (0.0464)        (0.0635)   

-.1                        0.0528          0.0267           0.108   
                         (0.0309)        (0.0361)        (0.0630)   

-.08                       0.0213          0.0629          0.0493   
                         (0.0226)        (0.0391)        (0.0548)   

-.06                       0.0357          0.0472           0.115*  
                         (0.0256)        (0.0365)        (0.0572)   

-.04                       0.0212          0.0884**         0.136*  
                         (0.0254)        (0.0302)        (0.0576)   

-.02                       0.0202          0.0359         0.00443   
                         (0.0225)        (0.0356)        (0.0476)   

0                               0               0               0   
                              (.)             (.)             (.)   

.02                       -0.0278         0.00759         -0.0279   
                         (0.0237)        (0.0298)        (0.0560)   

.04                       -0.0731*         -0.125**        0.0259   
                         (0.0307)        (0.0440)        (0.0735)   

.06                       -0.0234         -0.0877          0.0873   
                         (0.0268)        (0.0550)        (0.0982)   

.08                        0.0117          -0.123**        -0.323***
                         (0.0234)        (0.0393)        (0.0794)   

.1                        -0.0253         -0.0902          -0.289***
                         (0.0317)        (0.0499)        (0.0793)   

.12                       -0.0402          -0.150***        0.119   
                         (0.0276)        (0.0426)         (0.282)   

.14                       0.00716         -0.0759           0.288   
                         (0.0417)         (0.176)         (0.160)   

.16                       -0.0144          0.0435           0.494   
                         (0.0426)        (0.0826)         (0.266)   

.18                        0.0105                                   
                         (0.0674)                                   

.2                         -0.130                                   
                         (0.0892)                                   

Original Year in W~             0                                   
                              (.)                                   

Original Year in W~       -0.0627                                   
                          (0.288)                                   

Original Year in W~        -0.910**                                 
                          (0.298)                                   

Original Year in W~        -0.416                                   
                          (0.291)                                   

Original Year in W~        -0.792**                         0.395** 
                          (0.291)                         (0.115)   

Original Year in W~        -0.282                           1.421***
                          (0.290)                         (0.134)   

Original Year in W~         0.128                                   
                          (0.292)                                   

Original Year in W~         0.327                           0.189   
                          (0.289)                         (0.106)   

Original Year in W~         0.563                                   
                          (0.289)                                   

Original Year in W~        -0.540                                   
                          (0.294)                                   

Original Year in W~        -0.261               0           0.234*  
                          (0.286)             (.)        (0.0962)   

Original Year in W~        -0.213                                   
                          (0.286)                                   

Original Year in W~        -0.227                                   
                          (0.287)                                   

Original Year in W~        -0.158                                   
                          (0.299)                                   

Original Year in W~             0                                   
                              (.)                                   

Original Year in W~        -0.118                                   
                          (0.290)                                   

Original Year in W~             0                                   
                              (.)                                   

Original Year in W~        0.0134                                   
                          (0.310)                                   

Original Year in W~        -0.385                                   
                          (0.294)                                   

Original Year in W~        -0.209                           0.354** 
                          (0.313)                         (0.111)   

Original Year in W~        -0.317          -0.262**                 
                          (0.286)        (0.0935)                   

Original Year in W~        0.0724                                   
                          (0.298)                                   

Original Year in W~        -0.197          -0.421***        0.273*  
                          (0.304)         (0.104)         (0.134)   

Original Year in W~        -0.137                                   
                          (0.289)                                   

Original Year in W~        -0.231                                   
                          (0.321)                                   

Original Year in W~       -0.0669                                   
                          (0.287)                                   

Original Year in W~       0.00495                                   
                          (0.289)                                   

Original Year in W~       -0.0518                                   
                          (0.351)                                   

Original Year in W~        -0.147                                   
                          (0.285)                                   

Original Year in W~        -0.456                                   
                          (0.286)                                   

Original Year in W~             0          -0.234**         0.360** 
                              (.)        (0.0763)         (0.104)   

Original Year in W~        -0.867**                                 
                          (0.288)                                   

Original Year in W~        -0.224          -0.332***        0.557***
                          (0.293)        (0.0627)         (0.103)   

Original Year in W~        -0.377                                   
                          (0.287)                                   

Original Year in W~        -0.425                                   
                          (0.287)                                   

Original Year in W~         0.300                                   
                          (0.303)                                   

Original Year in W~        -0.247                                   
                          (0.311)                                   

Original Year in W~         0.189                                   
                          (0.287)                                   

Original Year in W~         0.310                                   
                          (0.289)                                   

Original Year in W~        -0.209                           0.197   
                          (0.287)                         (0.101)   

Original Year in W~        -0.206          -0.469***                
                          (0.283)        (0.0816)                   

Original Year in W~        -0.387                                   
                          (0.289)                                   

Original Year in W~        -0.256          -0.286***                
                          (0.287)        (0.0603)                   

Original Year in W~        -0.228                                   
                          (0.314)                                   

Original Year in W~        0.0553          -0.153*                  
                          (0.285)        (0.0760)                   

Original Year in W~       -0.0558                                   
                          (0.290)                                   

Original Year in W~        0.0276                                   
                          (0.285)                                   

Original Year in W~         0.257          -0.149                   
                          (0.331)        (0.0756)                   

Original Year in W~        -0.269          -1.180***        0.205*  
                          (0.292)         (0.137)         (0.101)   

Original Year in W~        -0.114                                   
                          (0.298)                                   

Original Year in W~        -0.224         -0.0405                   
                          (0.288)        (0.0861)                   

Original Year in W~         0.276          -0.693***                
                          (0.289)        (0.0675)                   

Original Year in W~       0.00790           0.705***                
                          (0.313)         (0.108)                   

Original Year in W~        -0.238          -0.492***                
                          (0.303)        (0.0804)                   

Original Year in W~        0.0607          0.0105                   
                          (0.296)        (0.0732)                   

Original Year in W~        -0.157                                   
                          (0.309)                                   

Original Year in W~        -0.206                                   
                          (0.297)                                   

Original Year in W~        -0.350          -0.269***                
                          (0.291)        (0.0568)                   

Original Year in W~        -0.199          -0.301***        0.425***
                          (0.288)        (0.0803)         (0.108)   

Original Year in W~        -0.251                                   
                          (0.314)                                   

Original Year in W~        -0.327          -0.317***                
                          (0.299)        (0.0755)                   

Original Year in W~      -0.00743          -0.267***                
                          (0.336)        (0.0674)                   

Original Year in W~       -0.0844          -0.232           0.345*  
                          (0.288)         (0.150)         (0.167)   

Original Year in W~        -0.304          -0.243          0.0205   
                          (0.314)         (0.170)         (0.149)   

Original Year in W~        -0.107          -0.212                   
                          (0.271)         (0.219)                   

Original Year in W~        0.0859          -0.166                   
                          (0.294)         (0.124)                   

Original Year in W~        -0.320          -0.355**                 
                          (0.292)         (0.115)                   

Original Year in W~       -0.0472          -0.366***                
                          (0.292)        (0.0685)                   

Original Year in W~       -0.0941          -0.538***        0.338*  
                          (0.311)         (0.124)         (0.133)   

Original Year in W~        -0.581                                   
                          (0.373)                                   

Original Year in W~       -0.0128                                   
                          (0.288)                                   

Original Year in W~        -0.296          -0.189                   
                          (0.288)         (0.107)                   

Original Year in W~       -0.0702          -0.474***                
                          (0.291)        (0.0756)                   

Original Year in W~        -0.323          -0.714***        0.525*  
                          (0.312)        (0.0826)         (0.249)   

Original Year in W~        -0.186        -0.00180                   
                          (0.293)        (0.0787)                   

Original Year in W~        -0.208          -0.279***                
                          (0.300)        (0.0800)                   

Original Year in W~        -0.295          -0.368**                 
                          (0.302)         (0.137)                   

Original Year in W~        -0.325                                   
                          (0.320)                                   

Original Year in W~        -0.258          -0.363***        0.331*  
                          (0.288)        (0.0894)         (0.138)   

Original Year in W~         0.141          -0.269**         0.336*  
                          (0.358)        (0.0917)         (0.128)   

Original Year in W~        -0.261          -0.377***                
                          (0.289)        (0.0773)                   

Original Year in W~        -0.161          -0.277***        0.209** 
                          (0.290)        (0.0745)        (0.0641)   

Original Year in W~        -0.170         -0.0628                   
                          (0.291)        (0.0631)                   

Original Year in W~        -0.149          -0.328***       -0.200   
                          (0.293)        (0.0714)         (0.398)   

Original Year in W~        0.0245          -0.363***                
                          (0.307)        (0.0914)                   

Original Year in W~        -0.195                                   
                          (0.291)                                   

Original Year in W~        0.0838          -2.980***                
                          (0.288)        (0.0751)                   

Original Year in W~         0.121                                   
                          (0.334)                                   

Original Year in W~        -0.215          -0.410***        0.362***
                          (0.288)        (0.0893)        (0.0796)   

Original Year in W~        -0.363          -0.556***        0.346*  
                          (0.328)        (0.0719)         (0.164)   

Original Year in W~        -0.295          -0.125                   
                          (0.292)        (0.0775)                   

Original Year in W~        -0.145          -0.426***                
                          (0.298)        (0.0628)                   

Original Year in W~        -0.226          -0.632***                
                          (0.305)        (0.0881)                   

Original Year in W~        -0.166          -0.390***                
                          (0.286)        (0.0808)                   

Original Year in W~        -0.163          -0.318*                  
                          (0.290)         (0.146)                   

Original Year in W~        -0.258          -0.258          0.0236   
                          (0.309)         (0.151)        (0.0918)   

Original Year in W~        -0.240          -0.409**                 
                          (0.292)         (0.134)                   

Original Year in W~        0.0143          -0.183                   
                          (0.295)         (0.127)                   

Original Year in W~        -0.238          -0.476***        0.343***
                          (0.287)        (0.0730)        (0.0967)   

Original Year in W~       -0.0852          -0.297**                 
                          (0.324)        (0.0960)                   

Original Year in W~        -0.265          -0.423***                
                          (0.302)        (0.0872)                   

Original Year in W~        -0.255          -0.348***        0.318   
                          (0.313)        (0.0768)         (0.195)   

Original Year in W~        -0.142          -0.335***                
                          (0.291)        (0.0803)                   

Original Year in W~        -0.190          -0.366***        0.386** 
                          (0.292)        (0.0831)         (0.136)   

Original Year in W~        -0.182          -0.241**                 
                          (0.298)        (0.0874)                   

Original Year in W~        -0.245          -0.537***                
                          (0.316)        (0.0786)                   

Original Year in W~        -0.147          -0.255**         0.162   
                          (0.300)        (0.0914)        (0.0946)   

Original Year in W~        -0.481          -0.486***            0   
                          (0.289)        (0.0842)             (.)   

Original Year in W~        -0.265          -0.481***        0.332** 
                          (0.286)        (0.0737)         (0.103)   

Original Year in W~       -0.0833          -0.451***        0.515   
                          (0.303)         (0.103)         (0.261)   

Original Year in W~        -0.241          -0.359**                 
                          (0.290)         (0.113)                   

Original Year in W~        -0.161          -0.301**                 
                          (0.294)        (0.0918)                   

Original Year in W~        -0.285          -0.425***                
                          (0.299)        (0.0821)                   

Original Year in W~        -0.281          -0.455***        0.112   
                          (0.290)        (0.0885)        (0.0682)   

Original Year in W~        -0.382          -0.383**        0.0794   
                          (0.274)         (0.144)         (0.131)   

Original Year in W~        -0.396          -0.440***        0.351** 
                          (0.294)        (0.0928)         (0.122)   

Original Year in W~        -0.192          -0.401***                
                          (0.299)        (0.0746)                   

Original Year in W~        -0.275          -0.216**                 
                          (0.288)        (0.0817)                   

Original Year in W~        -0.315          -0.423***        0.430***
                          (0.287)        (0.0672)        (0.0883)   

Original Year in W~        -0.504          -0.381***                
                          (0.324)        (0.0838)                   

Original Year in W~        -0.214          -0.468***        0.325   
                          (0.297)         (0.103)         (0.370)   

Original Year in W~        -0.270          -0.168                   
                          (0.298)        (0.0973)                   

Original Year in W~        -0.183          -0.462***        0.586***
                          (0.291)        (0.0919)         (0.118)   

Original Year in W~        -0.264          -0.474***       0.0787   
                          (0.287)        (0.0759)         (0.120)   

Original Year in W~        -0.219          -0.306**                 
                          (0.293)         (0.110)                   

Original Year in W~        -0.131          -0.496***                
                          (0.298)        (0.0740)                   

Original Year in W~        -0.257          -0.483***       -0.126   
                          (0.289)        (0.0853)         (0.112)   

Original Year in W~        -0.355          -0.377***                
                          (0.330)        (0.0918)                   

Original Year in W~        -0.292          -0.477***        0.432***
                          (0.287)        (0.0779)         (0.123)   

Original Year in W~        -0.277          -0.215           0.189*  
                          (0.292)         (0.132)        (0.0731)   

Original Year in W~        -0.214          -0.335**         0.346*  
                          (0.294)         (0.108)         (0.145)   

Original Year in W~        -0.213          -0.408***        0.405***
                          (0.293)        (0.0877)        (0.0713)   

Original Year in W~        -0.214          -0.503***                
                          (0.288)         (0.107)                   

Original Year in W~        -0.261          -0.410***        0.132   
                          (0.288)        (0.0873)         (0.115)   

Original Year in W~        -0.265          -0.324***        0.655***
                          (0.288)        (0.0937)        (0.0923)   

Original Year in W~        -0.210          -0.423***        0.276*  
                          (0.289)        (0.0961)         (0.106)   

Original Year in W~        -0.170          -0.408***        0.233*  
                          (0.289)         (0.104)         (0.107)   

Original Year in W~        -0.250          -0.393***                
                          (0.294)        (0.0830)                   

Original Year in W~        -0.294          -0.392***        0.368***
                          (0.291)        (0.0776)        (0.0998)   

Original Year in W~       -0.0904                           0.600***
                          (0.305)                        (0.0889)   

Original Year in W~        -0.197                                   
                          (0.325)                                   

Original Year in W~        -0.274          -0.545***                
                          (0.279)        (0.0815)                   

Original Year in W~       -0.0288          -0.517***                
                          (0.291)        (0.0592)                   

Original Year in W~        -0.238          -0.400**             0   
                          (0.288)         (0.123)             (.)   

Original Year in W~        -0.233         -0.0393           0.176   
                          (0.313)        (0.0760)        (0.0950)   

Original Year in W~        -0.153                                   
                          (0.289)                                   

Original Year in W~        -0.307          -0.127           0.153   
                          (0.305)        (0.0872)         (0.169)   

Original Year in W~        -0.319          -0.366***                
                          (0.304)        (0.0726)                   

Original Year in W~        -0.376          -0.546***      -0.0904   
                          (0.297)         (0.103)         (0.155)   

Original Year in W~        -0.402                                   
                          (0.300)                                   

Original Year in W~        -0.356          -0.668***                
                          (0.296)        (0.0484)                   

Original Year in W~        -0.124                         -0.0302   
                          (0.313)                        (0.0880)   

Original Year in W~        -0.149                                   
                          (0.286)                                   

Original Year in W~        -0.305          -0.433**        0.0283   
                          (0.296)         (0.163)         (0.197)   

Original Year in W~        -0.362          -0.547***                
                          (0.290)        (0.0699)                   

Original Year in W~        -0.544          -0.570***                
                          (0.335)        (0.0676)                   

Original Year in W~        -0.282          -0.336***       -0.536***
                          (0.296)        (0.0710)         (0.139)   

Original Year in W~        -0.679          -0.399***                
                          (0.391)        (0.0637)                   

Original Year in W~        -0.339          -0.460***       -0.161   
                          (0.291)        (0.0691)         (0.228)   

Original Year in W~        -0.645          -0.635***                
                          (0.337)        (0.0726)                   

Original Year in W~        -0.451          -0.559***       -1.148***
                          (0.318)        (0.0723)         (0.173)   

Original Year in W~        -0.168                                   
                          (0.310)                                   

Original Year in W~        -0.324                           0.759***
                          (0.300)                         (0.144)   

Original Year in W~        -0.361          -0.629***      -0.0447   
                          (0.296)         (0.118)         (0.142)   

Original Year in W~       -0.0847          -0.580***                
                          (0.303)         (0.142)                   

Original Year in W~        -0.464                                   
                          (0.286)                                   

Original Year in W~        -0.526          -0.416***      -0.0634   
                          (0.313)         (0.106)         (0.105)   

Original Year in W~        -0.269          -0.544***                
                          (0.300)        (0.0632)                   

Original Year in W~        -0.314          -0.431***        0.155   
                          (0.290)        (0.0850)         (0.100)   

Original Year in W~        -0.462          -0.646***        0.559***
                          (0.366)        (0.0481)         (0.149)   

Original Year in W~        -0.383          -0.609***        1.302***
                          (0.342)        (0.0891)         (0.138)   

Original Year in W~        -0.343          -0.518***        0.642***
                          (0.299)         (0.111)        (0.0570)   

Original Year in W~        -0.507          -0.433***        0.253   
                          (0.298)         (0.104)         (0.292)   

Original Year in W~        -0.184          -0.590**         0.266   
                          (0.301)         (0.205)         (0.144)   

Original Year in W~        -0.498          -0.967***                
                          (0.307)        (0.0798)                   

Original Year in W~        -0.204          -1.048***                
                          (0.294)        (0.0620)                   

Original Year in W~        -0.544          -0.518***       -0.371   
                          (0.345)        (0.0601)         (0.416)   

Original Year in W~        -0.261          -0.339*         -0.434   
                          (0.355)         (0.162)         (0.302)   

Original Year in W~        -0.416          -0.955**         0.157   
                          (0.318)         (0.324)        (0.0918)   

Original Year in W~        -0.288          -0.349***       0.0284   
                          (0.322)        (0.0569)         (0.172)   

Original Year in W~        -0.106          -0.420***        0.119   
                          (0.300)        (0.0859)         (0.108)   

Original Year in W~        -0.164          -1.403           0.663***
                          (0.316)         (0.779)         (0.171)   

Original Year in W~        -0.576*         -0.448***        0.545***
                          (0.291)        (0.0893)        (0.0775)   

Original Year in W~        -0.411          -0.677***        0.671   
                          (0.305)         (0.151)         (0.459)   

Original Year in W~        -0.193          -0.899          0.0743   
                          (0.324)         (0.472)         (0.138)   

Original Year in W~        -0.156                                   
                          (0.286)                                   

Original Year in W~        -0.192                                   
                          (0.293)                                   

Original Year in W~        -0.768                                   
                          (0.464)                                   

Original Year in W~        -0.269          -0.832                   
                          (0.304)         (0.486)                   

Original Year in W~        -0.248          -0.387***                
                          (0.291)        (0.0701)                   

Original Year in W~         0.188          -0.513***        0.573***
                          (0.322)        (0.0764)         (0.108)   

Original Year in W~       -0.0701          -0.224                   
                          (0.305)         (0.289)                   

Original Year in W~        -0.142          -0.125           0.280*  
                          (0.305)         (0.218)         (0.137)   

Original Year in W~        -0.292          -0.268*                  
                          (0.290)         (0.109)                   

Original Year in W~       -0.0164          -0.343***                
                          (0.307)        (0.0579)                   

Original Year in W~        -0.412          -0.648          -0.140   
                          (0.315)         (0.400)         (0.126)   

Original Year in W~        -0.349          -0.129           0.333***
                          (0.609)        (0.0866)        (0.0944)   

Original Year in W~     -0.000657          -0.353**                 
                          (0.273)         (0.116)                   

Original Year in W~        0.0336          -0.504***                
                          (0.289)        (0.0941)                   

Original Year in W~        -0.579          -0.126                   
                          (0.379)         (0.248)                   

Original Year in W~        0.0683          -0.387                   
                          (0.344)         (0.377)                   

Original Year in W~        -1.132*                                  
                          (0.439)                                   

Original Year in W~        0.0117          -0.443***       0.0607   
                          (0.287)        (0.0668)         (0.364)   

Original Year in W~        -0.493          -0.500***        0.435** 
                          (0.417)        (0.0654)         (0.149)   

Original Year in W~         0.217         -0.0256                   
                          (0.317)        (0.0690)                   

Original Year in W~       -0.0960         -0.0761                   
                          (0.288)        (0.0594)                   

Original Year in W~        0.0200          -0.202**                 
                          (0.316)        (0.0737)                   

Original Year in W~        0.0864          -0.175*                  
                          (0.315)        (0.0787)                   

Original Year in W~        -0.180          -3.862***                
                          (0.312)        (0.0779)                   

Original Year in W~         0.102          -0.121           0.165   
                          (0.297)        (0.0740)         (0.165)   

Original Year in W~        0.0390          -0.190                   
                          (0.283)         (0.134)                   

Original Year in W~       -0.0403         -0.0904           0.746***
                          (0.306)        (0.0726)        (0.0903)   

Original Year in W~       -0.0210          -0.653                   
                          (0.317)         (0.442)                   

Original Year in W~        0.0588          -0.136                   
                          (0.286)         (0.106)                   

Original Year in W~        0.0219          -0.163                   
                          (0.346)         (0.100)                   

Original Year in W~        -0.105                                   
                          (0.322)                                   

Original Year in W~         0.117          0.0172                   
                          (0.294)        (0.0712)                   

Original Year in W~         0.264           0.223                   
                          (0.287)         (0.177)                   

Original Year in W~       -0.0808           0.348***                
                          (0.289)        (0.0911)                   

Original Year in W~       -0.0110          -0.384**         0.461*  
                          (0.439)         (0.138)         (0.222)   

Original Year in W~         0.204          -0.199*          0.800***
                          (0.312)        (0.0978)         (0.141)   

Original Year in W~        -0.244          -0.578*          0.626***
                          (0.299)         (0.280)         (0.132)   

Original Year in W~       -0.0648         -0.0440                   
                          (0.300)         (0.439)                   

Original Year in W~         0.813*         -0.151                   
                          (0.347)         (0.647)                   

Original Year in W~        -0.165        -0.00253                   
                          (0.309)         (0.176)                   

Original Year in W~             0           0.223*                  
                              (.)        (0.0934)                   

log_lotacres                0.163***        0.129***        0.107*  
                         (0.0222)        (0.0299)        (0.0469)   

Number of Floors i~g      -0.0516**       -0.0220          0.0165   
                         (0.0161)        (0.0191)        (0.0126)   

log_bldgarea               -0.166***      -0.0806          -0.285***
                         (0.0375)        (0.0453)        (0.0595)   

Number of Bedrooms~g       0.0287***       0.0276***     -0.00433   
                        (0.00504)       (0.00712)       (0.00918)   

Number of Full Bat~l      -0.0348***      -0.0637***     -0.00516   
                        (0.00511)       (0.00777)       (0.00855)   

Original Year in W~                        -0.200**                 
                                         (0.0729)                   

Original Year in W~                        -0.376**                 
                                          (0.126)                   

Original Year in W~                        -0.406***                
                                          (0.102)                   

Original Year in W~                                             0   
                                                              (.)   

Original Year in W~                                         0.590***
                                                         (0.0996)   

Original Year in W~                                         0.561***
                                                          (0.106)   

Original Year in W~                                         0.746***
                                                         (0.0822)   

Original Year in W~                                         1.017***
                                                          (0.115)   

Constant                    8.105***        7.773***        9.414***
                          (0.398)         (0.347)         (0.586)   

Boundary f.e.                 Yes             Yes             Yes   

Year f.e.                     Yes             Yes             Yes   
--------------------------------------------------------------------
Observations                47495           21243            3428   
R-squared                   0.716           0.764           0.791   
--------------------------------------------------------------------
Standard errors in parentheses
* p<0.05, ** p<0.01, *** p<0.001

.         
. * robust s.e.
. quietly eststo rent_du2_robust: reg log_mfrent ib26.dist3 i.lam_seg i.year $char_vars if only_du==1 & `regression_conditions', vce(robust)

.         
. quietly eststo rent_duhe2_robust: reg log_mfrent ib26.dist3 i.lam_seg i.year $char_vars if du_he == 1 & `regression_conditions', vce(robust)

. 
. quietly eststo rent_he2_robust: reg log_mfrent ib26.dist3 i.lam_seg i.year $char_vars if only_he == 1 & `regression_conditions', vce(robust)

.         
. esttab rent_du2_robust rent_duhe2_robust rent_he2_robust, se r2 ///
>         indicate("Boundary f.e.=*lam_seg" "Year f.e.=*year") interaction(" X ") ///
>         label mtitles("rent_du" "rent_duhe" "rent_he") ///
>         title("Rents, w/ characteristics, robust s.e.") 

Rents, w/ characteristics, robust s.e.
--------------------------------------------------------------------
                              (1)             (2)             (3)   
                          rent_du       rent_duhe         rent_he   
--------------------------------------------------------------------
-.2                        0.0814***        0.141***       -0.340***
                         (0.0192)        (0.0200)        (0.0624)   

-.18                       0.0578**        0.0202          -0.191*  
                         (0.0179)        (0.0160)        (0.0776)   

-.16                       0.0148          0.0668***       -0.387***
                         (0.0143)        (0.0152)        (0.0561)   

-.14                        0.170***        0.160***    -0.000496   
                         (0.0122)        (0.0149)        (0.0523)   

-.12                        0.110***        0.139***        0.142***
                        (0.00982)        (0.0133)        (0.0340)   

-.1                        0.0528***       0.0267*          0.108** 
                        (0.00918)        (0.0115)        (0.0332)   

-.08                       0.0213**        0.0629***       0.0493   
                        (0.00715)       (0.00974)        (0.0259)   

-.06                       0.0357***       0.0472***        0.115***
                        (0.00629)        (0.0103)        (0.0235)   

-.04                       0.0212***       0.0884***        0.136***
                        (0.00633)       (0.00913)        (0.0243)   

-.02                       0.0202***       0.0359***      0.00443   
                        (0.00582)       (0.00849)        (0.0225)   

0                               0               0               0   
                              (.)             (.)             (.)   

.02                       -0.0278***      0.00759         -0.0279   
                        (0.00665)       (0.00986)        (0.0216)   

.04                       -0.0731***       -0.125***       0.0259   
                        (0.00771)        (0.0140)        (0.0288)   

.06                       -0.0234**       -0.0877***       0.0873*  
                        (0.00855)        (0.0166)        (0.0384)   

.08                        0.0117          -0.123***       -0.323***
                        (0.00780)        (0.0199)        (0.0396)   

.1                        -0.0253*        -0.0902***       -0.289***
                         (0.0100)        (0.0203)        (0.0371)   

.12                       -0.0402***       -0.150***        0.119   
                        (0.00920)        (0.0176)        (0.0736)   

.14                       0.00716         -0.0759           0.288** 
                         (0.0135)        (0.0533)        (0.0951)   

.16                       -0.0144          0.0435           0.494***
                         (0.0133)        (0.0424)        (0.0725)   

.18                        0.0105                                   
                         (0.0220)                                   

.2                         -0.130***                                
                         (0.0279)                                   

Original Year in W~             0                                   
                              (.)                                   

Original Year in W~       -0.0627                                   
                          (0.292)                                   

Original Year in W~        -0.910**                                 
                          (0.296)                                   

Original Year in W~        -0.416                                   
                          (0.306)                                   

Original Year in W~        -0.792**                         0.395***
                          (0.288)                         (0.103)   

Original Year in W~        -0.282                           1.421***
                          (0.295)                         (0.110)   

Original Year in W~         0.128                                   
                          (0.294)                                   

Original Year in W~         0.327                           0.189   
                          (0.285)                         (0.104)   

Original Year in W~         0.563*                                  
                          (0.285)                                   

Original Year in W~        -0.540                                   
                          (0.290)                                   

Original Year in W~        -0.261               0           0.234*  
                          (0.285)             (.)         (0.104)   

Original Year in W~        -0.213                                   
                          (0.295)                                   

Original Year in W~        -0.227                                   
                          (0.290)                                   

Original Year in W~        -0.158                                   
                          (0.286)                                   

Original Year in W~             0                                   
                              (.)                                   

Original Year in W~        -0.118                                   
                          (0.287)                                   

Original Year in W~             0                                   
                              (.)                                   

Original Year in W~        0.0134                                   
                          (0.288)                                   

Original Year in W~        -0.385                                   
                          (0.288)                                   

Original Year in W~        -0.209                           0.354***
                          (0.284)                         (0.106)   

Original Year in W~        -0.317          -0.262***                
                          (0.284)        (0.0540)                   

Original Year in W~        0.0724                                   
                          (0.286)                                   

Original Year in W~        -0.197          -0.421***        0.273*  
                          (0.284)        (0.0547)         (0.108)   

Original Year in W~        -0.137                                   
                          (0.285)                                   

Original Year in W~        -0.231                                   
                          (0.301)                                   

Original Year in W~       -0.0669                                   
                          (0.285)                                   

Original Year in W~       0.00495                                   
                          (0.288)                                   

Original Year in W~       -0.0518                                   
                          (0.292)                                   

Original Year in W~        -0.147                                   
                          (0.291)                                   

Original Year in W~        -0.456                                   
                          (0.285)                                   

Original Year in W~             0          -0.234***        0.360***
                              (.)        (0.0600)         (0.102)   

Original Year in W~        -0.867**                                 
                          (0.320)                                   

Original Year in W~        -0.224          -0.332***        0.557***
                          (0.284)        (0.0466)         (0.107)   

Original Year in W~        -0.377                                   
                          (0.284)                                   

Original Year in W~        -0.425                                   
                          (0.289)                                   

Original Year in W~         0.300                                   
                          (0.285)                                   

Original Year in W~        -0.247                                   
                          (0.286)                                   

Original Year in W~         0.189                                   
                          (0.284)                                   

Original Year in W~         0.310                                   
                          (0.283)                                   

Original Year in W~        -0.209                           0.197   
                          (0.283)                         (0.103)   

Original Year in W~        -0.206          -0.469***                
                          (0.283)        (0.0470)                   

Original Year in W~        -0.387                                   
                          (0.283)                                   

Original Year in W~        -0.256          -0.286***                
                          (0.292)        (0.0491)                   

Original Year in W~        -0.228                                   
                          (0.286)                                   

Original Year in W~        0.0553          -0.153**                 
                          (0.284)        (0.0493)                   

Original Year in W~       -0.0558                                   
                          (0.284)                                   

Original Year in W~        0.0276                                   
                          (0.284)                                   

Original Year in W~         0.257          -0.149**                 
                          (0.305)        (0.0536)                   

Original Year in W~        -0.269          -1.180***        0.205   
                          (0.284)        (0.0889)         (0.106)   

Original Year in W~        -0.114                                   
                          (0.284)                                   

Original Year in W~        -0.224         -0.0405                   
                          (0.284)        (0.0524)                   

Original Year in W~         0.276          -0.693***                
                          (0.283)        (0.0429)                   

Original Year in W~       0.00790           0.705**                 
                          (0.288)         (0.219)                   

Original Year in W~        -0.238          -0.492***                
                          (0.285)        (0.0503)                   

Original Year in W~        0.0607          0.0105                   
                          (0.284)        (0.0553)                   

Original Year in W~        -0.157                                   
                          (0.286)                                   

Original Year in W~        -0.206                                   
                          (0.286)                                   

Original Year in W~        -0.350          -0.269***                
                          (0.284)        (0.0523)                   

Original Year in W~        -0.199          -0.301***        0.425***
                          (0.283)        (0.0448)         (0.102)   

Original Year in W~        -0.251                                   
                          (0.287)                                   

Original Year in W~        -0.327          -0.317***                
                          (0.284)        (0.0513)                   

Original Year in W~      -0.00743          -0.267***                
                          (0.289)        (0.0498)                   

Original Year in W~       -0.0844          -0.232***        0.345** 
                          (0.283)        (0.0577)         (0.113)   

Original Year in W~        -0.304          -0.243**        0.0205   
                          (0.284)        (0.0827)         (0.122)   

Original Year in W~        -0.107          -0.212*                  
                          (0.285)        (0.0890)                   

Original Year in W~        0.0859          -0.166**                 
                          (0.285)        (0.0550)                   

Original Year in W~        -0.320          -0.355***                
                          (0.285)        (0.0547)                   

Original Year in W~       -0.0472          -0.366***                
                          (0.290)        (0.0445)                   

Original Year in W~       -0.0941          -0.538***        0.338** 
                          (0.283)        (0.0497)         (0.106)   

Original Year in W~        -0.581*                                  
                          (0.296)                                   

Original Year in W~       -0.0128                                   
                          (0.292)                                   

Original Year in W~        -0.296          -0.189*                  
                          (0.284)        (0.0737)                   

Original Year in W~       -0.0702          -0.474***                
                          (0.283)        (0.0655)                   

Original Year in W~        -0.323          -0.714***        0.525** 
                          (0.285)        (0.0502)         (0.161)   

Original Year in W~        -0.186        -0.00180                   
                          (0.285)        (0.0536)                   

Original Year in W~        -0.208          -0.279***                
                          (0.285)        (0.0678)                   

Original Year in W~        -0.295          -0.368***                
                          (0.285)        (0.0570)                   

Original Year in W~        -0.325                                   
                          (0.288)                                   

Original Year in W~        -0.258          -0.363***        0.331** 
                          (0.283)        (0.0455)         (0.110)   

Original Year in W~         0.141          -0.269***        0.336** 
                          (0.288)        (0.0528)         (0.123)   

Original Year in W~        -0.261          -0.377***                
                          (0.283)        (0.0504)                   

Original Year in W~        -0.161          -0.277***        0.209   
                          (0.283)        (0.0465)         (0.113)   

Original Year in W~        -0.170         -0.0628                   
                          (0.284)        (0.0498)                   

Original Year in W~        -0.149          -0.328***       -0.200   
                          (0.283)        (0.0464)         (0.156)   

Original Year in W~        0.0245          -0.363***                
                          (0.288)        (0.0480)                   

Original Year in W~        -0.195                                   
                          (0.286)                                   

Original Year in W~        0.0838          -2.980***                
                          (0.285)        (0.0731)                   

Original Year in W~         0.121                                   
                          (0.289)                                   

Original Year in W~        -0.215          -0.410***        0.362***
                          (0.283)        (0.0430)        (0.0950)   

Original Year in W~        -0.363          -0.556***        0.346** 
                          (0.289)        (0.0513)         (0.125)   

Original Year in W~        -0.295          -0.125*                  
                          (0.284)        (0.0528)                   

Original Year in W~        -0.145          -0.426***                
                          (0.284)        (0.0439)                   

Original Year in W~        -0.226          -0.632***                
                          (0.285)        (0.0455)                   

Original Year in W~        -0.166          -0.390***                
                          (0.283)        (0.0474)                   

Original Year in W~        -0.163          -0.318***                
                          (0.283)        (0.0503)                   

Original Year in W~        -0.258          -0.258***       0.0236   
                          (0.285)        (0.0580)         (0.107)   

Original Year in W~        -0.240          -0.409***                
                          (0.285)        (0.0557)                   

Original Year in W~        0.0143          -0.183**                 
                          (0.285)        (0.0674)                   

Original Year in W~        -0.238          -0.476***        0.343***
                          (0.283)        (0.0413)        (0.0998)   

Original Year in W~       -0.0852          -0.297***                
                          (0.288)        (0.0497)                   

Original Year in W~        -0.265          -0.423***                
                          (0.284)        (0.0520)                   

Original Year in W~        -0.255          -0.348***        0.318** 
                          (0.288)        (0.0492)         (0.118)   

Original Year in W~        -0.142          -0.335***                
                          (0.283)        (0.0441)                   

Original Year in W~        -0.190          -0.366***        0.386***
                          (0.283)        (0.0441)         (0.108)   

Original Year in W~        -0.182          -0.241***                
                          (0.284)        (0.0459)                   

Original Year in W~        -0.245          -0.537***                
                          (0.288)        (0.0440)                   

Original Year in W~        -0.147          -0.255***        0.162   
                          (0.284)        (0.0491)         (0.107)   

Original Year in W~        -0.481          -0.486***            0   
                          (0.284)        (0.0472)             (.)   

Original Year in W~        -0.265          -0.481***        0.332***
                          (0.283)        (0.0423)        (0.0995)   

Original Year in W~       -0.0833          -0.451***        0.515***
                          (0.284)        (0.0505)         (0.128)   

Original Year in W~        -0.241          -0.359***                
                          (0.283)        (0.0577)                   

Original Year in W~        -0.161          -0.301***                
                          (0.283)        (0.0442)                   

Original Year in W~        -0.285          -0.425***                
                          (0.285)        (0.0561)                   

Original Year in W~        -0.281          -0.455***        0.112   
                          (0.283)        (0.0432)         (0.110)   

Original Year in W~        -0.382          -0.383***       0.0794   
                          (0.284)        (0.0569)         (0.151)   

Original Year in W~        -0.396          -0.440***        0.351***
                          (0.284)        (0.0558)         (0.105)   

Original Year in W~        -0.192          -0.401***                
                          (0.284)        (0.0444)                   

Original Year in W~        -0.275          -0.216***                
                          (0.283)        (0.0481)                   

Original Year in W~        -0.315          -0.423***        0.430***
                          (0.283)        (0.0424)        (0.0992)   

Original Year in W~        -0.504          -0.381***                
                          (0.285)        (0.0440)                   

Original Year in W~        -0.214          -0.468***        0.325*  
                          (0.284)        (0.0483)         (0.152)   

Original Year in W~        -0.270          -0.168**                 
                          (0.284)        (0.0558)                   

Original Year in W~        -0.183          -0.462***        0.586***
                          (0.283)        (0.0462)         (0.108)   

Original Year in W~        -0.264          -0.474***       0.0787   
                          (0.283)        (0.0433)         (0.119)   

Original Year in W~        -0.219          -0.306***                
                          (0.283)        (0.0451)                   

Original Year in W~        -0.131          -0.496***                
                          (0.284)        (0.0450)                   

Original Year in W~        -0.257          -0.483***       -0.126*  
                          (0.283)        (0.0516)        (0.0495)   

Original Year in W~        -0.355          -0.377***                
                          (0.288)        (0.0483)                   

Original Year in W~        -0.292          -0.477***        0.432***
                          (0.283)        (0.0427)        (0.0999)   

Original Year in W~        -0.277          -0.215***        0.189   
                          (0.284)        (0.0566)         (0.101)   

Original Year in W~        -0.214          -0.335***        0.346** 
                          (0.284)        (0.0492)         (0.121)   

Original Year in W~        -0.213          -0.408***        0.405***
                          (0.284)        (0.0531)         (0.104)   

Original Year in W~        -0.214          -0.503***                
                          (0.283)        (0.0476)                   

Original Year in W~        -0.261          -0.410***        0.132   
                          (0.283)        (0.0448)         (0.105)   

Original Year in W~        -0.265          -0.324***        0.655***
                          (0.283)        (0.0461)        (0.0973)   

Original Year in W~        -0.210          -0.423***        0.276*  
                          (0.283)        (0.0463)         (0.107)   

Original Year in W~        -0.170          -0.408***        0.233*  
                          (0.283)        (0.0468)         (0.116)   

Original Year in W~        -0.250          -0.393***                
                          (0.284)        (0.0454)                   

Original Year in W~        -0.294          -0.392***        0.368***
                          (0.283)        (0.0430)         (0.105)   

Original Year in W~       -0.0904                           0.600***
                          (0.288)                         (0.110)   

Original Year in W~        -0.197                                   
                          (0.284)                                   

Original Year in W~        -0.274          -0.545***                
                          (0.284)        (0.0447)                   

Original Year in W~       -0.0288          -0.517***                
                          (0.284)        (0.0482)                   

Original Year in W~        -0.238          -0.400***            0   
                          (0.283)        (0.0515)             (.)   

Original Year in W~        -0.233         -0.0393           0.176   
                          (0.284)        (0.0630)         (0.110)   

Original Year in W~        -0.153                                   
                          (0.288)                                   

Original Year in W~        -0.307          -0.127*          0.153   
                          (0.285)        (0.0622)         (0.111)   

Original Year in W~        -0.319          -0.366***                
                          (0.285)        (0.0533)                   

Original Year in W~        -0.376          -0.546***      -0.0904   
                          (0.283)        (0.0610)         (0.114)   

Original Year in W~        -0.402                                   
                          (0.285)                                   

Original Year in W~        -0.356          -0.668***                
                          (0.284)        (0.0451)                   

Original Year in W~        -0.124                         -0.0302   
                          (0.286)                        (0.0424)   

Original Year in W~        -0.149                                   
                          (0.283)                                   

Original Year in W~        -0.305          -0.433***       0.0283   
                          (0.284)        (0.0673)         (0.128)   

Original Year in W~        -0.362          -0.547***                
                          (0.284)        (0.0527)                   

Original Year in W~        -0.544          -0.570***                
                          (0.285)        (0.0455)                   

Original Year in W~        -0.282          -0.336***       -0.536***
                          (0.284)        (0.0484)         (0.129)   

Original Year in W~        -0.679*         -0.399***                
                          (0.298)        (0.0490)                   

Original Year in W~        -0.339          -0.460***       -0.161   
                          (0.283)        (0.0447)         (0.125)   

Original Year in W~        -0.645*         -0.635***                
                          (0.289)        (0.0476)                   

Original Year in W~        -0.451          -0.559***       -1.148***
                          (0.287)        (0.0463)         (0.138)   

Original Year in W~        -0.168                                   
                          (0.286)                                   

Original Year in W~        -0.324                           0.759***
                          (0.284)                         (0.134)   

Original Year in W~        -0.361          -0.629***      -0.0447   
                          (0.284)        (0.0541)         (0.130)   

Original Year in W~       -0.0847          -0.580***                
                          (0.285)        (0.0606)                   

Original Year in W~        -0.464                                   
                          (0.284)                                   

Original Year in W~        -0.526          -0.416***      -0.0634   
                          (0.286)        (0.0580)         (0.113)   

Original Year in W~        -0.269          -0.544***                
                          (0.286)        (0.0626)                   

Original Year in W~        -0.314          -0.431***        0.155   
                          (0.284)        (0.0452)         (0.111)   

Original Year in W~        -0.462          -0.646***        0.559***
                          (0.294)        (0.0518)         (0.133)   

Original Year in W~        -0.383          -0.609***        1.302***
                          (0.292)        (0.0496)         (0.163)   

Original Year in W~        -0.343          -0.518***        0.642***
                          (0.284)        (0.0638)        (0.0413)   

Original Year in W~        -0.507          -0.433***        0.253** 
                          (0.285)        (0.0486)        (0.0800)   

Original Year in W~        -0.184          -0.590***        0.266*  
                          (0.285)        (0.0780)         (0.110)   

Original Year in W~        -0.498          -0.967***                
                          (0.286)        (0.0617)                   

Original Year in W~        -0.204          -1.048***                
                          (0.285)        (0.0797)                   

Original Year in W~        -0.544          -0.518***       -0.371   
                          (0.289)        (0.0472)         (0.268)   

Original Year in W~        -0.261          -0.339***       -0.434***
                          (0.285)        (0.0627)         (0.129)   

Original Year in W~        -0.416          -0.955***        0.157   
                          (0.288)         (0.118)         (0.140)   

Original Year in W~        -0.288          -0.349***       0.0284   
                          (0.293)        (0.0498)         (0.113)   

Original Year in W~        -0.106          -0.420***        0.119   
                          (0.284)        (0.0450)        (0.0785)   

Original Year in W~        -0.164          -1.403***        0.663***
                          (0.287)         (0.261)         (0.127)   

Original Year in W~        -0.576*         -0.448***        0.545***
                          (0.287)        (0.0451)         (0.105)   

Original Year in W~        -0.411          -0.677***        0.671***
                          (0.288)        (0.0594)         (0.157)   

Original Year in W~        -0.193          -0.899***       0.0743   
                          (0.286)         (0.146)         (0.109)   

Original Year in W~        -0.156                                   
                          (0.284)                                   

Original Year in W~        -0.192                                   
                          (0.286)                                   

Original Year in W~        -0.768*                                  
                          (0.304)                                   

Original Year in W~        -0.269          -0.832***                
                          (0.286)         (0.182)                   

Original Year in W~        -0.248          -0.387***                
                          (0.284)        (0.0534)                   

Original Year in W~         0.188          -0.513***        0.573***
                          (0.286)        (0.0475)         (0.103)   

Original Year in W~       -0.0701          -0.224**                 
                          (0.287)        (0.0821)                   

Original Year in W~        -0.142          -0.125           0.280*  
                          (0.285)        (0.0829)         (0.113)   

Original Year in W~        -0.292          -0.268***                
                          (0.284)        (0.0528)                   

Original Year in W~       -0.0164          -0.343***                
                          (0.287)        (0.0584)                   

Original Year in W~        -0.412          -0.648***       -0.140   
                          (0.288)         (0.144)         (0.108)   

Original Year in W~        -0.349          -0.129*          0.333** 
                          (0.330)        (0.0546)         (0.104)   

Original Year in W~     -0.000657          -0.353***                
                          (0.287)        (0.0575)                   

Original Year in W~        0.0336          -0.504***                
                          (0.287)        (0.0491)                   

Original Year in W~        -0.579*         -0.126                   
                          (0.289)        (0.0878)                   

Original Year in W~        0.0683          -0.387**                 
                          (0.289)         (0.148)                   

Original Year in W~        -1.132***                                
                          (0.304)                                   

Original Year in W~        0.0117          -0.443***       0.0607   
                          (0.284)        (0.0515)         (0.164)   

Original Year in W~        -0.493          -0.500***        0.435** 
                          (0.318)        (0.0517)         (0.136)   

Original Year in W~         0.217         -0.0256                   
                          (0.291)        (0.0442)                   

Original Year in W~       -0.0960         -0.0761                   
                          (0.283)        (0.0456)                   

Original Year in W~        0.0200          -0.202***                
                          (0.292)        (0.0439)                   

Original Year in W~        0.0864          -0.175*                  
                          (0.289)        (0.0736)                   

Original Year in W~        -0.180          -3.862***                
                          (0.289)        (0.0658)                   

Original Year in W~         0.102          -0.121**         0.165   
                          (0.284)        (0.0460)         (0.117)   

Original Year in W~        0.0390          -0.190**                 
                          (0.283)        (0.0597)                   

Original Year in W~       -0.0403         -0.0904*          0.746***
                          (0.285)        (0.0430)         (0.112)   

Original Year in W~       -0.0210          -0.653***                
                          (0.287)         (0.146)                   

Original Year in W~        0.0588          -0.136**                 
                          (0.283)        (0.0519)                   

Original Year in W~        0.0219          -0.163**                 
                          (0.286)        (0.0503)                   

Original Year in W~        -0.105                                   
                          (0.289)                                   

Original Year in W~         0.117          0.0172                   
                          (0.286)        (0.0538)                   

Original Year in W~         0.264           0.223*                  
                          (0.285)        (0.0957)                   

Original Year in W~       -0.0808           0.348***                
                          (0.293)        (0.0622)                   

Original Year in W~       -0.0110          -0.384***        0.461** 
                          (0.314)         (0.115)         (0.177)   

Original Year in W~         0.204          -0.199***        0.800***
                          (0.316)        (0.0565)         (0.169)   

Original Year in W~        -0.244          -0.578           0.626***
                          (0.325)         (0.490)         (0.128)   

Original Year in W~       -0.0648         -0.0440                   
                          (0.302)         (0.274)                   

Original Year in W~         0.813*         -0.151                   
                          (0.342)         (0.488)                   

Original Year in W~        -0.165        -0.00253                   
                          (0.308)         (0.114)                   

Original Year in W~             0           0.223***                
                              (.)        (0.0530)                   

log_lotacres                0.163***        0.129***        0.107***
                        (0.00687)       (0.00869)        (0.0145)   

Number of Floors i~g      -0.0516***      -0.0220***       0.0165*  
                        (0.00563)       (0.00639)       (0.00812)   

log_bldgarea               -0.166***      -0.0806***       -0.285***
                         (0.0110)        (0.0138)        (0.0248)   

Number of Bedrooms~g       0.0287***       0.0276***     -0.00433   
                        (0.00165)       (0.00158)       (0.00269)   

Number of Full Bat~l      -0.0348***      -0.0637***     -0.00516   
                        (0.00217)       (0.00275)       (0.00284)   

Original Year in W~                        -0.200***                
                                         (0.0556)                   

Original Year in W~                        -0.376***                
                                         (0.0566)                   

Original Year in W~                        -0.406***                
                                         (0.0512)                   

Original Year in W~                                             0   
                                                              (.)   

Original Year in W~                                         0.590***
                                                          (0.102)   

Original Year in W~                                         0.561***
                                                          (0.105)   

Original Year in W~                                         0.746***
                                                          (0.107)   

Original Year in W~                                         1.017***
                                                          (0.115)   

Constant                    8.105***        7.773***        9.414***
                          (0.297)         (0.117)         (0.270)   

Boundary f.e.                 Yes             Yes             Yes   

Year f.e.                     Yes             Yes             Yes   
--------------------------------------------------------------------
Observations                47495           21243            3428   
R-squared                   0.716           0.764           0.791   
--------------------------------------------------------------------
Standard errors in parentheses
* p<0.05, ** p<0.01, *** p<0.001

.         
.         
. ** coefplots
. * coefplots, Rents w/o characteristics
. {
. local plot_list rent_du rent_duhe rent_he
. local suffix "coef_rent_base"
. local l1_title "Log Monthly Rent"
. local b1_title "<- More restrictive  |  Less restrictive ->"
. local b2_title "Distance to Boundary (miles)"
. 
. foreach r in `plot_list'{
  2.         
.         local pos = ustrpos("`r'", "_") + 1
  3.         local str = substr("`r'", `pos', .)
  4. 
.         if "`str'" == "du" {
  5.                 local title "Only DUPAC Changes"
  6.         }
  7.         
.         if "`str'" == "duhe" {
  8.                 local title "DUPAC and Height Change"
  9.         }
 10.         
.         if "`str'" == "he" {
 11.                 local title "Only Height Changes"
 12.         }
 13.         
.         * coefplots
.         #delimit;
delimiter now ;
.         coefplot 
>                 /* relaxed side graphing variables */
>                 (`r', keep(16.dist3 17.dist3 18.dist3 19.dist3 20.dist3 21.dist3 22.dist3 23.dist3 24.dist3 25.dist3) 
>                         recast(line) color(midblue) 
>                         ciopts(recast(rarea) color(midblue%30) lwidth(none))
>                         )
>                 
>                 /* strict side graphing variables */
>                 (`r', keep(26.dist3 27.dist3 28.dist3 29.dist3 30.dist3 31.dist3 32.dist3 33.dist3 34.dist3 35.dist3) 
>                         recast(line) color(maroon)
>                         ciopts(recast(rarea) color(maroon%30) lwidth(none))
>                         ),
> 
>                 /* plot region */
>                 vertical levels(95) baselevels offset(0)
>                 graphregion(fc(white) lcolor(white)) plotregion(fc(white) lcolor(white))
> 
>                 xline(10.5, lpattern(dash) lwidth(thin) lcolor(black))
>                 yline(0, lpattern(dash) lwidth(thin) lcolor(black))
> 
>                 /* titles, subtitles, notes */          
>                 title("{bf:`title'}", size(3) pos(12) margin(t=0 b=0 l=0 r=0) span)
> 
>                 /* axis titles and labels */            
>                 ylabel(, labsize(4) gmin gmax) ymtick() 
>                 
>                 xlabel(1 "-.20" 2 "-.18" 3 "-.16" 4 "-.14" 5 "-.12" 6 "-.10" 7 "-.08" 8 "-.06" 9 "-.04" 10 "-.02" 10.5 "0"
>                         11 ".02" 12 ".04" 13 ".06" 14 ".08" 15 ".10" 16 ".12" 17 ".14" 18 ".16" 19 ".18" 20 ".20", labsize(3) angle(45) gmax)
>                         
>                 /* legend */
>                 legend(off position(6) 
>                         order()
>                         symy(2) symx(3) 
>                         rows(1) cols() size(2) 
>                         nobox fcolor()
>                         region(fcolor(none) lpattern(blank))
>                         margin(t=1 b=1 l=0 r=0)span)
>                 name(`r', replace) ;
 14.                         graph combine `r',
>                 graphregion(fc(white) lcolor(white))
>                 l1title("{bf:`l1_title'}", size(3) margin(t=0 b=0 l=0 r=1))
>                 b1title("`b1_title'", size(2))
>                 b2title("{bf:`b2_title'}", size(3) margin(t=1 b=0 l=0 r=0))
>                 name(`r'a, replace);
 15.                 graph save "`r'a" "$EXPORTPATH/`suffix'_`str'", replace;
 16.         graph close "`r'a";
 17.         #delimit cr
delimiter now cr
. }
(file /shared/boston_zoning/working_paper/replication_package/analysis/main_mtlines_output/coef_rent_base_du.gph not found)
file /shared/boston_zoning/working_paper/replication_package/analysis/main_mtlines_output/coef_rent_base_du.gph saved
(file /shared/boston_zoning/working_paper/replication_package/analysis/main_mtlines_output/coef_rent_base_duhe.gph not found)
file /shared/boston_zoning/working_paper/replication_package/analysis/main_mtlines_output/coef_rent_base_duhe.gph saved
(file /shared/boston_zoning/working_paper/replication_package/analysis/main_mtlines_output/coef_rent_base_he.gph not found)
file /shared/boston_zoning/working_paper/replication_package/analysis/main_mtlines_output/coef_rent_base_he.gph saved
. 
. * combine all
. #delimit ;
delimiter now ;
. graph combine rent_du rent_duhe rent_he,
>         rows(3) cols(2) ysize() xsize() iscale() imargin(0)
>         graphregion(fc(white) lcolor(white))
>         l1title("{bf:`l1_title'}", size(3) margin(t=0 b=0 l=0 r=1))
>         b1title("`b1_title'", size(2))
>         b2title("{bf:`b2_title'}", size(3) margin(t=1 b=0 l=0 r=0))
>         name("final_graph", replace);
(note:  named style 0 not found in class margin, default attributes used)
(note:  named style 0 not found in class margin, default attributes used)
(note:  named style 0 not found in class margin, default attributes used)
.                 graph save "final_graph" "$EXPORTPATH/`suffix'_all", replace;
(file /shared/boston_zoning/working_paper/replication_package/analysis/main_mtlines_output/coef_rent_base_all.gph not found)
file /shared/boston_zoning/working_paper/replication_package/analysis/main_mtlines_output/coef_rent_base_all.gph saved
. #delimit cr     
delimiter now cr
. }

. 
. * coefplots, Rents w/ characteristics
. {
. local plot_list rent_du rent_duhe rent_he
. local suffix "coef_rent_char"
. local l1_title "Log Monthly Rent"
. local b1_title "<- More restrictive  |  Less restrictive ->"
. local b2_title "Distance to Boundary (miles)"
. 
. foreach r in `plot_list'{
  2.         
.         local pos = ustrpos("`r'", "_") + 1
  3.         local str = substr("`r'", `pos', .)
  4. 
.         if "`str'" == "du" {
  5.                 local title "Only DUPAC Changes"
  6.         }
  7.         
.         if "`str'" == "duhe" {
  8.                 local title "DUPAC and Height Change"
  9.         }
 10.         
.         if "`str'" == "he" {
 11.                 local title "Only Height Changes"
 12.         }
 13.         
.         * coefplots
.         #delimit;
delimiter now ;
.         coefplot 
>                 /* relaxed side graphing variables */
>                 (`r'2, keep(16.dist3 17.dist3 18.dist3 19.dist3 20.dist3 21.dist3 22.dist3 23.dist3 24.dist3 25.dist3) 
>                         recast(line) color(gs5%30) lpattern(dash)
>                         ciopts(recast(rarea) color(gs5%30) lwidth(none))
>                         )
>                 
>                 /* strict side graphing variables */
>                 (`r'2, keep(26.dist3 27.dist3 28.dist3 29.dist3 30.dist3 31.dist3 32.dist3 33.dist3 34.dist3 35.dist3) 
>                         recast(line) color(gs5%30) lpattern(dash)
>                         ciopts(recast(rarea) color(gs5%30) lwidth(none))
>                         ),
> 
>                 /* plot region */
>                 vertical levels(95) baselevels offset(0)
>                 graphregion(fc(white) lcolor(white)) plotregion(fc(white) lcolor(white))
> 
>                 xline(10.5, lpattern(dash) lwidth(thin) lcolor(black))
>                 yline(0, lpattern(dash) lwidth(thin) lcolor(black))
> 
>                 /* titles, subtitles, notes */          
>                 title("{bf:`title'}", size(3) pos(12) margin(t=0 b=0 l=0 r=0) span)
> 
>                 /* axis titles and labels */            
>                 ylabel(, labsize(4) gmin gmax) ymtick() 
>                 
>                 xlabel(1 "-.20" 2 "-.18" 3 "-.16" 4 "-.14" 5 "-.12" 6 "-.10" 7 "-.08" 8 "-.06" 9 "-.04" 10 "-.02" 10.5 "0"
>                         11 ".02" 12 ".04" 13 ".06" 14 ".08" 15 ".10" 16 ".12" 17 ".14" 18 ".16" 19 ".18" 20 ".20", labsize(3) angle(45) gmax)
>                         
>                 /* legend */
>                 legend(off position(6) 
>                         order()
>                         symy(2) symx(3) 
>                         rows(1) cols() size(2) 
>                         nobox fcolor()
>                         region(fcolor(none) lpattern(blank))
>                         margin(t=1 b=1 l=0 r=0)span)
>                 name(`r'2, replace) ;
 14.                         graph combine `r'2,
>                 graphregion(fc(white) lcolor(white))
>                 l1title("{bf:`l1_title'}", size(3) margin(t=0 b=0 l=0 r=1))
>                 b1title("`b1_title'", size(2))
>                 b2title("{bf:`b2_title'}", size(3) margin(t=1 b=0 l=0 r=0))
>                 name(`r'a, replace);
 15.                 graph save "`r'a" "$EXPORTPATH/`suffix'_`str'", replace;
 16.         graph close "`r'a";
 17.         #delimit cr
delimiter now cr
. }
(file /shared/boston_zoning/working_paper/replication_package/analysis/main_mtlines_output/coef_rent_char_du.gph not found)
file /shared/boston_zoning/working_paper/replication_package/analysis/main_mtlines_output/coef_rent_char_du.gph saved
(file /shared/boston_zoning/working_paper/replication_package/analysis/main_mtlines_output/coef_rent_char_duhe.gph not found)
file /shared/boston_zoning/working_paper/replication_package/analysis/main_mtlines_output/coef_rent_char_duhe.gph saved
(file /shared/boston_zoning/working_paper/replication_package/analysis/main_mtlines_output/coef_rent_char_he.gph not found)
file /shared/boston_zoning/working_paper/replication_package/analysis/main_mtlines_output/coef_rent_char_he.gph saved
. 
. * combine all
. #delimit ;
delimiter now ;
. graph combine rent_du2 rent_duhe2 rent_he2,
>         rows(3) cols(2) ysize() xsize() iscale() imargin(0)
>         graphregion(fc(white) lcolor(white))
>         l1title("{bf:`l1_title'}", size(3) margin(t=0 b=0 l=0 r=1))
>         b1title("`b1_title'", size(2))
>         b2title("{bf:`b2_title'}", size(3) margin(t=1 b=0 l=0 r=0))
>         name("final_graph", replace);
(note:  named style 0 not found in class margin, default attributes used)
(note:  named style 0 not found in class margin, default attributes used)
(note:  named style 0 not found in class margin, default attributes used)
.                 graph save "final_graph" "$EXPORTPATH/`suffix'_all", replace;
(file /shared/boston_zoning/working_paper/replication_package/analysis/main_mtlines_output/coef_rent_char_all.gph not found)
file /shared/boston_zoning/working_paper/replication_package/analysis/main_mtlines_output/coef_rent_char_all.gph saved
. #delimit cr     
delimiter now cr
. }

. 
. * coefplots, Rents both
. {
. local plot_list rent_du rent_duhe rent_he
. local suffix "coef_rent_both"
. local l1_title "Log Monthly Rent"
. local b1_title "<- More restrictive  |  Less restrictive ->"
. local b2_title "Distance to Boundary (miles)"
. 
. foreach r in `plot_list'{
  2.         
.         local pos = ustrpos("`r'", "_") + 1
  3.         local str = substr("`r'", `pos', .)
  4. 
.         if "`str'" == "du" {
  5.                 local title "Only DUPAC Changes"
  6.         }
  7.         
.         if "`str'" == "duhe" {
  8.                 local title "DUPAC and Height Change"
  9.         }
 10. 
.         if "`str'" == "he" {
 11.                 local title "Only Height Changes"
 12.         }
 13.         
.         * coefplots
.         #delimit;
delimiter now ;
.         coefplot 
>                 /* relaxed side graphing variables */
>                 (`r', keep(16.dist3 17.dist3 18.dist3 19.dist3 20.dist3 21.dist3 22.dist3 23.dist3 24.dist3 25.dist3) 
>                         recast(line) color(midblue) 
>                         ciopts(recast(rarea) color(midblue%30) lwidth(none))
>                         )
>                 
>                 /* strict side graphing variables */
>                 (`r', keep(26.dist3 27.dist3 28.dist3 29.dist3 30.dist3 31.dist3 32.dist3 33.dist3 34.dist3 35.dist3) 
>                         recast(line) color(maroon)
>                         ciopts(recast(rarea) color(maroon%30) lwidth(none))
>                         )
>                         
>                 (`r'2, keep(16.dist3 17.dist3 18.dist3 19.dist3 20.dist3 21.dist3 22.dist3 23.dist3 24.dist3 25.dist3) 
>                         recast(line) color(gs5%30) 
>                         ciopts(recast(rarea) color(gs5%30) lwidth(none))
>                         )
>                 
>                 /* strict side graphing variables */
>                 (`r'2, keep(26.dist3 27.dist3 28.dist3 29.dist3 30.dist3 31.dist3 32.dist3 33.dist3 34.dist3 35.dist3) 
>                         recast(line) color(gs5%30)
>                         ciopts(recast(rarea) color(gs5%30) lwidth(none))
>                         ),
> 
>                 /* plot region */
>                 vertical levels(95) baselevels offset(0)
>                 graphregion(fc(white) lcolor(white)) plotregion(fc(white) lcolor(white))
> 
>                 xline(10.5, lpattern(dash) lwidth(thin) lcolor(black))
>                 yline(0, lpattern(dash) lwidth(thin) lcolor(black))
> 
>                 /* titles, subtitles, notes */          
>                 title("{bf:`title'}", size(3) pos(12) margin(t=0 b=0 l=0 r=0) span)
> 
>                 /* axis titles and labels */            
>                 ylabel(, labsize(4) gmin gmax) ymtick() 
>                 
>                 xlabel(1 "-.20" 2 "-.18" 3 "-.16" 4 "-.14" 5 "-.12" 6 "-.10" 7 "-.08" 8 "-.06" 9 "-.04" 10 "-.02" 10.5 "0"
>                         11 ".02" 12 ".04" 13 ".06" 14 ".08" 15 ".10" 16 ".12" 17 ".14" 18 ".16" 19 ".18" 20 ".20", labsize(3) angle(45) gmax)
>                         
>                 /* legend */
>                 legend(off position(6) 
>                         order()
>                         symy(2) symx(3) 
>                         rows(1) cols() size(2) 
>                         nobox fcolor()
>                         region(fcolor(none) lpattern(blank))
>                         margin(t=1 b=1 l=0 r=0)span)
>                 name(`r'3, replace) ;
 14.                         graph combine `r'3,
>                 graphregion(fc(white) lcolor(white))
>                 l1title("{bf:`l1_title'}", size(3) margin(t=0 b=0 l=0 r=1))
>                 b1title("`b1_title'", size(2))
>                 b2title("{bf:`b2_title'}", size(3) margin(t=1 b=0 l=0 r=0))
>                 name(`r'a, replace);
 15.                 graph save "`r'a" "${EXPORTPATH}/`suffix'_`str'", replace;
 16.         graph close "`r'a";
 17.         #delimit cr
delimiter now cr
. }
(file /shared/boston_zoning/working_paper/replication_package/analysis/main_mtlines_output/coef_rent_both_du.gph not found)
file /shared/boston_zoning/working_paper/replication_package/analysis/main_mtlines_output/coef_rent_both_du.gph saved
(file /shared/boston_zoning/working_paper/replication_package/analysis/main_mtlines_output/coef_rent_both_duhe.gph not found)
file /shared/boston_zoning/working_paper/replication_package/analysis/main_mtlines_output/coef_rent_both_duhe.gph saved
(file /shared/boston_zoning/working_paper/replication_package/analysis/main_mtlines_output/coef_rent_both_he.gph not found)
file /shared/boston_zoning/working_paper/replication_package/analysis/main_mtlines_output/coef_rent_both_he.gph saved
. 
. * combine all
. #delimit ;
delimiter now ;
. graph combine rent_du3 rent_duhe3 rent_he3,
>         rows(3) cols(2) ysize() xsize() iscale() imargin(0)
>         graphregion(fc(white) lcolor(white))
>         l1title("{bf:`l1_title'}", size(3) margin(t=0 b=0 l=0 r=1))
>         b1title("`b1_title'", size(2))
>         b2title("{bf:`b2_title'}", size(3) margin(t=1 b=0 l=0 r=0))
>         name("final_graph", replace);
(note:  named style 0 not found in class margin, default attributes used)
(note:  named style 0 not found in class margin, default attributes used)
(note:  named style 0 not found in class margin, default attributes used)
.                 graph save "final_graph" "$EXPORTPATH/`suffix'_all", replace;
(file /shared/boston_zoning/working_paper/replication_package/analysis/main_mtlines_output/coef_rent_both_all.gph not found)
file /shared/boston_zoning/working_paper/replication_package/analysis/main_mtlines_output/coef_rent_both_all.gph saved
. #delimit cr     
delimiter now cr
. }

. 
. eststo clear

. graph close _all

. 
. 
. ********************************************************************************
. ** end
. ********************************************************************************
. log off 
      name:  <unnamed>
       log:  /shared/boston_zoning/working_paper/replication_package/analysis/main_mtlines_output/main_mtlines_log_2025-04-18.log
  log type:  text
 paused on:  18 Apr 2025, 14:04:23
---------------------------------------------------------------------------------------------------------------------------------------------------------------------------------------------------------------------------------------------------------------
