station_id,station_name,line,layer,station_lat,station_lon,geometry,response_code,length_m,json_output
0,GREENBUSH,COMMUTER RAIL,TRAIN_NODES,42.17779879866329,-70.74656682979789,POINT (-70.74656682979789 42.17779879866329),200.0,44917.0,"{'routes': [{'id': 'C0', 'sections': [{'id': 'C0-S0', 'type': 'pedestrian', 'travelSummary': {'duration': 420, 'length': 445}, 'departure': {'time': '2022-09-29T14:13:00-04:00', 'place': {'name': 'Greenbush', 'type': 'place', 'location': {'lat': 42.177799, 'lng': -70.746567}}}, 'arrival': {'time': '2022-09-29T14:20:00-04:00', 'place': {'name': 'Greenbush', 'type': 'station', 'location': {'lat': 42.178776, 'lng': -70.746641}, 'wheelchairAccessible': 'yes', 'id': '419807454'}}, 'transport': {'mode': 'pedestrian'}}, {'id': 'C0-S1', 'type': 'transit', 'travelSummary': {'duration': 3840, 'length': 44472}, 'departure': {'time': '2022-09-29T14:20:00-04:00', 'place': {'name': 'Greenbush', 'type': 'station', 'location': {'lat': 42.178776, 'lng': -70.746641}, 'wheelchairAccessible': 'yes', 'id': '419807454', 'platform': '1'}}, 'arrival': {'time': '2022-09-29T15:24:00-04:00', 'place': {'name': 'South Station', 'type': 'station', 'location': {'lat': 42.352271, 'lng': -71.055242}, 'wheelchairAccessible': 'yes', 'id': '419808186'}}, 'transport': {'mode': 'regionalTrain', 'name': 'Greenbush Line', 'category': 'Rail', 'color': '#80276C', 'textColor': '#FFFFFF', 'headsign': 'South Station', 'longName': 'Greenbush Line'}, 'agency': {'id': '14811_6b86b27', 'name': 'MBTA', 'website': 'http://www.mbta.com'}}]}]}"
1,WACHUSETT,COMMUTER RAIL,TRAIN_NODES,42.55356363801657,-71.84876354052662,POINT (-71.84876354052662 42.55356363801657),200.0,88175.0,"{'routes': [{'id': 'C0', 'sections': [{'id': 'C0-S1', 'type': 'transit', 'travelSummary': {'duration': 4920, 'length': 80528}, 'departure': {'time': '2022-09-29T14:25:00-04:00', 'place': {'name': 'Wachusett', 'type': 'station', 'location': {'lat': 42.553477, 'lng': -71.848488}, 'wheelchairAccessible': 'yes', 'id': '419809496', 'platform': '3'}}, 'arrival': {'time': '2022-09-29T15:47:00-04:00', 'place': {'name': 'Porter', 'type': 'station', 'location': {'lat': 42.3884, 'lng': -71.119149}, 'wheelchairAccessible': 'yes', 'id': '419808169'}}, 'transport': {'mode': 'regionalTrain', 'name': 'Fitchburg Line', 'category': 'Rail', 'color': '#80276C', 'textColor': '#FFFFFF', 'headsign': 'North Station', 'longName': 'Fitchburg Line'}, 'agency': {'id': '14811_6b86b27', 'name': 'MBTA', 'website': 'http://www.mbta.com'}}, {'id': 'C0-S2', 'type': 'transit', 'travelSummary': {'duration': 1080, 'length': 7647}, 'departure': {'time': '2022-09-29T15:53:00-04:00', 'place': {'name': 'Porter', 'type': 'station', 'location': {'lat': 42.3884, 'lng': -71.119149}, 'wheelchairAccessible': 'yes', 'id': '419808169'}}, 'arrival': {'time': '2022-09-29T16:11:00-04:00', 'place': {'name': 'South Station', 'type': 'station', 'location': {'lat': 42.352271, 'lng': -71.055242}, 'wheelchairAccessible': 'yes', 'id': '419808186'}}, 'transport': {'mode': 'subway', 'name': 'Red Line', 'category': 'Subway, Metro', 'color': '#DA291C', 'textColor': '#FFFFFF', 'headsign': 'Braintree', 'longName': 'Red Line'}, 'agency': {'id': '14811_6b86b27', 'name': 'MBTA', 'website': 'http://www.mbta.com'}}]}]}"
2,BRADFORD,COMMUTER RAIL,TRAIN_NODES,42.76872645793275,-71.08655077036804,POINT (-71.08655077036804 42.76872645793275),200.0,54220.0,"{'routes': [{'id': 'C0', 'sections': [{'id': 'C0-S0', 'type': 'pedestrian', 'travelSummary': {'duration': 240, 'length': 257}, 'departure': {'time': '2022-09-29T14:25:00-04:00', 'place': {'name': 'Bradford', 'type': 'place', 'location': {'lat': 42.768726, 'lng': -71.086551}}}, 'arrival': {'time': '2022-09-29T14:29:00-04:00', 'place': {'name': 'Bradford', 'type': 'station', 'location': {'lat': 42.766912, 'lng': -71.088411}, 'wheelchairAccessible': 'yes', 'id': '419807953'}}, 'transport': {'mode': 'pedestrian'}}, {'id': 'C0-S1', 'type': 'transit', 'travelSummary': {'duration': 4080, 'length': 52142}, 'departure': {'time': '2022-09-29T14:29:00-04:00', 'place': {'name': 'Bradford', 'type': 'station', 'location': {'lat': 42.766912, 'lng': -71.088411}, 'wheelchairAccessible': 'yes', 'id': '419807953'}}, 'arrival': {'time': '2022-09-29T15:37:00-04:00', 'place': {'name': 'North Station', 'type': 'station', 'location': {'lat': 42.365577, 'lng': -71.06129}, 'wheelchairAccessible': 'yes', 'id': '419808162'}}, 'transport': {'mode': 'regionalTrain', 'name': 'Haverhill Line', 'category': 'Rail', 'color': '#80276C', 'textColor': '#FFFFFF', 'headsign': 'North Station via Oak Grove', 'longName': 'Haverhill Line'}, 'agency': {'id': '14811_6b86b27', 'name': 'MBTA', 'website': 'http://www.mbta.com'}}, {'id': 'C0-S2', 'type': 'transit', 'travelSummary': {'duration': 300, 'length': 1281}, 'departure': {'time': '2022-09-29T15:43:00-04:00', 'place': {'name': 'North Station', 'type': 'station', 'location': {'lat': 42.365577, 'lng': -71.06129}, 'wheelchairAccessible': 'yes', 'id': '419808162'}}, 'arrival': {'time': '2022-09-29T15:48:00-04:00', 'place': {'name': 'Downtown Crossing', 'type': 'station', 'location': {'lat': 42.355518, 'lng': -71.060225}, 'wheelchairAccessible': 'yes', 'id': '419809874', 'code': '70020'}}, 'transport': {'mode': 'subway', 'name': 'Orange Line', 'category': 'Subway, Metro', 'color': '#ED8B00', 'textColor': '#FFFFFF', 'headsign': 'Forest Hills', 'longName': 'Orange Line'}, 'agency': {'id': '14811_6b86b27', 'name': 'MBTA', 'website': 'http://www.mbta.com'}}, {'id': 'C0-S3-dep', 'type': 'pedestrian', 'travelSummary': {'duration': 120, 'length': 97}, 'departure': {'time': '2022-09-29T15:48:00-04:00', 'place': {'name': 'Downtown Crossing', 'type': 'station', 'location': {'lat': 42.355518, 'lng': -71.060225}, 'wheelchairAccessible': 'yes', 'id': '419809874', 'code': '70020'}}, 'arrival': {'time': '2022-09-29T15:50:00-04:00', 'place': {'name': 'Downtown Crossing - 101 Arch St, Summer St', 'type': 'accessPoint', 'location': {'lat': 42.354843, 'lng': -71.05948}, 'wheelchairAccessible': 'yes'}}, 'spans': [{'walkAttributes': ['indoor']}], 'transport': {'mode': 'pedestrian'}}, {'id': 'C0-S3', 'type': 'pedestrian', 'travelSummary': {'duration': 420, 'length': 443}, 'departure': {'time': '2022-09-29T15:50:00-04:00', 'place': {'name': 'Downtown Crossing - 101 Arch St, Summer St', 'type': 'accessPoint', 'location': {'lat': 42.354843, 'lng': -71.05948}, 'wheelchairAccessible': 'yes'}}, 'arrival': {'time': '2022-09-29T15:57:00-04:00', 'place': {'name': 'SouthStation', 'type': 'place', 'location': {'lat': 42.352593, 'lng': -71.055172}}}, 'transport': {'mode': 'pedestrian'}}]}]}"
3,LAWRENCE,COMMUTER RAIL,TRAIN_NODES,42.70177357612105,-71.15169161976846,POINT (-71.15169161976846 42.70177357612105),200.0,44286.0,"{'routes': [{'id': 'C0', 'sections': [{'id': 'C0-S0', 'type': 'transit', 'travelSummary': {'duration': 3660, 'length': 42465}, 'departure': {'time': '2022-09-29T14:36:00-04:00', 'place': {'name': 'Lawrence', 'type': 'station', 'location': {'lat': 42.701806, 'lng': -71.15198}, 'wheelchairAccessible': 'yes', 'id': '419810712', 'platform': '2'}}, 'arrival': {'time': '2022-09-29T15:37:00-04:00', 'place': {'name': 'North Station', 'type': 'station', 'location': {'lat': 42.365577, 'lng': -71.06129}, 'wheelchairAccessible': 'yes', 'id': '419808162'}}, 'transport': {'mode': 'regionalTrain', 'name': 'Haverhill Line', 'category': 'Rail', 'color': '#80276C', 'textColor': '#FFFFFF', 'headsign': 'North Station via Oak Grove', 'longName': 'Haverhill Line'}, 'agency': {'id': '14811_6b86b27', 'name': 'MBTA', 'website': 'http://www.mbta.com'}}, {'id': 'C0-S1', 'type': 'transit', 'travelSummary': {'duration': 300, 'length': 1281}, 'departure': {'time': '2022-09-29T15:43:00-04:00', 'place': {'name': 'North Station', 'type': 'station', 'location': {'lat': 42.365577, 'lng': -71.06129}, 'wheelchairAccessible': 'yes', 'id': '419808162'}}, 'arrival': {'time': '2022-09-29T15:48:00-04:00', 'place': {'name': 'Downtown Crossing', 'type': 'station', 'location': {'lat': 42.355518, 'lng': -71.060225}, 'wheelchairAccessible': 'yes', 'id': '419809874', 'code': '70020'}}, 'transport': {'mode': 'subway', 'name': 'Orange Line', 'category': 'Subway, Metro', 'color': '#ED8B00', 'textColor': '#FFFFFF', 'headsign': 'Forest Hills', 'longName': 'Orange Line'}, 'agency': {'id': '14811_6b86b27', 'name': 'MBTA', 'website': 'http://www.mbta.com'}}, {'id': 'C0-S2-dep', 'type': 'pedestrian', 'travelSummary': {'duration': 120, 'length': 97}, 'departure': {'time': '2022-09-29T15:48:00-04:00', 'place': {'name': 'Downtown Crossing', 'type': 'station', 'location': {'lat': 42.355518, 'lng': -71.060225}, 'wheelchairAccessible': 'yes', 'id': '419809874', 'code': '70020'}}, 'arrival': {'time': '2022-09-29T15:50:00-04:00', 'place': {'name': 'Downtown Crossing - 101 Arch St, Summer St', 'type': 'accessPoint', 'location': {'lat': 42.354843, 'lng': -71.05948}, 'wheelchairAccessible': 'yes'}}, 'spans': [{'walkAttributes': ['indoor']}], 'transport': {'mode': 'pedestrian'}}, {'id': 'C0-S2', 'type': 'pedestrian', 'travelSummary': {'duration': 420, 'length': 443}, 'departure': {'time': '2022-09-29T15:50:00-04:00', 'place': {'name': 'Downtown Crossing - 101 Arch St, Summer St', 'type': 'accessPoint', 'location': {'lat': 42.354843, 'lng': -71.05948}, 'wheelchairAccessible': 'yes'}}, 'arrival': {'time': '2022-09-29T15:57:00-04:00', 'place': {'name': 'SouthStation', 'type': 'place', 'location': {'lat': 42.352593, 'lng': -71.055172}}}, 'transport': {'mode': 'pedestrian'}}]}]}"
4,SOUTH STATION,COMMUTER RAIL,TRAIN_NODES,42.35146256050215,-71.05496026071819,POINT (-71.05496026071819 42.35146256050215),200.0,131.0,"{'notices': [{'title': 'Departure and arrival locations are too close', 'code': 'departureArrivalTooClose'}, {'title': 'Transit route between origin and destination is not possible given current input parameters', 'code': 'noTransitRouteFound'}], 'routes': [{'id': '13ab9942-31da-47b6-aa80-9bc07999da9f', 'sections': [{'id': '4e9e97b7-870a-452a-b63f-6f9ec1609a4d', 'type': 'pedestrian', 'travelSummary': {'duration': 141, 'length': 131}, 'departure': {'time': '2022-09-29T13:28:32-04:00', 'place': {'type': 'place', 'location': {'lat': 42.3517224, 'lng': -71.0559512}}}, 'arrival': {'time': '2022-09-29T13:30:53-04:00', 'place': {'type': 'place', 'location': {'lat': 42.3525543, 'lng': -71.0552033}}}, 'transport': {'mode': 'pedestrian'}}]}]}"
5,BOSTON LANDING,COMMUTER RAIL,TRAIN_NODES,42.3571481228762,-71.13912838631244,POINT (-71.13912838631244 42.3571481228762),200.0,7675.0,"{'routes': [{'id': 'C0', 'sections': [{'id': 'C0-S0', 'type': 'pedestrian', 'travelSummary': {'duration': 60, 'length': 58}, 'departure': {'time': '2022-09-29T14:11:00-04:00', 'place': {'name': 'BostonLanding', 'type': 'place', 'location': {'lat': 42.357148, 'lng': -71.139128}}}, 'arrival': {'time': '2022-09-29T14:12:00-04:00', 'place': {'name': 'Boston Landing', 'type': 'station', 'location': {'lat': 42.357293, 'lng': -71.139883}, 'wheelchairAccessible': 'yes', 'id': '419807358'}}, 'transport': {'mode': 'pedestrian'}}, {'id': 'C0-S1', 'type': 'transit', 'travelSummary': {'duration': 1020, 'length': 7617}, 'departure': {'time': '2022-09-29T14:12:00-04:00', 'place': {'name': 'Boston Landing', 'type': 'station', 'location': {'lat': 42.357293, 'lng': -71.139883}, 'wheelchairAccessible': 'yes', 'id': '419807358'}, 'delay': -120}, 'arrival': {'time': '2022-09-29T14:29:00-04:00', 'place': {'name': 'South Station', 'type': 'station', 'location': {'lat': 42.352271, 'lng': -71.055242}, 'wheelchairAccessible': 'yes', 'id': '419808186'}, 'delay': -240}, 'transport': {'mode': 'regionalTrain', 'name': 'Framingham/Worcester Line', 'category': 'Rail', 'color': '#80276C', 'textColor': '#FFFFFF', 'headsign': 'South Station', 'longName': 'Framingham/Worcester Line'}, 'agency': {'id': '14811_6b86b27', 'name': 'MBTA', 'website': 'http://www.mbta.com'}}]}]}"
6,NORTH STATION,COMMUTER RAIL,TRAIN_NODES,42.366286480448736,-71.06227059811692,POINT (-71.06227059811692 42.36628648044874),200.0,1959.0,"{'routes': [{'id': 'C0', 'sections': [{'id': 'C0-S0', 'type': 'pedestrian', 'travelSummary': {'duration': 0, 'length': 22}, 'departure': {'time': '2022-09-29T13:31:00-04:00', 'place': {'name': 'NorthStation', 'type': 'place', 'location': {'lat': 42.366287, 'lng': -71.062271}}}, 'arrival': {'time': '2022-09-29T13:31:00-04:00', 'place': {'name': 'North Station - Causeway St (West), Nashua St', 'type': 'accessPoint', 'location': {'lat': 42.365738, 'lng': -71.062684}, 'wheelchairAccessible': 'yes'}}, 'transport': {'mode': 'pedestrian'}}, {'id': 'C0-S0-arr', 'type': 'pedestrian', 'travelSummary': {'duration': 120, 'length': 116}, 'departure': {'time': '2022-09-29T13:31:00-04:00', 'place': {'name': 'North Station - Causeway St (West), Nashua St', 'type': 'accessPoint', 'location': {'lat': 42.365738, 'lng': -71.062684}, 'wheelchairAccessible': 'yes'}}, 'arrival': {'time': '2022-09-29T13:33:00-04:00', 'place': {'name': 'North Station', 'type': 'station', 'location': {'lat': 42.365577, 'lng': -71.06129}, 'wheelchairAccessible': 'yes', 'id': '419808162'}}, 'spans': [{'walkAttributes': ['indoor']}], 'transport': {'mode': 'pedestrian'}}, {'id': 'C0-S1', 'type': 'transit', 'travelSummary': {'duration': 180, 'length': 1281}, 'departure': {'time': '2022-09-29T13:33:00-04:00', 'place': {'name': 'North Station', 'type': 'station', 'location': {'lat': 42.365577, 'lng': -71.06129}, 'wheelchairAccessible': 'yes', 'id': '419808162'}, 'delay': 3900}, 'arrival': {'time': '2022-09-29T13:36:00-04:00', 'place': {'name': 'Downtown Crossing', 'type': 'station', 'location': {'lat': 42.355518, 'lng': -71.060225}, 'wheelchairAccessible': 'yes', 'id': '419809874', 'code': '70020'}, 'delay': 3840}, 'transport': {'mode': 'subway', 'name': 'Orange Line', 'category': 'Subway, Metro', 'color': '#ED8B00', 'textColor': '#FFFFFF', 'headsign': 'Forest Hills', 'longName': 'Orange Line'}, 'agency': {'id': '14811_6b86b27', 'name': 'MBTA', 'website': 'http://www.mbta.com'}}, {'id': 'C0-S2-dep', 'type': 'pedestrian', 'travelSummary': {'duration': 120, 'length': 97}, 'departure': {'time': '2022-09-29T13:36:00-04:00', 'place': {'name': 'Downtown Crossing', 'type': 'station', 'location': {'lat': 42.355518, 'lng': -71.060225}, 'wheelchairAccessible': 'yes', 'id': '419809874', 'code': '70020'}}, 'arrival': {'time': '2022-09-29T13:38:00-04:00', 'place': {'name': 'Downtown Crossing - 101 Arch St, Summer St', 'type': 'accessPoint', 'location': {'lat': 42.354843, 'lng': -71.05948}, 'wheelchairAccessible': 'yes'}}, 'spans': [{'walkAttributes': ['indoor']}], 'transport': {'mode': 'pedestrian'}}, {'id': 'C0-S2', 'type': 'pedestrian', 'travelSummary': {'duration': 420, 'length': 443}, 'departure': {'time': '2022-09-29T13:38:00-04:00', 'place': {'name': 'Downtown Crossing - 101 Arch St, Summer St', 'type': 'accessPoint', 'location': {'lat': 42.354843, 'lng': -71.05948}, 'wheelchairAccessible': 'yes'}}, 'arrival': {'time': '2022-09-29T13:45:00-04:00', 'place': {'name': 'SouthStation', 'type': 'place', 'location': {'lat': 42.352593, 'lng': -71.055172}}}, 'transport': {'mode': 'pedestrian'}}]}, {'id': 'c9683029-11d8-481a-bdd5-c0da9469dcc3', 'sections': [{'id': '800ecc4f-4d59-4883-bbce-89afc1ac4df6', 'type': 'pedestrian', 'travelSummary': {'duration': 1888, 'length': 1821}, 'departure': {'time': '2022-09-29T13:28:34-04:00', 'place': {'type': 'place', 'location': {'lat': 42.36584, 'lng': -71.06296}}}, 'arrival': {'time': '2022-09-29T14:00:02-04:00', 'place': {'type': 'place', 'location': {'lat': 42.3525543, 'lng': -71.0552033}}}, 'transport': {'mode': 'pedestrian'}}]}]}"
7,EAST WEYMOUTH,COMMUTER RAIL,TRAIN_NODES,42.21939938522992,-70.92171885079512,POINT (-70.92171885079512 42.21939938522992),200.0,24029.0,"{'routes': [{'id': 'C0', 'sections': [{'id': 'C0-S0', 'type': 'pedestrian', 'travelSummary': {'duration': 0, 'length': 26}, 'departure': {'time': '2022-09-29T13:36:00-04:00', 'place': {'name': 'EastWeymouth', 'type': 'place', 'location': {'lat': 42.219399, 'lng': -70.921719}}}, 'arrival': {'time': '2022-09-29T13:36:00-04:00', 'place': {'name': 'East Weymouth', 'type': 'station', 'location': {'lat': 42.2191, 'lng': -70.9214}, 'wheelchairAccessible': 'yes', 'id': '419807453'}}, 'transport': {'mode': 'pedestrian'}}, {'id': 'C0-S1', 'type': 'transit', 'travelSummary': {'duration': 900, 'length': 10964}, 'departure': {'time': '2022-09-29T13:36:00-04:00', 'place': {'name': 'East Weymouth', 'type': 'station', 'location': {'lat': 42.2191, 'lng': -70.9214}, 'wheelchairAccessible': 'yes', 'id': '419807453', 'platform': '1'}, 'delay': 0}, 'arrival': {'time': '2022-09-29T13:51:00-04:00', 'place': {'name': 'Quincy Center', 'type': 'station', 'location': {'lat': 42.251809, 'lng': -71.005409}, 'wheelchairAccessible': 'yes', 'id': '419808172', 'platform': '1'}, 'delay': -60}, 'transport': {'mode': 'regionalTrain', 'name': 'Greenbush Line', 'category': 'Rail', 'color': '#80276C', 'textColor': '#FFFFFF', 'headsign': 'South Station', 'longName': 'Greenbush Line'}, 'agency': {'id': '14811_6b86b27', 'name': 'MBTA', 'website': 'http://www.mbta.com'}}, {'id': 'C0-S2', 'type': 'transit', 'travelSummary': {'duration': 180, 'length': 13039}, 'departure': {'time': '2022-09-29T13:55:00-04:00', 'place': {'name': 'Quincy Center', 'type': 'station', 'location': {'lat': 42.251809, 'lng': -71.005409}, 'wheelchairAccessible': 'yes', 'id': '419808172', 'platform': '1'}, 'delay': 0}, 'arrival': {'time': '2022-09-29T13:58:00-04:00', 'place': {'name': 'South Station', 'type': 'station', 'location': {'lat': 42.352271, 'lng': -71.055242}, 'wheelchairAccessible': 'yes', 'id': '419808186'}, 'delay': -1200}, 'transport': {'mode': 'subway', 'name': 'Red Line', 'category': 'Subway, Metro', 'color': '#DA291C', 'textColor': '#FFFFFF', 'headsign': 'Alewife', 'longName': 'Red Line'}, 'agency': {'id': '14811_6b86b27', 'name': 'MBTA', 'website': 'http://www.mbta.com'}}]}]}"
8,CHELSEA,COMMUTER RAIL,TRAIN_NODES,42.39546344317493,-71.03344161189011,POINT (-71.03344161189011 42.39546344317493),200.0,9928.0,"{'routes': [{'id': 'C0', 'sections': [{'id': 'C0-S0', 'type': 'pedestrian', 'travelSummary': {'duration': 0, 'length': 13}, 'departure': {'time': '2022-09-29T13:36:00-04:00', 'place': {'name': 'Chelsea', 'type': 'place', 'location': {'lat': 42.395463, 'lng': -71.033442}}}, 'arrival': {'time': '2022-09-29T13:36:00-04:00', 'place': {'name': 'Bellingham Square - Washington Avenue', 'type': 'accessPoint', 'location': {'lat': 42.395247, 'lng': -71.033173}, 'wheelchairAccessible': 'yes'}}, 'transport': {'mode': 'pedestrian'}}, {'id': 'C0-S0-arr', 'type': 'pedestrian', 'travelSummary': {'duration': 60, 'length': 62}, 'departure': {'time': '2022-09-29T13:36:00-04:00', 'place': {'name': 'Bellingham Square - Washington Avenue', 'type': 'accessPoint', 'location': {'lat': 42.395247, 'lng': -71.033173}, 'wheelchairAccessible': 'yes'}}, 'arrival': {'time': '2022-09-29T13:37:00-04:00', 'place': {'name': 'Bellingham Square', 'type': 'station', 'location': {'lat': 42.395438, 'lng': -71.033884}, 'wheelchairAccessible': 'yes', 'id': '419809749'}}, 'spans': [{'walkAttributes': ['indoor']}], 'transport': {'mode': 'pedestrian'}}, {'id': 'C0-S1', 'type': 'transit', 'travelSummary': {'duration': 1440, 'length': 9853}, 'departure': {'time': '2022-09-29T13:37:00-04:00', 'place': {'name': 'Bellingham Square', 'type': 'station', 'location': {'lat': 42.395438, 'lng': -71.033884}, 'wheelchairAccessible': 'yes', 'id': '419809749'}, 'delay': 0}, 'arrival': {'time': '2022-09-29T14:01:00-04:00', 'place': {'name': 'South Station', 'type': 'station', 'location': {'lat': 42.352271, 'lng': -71.055242}, 'wheelchairAccessible': 'yes', 'id': '419810105', 'code': '74611'}, 'delay': -60}, 'transport': {'mode': 'bus', 'name': 'SL3', 'category': 'Bus', 'color': '#7C878E', 'textColor': '#FFFFFF', 'headsign': 'South Station', 'shortName': 'SL3', 'longName': 'Chelsea Station - South Station'}, 'agency': {'id': '14811_6b86b27', 'name': 'MBTA', 'website': 'http://www.mbta.com'}}]}]}"
9,WALPOLE,COMMUTER RAIL,TRAIN_NODES,42.1453185322529,-71.25813107419992,POINT (-71.25813107419992 42.1453185322529),200.0,30939.0,"{'routes': [{'id': 'C0', 'sections': [{'id': 'C0-S1', 'type': 'transit', 'travelSummary': {'duration': 2340, 'length': 30939}, 'departure': {'time': '2022-09-29T13:33:00-04:00', 'place': {'name': 'Walpole', 'type': 'station', 'location': {'lat': 42.145477, 'lng': -71.25779}, 'wheelchairAccessible': 'no', 'id': '419808059', 'platform': '1'}, 'delay': 0}, 'arrival': {'time': '2022-09-29T14:12:00-04:00', 'place': {'name': 'South Station', 'type': 'station', 'location': {'lat': 42.352271, 'lng': -71.055242}, 'wheelchairAccessible': 'yes', 'id': '419808186'}, 'delay': -240}, 'transport': {'mode': 'regionalTrain', 'name': 'Franklin/Foxboro Line', 'category': 'Rail', 'color': '#80276C', 'textColor': '#FFFFFF', 'headsign': 'South Station via Ruggles', 'longName': 'Franklin/Foxboro Line'}, 'agency': {'id': '14811_6b86b27', 'name': 'MBTA', 'website': 'http://www.mbta.com'}}]}]}"
10,ROWLEY,COMMUTER RAIL,TRAIN_NODES,42.72501905345048,-70.85854974989181,POINT (-70.85854974989181 42.72501905345048),200.0,52293.0,"{'routes': [{'id': 'C0', 'sections': [{'id': 'C0-S0', 'type': 'pedestrian', 'travelSummary': {'duration': 240, 'length': 216}, 'departure': {'time': '2022-09-29T14:25:00-04:00', 'place': {'name': 'Rowley', 'type': 'place', 'location': {'lat': 42.725019, 'lng': -70.85855}}}, 'arrival': {'time': '2022-09-29T14:29:00-04:00', 'place': {'name': 'Rowley', 'type': 'station', 'location': {'lat': 42.726845, 'lng': -70.859034}, 'wheelchairAccessible': 'yes', 'id': '419808046'}}, 'transport': {'mode': 'pedestrian'}}, {'id': 'C0-S1', 'type': 'transit', 'travelSummary': {'duration': 3540, 'length': 50256}, 'departure': {'time': '2022-09-29T14:29:00-04:00', 'place': {'name': 'Rowley', 'type': 'station', 'location': {'lat': 42.726845, 'lng': -70.859034}, 'wheelchairAccessible': 'yes', 'id': '419808046', 'platform': '1'}}, 'arrival': {'time': '2022-09-29T15:28:00-04:00', 'place': {'name': 'North Station', 'type': 'station', 'location': {'lat': 42.365577, 'lng': -71.06129}, 'wheelchairAccessible': 'yes', 'id': '419808162'}}, 'transport': {'mode': 'regionalTrain', 'name': 'Newburyport/Rockport Line', 'category': 'Rail', 'color': '#80276C', 'textColor': '#FFFFFF', 'headsign': 'North Station', 'longName': 'Newburyport/Rockport Line'}, 'agency': {'id': '14811_6b86b27', 'name': 'MBTA', 'website': 'http://www.mbta.com'}}, {'id': 'C0-S2', 'type': 'transit', 'travelSummary': {'duration': 300, 'length': 1281}, 'departure': {'time': '2022-09-29T15:33:00-04:00', 'place': {'name': 'North Station', 'type': 'station', 'location': {'lat': 42.365577, 'lng': -71.06129}, 'wheelchairAccessible': 'yes', 'id': '419808162'}}, 'arrival': {'time': '2022-09-29T15:38:00-04:00', 'place': {'name': 'Downtown Crossing', 'type': 'station', 'location': {'lat': 42.355518, 'lng': -71.060225}, 'wheelchairAccessible': 'yes', 'id': '419809874', 'code': '70020'}}, 'transport': {'mode': 'subway', 'name': 'Orange Line', 'category': 'Subway, Metro', 'color': '#ED8B00', 'textColor': '#FFFFFF', 'headsign': 'Forest Hills', 'longName': 'Orange Line'}, 'agency': {'id': '14811_6b86b27', 'name': 'MBTA', 'website': 'http://www.mbta.com'}}, {'id': 'C0-S3-dep', 'type': 'pedestrian', 'travelSummary': {'duration': 120, 'length': 97}, 'departure': {'time': '2022-09-29T15:38:00-04:00', 'place': {'name': 'Downtown Crossing', 'type': 'station', 'location': {'lat': 42.355518, 'lng': -71.060225}, 'wheelchairAccessible': 'yes', 'id': '419809874', 'code': '70020'}}, 'arrival': {'time': '2022-09-29T15:40:00-04:00', 'place': {'name': 'Downtown Crossing - 101 Arch St, Summer St', 'type': 'accessPoint', 'location': {'lat': 42.354843, 'lng': -71.05948}, 'wheelchairAccessible': 'yes'}}, 'spans': [{'walkAttributes': ['indoor']}], 'transport': {'mode': 'pedestrian'}}, {'id': 'C0-S3', 'type': 'pedestrian', 'travelSummary': {'duration': 420, 'length': 443}, 'departure': {'time': '2022-09-29T15:40:00-04:00', 'place': {'name': 'Downtown Crossing - 101 Arch St, Summer St', 'type': 'accessPoint', 'location': {'lat': 42.354843, 'lng': -71.05948}, 'wheelchairAccessible': 'yes'}}, 'arrival': {'time': '2022-09-29T15:47:00-04:00', 'place': {'name': 'SouthStation', 'type': 'place', 'location': {'lat': 42.352593, 'lng': -71.055172}}}, 'transport': {'mode': 'pedestrian'}}]}]}"
11,SALEM,COMMUTER RAIL,TRAIN_NODES,42.523961763512816,-70.89598189962496,POINT (-70.89598189962496 42.52396176351282),200.0,26345.0,"{'routes': [{'id': 'C0', 'sections': [{'id': 'C0-S0', 'type': 'pedestrian', 'travelSummary': {'duration': 480, 'length': 462}, 'departure': {'time': '2022-09-29T13:35:00-04:00', 'place': {'name': 'Salem', 'type': 'place', 'location': {'lat': 42.523962, 'lng': -70.895982}}}, 'arrival': {'time': '2022-09-29T13:43:00-04:00', 'place': {'name': 'North St opp Lynde St', 'type': 'station', 'location': {'lat': 42.521623, 'lng': -70.898764}, 'wheelchairAccessible': 'yes', 'id': '419810582', 'code': '4453'}}, 'transport': {'mode': 'pedestrian'}}, {'id': 'C0-S1', 'type': 'transit', 'travelSummary': {'duration': 3360, 'length': 24176}, 'departure': {'time': '2022-09-29T13:43:00-04:00', 'place': {'name': 'North St opp Lynde St', 'type': 'station', 'location': {'lat': 42.521623, 'lng': -70.898764}, 'wheelchairAccessible': 'yes', 'id': '419810582', 'code': '4453'}, 'delay': 0}, 'arrival': {'time': '2022-09-29T14:39:00-04:00', 'place': {'name': 'Surface Rd @ Hanover St', 'type': 'station', 'location': {'lat': 42.362243, 'lng': -71.056806}, 'wheelchairAccessible': 'yes', 'id': '419812946', 'code': '8309'}, 'delay': -240}, 'transport': {'mode': 'bus', 'name': '450', 'category': 'Bus', 'color': '#FFC72C', 'textColor': '#000000', 'headsign': 'Haymarket', 'shortName': '450', 'longName': 'Salem Depot - Wonderland or Haymarket Station'}, 'agency': {'id': '14811_6b86b27', 'name': 'MBTA', 'website': 'http://www.mbta.com'}}, {'id': 'C0-S2', 'type': 'pedestrian', 'travelSummary': {'duration': 240, 'length': 228}, 'departure': {'time': '2022-09-29T14:39:00-04:00', 'place': {'name': 'Surface Rd @ Hanover St', 'type': 'station', 'location': {'lat': 42.362243, 'lng': -71.056806}, 'wheelchairAccessible': 'yes', 'id': '419812946', 'code': '8309'}}, 'arrival': {'time': '2022-09-29T14:43:00-04:00', 'place': {'name': 'Haymarket - Rmv, Sudbury St, New Chardon St', 'type': 'accessPoint', 'location': {'lat': 42.3629, 'lng': -71.058138}, 'wheelchairAccessible': 'yes'}}, 'transport': {'mode': 'pedestrian'}}, {'id': 'C0-S2-arr', 'type': 'pedestrian', 'travelSummary': {'duration': 60, 'length': 18}, 'departure': {'time': '2022-09-29T14:43:00-04:00', 'place': {'name': 'Haymarket - Rmv, Sudbury St, New Chardon St', 'type': 'accessPoint', 'location': {'lat': 42.3629, 'lng': -71.058138}, 'wheelchairAccessible': 'yes'}}, 'arrival': {'time': '2022-09-29T14:44:00-04:00', 'place': {'name': 'Haymarket', 'type': 'station', 'location': {'lat': 42.363021, 'lng': -71.05829}, 'wheelchairAccessible': 'yes', 'id': '419809878', 'code': '70024'}}, 'spans': [{'walkAttributes': ['indoor']}], 'transport': {'mode': 'pedestrian'}}, {'id': 'C0-S3', 'type': 'transit', 'travelSummary': {'duration': 180, 'length': 921}, 'departure': {'time': '2022-09-29T14:46:00-04:00', 'place': {'name': 'Haymarket', 'type': 'station', 'location': {'lat': 42.363021, 'lng': -71.05829}, 'wheelchairAccessible': 'yes', 'id': '419809878', 'code': '70024'}}, 'arrival': {'time': '2022-09-29T14:49:00-04:00', 'place': {'name': 'Downtown Crossing', 'type': 'station', 'location': {'lat': 42.355518, 'lng': -71.060225}, 'wheelchairAccessible': 'yes', 'id': '419809874', 'code': '70020'}}, 'transport': {'mode': 'subway', 'name': 'Orange Line', 'category': 'Subway, Metro', 'color': '#ED8B00', 'textColor': '#FFFFFF', 'headsign': 'Forest Hills', 'longName': 'Orange Line'}, 'agency': {'id': '14811_6b86b27', 'name': 'MBTA', 'website': 'http://www.mbta.com'}}, {'id': 'C0-S4-dep', 'type': 'pedestrian', 'travelSummary': {'duration': 120, 'length': 97}, 'departure': {'time': '2022-09-29T14:49:00-04:00', 'place': {'name': 'Downtown Crossing', 'type': 'station', 'location': {'lat': 42.355518, 'lng': -71.060225}, 'wheelchairAccessible': 'yes', 'id': '419809874', 'code': '70020'}}, 'arrival': {'time': '2022-09-29T14:51:00-04:00', 'place': {'name': 'Downtown Crossing - 101 Arch St, Summer St', 'type': 'accessPoint', 'location': {'lat': 42.354843, 'lng': -71.05948}, 'wheelchairAccessible': 'yes'}}, 'spans': [{'walkAttributes': ['indoor']}], 'transport': {'mode': 'pedestrian'}}, {'id': 'C0-S4', 'type': 'pedestrian', 'travelSummary': {'duration': 420, 'length': 443}, 'departure': {'time': '2022-09-29T14:51:00-04:00', 'place': {'name': 'Downtown Crossing - 101 Arch St, Summer St', 'type': 'accessPoint', 'location': {'lat': 42.354843, 'lng': -71.05948}, 'wheelchairAccessible': 'yes'}}, 'arrival': {'time': '2022-09-29T14:58:00-04:00', 'place': {'name': 'SouthStation', 'type': 'place', 'location': {'lat': 42.352593, 'lng': -71.055172}}}, 'transport': {'mode': 'pedestrian'}}]}]}"
12,SWAMPSCOTT,COMMUTER RAIL,TRAIN_NODES,42.474242299600974,-70.9216836286271,POINT (-70.92168362862709 42.47424229960097),200.0,22469.0,"{'routes': [{'id': 'C0', 'sections': [{'id': 'C0-S0', 'type': 'pedestrian', 'travelSummary': {'duration': 120, 'length': 144}, 'departure': {'time': '2022-09-29T13:31:00-04:00', 'place': {'name': 'Swampscott', 'type': 'place', 'location': {'lat': 42.474242, 'lng': -70.921684}}}, 'arrival': {'time': '2022-09-29T13:33:00-04:00', 'place': {'name': 'Swampscott', 'type': 'station', 'location': {'lat': 42.473743, 'lng': -70.922537}, 'wheelchairAccessible': 'yes', 'id': '419808054'}}, 'transport': {'mode': 'pedestrian'}}, {'id': 'C0-S1', 'type': 'transit', 'travelSummary': {'duration': 1380, 'length': 20504}, 'departure': {'time': '2022-09-29T13:33:00-04:00', 'place': {'name': 'Swampscott', 'type': 'station', 'location': {'lat': 42.473743, 'lng': -70.922537}, 'wheelchairAccessible': 'yes', 'id': '419808054'}, 'delay': 120}, 'arrival': {'time': '2022-09-29T13:56:00-04:00', 'place': {'name': 'North Station', 'type': 'station', 'location': {'lat': 42.365577, 'lng': -71.06129}, 'wheelchairAccessible': 'yes', 'id': '419808162'}, 'delay': -60}, 'transport': {'mode': 'regionalTrain', 'name': 'Newburyport/Rockport Line', 'category': 'Rail', 'color': '#80276C', 'textColor': '#FFFFFF', 'headsign': 'North Station', 'longName': 'Newburyport/Rockport Line'}, 'agency': {'id': '14811_6b86b27', 'name': 'MBTA', 'website': 'http://www.mbta.com'}}, {'id': 'C0-S2', 'type': 'transit', 'travelSummary': {'duration': 0, 'length': 1281}, 'departure': {'time': '2022-09-29T14:02:00-04:00', 'place': {'name': 'North Station', 'type': 'station', 'location': {'lat': 42.365577, 'lng': -71.06129}, 'wheelchairAccessible': 'yes', 'id': '419808162'}, 'delay': 2700}, 'arrival': {'time': '2022-09-29T14:02:00-04:00', 'place': {'name': 'Downtown Crossing', 'type': 'station', 'location': {'lat': 42.355518, 'lng': -71.060225}, 'wheelchairAccessible': 'yes', 'id': '419809874', 'code': '70020'}, 'delay': 2460}, 'transport': {'mode': 'subway', 'name': 'Orange Line', 'category': 'Subway, Metro', 'color': '#ED8B00', 'textColor': '#FFFFFF', 'headsign': 'Forest Hills', 'longName': 'Orange Line'}, 'agency': {'id': '14811_6b86b27', 'name': 'MBTA', 'website': 'http://www.mbta.com'}}, {'id': 'C0-S3-dep', 'type': 'pedestrian', 'travelSummary': {'duration': 120, 'length': 97}, 'departure': {'time': '2022-09-29T14:02:00-04:00', 'place': {'name': 'Downtown Crossing', 'type': 'station', 'location': {'lat': 42.355518, 'lng': -71.060225}, 'wheelchairAccessible': 'yes', 'id': '419809874', 'code': '70020'}}, 'arrival': {'time': '2022-09-29T14:04:00-04:00', 'place': {'name': 'Downtown Crossing - 101 Arch St, Summer St', 'type': 'accessPoint', 'location': {'lat': 42.354843, 'lng': -71.05948}, 'wheelchairAccessible': 'yes'}}, 'spans': [{'walkAttributes': ['indoor']}], 'transport': {'mode': 'pedestrian'}}, {'id': 'C0-S3', 'type': 'pedestrian', 'travelSummary': {'duration': 420, 'length': 443}, 'departure': {'time': '2022-09-29T14:04:00-04:00', 'place': {'name': 'Downtown Crossing - 101 Arch St, Summer St', 'type': 'accessPoint', 'location': {'lat': 42.354843, 'lng': -71.05948}, 'wheelchairAccessible': 'yes'}}, 'arrival': {'time': '2022-09-29T14:11:00-04:00', 'place': {'name': 'SouthStation', 'type': 'place', 'location': {'lat': 42.352593, 'lng': -71.055172}}}, 'transport': {'mode': 'pedestrian'}}]}]}"
13,RIVER WORKS,COMMUTER RAIL,TRAIN_NODES,42.44979823542543,-70.96976717652744,POINT (-70.96976717652744 42.44979823542543),200.0,17079.0,"{'routes': [{'id': 'C0', 'sections': [{'id': 'C0-S0', 'type': 'pedestrian', 'travelSummary': {'duration': 780, 'length': 787}, 'departure': {'time': '2022-09-29T13:33:00-04:00', 'place': {'name': 'RiverWorks', 'type': 'place', 'location': {'lat': 42.449798, 'lng': -70.969767}}}, 'arrival': {'time': '2022-09-29T13:46:00-04:00', 'place': {'name': '715 Lynnway', 'type': 'station', 'location': {'lat': 42.45109, 'lng': -70.963033}, 'wheelchairAccessible': 'yes', 'id': '419803362', 'code': '4706'}}, 'transport': {'mode': 'pedestrian'}}, {'id': 'C0-S1', 'type': 'transit', 'travelSummary': {'duration': 660, 'length': 6163}, 'departure': {'time': '2022-09-29T13:46:00-04:00', 'place': {'name': '715 Lynnway', 'type': 'station', 'location': {'lat': 42.45109, 'lng': -70.963033}, 'wheelchairAccessible': 'yes', 'id': '419803362', 'code': '4706'}, 'delay': -420}, 'arrival': {'time': '2022-09-29T13:57:00-04:00', 'place': {'name': 'Wonderland', 'type': 'station', 'location': {'lat': 42.413691, 'lng': -70.991591}, 'wheelchairAccessible': 'yes', 'id': '419809831', 'code': '15795'}, 'delay': -480}, 'transport': {'mode': 'bus', 'name': '441/442', 'category': 'Bus', 'color': '#FFC72C', 'textColor': '#000000', 'headsign': 'Wonderland', 'shortName': '441/442', 'longName': 'Marblehead - Wonderland Station'}, 'agency': {'id': '14811_6b86b27', 'name': 'MBTA', 'website': 'http://www.mbta.com'}}, {'id': 'C0-S2', 'type': 'pedestrian', 'travelSummary': {'duration': 120, 'length': 142}, 'departure': {'time': '2022-09-29T13:57:00-04:00', 'place': {'name': 'Wonderland', 'type': 'station', 'location': {'lat': 42.413691, 'lng': -70.991591}, 'wheelchairAccessible': 'yes', 'id': '419809831', 'code': '15795'}}, 'arrival': {'time': '2022-09-29T13:59:00-04:00', 'place': {'name': 'Wonderland', 'type': 'station', 'location': {'lat': 42.413691, 'lng': -70.991591}, 'wheelchairAccessible': 'yes', 'id': '419808202'}}, 'transport': {'mode': 'pedestrian'}}, {'id': 'C0-S3', 'type': 'transit', 'travelSummary': {'duration': 900, 'length': 9121}, 'departure': {'time': '2022-09-29T14:00:00-04:00', 'place': {'name': 'Wonderland', 'type': 'station', 'location': {'lat': 42.413691, 'lng': -70.991591}, 'wheelchairAccessible': 'yes', 'id': '419808202', 'platform': '1'}}, 'arrival': {'time': '2022-09-29T14:15:00-04:00', 'place': {'name': 'State', 'type': 'station', 'location': {'lat': 42.358978, 'lng': -71.057598}, 'wheelchairAccessible': 'yes', 'id': '419809876', 'code': '70022'}}, 'transport': {'mode': 'subway', 'name': 'Blue Line', 'category': 'Subway, Metro', 'color': '#003DA5', 'textColor': '#FFFFFF', 'headsign': 'Bowdoin', 'longName': 'Blue Line'}, 'agency': {'id': '14811_6b86b27', 'name': 'MBTA', 'website': 'http://www.mbta.com'}}, {'id': 'C0-S4-dep', 'type': 'pedestrian', 'travelSummary': {'duration': 180, 'length': 166}, 'departure': {'time': '2022-09-29T14:15:00-04:00', 'place': {'name': 'State', 'type': 'station', 'location': {'lat': 42.358978, 'lng': -71.057598}, 'wheelchairAccessible': 'yes', 'id': '419809876', 'code': '70022'}}, 'arrival': {'time': '2022-09-29T14:18:00-04:00', 'place': {'name': 'State - Devonshire St, Water St', 'type': 'accessPoint', 'location': {'lat': 42.357487, 'lng': -71.057412}, 'wheelchairAccessible': 'no'}}, 'spans': [{'walkAttributes': ['indoor']}], 'transport': {'mode': 'pedestrian'}}, {'id': 'C0-S4', 'type': 'pedestrian', 'travelSummary': {'duration': 720, 'length': 700}, 'departure': {'time': '2022-09-29T14:18:00-04:00', 'place': {'name': 'State - Devonshire St, Water St', 'type': 'accessPoint', 'location': {'lat': 42.357487, 'lng': -71.057412}, 'wheelchairAccessible': 'no'}}, 'arrival': {'time': '2022-09-29T14:30:00-04:00', 'place': {'name': 'SouthStation', 'type': 'place', 'location': {'lat': 42.352593, 'lng': -71.055172}}}, 'transport': {'mode': 'pedestrian'}}]}]}"
14,ASHLAND,COMMUTER RAIL,TRAIN_NODES,42.26101471034394,-71.47611740477383,POINT (-71.47611740477383 42.26101471034394),200.0,41115.0,"{'routes': [{'id': 'C0', 'sections': [{'id': 'C0-S0', 'type': 'pedestrian', 'travelSummary': {'duration': 540, 'length': 548}, 'departure': {'time': '2022-09-29T14:21:00-04:00', 'place': {'name': 'Ashland', 'type': 'place', 'location': {'lat': 42.261015, 'lng': -71.476117}}}, 'arrival': {'time': '2022-09-29T14:30:00-04:00', 'place': {'name': 'Ashland', 'type': 'station', 'location': {'lat': 42.26149, 'lng': -71.482161}, 'wheelchairAccessible': 'yes', 'id': '419807370'}}, 'transport': {'mode': 'pedestrian'}}, {'id': 'C0-S1', 'type': 'transit', 'travelSummary': {'duration': 3780, 'length': 40567}, 'departure': {'time': '2022-09-29T14:30:00-04:00', 'place': {'name': 'Ashland', 'type': 'station', 'location': {'lat': 42.26149, 'lng': -71.482161}, 'wheelchairAccessible': 'yes', 'id': '419807370'}, 'delay': 0}, 'arrival': {'time': '2022-09-29T15:33:00-04:00', 'place': {'name': 'South Station', 'type': 'station', 'location': {'lat': 42.352271, 'lng': -71.055242}, 'wheelchairAccessible': 'yes', 'id': '419808186'}, 'delay': 0}, 'transport': {'mode': 'regionalTrain', 'name': 'Framingham/Worcester Line', 'category': 'Rail', 'color': '#80276C', 'textColor': '#FFFFFF', 'headsign': 'South Station', 'longName': 'Framingham/Worcester Line'}, 'agency': {'id': '14811_6b86b27', 'name': 'MBTA', 'website': 'http://www.mbta.com'}}]}]}"
15,SOUTHBOROUGH,COMMUTER RAIL,TRAIN_NODES,42.26714179737653,-71.52384475368306,POINT (-71.52384475368306 42.26714179737652),200.0,44605.0,"{'routes': [{'id': 'C0', 'sections': [{'id': 'C0-S0', 'type': 'pedestrian', 'travelSummary': {'duration': 420, 'length': 414}, 'departure': {'time': '2022-09-29T14:19:00-04:00', 'place': {'name': 'Southborough', 'type': 'place', 'location': {'lat': 42.267142, 'lng': -71.523845}}}, 'arrival': {'time': '2022-09-29T14:26:00-04:00', 'place': {'name': 'Southborough', 'type': 'station', 'location': {'lat': 42.267024, 'lng': -71.524371}, 'wheelchairAccessible': 'yes', 'id': '419807371'}}, 'transport': {'mode': 'pedestrian'}}, {'id': 'C0-S1', 'type': 'transit', 'travelSummary': {'duration': 4020, 'length': 44191}, 'departure': {'time': '2022-09-29T14:26:00-04:00', 'place': {'name': 'Southborough', 'type': 'station', 'location': {'lat': 42.267024, 'lng': -71.524371}, 'wheelchairAccessible': 'yes', 'id': '419807371'}, 'delay': 0}, 'arrival': {'time': '2022-09-29T15:33:00-04:00', 'place': {'name': 'South Station', 'type': 'station', 'location': {'lat': 42.352271, 'lng': -71.055242}, 'wheelchairAccessible': 'yes', 'id': '419808186'}, 'delay': 0}, 'transport': {'mode': 'regionalTrain', 'name': 'Framingham/Worcester Line', 'category': 'Rail', 'color': '#80276C', 'textColor': '#FFFFFF', 'headsign': 'South Station', 'longName': 'Framingham/Worcester Line'}, 'agency': {'id': '14811_6b86b27', 'name': 'MBTA', 'website': 'http://www.mbta.com'}}]}]}"
16,WESTBOROUGH,COMMUTER RAIL,TRAIN_NODES,42.26926792274833,-71.64860082559177,POINT (-71.64860082559177 42.26926792274833),200.0,54908.0,"{'routes': [{'id': 'C0', 'sections': [{'id': 'C0-S0', 'type': 'pedestrian', 'travelSummary': {'duration': 360, 'length': 356}, 'departure': {'time': '2022-09-29T14:11:00-04:00', 'place': {'name': 'Westborough', 'type': 'place', 'location': {'lat': 42.269268, 'lng': -71.648601}}}, 'arrival': {'time': '2022-09-29T14:17:00-04:00', 'place': {'name': 'Westborough', 'type': 'station', 'location': {'lat': 42.269644, 'lng': -71.647076}, 'wheelchairAccessible': 'yes', 'id': '419807374'}}, 'transport': {'mode': 'pedestrian'}}, {'id': 'C0-S1', 'type': 'transit', 'travelSummary': {'duration': 4560, 'length': 54552}, 'departure': {'time': '2022-09-29T14:17:00-04:00', 'place': {'name': 'Westborough', 'type': 'station', 'location': {'lat': 42.269644, 'lng': -71.647076}, 'wheelchairAccessible': 'yes', 'id': '419807374'}, 'delay': 0}, 'arrival': {'time': '2022-09-29T15:33:00-04:00', 'place': {'name': 'South Station', 'type': 'station', 'location': {'lat': 42.352271, 'lng': -71.055242}, 'wheelchairAccessible': 'yes', 'id': '419808186'}, 'delay': 0}, 'transport': {'mode': 'regionalTrain', 'name': 'Framingham/Worcester Line', 'category': 'Rail', 'color': '#80276C', 'textColor': '#FFFFFF', 'headsign': 'South Station', 'longName': 'Framingham/Worcester Line'}, 'agency': {'id': '14811_6b86b27', 'name': 'MBTA', 'website': 'http://www.mbta.com'}}]}]}"
17,GRAFTON,COMMUTER RAIL,TRAIN_NODES,42.24712682984265,-71.68461427716244,POINT (-71.68461427716244 42.24712682984265),200.0,58777.0,"{'routes': [{'id': 'C0', 'sections': [{'id': 'C0-S0', 'type': 'pedestrian', 'travelSummary': {'duration': 60, 'length': 82}, 'departure': {'time': '2022-09-29T14:12:00-04:00', 'place': {'name': 'Grafton', 'type': 'place', 'location': {'lat': 42.247127, 'lng': -71.684614}}}, 'arrival': {'time': '2022-09-29T14:13:00-04:00', 'place': {'name': 'Grafton', 'type': 'station', 'location': {'lat': 42.2466, 'lng': -71.685325}, 'wheelchairAccessible': 'yes', 'id': '419807375'}}, 'transport': {'mode': 'pedestrian'}}, {'id': 'C0-S1', 'type': 'transit', 'travelSummary': {'duration': 4800, 'length': 58695}, 'departure': {'time': '2022-09-29T14:13:00-04:00', 'place': {'name': 'Grafton', 'type': 'station', 'location': {'lat': 42.2466, 'lng': -71.685325}, 'wheelchairAccessible': 'yes', 'id': '419807375'}, 'delay': 0}, 'arrival': {'time': '2022-09-29T15:33:00-04:00', 'place': {'name': 'South Station', 'type': 'station', 'location': {'lat': 42.352271, 'lng': -71.055242}, 'wheelchairAccessible': 'yes', 'id': '419808186'}, 'delay': 0}, 'transport': {'mode': 'regionalTrain', 'name': 'Framingham/Worcester Line', 'category': 'Rail', 'color': '#80276C', 'textColor': '#FFFFFF', 'headsign': 'South Station', 'longName': 'Framingham/Worcester Line'}, 'agency': {'id': '14811_6b86b27', 'name': 'MBTA', 'website': 'http://www.mbta.com'}}]}]}"
18,IPSWICH,COMMUTER RAIL,TRAIN_NODES,42.67687055875716,-70.84060167313967,POINT (-70.84060167313967 42.67687055875716),200.0,46275.0,"{'routes': [{'id': 'C0', 'sections': [{'id': 'C0-S1', 'type': 'transit', 'travelSummary': {'duration': 3180, 'length': 44454}, 'departure': {'time': '2022-09-29T14:35:00-04:00', 'place': {'name': 'Ipswich', 'type': 'station', 'location': {'lat': 42.676921, 'lng': -70.840589}, 'wheelchairAccessible': 'yes', 'id': '419808024', 'platform': '1'}}, 'arrival': {'time': '2022-09-29T15:28:00-04:00', 'place': {'name': 'North Station', 'type': 'station', 'location': {'lat': 42.365577, 'lng': -71.06129}, 'wheelchairAccessible': 'yes', 'id': '419808162'}}, 'transport': {'mode': 'regionalTrain', 'name': 'Newburyport/Rockport Line', 'category': 'Rail', 'color': '#80276C', 'textColor': '#FFFFFF', 'headsign': 'North Station', 'longName': 'Newburyport/Rockport Line'}, 'agency': {'id': '14811_6b86b27', 'name': 'MBTA', 'website': 'http://www.mbta.com'}}, {'id': 'C0-S2', 'type': 'transit', 'travelSummary': {'duration': 300, 'length': 1281}, 'departure': {'time': '2022-09-29T15:33:00-04:00', 'place': {'name': 'North Station', 'type': 'station', 'location': {'lat': 42.365577, 'lng': -71.06129}, 'wheelchairAccessible': 'yes', 'id': '419808162'}}, 'arrival': {'time': '2022-09-29T15:38:00-04:00', 'place': {'name': 'Downtown Crossing', 'type': 'station', 'location': {'lat': 42.355518, 'lng': -71.060225}, 'wheelchairAccessible': 'yes', 'id': '419809874', 'code': '70020'}}, 'transport': {'mode': 'subway', 'name': 'Orange Line', 'category': 'Subway, Metro', 'color': '#ED8B00', 'textColor': '#FFFFFF', 'headsign': 'Forest Hills', 'longName': 'Orange Line'}, 'agency': {'id': '14811_6b86b27', 'name': 'MBTA', 'website': 'http://www.mbta.com'}}, {'id': 'C0-S3-dep', 'type': 'pedestrian', 'travelSummary': {'duration': 120, 'length': 97}, 'departure': {'time': '2022-09-29T15:38:00-04:00', 'place': {'name': 'Downtown Crossing', 'type': 'station', 'location': {'lat': 42.355518, 'lng': -71.060225}, 'wheelchairAccessible': 'yes', 'id': '419809874', 'code': '70020'}}, 'arrival': {'time': '2022-09-29T15:40:00-04:00', 'place': {'name': 'Downtown Crossing - 101 Arch St, Summer St', 'type': 'accessPoint', 'location': {'lat': 42.354843, 'lng': -71.05948}, 'wheelchairAccessible': 'yes'}}, 'spans': [{'walkAttributes': ['indoor']}], 'transport': {'mode': 'pedestrian'}}, {'id': 'C0-S3', 'type': 'pedestrian', 'travelSummary': {'duration': 420, 'length': 443}, 'departure': {'time': '2022-09-29T15:40:00-04:00', 'place': {'name': 'Downtown Crossing - 101 Arch St, Summer St', 'type': 'accessPoint', 'location': {'lat': 42.354843, 'lng': -71.05948}, 'wheelchairAccessible': 'yes'}}, 'arrival': {'time': '2022-09-29T15:47:00-04:00', 'place': {'name': 'SouthStation', 'type': 'place', 'location': {'lat': 42.352593, 'lng': -71.055172}}}, 'transport': {'mode': 'pedestrian'}}]}]}"
19,ROCKPORT,COMMUTER RAIL,TRAIN_NODES,42.65620232847312,-70.62626003105497,POINT (-70.62626003105497 42.65620232847311),200.0,58749.0,"{'routes': [{'id': 'C0', 'sections': [{'id': 'C0-S0', 'type': 'pedestrian', 'travelSummary': {'duration': 300, 'length': 273}, 'departure': {'time': '2022-09-29T13:38:00-04:00', 'place': {'name': 'Rockport', 'type': 'place', 'location': {'lat': 42.656202, 'lng': -70.62626}}}, 'arrival': {'time': '2022-09-29T13:43:00-04:00', 'place': {'name': 'Rockport', 'type': 'station', 'location': {'lat': 42.655491, 'lng': -70.627055}, 'wheelchairAccessible': 'yes', 'id': '419809520'}}, 'transport': {'mode': 'pedestrian'}}, {'id': 'C0-S1', 'type': 'transit', 'travelSummary': {'duration': 4560, 'length': 56655}, 'departure': {'time': '2022-09-29T13:43:00-04:00', 'place': {'name': 'Rockport', 'type': 'station', 'location': {'lat': 42.655491, 'lng': -70.627055}, 'wheelchairAccessible': 'yes', 'id': '419809520', 'platform': '1'}}, 'arrival': {'time': '2022-09-29T14:59:00-04:00', 'place': {'name': 'North Station', 'type': 'station', 'location': {'lat': 42.365577, 'lng': -71.06129}, 'wheelchairAccessible': 'yes', 'id': '419808162'}}, 'transport': {'mode': 'regionalTrain', 'name': 'Newburyport/Rockport Line', 'category': 'Rail', 'color': '#80276C', 'textColor': '#FFFFFF', 'headsign': 'North Station', 'longName': 'Newburyport/Rockport Line'}, 'agency': {'id': '14811_6b86b27', 'name': 'MBTA', 'website': 'http://www.mbta.com'}}, {'id': 'C0-S2', 'type': 'transit', 'travelSummary': {'duration': 300, 'length': 1281}, 'departure': {'time': '2022-09-29T15:04:00-04:00', 'place': {'name': 'North Station', 'type': 'station', 'location': {'lat': 42.365577, 'lng': -71.06129}, 'wheelchairAccessible': 'yes', 'id': '419808162'}}, 'arrival': {'time': '2022-09-29T15:09:00-04:00', 'place': {'name': 'Downtown Crossing', 'type': 'station', 'location': {'lat': 42.355518, 'lng': -71.060225}, 'wheelchairAccessible': 'yes', 'id': '419809874', 'code': '70020'}}, 'transport': {'mode': 'subway', 'name': 'Orange Line', 'category': 'Subway, Metro', 'color': '#ED8B00', 'textColor': '#FFFFFF', 'headsign': 'Forest Hills', 'longName': 'Orange Line'}, 'agency': {'id': '14811_6b86b27', 'name': 'MBTA', 'website': 'http://www.mbta.com'}}, {'id': 'C0-S3-dep', 'type': 'pedestrian', 'travelSummary': {'duration': 120, 'length': 97}, 'departure': {'time': '2022-09-29T15:09:00-04:00', 'place': {'name': 'Downtown Crossing', 'type': 'station', 'location': {'lat': 42.355518, 'lng': -71.060225}, 'wheelchairAccessible': 'yes', 'id': '419809874', 'code': '70020'}}, 'arrival': {'time': '2022-09-29T15:11:00-04:00', 'place': {'name': 'Downtown Crossing - 101 Arch St, Summer St', 'type': 'accessPoint', 'location': {'lat': 42.354843, 'lng': -71.05948}, 'wheelchairAccessible': 'yes'}}, 'spans': [{'walkAttributes': ['indoor']}], 'transport': {'mode': 'pedestrian'}}, {'id': 'C0-S3', 'type': 'pedestrian', 'travelSummary': {'duration': 420, 'length': 443}, 'departure': {'time': '2022-09-29T15:11:00-04:00', 'place': {'name': 'Downtown Crossing - 101 Arch St, Summer St', 'type': 'accessPoint', 'location': {'lat': 42.354843, 'lng': -71.05948}, 'wheelchairAccessible': 'yes'}}, 'arrival': {'time': '2022-09-29T15:18:00-04:00', 'place': {'name': 'SouthStation', 'type': 'place', 'location': {'lat': 42.352593, 'lng': -71.055172}}}, 'transport': {'mode': 'pedestrian'}}]}]}"
20,WEST GLOUCESTER,COMMUTER RAIL,TRAIN_NODES,42.61136199874382,-70.706121084162,POINT (-70.70612108416201 42.61136199874382),200.0,49445.0,"{'routes': [{'id': 'C0', 'sections': [{'id': 'C0-S0', 'type': 'pedestrian', 'travelSummary': {'duration': 120, 'length': 145}, 'departure': {'time': '2022-09-29T13:54:00-04:00', 'place': {'name': 'WestGloucester', 'type': 'place', 'location': {'lat': 42.611362, 'lng': -70.706121}}}, 'arrival': {'time': '2022-09-29T13:56:00-04:00', 'place': {'name': 'West Gloucester', 'type': 'station', 'location': {'lat': 42.611933, 'lng': -70.705417}, 'wheelchairAccessible': 'yes', 'id': '419807338'}}, 'transport': {'mode': 'pedestrian'}}, {'id': 'C0-S1', 'type': 'transit', 'travelSummary': {'duration': 3780, 'length': 47479}, 'departure': {'time': '2022-09-29T13:56:00-04:00', 'place': {'name': 'West Gloucester', 'type': 'station', 'location': {'lat': 42.611933, 'lng': -70.705417}, 'wheelchairAccessible': 'yes', 'id': '419807338'}}, 'arrival': {'time': '2022-09-29T14:59:00-04:00', 'place': {'name': 'North Station', 'type': 'station', 'location': {'lat': 42.365577, 'lng': -71.06129}, 'wheelchairAccessible': 'yes', 'id': '419808162'}}, 'transport': {'mode': 'regionalTrain', 'name': 'Newburyport/Rockport Line', 'category': 'Rail', 'color': '#80276C', 'textColor': '#FFFFFF', 'headsign': 'North Station', 'longName': 'Newburyport/Rockport Line'}, 'agency': {'id': '14811_6b86b27', 'name': 'MBTA', 'website': 'http://www.mbta.com'}}, {'id': 'C0-S2', 'type': 'transit', 'travelSummary': {'duration': 300, 'length': 1281}, 'departure': {'time': '2022-09-29T15:04:00-04:00', 'place': {'name': 'North Station', 'type': 'station', 'location': {'lat': 42.365577, 'lng': -71.06129}, 'wheelchairAccessible': 'yes', 'id': '419808162'}}, 'arrival': {'time': '2022-09-29T15:09:00-04:00', 'place': {'name': 'Downtown Crossing', 'type': 'station', 'location': {'lat': 42.355518, 'lng': -71.060225}, 'wheelchairAccessible': 'yes', 'id': '419809874', 'code': '70020'}}, 'transport': {'mode': 'subway', 'name': 'Orange Line', 'category': 'Subway, Metro', 'color': '#ED8B00', 'textColor': '#FFFFFF', 'headsign': 'Forest Hills', 'longName': 'Orange Line'}, 'agency': {'id': '14811_6b86b27', 'name': 'MBTA', 'website': 'http://www.mbta.com'}}, {'id': 'C0-S3-dep', 'type': 'pedestrian', 'travelSummary': {'duration': 120, 'length': 97}, 'departure': {'time': '2022-09-29T15:09:00-04:00', 'place': {'name': 'Downtown Crossing', 'type': 'station', 'location': {'lat': 42.355518, 'lng': -71.060225}, 'wheelchairAccessible': 'yes', 'id': '419809874', 'code': '70020'}}, 'arrival': {'time': '2022-09-29T15:11:00-04:00', 'place': {'name': 'Downtown Crossing - 101 Arch St, Summer St', 'type': 'accessPoint', 'location': {'lat': 42.354843, 'lng': -71.05948}, 'wheelchairAccessible': 'yes'}}, 'spans': [{'walkAttributes': ['indoor']}], 'transport': {'mode': 'pedestrian'}}, {'id': 'C0-S3', 'type': 'pedestrian', 'travelSummary': {'duration': 420, 'length': 443}, 'departure': {'time': '2022-09-29T15:11:00-04:00', 'place': {'name': 'Downtown Crossing - 101 Arch St, Summer St', 'type': 'accessPoint', 'location': {'lat': 42.354843, 'lng': -71.05948}, 'wheelchairAccessible': 'yes'}}, 'arrival': {'time': '2022-09-29T15:18:00-04:00', 'place': {'name': 'SouthStation', 'type': 'place', 'location': {'lat': 42.352593, 'lng': -71.055172}}}, 'transport': {'mode': 'pedestrian'}}]}]}"
21,MONTSERRAT,COMMUTER RAIL,TRAIN_NODES,42.56236547247608,-70.86852599929155,POINT (-70.86852599929155 42.56236547247607),200.0,33724.0,"{'routes': [{'id': 'C0', 'sections': [{'id': 'C0-S0', 'type': 'pedestrian', 'travelSummary': {'duration': 120, 'length': 140}, 'departure': {'time': '2022-09-29T14:13:00-04:00', 'place': {'name': 'Montserrat', 'type': 'place', 'location': {'lat': 42.562365, 'lng': -70.868526}}}, 'arrival': {'time': '2022-09-29T14:15:00-04:00', 'place': {'name': 'Montserrat', 'type': 'station', 'location': {'lat': 42.562171, 'lng': -70.869254}, 'wheelchairAccessible': 'yes', 'id': '419808011'}}, 'transport': {'mode': 'pedestrian'}}, {'id': 'C0-S1', 'type': 'transit', 'travelSummary': {'duration': 2640, 'length': 31763}, 'departure': {'time': '2022-09-29T14:15:00-04:00', 'place': {'name': 'Montserrat', 'type': 'station', 'location': {'lat': 42.562171, 'lng': -70.869254}, 'wheelchairAccessible': 'yes', 'id': '419808011'}}, 'arrival': {'time': '2022-09-29T14:59:00-04:00', 'place': {'name': 'North Station', 'type': 'station', 'location': {'lat': 42.365577, 'lng': -71.06129}, 'wheelchairAccessible': 'yes', 'id': '419808162'}}, 'transport': {'mode': 'regionalTrain', 'name': 'Newburyport/Rockport Line', 'category': 'Rail', 'color': '#80276C', 'textColor': '#FFFFFF', 'headsign': 'North Station', 'longName': 'Newburyport/Rockport Line'}, 'agency': {'id': '14811_6b86b27', 'name': 'MBTA', 'website': 'http://www.mbta.com'}}, {'id': 'C0-S2', 'type': 'transit', 'travelSummary': {'duration': 300, 'length': 1281}, 'departure': {'time': '2022-09-29T15:04:00-04:00', 'place': {'name': 'North Station', 'type': 'station', 'location': {'lat': 42.365577, 'lng': -71.06129}, 'wheelchairAccessible': 'yes', 'id': '419808162'}}, 'arrival': {'time': '2022-09-29T15:09:00-04:00', 'place': {'name': 'Downtown Crossing', 'type': 'station', 'location': {'lat': 42.355518, 'lng': -71.060225}, 'wheelchairAccessible': 'yes', 'id': '419809874', 'code': '70020'}}, 'transport': {'mode': 'subway', 'name': 'Orange Line', 'category': 'Subway, Metro', 'color': '#ED8B00', 'textColor': '#FFFFFF', 'headsign': 'Forest Hills', 'longName': 'Orange Line'}, 'agency': {'id': '14811_6b86b27', 'name': 'MBTA', 'website': 'http://www.mbta.com'}}, {'id': 'C0-S3-dep', 'type': 'pedestrian', 'travelSummary': {'duration': 120, 'length': 97}, 'departure': {'time': '2022-09-29T15:09:00-04:00', 'place': {'name': 'Downtown Crossing', 'type': 'station', 'location': {'lat': 42.355518, 'lng': -71.060225}, 'wheelchairAccessible': 'yes', 'id': '419809874', 'code': '70020'}}, 'arrival': {'time': '2022-09-29T15:11:00-04:00', 'place': {'name': 'Downtown Crossing - 101 Arch St, Summer St', 'type': 'accessPoint', 'location': {'lat': 42.354843, 'lng': -71.05948}, 'wheelchairAccessible': 'yes'}}, 'spans': [{'walkAttributes': ['indoor']}], 'transport': {'mode': 'pedestrian'}}, {'id': 'C0-S3', 'type': 'pedestrian', 'travelSummary': {'duration': 420, 'length': 443}, 'departure': {'time': '2022-09-29T15:11:00-04:00', 'place': {'name': 'Downtown Crossing - 101 Arch St, Summer St', 'type': 'accessPoint', 'location': {'lat': 42.354843, 'lng': -71.05948}, 'wheelchairAccessible': 'yes'}}, 'arrival': {'time': '2022-09-29T15:18:00-04:00', 'place': {'name': 'SouthStation', 'type': 'place', 'location': {'lat': 42.352593, 'lng': -71.055172}}}, 'transport': {'mode': 'pedestrian'}}]}]}"
22,PRIDES CROSSING,COMMUTER RAIL,TRAIN_NODES,42.55950886096413,-70.82502391901399,POINT (-70.82502391901399 42.55950886096413),200.0,39853.0,"{'routes': [{'id': 'C0', 'sections': [{'id': 'C0-S0', 'type': 'pedestrian', 'travelSummary': {'duration': 1260, 'length': 1258}, 'departure': {'time': '2022-09-29T13:48:00-04:00', 'place': {'name': 'PridesCrossing', 'type': 'place', 'location': {'lat': 42.559509, 'lng': -70.825024}}}, 'arrival': {'time': '2022-09-29T14:09:00-04:00', 'place': {'name': 'Beverly Farms', 'type': 'station', 'location': {'lat': 42.561651, 'lng': -70.811405}, 'wheelchairAccessible': 'yes', 'id': '419808904'}}, 'transport': {'mode': 'pedestrian'}}, {'id': 'C0-S1', 'type': 'transit', 'travelSummary': {'duration': 3000, 'length': 36774}, 'departure': {'time': '2022-09-29T14:09:00-04:00', 'place': {'name': 'Beverly Farms', 'type': 'station', 'location': {'lat': 42.561651, 'lng': -70.811405}, 'wheelchairAccessible': 'yes', 'id': '419808904'}}, 'arrival': {'time': '2022-09-29T14:59:00-04:00', 'place': {'name': 'North Station', 'type': 'station', 'location': {'lat': 42.365577, 'lng': -71.06129}, 'wheelchairAccessible': 'yes', 'id': '419808162'}}, 'transport': {'mode': 'regionalTrain', 'name': 'Newburyport/Rockport Line', 'category': 'Rail', 'color': '#80276C', 'textColor': '#FFFFFF', 'headsign': 'North Station', 'longName': 'Newburyport/Rockport Line'}, 'agency': {'id': '14811_6b86b27', 'name': 'MBTA', 'website': 'http://www.mbta.com'}}, {'id': 'C0-S2', 'type': 'transit', 'travelSummary': {'duration': 300, 'length': 1281}, 'departure': {'time': '2022-09-29T15:04:00-04:00', 'place': {'name': 'North Station', 'type': 'station', 'location': {'lat': 42.365577, 'lng': -71.06129}, 'wheelchairAccessible': 'yes', 'id': '419808162'}}, 'arrival': {'time': '2022-09-29T15:09:00-04:00', 'place': {'name': 'Downtown Crossing', 'type': 'station', 'location': {'lat': 42.355518, 'lng': -71.060225}, 'wheelchairAccessible': 'yes', 'id': '419809874', 'code': '70020'}}, 'transport': {'mode': 'subway', 'name': 'Orange Line', 'category': 'Subway, Metro', 'color': '#ED8B00', 'textColor': '#FFFFFF', 'headsign': 'Forest Hills', 'longName': 'Orange Line'}, 'agency': {'id': '14811_6b86b27', 'name': 'MBTA', 'website': 'http://www.mbta.com'}}, {'id': 'C0-S3-dep', 'type': 'pedestrian', 'travelSummary': {'duration': 120, 'length': 97}, 'departure': {'time': '2022-09-29T15:09:00-04:00', 'place': {'name': 'Downtown Crossing', 'type': 'station', 'location': {'lat': 42.355518, 'lng': -71.060225}, 'wheelchairAccessible': 'yes', 'id': '419809874', 'code': '70020'}}, 'arrival': {'time': '2022-09-29T15:11:00-04:00', 'place': {'name': 'Downtown Crossing - 101 Arch St, Summer St', 'type': 'accessPoint', 'location': {'lat': 42.354843, 'lng': -71.05948}, 'wheelchairAccessible': 'yes'}}, 'spans': [{'walkAttributes': ['indoor']}], 'transport': {'mode': 'pedestrian'}}, {'id': 'C0-S3', 'type': 'pedestrian', 'travelSummary': {'duration': 420, 'length': 443}, 'departure': {'time': '2022-09-29T15:11:00-04:00', 'place': {'name': 'Downtown Crossing - 101 Arch St, Summer St', 'type': 'accessPoint', 'location': {'lat': 42.354843, 'lng': -71.05948}, 'wheelchairAccessible': 'yes'}}, 'arrival': {'time': '2022-09-29T15:18:00-04:00', 'place': {'name': 'SouthStation', 'type': 'place', 'location': {'lat': 42.352593, 'lng': -71.055172}}}, 'transport': {'mode': 'pedestrian'}}]}]}"
23,BEVERLY FARMS,COMMUTER RAIL,TRAIN_NODES,42.561474281753846,-70.81226342908217,POINT (-70.81226342908217 42.56147428175385),200.0,38674.0,"{'routes': [{'id': 'C0', 'sections': [{'id': 'C0-S0', 'type': 'pedestrian', 'travelSummary': {'duration': 60, 'length': 79}, 'departure': {'time': '2022-09-29T14:08:00-04:00', 'place': {'name': 'BeverlyFarms', 'type': 'place', 'location': {'lat': 42.561474, 'lng': -70.812263}}}, 'arrival': {'time': '2022-09-29T14:09:00-04:00', 'place': {'name': 'Beverly Farms', 'type': 'station', 'location': {'lat': 42.561651, 'lng': -70.811405}, 'wheelchairAccessible': 'yes', 'id': '419808904'}}, 'transport': {'mode': 'pedestrian'}}, {'id': 'C0-S1', 'type': 'transit', 'travelSummary': {'duration': 3000, 'length': 36774}, 'departure': {'time': '2022-09-29T14:09:00-04:00', 'place': {'name': 'Beverly Farms', 'type': 'station', 'location': {'lat': 42.561651, 'lng': -70.811405}, 'wheelchairAccessible': 'yes', 'id': '419808904'}}, 'arrival': {'time': '2022-09-29T14:59:00-04:00', 'place': {'name': 'North Station', 'type': 'station', 'location': {'lat': 42.365577, 'lng': -71.06129}, 'wheelchairAccessible': 'yes', 'id': '419808162'}}, 'transport': {'mode': 'regionalTrain', 'name': 'Newburyport/Rockport Line', 'category': 'Rail', 'color': '#80276C', 'textColor': '#FFFFFF', 'headsign': 'North Station', 'longName': 'Newburyport/Rockport Line'}, 'agency': {'id': '14811_6b86b27', 'name': 'MBTA', 'website': 'http://www.mbta.com'}}, {'id': 'C0-S2', 'type': 'transit', 'travelSummary': {'duration': 300, 'length': 1281}, 'departure': {'time': '2022-09-29T15:04:00-04:00', 'place': {'name': 'North Station', 'type': 'station', 'location': {'lat': 42.365577, 'lng': -71.06129}, 'wheelchairAccessible': 'yes', 'id': '419808162'}}, 'arrival': {'time': '2022-09-29T15:09:00-04:00', 'place': {'name': 'Downtown Crossing', 'type': 'station', 'location': {'lat': 42.355518, 'lng': -71.060225}, 'wheelchairAccessible': 'yes', 'id': '419809874', 'code': '70020'}}, 'transport': {'mode': 'subway', 'name': 'Orange Line', 'category': 'Subway, Metro', 'color': '#ED8B00', 'textColor': '#FFFFFF', 'headsign': 'Forest Hills', 'longName': 'Orange Line'}, 'agency': {'id': '14811_6b86b27', 'name': 'MBTA', 'website': 'http://www.mbta.com'}}, {'id': 'C0-S3-dep', 'type': 'pedestrian', 'travelSummary': {'duration': 120, 'length': 97}, 'departure': {'time': '2022-09-29T15:09:00-04:00', 'place': {'name': 'Downtown Crossing', 'type': 'station', 'location': {'lat': 42.355518, 'lng': -71.060225}, 'wheelchairAccessible': 'yes', 'id': '419809874', 'code': '70020'}}, 'arrival': {'time': '2022-09-29T15:11:00-04:00', 'place': {'name': 'Downtown Crossing - 101 Arch St, Summer St', 'type': 'accessPoint', 'location': {'lat': 42.354843, 'lng': -71.05948}, 'wheelchairAccessible': 'yes'}}, 'spans': [{'walkAttributes': ['indoor']}], 'transport': {'mode': 'pedestrian'}}, {'id': 'C0-S3', 'type': 'pedestrian', 'travelSummary': {'duration': 420, 'length': 443}, 'departure': {'time': '2022-09-29T15:11:00-04:00', 'place': {'name': 'Downtown Crossing - 101 Arch St, Summer St', 'type': 'accessPoint', 'location': {'lat': 42.354843, 'lng': -71.05948}, 'wheelchairAccessible': 'yes'}}, 'arrival': {'time': '2022-09-29T15:18:00-04:00', 'place': {'name': 'SouthStation', 'type': 'place', 'location': {'lat': 42.352593, 'lng': -71.055172}}}, 'transport': {'mode': 'pedestrian'}}]}]}"
24,MANCHESTER,COMMUTER RAIL,TRAIN_NODES,42.573552589319945,-70.7703859614462,POINT (-70.77038596144619 42.57355258931995),200.0,42342.0,"{'routes': [{'id': 'C0', 'sections': [{'id': 'C0-S1', 'type': 'transit', 'travelSummary': {'duration': 3360, 'length': 40521}, 'departure': {'time': '2022-09-29T14:03:00-04:00', 'place': {'name': 'Manchester', 'type': 'station', 'location': {'lat': 42.573687, 'lng': -70.77009}, 'wheelchairAccessible': 'yes', 'id': '419808004'}}, 'arrival': {'time': '2022-09-29T14:59:00-04:00', 'place': {'name': 'North Station', 'type': 'station', 'location': {'lat': 42.365577, 'lng': -71.06129}, 'wheelchairAccessible': 'yes', 'id': '419808162'}}, 'transport': {'mode': 'regionalTrain', 'name': 'Newburyport/Rockport Line', 'category': 'Rail', 'color': '#80276C', 'textColor': '#FFFFFF', 'headsign': 'North Station', 'longName': 'Newburyport/Rockport Line'}, 'agency': {'id': '14811_6b86b27', 'name': 'MBTA', 'website': 'http://www.mbta.com'}}, {'id': 'C0-S2', 'type': 'transit', 'travelSummary': {'duration': 300, 'length': 1281}, 'departure': {'time': '2022-09-29T15:04:00-04:00', 'place': {'name': 'North Station', 'type': 'station', 'location': {'lat': 42.365577, 'lng': -71.06129}, 'wheelchairAccessible': 'yes', 'id': '419808162'}}, 'arrival': {'time': '2022-09-29T15:09:00-04:00', 'place': {'name': 'Downtown Crossing', 'type': 'station', 'location': {'lat': 42.355518, 'lng': -71.060225}, 'wheelchairAccessible': 'yes', 'id': '419809874', 'code': '70020'}}, 'transport': {'mode': 'subway', 'name': 'Orange Line', 'category': 'Subway, Metro', 'color': '#ED8B00', 'textColor': '#FFFFFF', 'headsign': 'Forest Hills', 'longName': 'Orange Line'}, 'agency': {'id': '14811_6b86b27', 'name': 'MBTA', 'website': 'http://www.mbta.com'}}, {'id': 'C0-S3-dep', 'type': 'pedestrian', 'travelSummary': {'duration': 120, 'length': 97}, 'departure': {'time': '2022-09-29T15:09:00-04:00', 'place': {'name': 'Downtown Crossing', 'type': 'station', 'location': {'lat': 42.355518, 'lng': -71.060225}, 'wheelchairAccessible': 'yes', 'id': '419809874', 'code': '70020'}}, 'arrival': {'time': '2022-09-29T15:11:00-04:00', 'place': {'name': 'Downtown Crossing - 101 Arch St, Summer St', 'type': 'accessPoint', 'location': {'lat': 42.354843, 'lng': -71.05948}, 'wheelchairAccessible': 'yes'}}, 'spans': [{'walkAttributes': ['indoor']}], 'transport': {'mode': 'pedestrian'}}, {'id': 'C0-S3', 'type': 'pedestrian', 'travelSummary': {'duration': 420, 'length': 443}, 'departure': {'time': '2022-09-29T15:11:00-04:00', 'place': {'name': 'Downtown Crossing - 101 Arch St, Summer St', 'type': 'accessPoint', 'location': {'lat': 42.354843, 'lng': -71.05948}, 'wheelchairAccessible': 'yes'}}, 'arrival': {'time': '2022-09-29T15:18:00-04:00', 'place': {'name': 'SouthStation', 'type': 'place', 'location': {'lat': 42.352593, 'lng': -71.055172}}}, 'transport': {'mode': 'pedestrian'}}]}]}"
25,HYDE PARK,COMMUTER RAIL,TRAIN_NODES,42.25519277391744,-71.12546830614595,POINT (-71.12546830614595 42.25519277391744),200.0,13476.0,"{'routes': [{'id': 'C0', 'sections': [{'id': 'C0-S1', 'type': 'transit', 'travelSummary': {'duration': 900, 'length': 13476}, 'departure': {'time': '2022-09-29T13:40:00-04:00', 'place': {'name': 'Hyde Park', 'type': 'station', 'location': {'lat': 42.25503, 'lng': -71.125526}, 'wheelchairAccessible': 'yes', 'id': '419807986'}, 'delay': 0}, 'arrival': {'time': '2022-09-29T13:55:00-04:00', 'place': {'name': 'South Station', 'type': 'station', 'location': {'lat': 42.352271, 'lng': -71.055242}, 'wheelchairAccessible': 'yes', 'id': '419808186'}, 'delay': -180}, 'transport': {'mode': 'regionalTrain', 'name': 'Providence/Stoughton Line', 'category': 'Rail', 'color': '#80276C', 'textColor': '#FFFFFF', 'headsign': 'South Station via Ruggles', 'longName': 'Providence/Stoughton Line'}, 'agency': {'id': '14811_6b86b27', 'name': 'MBTA', 'website': 'http://www.mbta.com'}}]}]}"
26,FOREST HILLS,COMMUTER RAIL,TRAIN_NODES,42.299481894263735,-71.11462266837216,POINT (-71.11462266837216 42.29948189426374),200.0,8697.0,"{'routes': [{'id': 'C0', 'sections': [{'id': 'C0-S0', 'type': 'pedestrian', 'travelSummary': {'duration': 120, 'length': 132}, 'departure': {'time': '2022-09-29T13:35:00-04:00', 'place': {'name': 'ForestHills', 'type': 'place', 'location': {'lat': 42.299482, 'lng': -71.114623}}}, 'arrival': {'time': '2022-09-29T13:37:00-04:00', 'place': {'name': 'Forest Hills - Washington St', 'type': 'accessPoint', 'location': {'lat': 42.300466, 'lng': -71.114149}, 'wheelchairAccessible': 'yes'}}, 'transport': {'mode': 'pedestrian'}}, {'id': 'C0-S0-arr', 'type': 'pedestrian', 'travelSummary': {'duration': 60, 'length': 39}, 'departure': {'time': '2022-09-29T13:37:00-04:00', 'place': {'name': 'Forest Hills - Washington St', 'type': 'accessPoint', 'location': {'lat': 42.300466, 'lng': -71.114149}, 'wheelchairAccessible': 'yes'}}, 'arrival': {'time': '2022-09-29T13:38:00-04:00', 'place': {'name': 'Forest Hills', 'type': 'station', 'location': {'lat': 42.300523, 'lng': -71.113686}, 'wheelchairAccessible': 'yes', 'id': '419808134'}}, 'spans': [{'walkAttributes': ['indoor']}], 'transport': {'mode': 'pedestrian'}}, {'id': 'C0-S1', 'type': 'transit', 'travelSummary': {'duration': 1140, 'length': 7986}, 'departure': {'time': '2022-09-29T13:38:00-04:00', 'place': {'name': 'Forest Hills', 'type': 'station', 'location': {'lat': 42.300523, 'lng': -71.113686}, 'wheelchairAccessible': 'yes', 'id': '419808134'}, 'delay': 0, 'status': 'additional'}, 'arrival': {'time': '2022-09-29T13:57:00-04:00', 'place': {'name': 'Downtown Crossing', 'type': 'station', 'location': {'lat': 42.355518, 'lng': -71.060225}, 'wheelchairAccessible': 'yes', 'id': '419809874', 'code': '70020'}, 'delay': 0, 'status': 'additional'}, 'transport': {'mode': 'subway', 'name': 'Orange Line', 'category': 'Subway, Metro', 'color': '#ED8B00', 'textColor': '#FFFFFF', 'headsign': 'Oak Grove', 'longName': 'Orange Line'}, 'agency': {'id': '14811_6b86b27', 'name': 'MBTA', 'website': 'http://www.mbta.com'}}, {'id': 'C0-S2-dep', 'type': 'pedestrian', 'travelSummary': {'duration': 120, 'length': 97}, 'departure': {'time': '2022-09-29T13:57:00-04:00', 'place': {'name': 'Downtown Crossing', 'type': 'station', 'location': {'lat': 42.355518, 'lng': -71.060225}, 'wheelchairAccessible': 'yes', 'id': '419809874', 'code': '70020'}}, 'arrival': {'time': '2022-09-29T13:59:00-04:00', 'place': {'name': 'Downtown Crossing - 101 Arch St, Summer St', 'type': 'accessPoint', 'location': {'lat': 42.354843, 'lng': -71.05948}, 'wheelchairAccessible': 'yes'}}, 'spans': [{'walkAttributes': ['indoor']}], 'transport': {'mode': 'pedestrian'}}, {'id': 'C0-S2', 'type': 'pedestrian', 'travelSummary': {'duration': 420, 'length': 443}, 'departure': {'time': '2022-09-29T13:59:00-04:00', 'place': {'name': 'Downtown Crossing - 101 Arch St, Summer St', 'type': 'accessPoint', 'location': {'lat': 42.354843, 'lng': -71.05948}, 'wheelchairAccessible': 'yes'}}, 'arrival': {'time': '2022-09-29T14:06:00-04:00', 'place': {'name': 'SouthStation', 'type': 'place', 'location': {'lat': 42.352593, 'lng': -71.055172}}}, 'transport': {'mode': 'pedestrian'}}]}]}"
27,BACK BAY,COMMUTER RAIL,TRAIN_NODES,42.34745890384762,-71.07511743691359,POINT (-71.07511743691359 42.34745890384762),200.0,2293.0,"{'routes': [{'id': 'C0', 'sections': [{'id': 'C0-S0', 'type': 'pedestrian', 'travelSummary': {'duration': 0, 'length': 88}, 'departure': {'time': '2022-09-29T13:38:00-04:00', 'place': {'name': 'BackBay', 'type': 'place', 'location': {'lat': 42.347459, 'lng': -71.075117}}}, 'arrival': {'time': '2022-09-29T13:38:00-04:00', 'place': {'name': 'Back Bay - Clarendon St, Buses (South)', 'type': 'accessPoint', 'location': {'lat': 42.347445, 'lng': -71.07467}, 'wheelchairAccessible': 'yes'}}, 'transport': {'mode': 'pedestrian'}}, {'id': 'C0-S0-arr', 'type': 'pedestrian', 'travelSummary': {'duration': 60, 'length': 88}, 'departure': {'time': '2022-09-29T13:38:00-04:00', 'place': {'name': 'Back Bay - Clarendon St, Buses (South)', 'type': 'accessPoint', 'location': {'lat': 42.347445, 'lng': -71.07467}, 'wheelchairAccessible': 'yes'}}, 'arrival': {'time': '2022-09-29T13:39:00-04:00', 'place': {'name': 'Back Bay', 'type': 'station', 'location': {'lat': 42.34735, 'lng': -71.075727}, 'wheelchairAccessible': 'yes', 'id': '419808092'}}, 'spans': [{'walkAttributes': ['indoor']}], 'transport': {'mode': 'pedestrian'}}, {'id': 'C0-S1', 'type': 'transit', 'travelSummary': {'duration': 300, 'length': 2117}, 'departure': {'time': '2022-09-29T13:39:00-04:00', 'place': {'name': 'Back Bay', 'type': 'station', 'location': {'lat': 42.34735, 'lng': -71.075727}, 'wheelchairAccessible': 'yes', 'id': '419808092'}, 'delay': -60}, 'arrival': {'time': '2022-09-29T13:44:00-04:00', 'place': {'name': 'South Station', 'type': 'station', 'location': {'lat': 42.352271, 'lng': -71.055242}, 'wheelchairAccessible': 'yes', 'id': '419808186'}, 'delay': -60}, 'transport': {'mode': 'regionalTrain', 'name': 'Needham Line', 'category': 'Rail', 'color': '#80276C', 'textColor': '#FFFFFF', 'headsign': 'South Station via Back Bay', 'longName': 'Needham Line'}, 'agency': {'id': '14811_6b86b27', 'name': 'MBTA', 'website': 'http://www.mbta.com'}}]}, {'id': 'a0d6644d-e6f1-41e6-9cf8-2de0fd69a0d6', 'sections': [{'id': 'bd267c6d-b305-472e-9875-4c9b0197860f', 'type': 'pedestrian', 'travelSummary': {'duration': 1987, 'length': 1929}, 'departure': {'time': '2022-09-29T13:29:04-04:00', 'place': {'type': 'place', 'location': {'lat': 42.34751, 'lng': -71.0746}}}, 'arrival': {'time': '2022-09-29T14:02:11-04:00', 'place': {'type': 'place', 'location': {'lat': 42.3525543, 'lng': -71.0552033}}}, 'transport': {'mode': 'pedestrian'}}]}]}"
28,HALIFAX,COMMUTER RAIL,TRAIN_NODES,42.01296970775741,-70.82081137582004,POINT (-70.82081137582004 42.01296970775741),200.0,45647.0,"{'routes': [{'id': 'C0', 'sections': [{'id': 'C0-S0', 'type': 'pedestrian', 'travelSummary': {'duration': 420, 'length': 391}, 'departure': {'time': '2022-09-29T13:39:00-04:00', 'place': {'name': 'Halifax', 'type': 'place', 'location': {'lat': 42.01297, 'lng': -70.820811}}}, 'arrival': {'time': '2022-09-29T13:46:00-04:00', 'place': {'name': 'Halifax', 'type': 'station', 'location': {'lat': 42.014739, 'lng': -70.824263}, 'wheelchairAccessible': 'yes', 'id': '419807353'}}, 'transport': {'mode': 'pedestrian'}}, {'id': 'C0-S1', 'type': 'transit', 'travelSummary': {'duration': 3180, 'length': 45256}, 'departure': {'time': '2022-09-29T13:46:00-04:00', 'place': {'name': 'Halifax', 'type': 'station', 'location': {'lat': 42.014739, 'lng': -70.824263}, 'wheelchairAccessible': 'yes', 'id': '419807353'}}, 'arrival': {'time': '2022-09-29T14:39:00-04:00', 'place': {'name': 'South Station', 'type': 'station', 'location': {'lat': 42.352271, 'lng': -71.055242}, 'wheelchairAccessible': 'yes', 'id': '419808186'}}, 'transport': {'mode': 'regionalTrain', 'name': 'Kingston Line', 'category': 'Rail', 'color': '#80276C', 'textColor': '#FFFFFF', 'headsign': 'South Station', 'longName': 'Kingston Line'}, 'agency': {'id': '14811_6b86b27', 'name': 'MBTA', 'website': 'http://www.mbta.com'}}]}]}"
29,SOUTH WEYMOUTH,COMMUTER RAIL,TRAIN_NODES,42.15415108528381,-70.95272137189261,POINT (-70.95272137189261 42.15415108528381),200.0,25618.0,"{'routes': [{'id': 'C0', 'sections': [{'id': 'C0-S0', 'type': 'pedestrian', 'travelSummary': {'duration': 120, 'length': 144}, 'departure': {'time': '2022-09-29T14:08:00-04:00', 'place': {'name': 'SouthWeymouth', 'type': 'place', 'location': {'lat': 42.154151, 'lng': -70.952721}}}, 'arrival': {'time': '2022-09-29T14:10:00-04:00', 'place': {'name': 'South Weymouth', 'type': 'station', 'location': {'lat': 42.155025, 'lng': -70.953302}, 'wheelchairAccessible': 'yes', 'id': '419810658'}}, 'transport': {'mode': 'pedestrian'}}, {'id': 'C0-S1', 'type': 'transit', 'travelSummary': {'duration': 1740, 'length': 25474}, 'departure': {'time': '2022-09-29T14:10:00-04:00', 'place': {'name': 'South Weymouth', 'type': 'station', 'location': {'lat': 42.155025, 'lng': -70.953302}, 'wheelchairAccessible': 'yes', 'id': '419810658', 'platform': '1'}}, 'arrival': {'time': '2022-09-29T14:39:00-04:00', 'place': {'name': 'South Station', 'type': 'station', 'location': {'lat': 42.352271, 'lng': -71.055242}, 'wheelchairAccessible': 'yes', 'id': '419808186'}}, 'transport': {'mode': 'regionalTrain', 'name': 'Kingston Line', 'category': 'Rail', 'color': '#80276C', 'textColor': '#FFFFFF', 'headsign': 'South Station', 'longName': 'Kingston Line'}, 'agency': {'id': '14811_6b86b27', 'name': 'MBTA', 'website': 'http://www.mbta.com'}}]}]}"
30,WHITMAN,COMMUTER RAIL,TRAIN_NODES,42.08297620584417,-70.92362523196837,POINT (-70.92362523196837 42.08297620584417),200.0,33949.0,"{'routes': [{'id': 'C0', 'sections': [{'id': 'C0-S0', 'type': 'pedestrian', 'travelSummary': {'duration': 60, 'length': 31}, 'departure': {'time': '2022-09-29T14:00:00-04:00', 'place': {'name': 'Whitman', 'type': 'place', 'location': {'lat': 42.082976, 'lng': -70.923625}}}, 'arrival': {'time': '2022-09-29T14:01:00-04:00', 'place': {'name': 'Whitman', 'type': 'station', 'location': {'lat': 42.082749, 'lng': -70.923411}, 'wheelchairAccessible': 'yes', 'id': '419810661'}}, 'transport': {'mode': 'pedestrian'}}, {'id': 'C0-S1', 'type': 'transit', 'travelSummary': {'duration': 2280, 'length': 33918}, 'departure': {'time': '2022-09-29T14:01:00-04:00', 'place': {'name': 'Whitman', 'type': 'station', 'location': {'lat': 42.082749, 'lng': -70.923411}, 'wheelchairAccessible': 'yes', 'id': '419810661', 'platform': '1'}}, 'arrival': {'time': '2022-09-29T14:39:00-04:00', 'place': {'name': 'South Station', 'type': 'station', 'location': {'lat': 42.352271, 'lng': -71.055242}, 'wheelchairAccessible': 'yes', 'id': '419808186'}}, 'transport': {'mode': 'regionalTrain', 'name': 'Kingston Line', 'category': 'Rail', 'color': '#80276C', 'textColor': '#FFFFFF', 'headsign': 'South Station', 'longName': 'Kingston Line'}, 'agency': {'id': '14811_6b86b27', 'name': 'MBTA', 'website': 'http://www.mbta.com'}}]}]}"
31,KINGSTON,COMMUTER RAIL,TRAIN_NODES,41.9763614312266,-70.72383686874555,POINT (-70.72383686874555 41.9763614312266),200.0,56640.0,"{'routes': [{'id': 'C0', 'sections': [{'id': 'C0-S0', 'type': 'pedestrian', 'travelSummary': {'duration': 240, 'length': 221}, 'departure': {'time': '2022-09-29T13:33:00-04:00', 'place': {'name': 'Kingston', 'type': 'place', 'location': {'lat': 41.976361, 'lng': -70.723837}}}, 'arrival': {'time': '2022-09-29T13:37:00-04:00', 'place': {'name': 'Kingston', 'type': 'station', 'location': {'lat': 41.97762, 'lng': -70.721709}, 'wheelchairAccessible': 'yes', 'id': '419809521'}}, 'transport': {'mode': 'pedestrian'}}, {'id': 'C0-S1', 'type': 'transit', 'travelSummary': {'duration': 3720, 'length': 56419}, 'departure': {'time': '2022-09-29T13:37:00-04:00', 'place': {'name': 'Kingston', 'type': 'station', 'location': {'lat': 41.97762, 'lng': -70.721709}, 'wheelchairAccessible': 'yes', 'id': '419809521', 'platform': '1'}}, 'arrival': {'time': '2022-09-29T14:39:00-04:00', 'place': {'name': 'South Station', 'type': 'station', 'location': {'lat': 42.352271, 'lng': -71.055242}, 'wheelchairAccessible': 'yes', 'id': '419808186'}}, 'transport': {'mode': 'regionalTrain', 'name': 'Kingston Line', 'category': 'Rail', 'color': '#80276C', 'textColor': '#FFFFFF', 'headsign': 'South Station', 'longName': 'Kingston Line'}, 'agency': {'id': '14811_6b86b27', 'name': 'MBTA', 'website': 'http://www.mbta.com'}}]}]}"
32,STOUGHTON,COMMUTER RAIL,TRAIN_NODES,42.12377537285462,-71.10337180700725,POINT (-71.10337180700725 42.12377537285462),200.0,30435.0,"{'routes': [{'id': 'C0', 'sections': [{'id': 'C0-S0', 'type': 'pedestrian', 'travelSummary': {'duration': 60, 'length': 36}, 'departure': {'time': '2022-09-29T14:14:00-04:00', 'place': {'name': 'Stoughton', 'type': 'place', 'location': {'lat': 42.123775, 'lng': -71.103372}}}, 'arrival': {'time': '2022-09-29T14:15:00-04:00', 'place': {'name': 'Stoughton', 'type': 'station', 'location': {'lat': 42.124084, 'lng': -71.103627}, 'wheelchairAccessible': 'yes', 'id': '419810668'}}, 'transport': {'mode': 'pedestrian'}}, {'id': 'C0-S1', 'type': 'transit', 'travelSummary': {'duration': 2280, 'length': 30399}, 'departure': {'time': '2022-09-29T14:15:00-04:00', 'place': {'name': 'Stoughton', 'type': 'station', 'location': {'lat': 42.124084, 'lng': -71.103627}, 'wheelchairAccessible': 'yes', 'id': '419810668', 'platform': '1'}, 'delay': 0}, 'arrival': {'time': '2022-09-29T14:53:00-04:00', 'place': {'name': 'South Station', 'type': 'station', 'location': {'lat': 42.352271, 'lng': -71.055242}, 'wheelchairAccessible': 'yes', 'id': '419808186'}, 'delay': 0}, 'transport': {'mode': 'regionalTrain', 'name': 'Providence/Stoughton Line', 'category': 'Rail', 'color': '#80276C', 'textColor': '#FFFFFF', 'headsign': 'South Station via Ruggles', 'longName': 'Providence/Stoughton Line'}, 'agency': {'id': '14811_6b86b27', 'name': 'MBTA', 'website': 'http://www.mbta.com'}}]}]}"
33,FRAMINGHAM,COMMUTER RAIL,TRAIN_NODES,42.27619944491083,-71.4199144142727,POINT (-71.4199144142727 42.27619944491083),200.0,34624.0,"{'routes': [{'id': 'C0', 'sections': [{'id': 'C0-S1', 'type': 'transit', 'travelSummary': {'duration': 2940, 'length': 34624}, 'departure': {'time': '2022-09-29T13:40:00-04:00', 'place': {'name': 'Framingham', 'type': 'station', 'location': {'lat': 42.276108, 'lng': -71.420055}, 'wheelchairAccessible': 'yes', 'id': '419807427'}, 'delay': 0}, 'arrival': {'time': '2022-09-29T14:29:00-04:00', 'place': {'name': 'South Station', 'type': 'station', 'location': {'lat': 42.352271, 'lng': -71.055242}, 'wheelchairAccessible': 'yes', 'id': '419808186'}, 'delay': -240}, 'transport': {'mode': 'regionalTrain', 'name': 'Framingham/Worcester Line', 'category': 'Rail', 'color': '#80276C', 'textColor': '#FFFFFF', 'headsign': 'South Station', 'longName': 'Framingham/Worcester Line'}, 'agency': {'id': '14811_6b86b27', 'name': 'MBTA', 'website': 'http://www.mbta.com'}}]}]}"
34,WELLESLEY FARMS,COMMUTER RAIL,TRAIN_NODES,42.32217285502088,-71.27254190935896,POINT (-71.27254190935896 42.32217285502088),200.0,20449.0,"{'routes': [{'id': 'C0', 'sections': [{'id': 'C0-S0', 'type': 'pedestrian', 'travelSummary': {'duration': 180, 'length': 178}, 'departure': {'time': '2022-09-29T13:58:00-04:00', 'place': {'name': 'WellesleyFarms', 'type': 'place', 'location': {'lat': 42.322173, 'lng': -71.272542}}}, 'arrival': {'time': '2022-09-29T14:01:00-04:00', 'place': {'name': 'Wellesley Farms', 'type': 'station', 'location': {'lat': 42.323608, 'lng': -71.272288}, 'wheelchairAccessible': 'no', 'id': '419807361'}}, 'transport': {'mode': 'pedestrian'}}, {'id': 'C0-S1', 'type': 'transit', 'travelSummary': {'duration': 1680, 'length': 20271}, 'departure': {'time': '2022-09-29T14:01:00-04:00', 'place': {'name': 'Wellesley Farms', 'type': 'station', 'location': {'lat': 42.323608, 'lng': -71.272288}, 'wheelchairAccessible': 'no', 'id': '419807361'}, 'delay': 0}, 'arrival': {'time': '2022-09-29T14:29:00-04:00', 'place': {'name': 'South Station', 'type': 'station', 'location': {'lat': 42.352271, 'lng': -71.055242}, 'wheelchairAccessible': 'yes', 'id': '419808186'}, 'delay': -240}, 'transport': {'mode': 'regionalTrain', 'name': 'Framingham/Worcester Line', 'category': 'Rail', 'color': '#80276C', 'textColor': '#FFFFFF', 'headsign': 'South Station', 'longName': 'Framingham/Worcester Line'}, 'agency': {'id': '14811_6b86b27', 'name': 'MBTA', 'website': 'http://www.mbta.com'}}]}]}"
35,AUBURNDALE,COMMUTER RAIL,TRAIN_NODES,42.34589088562903,-71.25029006823164,POINT (-71.25029006823164 42.34589088562903),200.0,27049.0,"{'routes': [{'id': 'C0', 'sections': [{'id': 'C0-S0', 'type': 'pedestrian', 'travelSummary': {'duration': 1200, 'length': 1226}, 'departure': {'time': '2022-09-29T13:36:00-04:00', 'place': {'name': 'Auburndale', 'type': 'place', 'location': {'lat': 42.345891, 'lng': -71.25029}}}, 'arrival': {'time': '2022-09-29T13:56:00-04:00', 'place': {'name': 'Riverside', 'type': 'station', 'location': {'lat': 42.33721, 'lng': -71.252673}, 'wheelchairAccessible': 'yes', 'id': '419812076', 'code': '9070160'}}, 'transport': {'mode': 'pedestrian'}}, {'id': 'C0-S1', 'type': 'transit', 'travelSummary': {'duration': 2940, 'length': 21976}, 'departure': {'time': '2022-09-29T13:56:00-04:00', 'place': {'name': 'Riverside', 'type': 'station', 'location': {'lat': 42.33721, 'lng': -71.252673}, 'wheelchairAccessible': 'yes', 'id': '419812076', 'code': '9070160'}}, 'arrival': {'time': '2022-09-29T14:45:00-04:00', 'place': {'name': 'Kenmore - 512 Commonwealth Ave', 'type': 'station', 'location': {'lat': 42.348712, 'lng': -71.095526}, 'wheelchairAccessible': 'yes', 'id': '419809551', 'code': '9070150'}}, 'transport': {'mode': 'bus', 'name': 'Green Line D Shuttle', 'category': 'Bus', 'color': '#FFC72C', 'textColor': '#000000', 'headsign': 'Kenmore (Shuttle)', 'shortName': 'Green Line D Shuttle', 'longName': 'Riverside - Kenmore'}, 'agency': {'id': '14811_6b86b27', 'name': 'MBTA', 'website': 'http://www.mbta.com'}}, {'id': 'C0-S2', 'type': 'transit', 'travelSummary': {'duration': 780, 'length': 3107}, 'departure': {'time': '2022-09-29T14:49:00-04:00', 'place': {'name': 'Kenmore', 'type': 'station', 'location': {'lat': 42.348949, 'lng': -71.095169}, 'wheelchairAccessible': 'yes', 'id': '419808146'}}, 'arrival': {'time': '2022-09-29T15:02:00-04:00', 'place': {'name': 'Park Street', 'type': 'station', 'location': {'lat': 42.356395, 'lng': -71.062424}, 'wheelchairAccessible': 'yes', 'id': '419810624', 'code': '70200'}}, 'transport': {'mode': 'lightRail', 'name': 'B', 'category': 'Tram, Streetcar, Light rail', 'color': '#00843D', 'textColor': '#FFFFFF', 'headsign': 'Government Center', 'shortName': 'B', 'longName': 'Green Line B'}, 'agency': {'id': '14811_6b86b27', 'name': 'MBTA', 'website': 'http://www.mbta.com'}}, {'id': 'C0-S3', 'type': 'pedestrian', 'travelSummary': {'duration': 720, 'length': 740}, 'departure': {'time': '2022-09-29T15:02:00-04:00', 'place': {'name': 'Park Street', 'type': 'station', 'location': {'lat': 42.356395, 'lng': -71.062424}, 'wheelchairAccessible': 'yes', 'id': '419810624', 'code': '70200'}}, 'arrival': {'time': '2022-09-29T15:14:00-04:00', 'place': {'name': 'SouthStation', 'type': 'place', 'location': {'lat': 42.352593, 'lng': -71.055172}}}, 'transport': {'mode': 'pedestrian'}}]}]}"
36,NEWTONVILLE,COMMUTER RAIL,TRAIN_NODES,42.35151015575627,-71.2064682049247,POINT (-71.2064682049247 42.35151015575627),200.0,14797.0,"{'routes': [{'id': 'C0', 'sections': [{'id': 'C0-S0', 'type': 'pedestrian', 'travelSummary': {'duration': 60, 'length': 48}, 'departure': {'time': '2022-09-29T13:44:00-04:00', 'place': {'name': 'Newtonville', 'type': 'place', 'location': {'lat': 42.35151, 'lng': -71.206468}}}, 'arrival': {'time': '2022-09-29T13:45:00-04:00', 'place': {'name': 'Washington St @ Walnut St', 'type': 'station', 'location': {'lat': 42.351614, 'lng': -71.207105}, 'id': '419805161', 'code': '7631'}}, 'transport': {'mode': 'pedestrian'}}, {'id': 'C0-S1', 'type': 'transit', 'travelSummary': {'duration': 300, 'length': 2335}, 'departure': {'time': '2022-09-29T13:45:00-04:00', 'place': {'name': 'Washington St @ Walnut St', 'type': 'station', 'location': {'lat': 42.351614, 'lng': -71.207105}, 'id': '419805161', 'code': '7631'}, 'delay': 420}, 'arrival': {'time': '2022-09-29T13:50:00-04:00', 'place': {'name': 'Washington St @ Bacon St', 'type': 'station', 'location': {'lat': 42.357134, 'lng': -71.185943}, 'wheelchairAccessible': 'yes', 'id': '419800606', 'code': '903'}, 'delay': 360}, 'transport': {'mode': 'bus', 'name': '553', 'category': 'Bus', 'color': '#FFC72C', 'textColor': '#000000', 'headsign': 'Newton Corner', 'shortName': '553', 'longName': 'Roberts - Newton Corner'}, 'agency': {'id': '14811_6b86b27', 'name': 'MBTA', 'website': 'http://www.mbta.com'}}, {'id': 'C0-S2', 'type': 'transit', 'travelSummary': {'duration': 1080, 'length': 12146}, 'departure': {'time': '2022-09-29T13:52:00-04:00', 'place': {'name': 'Washington St @ Bacon St', 'type': 'station', 'location': {'lat': 42.357134, 'lng': -71.185943}, 'wheelchairAccessible': 'yes', 'id': '419800606', 'code': '903'}, 'delay': 0}, 'arrival': {'time': '2022-09-29T14:10:00-04:00', 'place': {'name': 'Lincoln St @ Essex St', 'type': 'station', 'location': {'lat': 42.352188, 'lng': -71.057992}, 'wheelchairAccessible': 'yes', 'id': '419804523', 'code': '6550'}, 'delay': 120}, 'transport': {'mode': 'bus', 'name': '504', 'category': 'Bus', 'color': '#FFC72C', 'textColor': '#000000', 'headsign': 'Downtown via Copley (Express)', 'shortName': '504', 'longName': 'Watertown Yard - Federal Street & Franklin Street'}, 'agency': {'id': '14811_6b86b27', 'name': 'MBTA', 'website': 'http://www.mbta.com'}}, {'id': 'C0-S3', 'type': 'pedestrian', 'travelSummary': {'duration': 240, 'length': 268}, 'departure': {'time': '2022-09-29T14:10:00-04:00', 'place': {'name': 'Lincoln St @ Essex St', 'type': 'station', 'location': {'lat': 42.352188, 'lng': -71.057992}, 'wheelchairAccessible': 'yes', 'id': '419804523', 'code': '6550'}}, 'arrival': {'time': '2022-09-29T14:14:00-04:00', 'place': {'name': 'SouthStation', 'type': 'place', 'location': {'lat': 42.352593, 'lng': -71.055172}}}, 'transport': {'mode': 'pedestrian'}}]}]}"
37,WEST NEWTON,COMMUTER RAIL,TRAIN_NODES,42.347816970333305,-71.2313352512666,POINT (-71.2313352512666 42.34781697033331),200.0,17107.0,"{'routes': [{'id': 'C0', 'sections': [{'id': 'C0-S0', 'type': 'pedestrian', 'travelSummary': {'duration': 240, 'length': 261}, 'departure': {'time': '2022-09-29T13:38:00-04:00', 'place': {'name': 'WestNewton', 'type': 'place', 'location': {'lat': 42.347817, 'lng': -71.231335}}}, 'arrival': {'time': '2022-09-29T13:42:00-04:00', 'place': {'name': 'Washington St @ Shaw St', 'type': 'station', 'location': {'lat': 42.347172, 'lng': -71.230344}, 'wheelchairAccessible': 'yes', 'id': '419805154', 'code': '7623'}}, 'transport': {'mode': 'pedestrian'}}, {'id': 'C0-S1', 'type': 'transit', 'travelSummary': {'duration': 480, 'length': 4432}, 'departure': {'time': '2022-09-29T13:42:00-04:00', 'place': {'name': 'Washington St @ Shaw St', 'type': 'station', 'location': {'lat': 42.347172, 'lng': -71.230344}, 'wheelchairAccessible': 'yes', 'id': '419805154', 'code': '7623'}, 'delay': 540}, 'arrival': {'time': '2022-09-29T13:50:00-04:00', 'place': {'name': 'Washington St @ Bacon St', 'type': 'station', 'location': {'lat': 42.357134, 'lng': -71.185943}, 'wheelchairAccessible': 'yes', 'id': '419800606', 'code': '903'}, 'delay': 360}, 'transport': {'mode': 'bus', 'name': '553', 'category': 'Bus', 'color': '#FFC72C', 'textColor': '#000000', 'headsign': 'Newton Corner', 'shortName': '553', 'longName': 'Roberts - Newton Corner'}, 'agency': {'id': '14811_6b86b27', 'name': 'MBTA', 'website': 'http://www.mbta.com'}}, {'id': 'C0-S2', 'type': 'transit', 'travelSummary': {'duration': 1080, 'length': 12146}, 'departure': {'time': '2022-09-29T13:52:00-04:00', 'place': {'name': 'Washington St @ Bacon St', 'type': 'station', 'location': {'lat': 42.357134, 'lng': -71.185943}, 'wheelchairAccessible': 'yes', 'id': '419800606', 'code': '903'}, 'delay': 0}, 'arrival': {'time': '2022-09-29T14:10:00-04:00', 'place': {'name': 'Lincoln St @ Essex St', 'type': 'station', 'location': {'lat': 42.352188, 'lng': -71.057992}, 'wheelchairAccessible': 'yes', 'id': '419804523', 'code': '6550'}, 'delay': 120}, 'transport': {'mode': 'bus', 'name': '504', 'category': 'Bus', 'color': '#FFC72C', 'textColor': '#000000', 'headsign': 'Downtown via Copley (Express)', 'shortName': '504', 'longName': 'Watertown Yard - Federal Street & Franklin Street'}, 'agency': {'id': '14811_6b86b27', 'name': 'MBTA', 'website': 'http://www.mbta.com'}}, {'id': 'C0-S3', 'type': 'pedestrian', 'travelSummary': {'duration': 240, 'length': 268}, 'departure': {'time': '2022-09-29T14:10:00-04:00', 'place': {'name': 'Lincoln St @ Essex St', 'type': 'station', 'location': {'lat': 42.352188, 'lng': -71.057992}, 'wheelchairAccessible': 'yes', 'id': '419804523', 'code': '6550'}}, 'arrival': {'time': '2022-09-29T14:14:00-04:00', 'place': {'name': 'SouthStation', 'type': 'place', 'location': {'lat': 42.352593, 'lng': -71.055172}}}, 'transport': {'mode': 'pedestrian'}}]}]}"
38,WELLESLEY HILLS,COMMUTER RAIL,TRAIN_NODES,42.31098173431776,-71.27686400224826,POINT (-71.27686400224826 42.31098173431776),200.0,22410.0,"{'routes': [{'id': 'C0', 'sections': [{'id': 'C0-S0', 'type': 'pedestrian', 'travelSummary': {'duration': 600, 'length': 616}, 'departure': {'time': '2022-09-29T13:48:00-04:00', 'place': {'name': 'WellesleyHills', 'type': 'place', 'location': {'lat': 42.310982, 'lng': -71.276864}}}, 'arrival': {'time': '2022-09-29T13:58:00-04:00', 'place': {'name': 'Wellesley Hills', 'type': 'station', 'location': {'lat': 42.31037, 'lng': -71.277044}, 'wheelchairAccessible': 'no', 'id': '419808064'}}, 'transport': {'mode': 'pedestrian'}}, {'id': 'C0-S1', 'type': 'transit', 'travelSummary': {'duration': 1860, 'length': 21794}, 'departure': {'time': '2022-09-29T13:58:00-04:00', 'place': {'name': 'Wellesley Hills', 'type': 'station', 'location': {'lat': 42.31037, 'lng': -71.277044}, 'wheelchairAccessible': 'no', 'id': '419808064'}, 'delay': 0}, 'arrival': {'time': '2022-09-29T14:29:00-04:00', 'place': {'name': 'South Station', 'type': 'station', 'location': {'lat': 42.352271, 'lng': -71.055242}, 'wheelchairAccessible': 'yes', 'id': '419808186'}, 'delay': -240}, 'transport': {'mode': 'regionalTrain', 'name': 'Framingham/Worcester Line', 'category': 'Rail', 'color': '#80276C', 'textColor': '#FFFFFF', 'headsign': 'South Station', 'longName': 'Framingham/Worcester Line'}, 'agency': {'id': '14811_6b86b27', 'name': 'MBTA', 'website': 'http://www.mbta.com'}}]}]}"
39,LANSDOWNE,COMMUTER RAIL,TRAIN_NODES,42.34764666191346,-71.10047894826637,POINT (-71.10047894826637 42.34764666191346),200.0,4556.0,"{'routes': [{'id': 'C0', 'sections': [{'id': 'C0-S0', 'type': 'pedestrian', 'travelSummary': {'duration': 660, 'length': 687}, 'departure': {'time': '2022-09-29T13:29:00-04:00', 'place': {'name': 'Lansdowne', 'type': 'place', 'location': {'lat': 42.347647, 'lng': -71.100479}}}, 'arrival': {'time': '2022-09-29T13:40:00-04:00', 'place': {'name': 'Kenmore - Busway, Commonwealth Ave', 'type': 'accessPoint', 'location': {'lat': 42.348882, 'lng': -71.09542}, 'wheelchairAccessible': 'yes'}}, 'transport': {'mode': 'pedestrian'}}, {'id': 'C0-S0-arr', 'type': 'pedestrian', 'travelSummary': {'duration': 60, 'length': 22}, 'departure': {'time': '2022-09-29T13:40:00-04:00', 'place': {'name': 'Kenmore - Busway, Commonwealth Ave', 'type': 'accessPoint', 'location': {'lat': 42.348882, 'lng': -71.09542}, 'wheelchairAccessible': 'yes'}}, 'arrival': {'time': '2022-09-29T13:41:00-04:00', 'place': {'name': 'Kenmore', 'type': 'station', 'location': {'lat': 42.348949, 'lng': -71.095169}, 'wheelchairAccessible': 'yes', 'id': '419808146'}}, 'spans': [{'walkAttributes': ['indoor']}], 'transport': {'mode': 'pedestrian'}}, {'id': 'C0-S1', 'type': 'transit', 'travelSummary': {'duration': 600, 'length': 3107}, 'departure': {'time': '2022-09-29T13:41:00-04:00', 'place': {'name': 'Kenmore', 'type': 'station', 'location': {'lat': 42.348949, 'lng': -71.095169}, 'wheelchairAccessible': 'yes', 'id': '419808146'}, 'delay': 0}, 'arrival': {'time': '2022-09-29T13:51:00-04:00', 'place': {'name': 'Park Street', 'type': 'station', 'location': {'lat': 42.356395, 'lng': -71.062424}, 'wheelchairAccessible': 'yes', 'id': '419810624', 'code': '70200'}, 'delay': -180}, 'transport': {'mode': 'lightRail', 'name': 'C', 'category': 'Tram, Streetcar, Light rail', 'color': '#00843D', 'textColor': '#FFFFFF', 'headsign': 'Government Center', 'shortName': 'C', 'longName': 'Green Line C'}, 'agency': {'id': '14811_6b86b27', 'name': 'MBTA', 'website': 'http://www.mbta.com'}}, {'id': 'C0-S2', 'type': 'pedestrian', 'travelSummary': {'duration': 720, 'length': 740}, 'departure': {'time': '2022-09-29T13:51:00-04:00', 'place': {'name': 'Park Street', 'type': 'station', 'location': {'lat': 42.356395, 'lng': -71.062424}, 'wheelchairAccessible': 'yes', 'id': '419810624', 'code': '70200'}}, 'arrival': {'time': '2022-09-29T14:03:00-04:00', 'place': {'name': 'SouthStation', 'type': 'place', 'location': {'lat': 42.352593, 'lng': -71.055172}}}, 'transport': {'mode': 'pedestrian'}}]}]}"
40,WEST NATICK,COMMUTER RAIL,TRAIN_NODES,42.283205441625874,-71.39145373319968,POINT (-71.39145373319968 42.28320544162587),200.0,32506.0,"{'routes': [{'id': 'C0', 'sections': [{'id': 'C0-S0', 'type': 'pedestrian', 'travelSummary': {'duration': 360, 'length': 341}, 'departure': {'time': '2022-09-29T13:39:00-04:00', 'place': {'name': 'WestNatick', 'type': 'place', 'location': {'lat': 42.283205, 'lng': -71.391454}}}, 'arrival': {'time': '2022-09-29T13:45:00-04:00', 'place': {'name': 'West Natick', 'type': 'station', 'location': {'lat': 42.283064, 'lng': -71.391797}, 'wheelchairAccessible': 'yes', 'id': '419807366'}}, 'transport': {'mode': 'pedestrian'}}, {'id': 'C0-S1', 'type': 'transit', 'travelSummary': {'duration': 2640, 'length': 32165}, 'departure': {'time': '2022-09-29T13:45:00-04:00', 'place': {'name': 'West Natick', 'type': 'station', 'location': {'lat': 42.283064, 'lng': -71.391797}, 'wheelchairAccessible': 'yes', 'id': '419807366'}, 'delay': 0}, 'arrival': {'time': '2022-09-29T14:29:00-04:00', 'place': {'name': 'South Station', 'type': 'station', 'location': {'lat': 42.352271, 'lng': -71.055242}, 'wheelchairAccessible': 'yes', 'id': '419808186'}, 'delay': -240}, 'transport': {'mode': 'regionalTrain', 'name': 'Framingham/Worcester Line', 'category': 'Rail', 'color': '#80276C', 'textColor': '#FFFFFF', 'headsign': 'South Station', 'longName': 'Framingham/Worcester Line'}, 'agency': {'id': '14811_6b86b27', 'name': 'MBTA', 'website': 'http://www.mbta.com'}}]}]}"
41,WELLESLEY SQUARE,COMMUTER RAIL,TRAIN_NODES,42.2971852554619,-71.29494726275176,POINT (-71.29494726275176 42.2971852554619),200.0,24078.0,"{'routes': [{'id': 'C0', 'sections': [{'id': 'C0-S0', 'type': 'pedestrian', 'travelSummary': {'duration': 240, 'length': 268}, 'departure': {'time': '2022-09-29T13:51:00-04:00', 'place': {'name': 'WellesleySquare', 'type': 'place', 'location': {'lat': 42.297185, 'lng': -71.294947}}}, 'arrival': {'time': '2022-09-29T13:55:00-04:00', 'place': {'name': 'Wellesley Square', 'type': 'station', 'location': {'lat': 42.297526, 'lng': -71.294173}, 'wheelchairAccessible': 'no', 'id': '419807364'}}, 'transport': {'mode': 'pedestrian'}}, {'id': 'C0-S1', 'type': 'transit', 'travelSummary': {'duration': 2040, 'length': 23810}, 'departure': {'time': '2022-09-29T13:55:00-04:00', 'place': {'name': 'Wellesley Square', 'type': 'station', 'location': {'lat': 42.297526, 'lng': -71.294173}, 'wheelchairAccessible': 'no', 'id': '419807364'}, 'delay': 0}, 'arrival': {'time': '2022-09-29T14:29:00-04:00', 'place': {'name': 'South Station', 'type': 'station', 'location': {'lat': 42.352271, 'lng': -71.055242}, 'wheelchairAccessible': 'yes', 'id': '419808186'}, 'delay': -240}, 'transport': {'mode': 'regionalTrain', 'name': 'Framingham/Worcester Line', 'category': 'Rail', 'color': '#80276C', 'textColor': '#FFFFFF', 'headsign': 'South Station', 'longName': 'Framingham/Worcester Line'}, 'agency': {'id': '14811_6b86b27', 'name': 'MBTA', 'website': 'http://www.mbta.com'}}]}]}"
42,MELROSE HIGHLANDS,COMMUTER RAIL,TRAIN_NODES,42.46879310805406,-71.06849638922318,POINT (-71.06849638922318 42.46879310805406),200.0,14073.0,"{'routes': [{'id': 'C0', 'sections': [{'id': 'C0-S0', 'type': 'pedestrian', 'travelSummary': {'duration': 120, 'length': 94}, 'departure': {'time': '2022-09-29T13:42:00-04:00', 'place': {'name': 'MelroseHighlands', 'type': 'place', 'location': {'lat': 42.468793, 'lng': -71.068496}}}, 'arrival': {'time': '2022-09-29T13:44:00-04:00', 'place': {'name': 'Melrose Highlands', 'type': 'station', 'location': {'lat': 42.469464, 'lng': -71.068297}, 'wheelchairAccessible': 'yes', 'id': '419808007'}}, 'transport': {'mode': 'pedestrian'}}, {'id': 'C0-S1', 'type': 'transit', 'travelSummary': {'duration': 480, 'length': 4833}, 'departure': {'time': '2022-09-29T13:44:00-04:00', 'place': {'name': 'Melrose Highlands', 'type': 'station', 'location': {'lat': 42.469464, 'lng': -71.068297}, 'wheelchairAccessible': 'yes', 'id': '419808007'}, 'delay': 0}, 'arrival': {'time': '2022-09-29T13:52:00-04:00', 'place': {'name': 'Malden Center', 'type': 'station', 'location': {'lat': 42.426632, 'lng': -71.07411}, 'wheelchairAccessible': 'yes', 'id': '419808158', 'platform': '1'}, 'delay': -60}, 'transport': {'mode': 'regionalTrain', 'name': 'Haverhill Line', 'category': 'Rail', 'color': '#80276C', 'textColor': '#FFFFFF', 'headsign': 'North Station via Oak Grove', 'longName': 'Haverhill Line'}, 'agency': {'id': '14811_6b86b27', 'name': 'MBTA', 'website': 'http://www.mbta.com'}}, {'id': 'C0-S2', 'type': 'transit', 'travelSummary': {'duration': 60, 'length': 8606}, 'departure': {'time': '2022-09-29T14:01:00-04:00', 'place': {'name': 'Malden Center', 'type': 'station', 'location': {'lat': 42.426632, 'lng': -71.07411}, 'wheelchairAccessible': 'yes', 'id': '419808158'}, 'delay': 3360}, 'arrival': {'time': '2022-09-29T14:02:00-04:00', 'place': {'name': 'Downtown Crossing', 'type': 'station', 'location': {'lat': 42.355518, 'lng': -71.060225}, 'wheelchairAccessible': 'yes', 'id': '419809874', 'code': '70020'}, 'delay': 2460}, 'transport': {'mode': 'subway', 'name': 'Orange Line', 'category': 'Subway, Metro', 'color': '#ED8B00', 'textColor': '#FFFFFF', 'headsign': 'Forest Hills', 'longName': 'Orange Line'}, 'agency': {'id': '14811_6b86b27', 'name': 'MBTA', 'website': 'http://www.mbta.com'}}, {'id': 'C0-S3-dep', 'type': 'pedestrian', 'travelSummary': {'duration': 120, 'length': 97}, 'departure': {'time': '2022-09-29T14:02:00-04:00', 'place': {'name': 'Downtown Crossing', 'type': 'station', 'location': {'lat': 42.355518, 'lng': -71.060225}, 'wheelchairAccessible': 'yes', 'id': '419809874', 'code': '70020'}}, 'arrival': {'time': '2022-09-29T14:04:00-04:00', 'place': {'name': 'Downtown Crossing - 101 Arch St, Summer St', 'type': 'accessPoint', 'location': {'lat': 42.354843, 'lng': -71.05948}, 'wheelchairAccessible': 'yes'}}, 'spans': [{'walkAttributes': ['indoor']}], 'transport': {'mode': 'pedestrian'}}, {'id': 'C0-S3', 'type': 'pedestrian', 'travelSummary': {'duration': 420, 'length': 443}, 'departure': {'time': '2022-09-29T14:04:00-04:00', 'place': {'name': 'Downtown Crossing - 101 Arch St, Summer St', 'type': 'accessPoint', 'location': {'lat': 42.354843, 'lng': -71.05948}, 'wheelchairAccessible': 'yes'}}, 'arrival': {'time': '2022-09-29T14:11:00-04:00', 'place': {'name': 'SouthStation', 'type': 'place', 'location': {'lat': 42.352593, 'lng': -71.055172}}}, 'transport': {'mode': 'pedestrian'}}]}]}"
43,MELROSE/CEDAR PARK,COMMUTER RAIL,TRAIN_NODES,42.45915537566635,-71.06990191142631,POINT (-71.06990191142631 42.45915537566635),200.0,12815.0,"{'routes': [{'id': 'C0', 'sections': [{'id': 'C0-S0', 'type': 'pedestrian', 'travelSummary': {'duration': 60, 'length': 53}, 'departure': {'time': '2022-09-29T13:45:00-04:00', 'place': {'name': 'Melrose/CedarPark', 'type': 'place', 'location': {'lat': 42.459155, 'lng': -71.069902}}}, 'arrival': {'time': '2022-09-29T13:46:00-04:00', 'place': {'name': 'Melrose/Cedar Park', 'type': 'station', 'location': {'lat': 42.458768, 'lng': -71.069789}, 'wheelchairAccessible': 'no', 'id': '419808006'}}, 'transport': {'mode': 'pedestrian'}}, {'id': 'C0-S1', 'type': 'transit', 'travelSummary': {'duration': 360, 'length': 3616}, 'departure': {'time': '2022-09-29T13:46:00-04:00', 'place': {'name': 'Melrose/Cedar Park', 'type': 'station', 'location': {'lat': 42.458768, 'lng': -71.069789}, 'wheelchairAccessible': 'no', 'id': '419808006'}, 'delay': 0}, 'arrival': {'time': '2022-09-29T13:52:00-04:00', 'place': {'name': 'Malden Center', 'type': 'station', 'location': {'lat': 42.426632, 'lng': -71.07411}, 'wheelchairAccessible': 'yes', 'id': '419808158', 'platform': '1'}, 'delay': -60}, 'transport': {'mode': 'regionalTrain', 'name': 'Haverhill Line', 'category': 'Rail', 'color': '#80276C', 'textColor': '#FFFFFF', 'headsign': 'North Station via Oak Grove', 'longName': 'Haverhill Line'}, 'agency': {'id': '14811_6b86b27', 'name': 'MBTA', 'website': 'http://www.mbta.com'}}, {'id': 'C0-S2', 'type': 'transit', 'travelSummary': {'duration': 60, 'length': 8606}, 'departure': {'time': '2022-09-29T14:01:00-04:00', 'place': {'name': 'Malden Center', 'type': 'station', 'location': {'lat': 42.426632, 'lng': -71.07411}, 'wheelchairAccessible': 'yes', 'id': '419808158'}, 'delay': 3360}, 'arrival': {'time': '2022-09-29T14:02:00-04:00', 'place': {'name': 'Downtown Crossing', 'type': 'station', 'location': {'lat': 42.355518, 'lng': -71.060225}, 'wheelchairAccessible': 'yes', 'id': '419809874', 'code': '70020'}, 'delay': 2460}, 'transport': {'mode': 'subway', 'name': 'Orange Line', 'category': 'Subway, Metro', 'color': '#ED8B00', 'textColor': '#FFFFFF', 'headsign': 'Forest Hills', 'longName': 'Orange Line'}, 'agency': {'id': '14811_6b86b27', 'name': 'MBTA', 'website': 'http://www.mbta.com'}}, {'id': 'C0-S3-dep', 'type': 'pedestrian', 'travelSummary': {'duration': 120, 'length': 97}, 'departure': {'time': '2022-09-29T14:02:00-04:00', 'place': {'name': 'Downtown Crossing', 'type': 'station', 'location': {'lat': 42.355518, 'lng': -71.060225}, 'wheelchairAccessible': 'yes', 'id': '419809874', 'code': '70020'}}, 'arrival': {'time': '2022-09-29T14:04:00-04:00', 'place': {'name': 'Downtown Crossing - 101 Arch St, Summer St', 'type': 'accessPoint', 'location': {'lat': 42.354843, 'lng': -71.05948}, 'wheelchairAccessible': 'yes'}}, 'spans': [{'walkAttributes': ['indoor']}], 'transport': {'mode': 'pedestrian'}}, {'id': 'C0-S3', 'type': 'pedestrian', 'travelSummary': {'duration': 420, 'length': 443}, 'departure': {'time': '2022-09-29T14:04:00-04:00', 'place': {'name': 'Downtown Crossing - 101 Arch St, Summer St', 'type': 'accessPoint', 'location': {'lat': 42.354843, 'lng': -71.05948}, 'wheelchairAccessible': 'yes'}}, 'arrival': {'time': '2022-09-29T14:11:00-04:00', 'place': {'name': 'SouthStation', 'type': 'place', 'location': {'lat': 42.352593, 'lng': -71.055172}}}, 'transport': {'mode': 'pedestrian'}}]}]}"
44,WAKEFIELD,COMMUTER RAIL,TRAIN_NODES,42.50238131927824,-71.07576890423509,POINT (-71.07576890423509 42.50238131927824),200.0,17856.0,"{'routes': [{'id': 'C0', 'sections': [{'id': 'C0-S0', 'type': 'pedestrian', 'travelSummary': {'duration': 60, 'length': 40}, 'departure': {'time': '2022-09-29T13:38:00-04:00', 'place': {'name': 'Wakefield', 'type': 'place', 'location': {'lat': 42.502381, 'lng': -71.075769}}}, 'arrival': {'time': '2022-09-29T13:39:00-04:00', 'place': {'name': 'Wakefield', 'type': 'station', 'location': {'lat': 42.502126, 'lng': -71.075566}, 'wheelchairAccessible': 'no', 'id': '419808058'}}, 'transport': {'mode': 'pedestrian'}}, {'id': 'C0-S1', 'type': 'transit', 'travelSummary': {'duration': 780, 'length': 8670}, 'departure': {'time': '2022-09-29T13:39:00-04:00', 'place': {'name': 'Wakefield', 'type': 'station', 'location': {'lat': 42.502126, 'lng': -71.075566}, 'wheelchairAccessible': 'no', 'id': '419808058'}, 'delay': 0}, 'arrival': {'time': '2022-09-29T13:52:00-04:00', 'place': {'name': 'Malden Center', 'type': 'station', 'location': {'lat': 42.426632, 'lng': -71.07411}, 'wheelchairAccessible': 'yes', 'id': '419808158', 'platform': '1'}, 'delay': -60}, 'transport': {'mode': 'regionalTrain', 'name': 'Haverhill Line', 'category': 'Rail', 'color': '#80276C', 'textColor': '#FFFFFF', 'headsign': 'North Station via Oak Grove', 'longName': 'Haverhill Line'}, 'agency': {'id': '14811_6b86b27', 'name': 'MBTA', 'website': 'http://www.mbta.com'}}, {'id': 'C0-S2', 'type': 'transit', 'travelSummary': {'duration': 60, 'length': 8606}, 'departure': {'time': '2022-09-29T14:01:00-04:00', 'place': {'name': 'Malden Center', 'type': 'station', 'location': {'lat': 42.426632, 'lng': -71.07411}, 'wheelchairAccessible': 'yes', 'id': '419808158'}, 'delay': 3360}, 'arrival': {'time': '2022-09-29T14:02:00-04:00', 'place': {'name': 'Downtown Crossing', 'type': 'station', 'location': {'lat': 42.355518, 'lng': -71.060225}, 'wheelchairAccessible': 'yes', 'id': '419809874', 'code': '70020'}, 'delay': 2460}, 'transport': {'mode': 'subway', 'name': 'Orange Line', 'category': 'Subway, Metro', 'color': '#ED8B00', 'textColor': '#FFFFFF', 'headsign': 'Forest Hills', 'longName': 'Orange Line'}, 'agency': {'id': '14811_6b86b27', 'name': 'MBTA', 'website': 'http://www.mbta.com'}}, {'id': 'C0-S3-dep', 'type': 'pedestrian', 'travelSummary': {'duration': 120, 'length': 97}, 'departure': {'time': '2022-09-29T14:02:00-04:00', 'place': {'name': 'Downtown Crossing', 'type': 'station', 'location': {'lat': 42.355518, 'lng': -71.060225}, 'wheelchairAccessible': 'yes', 'id': '419809874', 'code': '70020'}}, 'arrival': {'time': '2022-09-29T14:04:00-04:00', 'place': {'name': 'Downtown Crossing - 101 Arch St, Summer St', 'type': 'accessPoint', 'location': {'lat': 42.354843, 'lng': -71.05948}, 'wheelchairAccessible': 'yes'}}, 'spans': [{'walkAttributes': ['indoor']}], 'transport': {'mode': 'pedestrian'}}, {'id': 'C0-S3', 'type': 'pedestrian', 'travelSummary': {'duration': 420, 'length': 443}, 'departure': {'time': '2022-09-29T14:04:00-04:00', 'place': {'name': 'Downtown Crossing - 101 Arch St, Summer St', 'type': 'accessPoint', 'location': {'lat': 42.354843, 'lng': -71.05948}, 'wheelchairAccessible': 'yes'}}, 'arrival': {'time': '2022-09-29T14:11:00-04:00', 'place': {'name': 'SouthStation', 'type': 'place', 'location': {'lat': 42.352593, 'lng': -71.055172}}}, 'transport': {'mode': 'pedestrian'}}]}]}"
45,READING,COMMUTER RAIL,TRAIN_NODES,42.523253079905295,-71.11067081252943,POINT (-71.11067081252943 42.5232530799053),200.0,21537.0,"{'routes': [{'id': 'C0', 'sections': [{'id': 'C0-S0', 'type': 'pedestrian', 'travelSummary': {'duration': 300, 'length': 317}, 'departure': {'time': '2022-09-29T14:13:00-04:00', 'place': {'name': 'Reading', 'type': 'place', 'location': {'lat': 42.523253, 'lng': -71.110671}}}, 'arrival': {'time': '2022-09-29T14:18:00-04:00', 'place': {'name': 'Reading', 'type': 'station', 'location': {'lat': 42.52221, 'lng': -71.108294}, 'wheelchairAccessible': 'yes', 'id': '419807415'}}, 'transport': {'mode': 'pedestrian'}}, {'id': 'C0-S1', 'type': 'transit', 'travelSummary': {'duration': 2040, 'length': 19399}, 'departure': {'time': '2022-09-29T14:18:00-04:00', 'place': {'name': 'Reading', 'type': 'station', 'location': {'lat': 42.52221, 'lng': -71.108294}, 'wheelchairAccessible': 'yes', 'id': '419807415', 'platform': '1'}}, 'arrival': {'time': '2022-09-29T14:52:00-04:00', 'place': {'name': 'North Station', 'type': 'station', 'location': {'lat': 42.365577, 'lng': -71.06129}, 'wheelchairAccessible': 'yes', 'id': '419808162'}}, 'transport': {'mode': 'regionalTrain', 'name': 'Haverhill Line', 'category': 'Rail', 'color': '#80276C', 'textColor': '#FFFFFF', 'headsign': 'North Station via Oak Grove', 'longName': 'Haverhill Line'}, 'agency': {'id': '14811_6b86b27', 'name': 'MBTA', 'website': 'http://www.mbta.com'}}, {'id': 'C0-S2', 'type': 'transit', 'travelSummary': {'duration': 300, 'length': 1281}, 'departure': {'time': '2022-09-29T14:54:00-04:00', 'place': {'name': 'North Station', 'type': 'station', 'location': {'lat': 42.365577, 'lng': -71.06129}, 'wheelchairAccessible': 'yes', 'id': '419808162'}}, 'arrival': {'time': '2022-09-29T14:59:00-04:00', 'place': {'name': 'Downtown Crossing', 'type': 'station', 'location': {'lat': 42.355518, 'lng': -71.060225}, 'wheelchairAccessible': 'yes', 'id': '419809874', 'code': '70020'}}, 'transport': {'mode': 'subway', 'name': 'Orange Line', 'category': 'Subway, Metro', 'color': '#ED8B00', 'textColor': '#FFFFFF', 'headsign': 'Forest Hills', 'longName': 'Orange Line'}, 'agency': {'id': '14811_6b86b27', 'name': 'MBTA', 'website': 'http://www.mbta.com'}}, {'id': 'C0-S3-dep', 'type': 'pedestrian', 'travelSummary': {'duration': 120, 'length': 97}, 'departure': {'time': '2022-09-29T14:59:00-04:00', 'place': {'name': 'Downtown Crossing', 'type': 'station', 'location': {'lat': 42.355518, 'lng': -71.060225}, 'wheelchairAccessible': 'yes', 'id': '419809874', 'code': '70020'}}, 'arrival': {'time': '2022-09-29T15:01:00-04:00', 'place': {'name': 'Downtown Crossing - 101 Arch St, Summer St', 'type': 'accessPoint', 'location': {'lat': 42.354843, 'lng': -71.05948}, 'wheelchairAccessible': 'yes'}}, 'spans': [{'walkAttributes': ['indoor']}], 'transport': {'mode': 'pedestrian'}}, {'id': 'C0-S3', 'type': 'pedestrian', 'travelSummary': {'duration': 420, 'length': 443}, 'departure': {'time': '2022-09-29T15:01:00-04:00', 'place': {'name': 'Downtown Crossing - 101 Arch St, Summer St', 'type': 'accessPoint', 'location': {'lat': 42.354843, 'lng': -71.05948}, 'wheelchairAccessible': 'yes'}}, 'arrival': {'time': '2022-09-29T15:08:00-04:00', 'place': {'name': 'SouthStation', 'type': 'place', 'location': {'lat': 42.352593, 'lng': -71.055172}}}, 'transport': {'mode': 'pedestrian'}}]}]}"
46,NORTH SCITUATE,COMMUTER RAIL,TRAIN_NODES,42.218770564545935,-70.78545281685228,POINT (-70.78545281685228 42.21877056454593),200.0,37782.0,"{'routes': [{'id': 'C0', 'sections': [{'id': 'C0-S0', 'type': 'pedestrian', 'travelSummary': {'duration': 360, 'length': 341}, 'departure': {'time': '2022-09-29T14:21:00-04:00', 'place': {'name': 'NorthScituate', 'type': 'place', 'location': {'lat': 42.218771, 'lng': -70.785453}}}, 'arrival': {'time': '2022-09-29T14:27:00-04:00', 'place': {'name': 'North Scituate', 'type': 'station', 'location': {'lat': 42.219528, 'lng': -70.788602}, 'wheelchairAccessible': 'yes', 'id': '419807455'}}, 'transport': {'mode': 'pedestrian'}}, {'id': 'C0-S1', 'type': 'transit', 'travelSummary': {'duration': 3420, 'length': 37441}, 'departure': {'time': '2022-09-29T14:27:00-04:00', 'place': {'name': 'North Scituate', 'type': 'station', 'location': {'lat': 42.219528, 'lng': -70.788602}, 'wheelchairAccessible': 'yes', 'id': '419807455', 'platform': '1'}}, 'arrival': {'time': '2022-09-29T15:24:00-04:00', 'place': {'name': 'South Station', 'type': 'station', 'location': {'lat': 42.352271, 'lng': -71.055242}, 'wheelchairAccessible': 'yes', 'id': '419808186'}}, 'transport': {'mode': 'regionalTrain', 'name': 'Greenbush Line', 'category': 'Rail', 'color': '#80276C', 'textColor': '#FFFFFF', 'headsign': 'South Station', 'longName': 'Greenbush Line'}, 'agency': {'id': '14811_6b86b27', 'name': 'MBTA', 'website': 'http://www.mbta.com'}}]}]}"
47,NANTASKET JUNCTION,COMMUTER RAIL,TRAIN_NODES,42.244943480096886,-70.86793745330111,POINT (-70.86793745330111 42.24494348009689),200.0,26034.0,"{'routes': [{'id': 'C0', 'sections': [{'id': 'C0-S0', 'type': 'pedestrian', 'travelSummary': {'duration': 1680, 'length': 1698}, 'departure': {'time': '2022-09-29T13:32:00-04:00', 'place': {'name': 'NantasketJunction', 'type': 'place', 'location': {'lat': 42.244943, 'lng': -70.867937}}}, 'arrival': {'time': '2022-09-29T14:00:00-04:00', 'place': {'name': 'North St @ Otis St', 'type': 'station', 'location': {'lat': 42.244787, 'lng': -70.884655}, 'wheelchairAccessible': 'yes', 'id': '419802530', 'code': '3589'}}, 'transport': {'mode': 'pedestrian'}}, {'id': 'C0-S1', 'type': 'transit', 'travelSummary': {'duration': 1380, 'length': 11239}, 'departure': {'time': '2022-09-29T14:00:00-04:00', 'place': {'name': 'North St @ Otis St', 'type': 'station', 'location': {'lat': 42.244787, 'lng': -70.884655}, 'wheelchairAccessible': 'yes', 'id': '419802530', 'code': '3589'}, 'delay': 0}, 'arrival': {'time': '2022-09-29T14:23:00-04:00', 'place': {'name': 'Washington St @ Coddington St', 'type': 'station', 'location': {'lat': 42.251388, 'lng': -71.002227}, 'wheelchairAccessible': 'yes', 'id': '419802573', 'code': '3640'}, 'delay': -60}, 'transport': {'mode': 'bus', 'name': '220', 'category': 'Bus', 'color': '#FFC72C', 'textColor': '#000000', 'headsign': 'Quincy Center', 'shortName': '220', 'longName': 'Hingham Depot - Quincy Center Station'}, 'agency': {'id': '14811_6b86b27', 'name': 'MBTA', 'website': 'http://www.mbta.com'}}, {'id': 'C0-S2', 'type': 'pedestrian', 'travelSummary': {'duration': 360, 'length': 360}, 'departure': {'time': '2022-09-29T14:23:00-04:00', 'place': {'name': 'Washington St @ Coddington St', 'type': 'station', 'location': {'lat': 42.251388, 'lng': -71.002227}, 'wheelchairAccessible': 'yes', 'id': '419802573', 'code': '3640'}}, 'arrival': {'time': '2022-09-29T14:29:00-04:00', 'place': {'name': 'Quincy Center - Hancock St', 'type': 'accessPoint', 'location': {'lat': 42.251586, 'lng': -71.005003}, 'wheelchairAccessible': 'yes'}}, 'transport': {'mode': 'pedestrian'}}, {'id': 'C0-S2-arr', 'type': 'pedestrian', 'travelSummary': {'duration': 60, 'length': 42}, 'departure': {'time': '2022-09-29T14:29:00-04:00', 'place': {'name': 'Quincy Center - Hancock St', 'type': 'accessPoint', 'location': {'lat': 42.251586, 'lng': -71.005003}, 'wheelchairAccessible': 'yes'}}, 'arrival': {'time': '2022-09-29T14:30:00-04:00', 'place': {'name': 'Quincy Center', 'type': 'station', 'location': {'lat': 42.251809, 'lng': -71.005409}, 'wheelchairAccessible': 'yes', 'id': '419808172'}}, 'spans': [{'walkAttributes': ['indoor']}], 'transport': {'mode': 'pedestrian'}}, {'id': 'C0-S3', 'type': 'transit', 'travelSummary': {'duration': 1020, 'length': 12695}, 'departure': {'time': '2022-09-29T14:40:00-04:00', 'place': {'name': 'Quincy Center', 'type': 'station', 'location': {'lat': 42.251809, 'lng': -71.005409}, 'wheelchairAccessible': 'yes', 'id': '419808172', 'platform': '1'}}, 'arrival': {'time': '2022-09-29T14:57:00-04:00', 'place': {'name': 'South Station', 'type': 'station', 'location': {'lat': 42.352271, 'lng': -71.055242}, 'wheelchairAccessible': 'yes', 'id': '419808186'}}, 'transport': {'mode': 'regionalTrain', 'name': 'Middleborough/Lakeville Line', 'category': 'Rail', 'color': '#80276C', 'textColor': '#FFFFFF', 'headsign': 'South Station', 'longName': 'Middleborough/Lakeville Line'}, 'agency': {'id': '14811_6b86b27', 'name': 'MBTA', 'website': 'http://www.mbta.com'}}]}]}"
48,WINCHESTER CENTER,COMMUTER RAIL,TRAIN_NODES,42.452247672832414,-71.13731184444377,POINT (-71.13731184444377 42.45224767283241),200.0,15060.0,"{'routes': [{'id': 'C0', 'sections': [{'id': 'C0-S0', 'type': 'pedestrian', 'travelSummary': {'duration': 1140, 'length': 1163}, 'departure': {'time': '2022-09-29T14:19:00-04:00', 'place': {'name': 'WinchesterCenter', 'type': 'place', 'location': {'lat': 42.452248, 'lng': -71.137312}}}, 'arrival': {'time': '2022-09-29T14:38:00-04:00', 'place': {'name': 'Wedgemere', 'type': 'station', 'location': {'lat': 42.444948, 'lng': -71.140169}, 'wheelchairAccessible': 'yes', 'id': '419808960'}}, 'transport': {'mode': 'pedestrian'}}, {'id': 'C0-S1', 'type': 'transit', 'travelSummary': {'duration': 1020, 'length': 11760}, 'departure': {'time': '2022-09-29T14:38:00-04:00', 'place': {'name': 'Wedgemere', 'type': 'station', 'location': {'lat': 42.444948, 'lng': -71.140169}, 'wheelchairAccessible': 'yes', 'id': '419808960'}}, 'arrival': {'time': '2022-09-29T14:55:00-04:00', 'place': {'name': 'North Station', 'type': 'station', 'location': {'lat': 42.365577, 'lng': -71.06129}, 'wheelchairAccessible': 'yes', 'id': '419808162'}}, 'transport': {'mode': 'regionalTrain', 'name': 'Lowell Line', 'category': 'Rail', 'color': '#80276C', 'textColor': '#FFFFFF', 'headsign': 'North Station', 'longName': 'Lowell Line'}, 'agency': {'id': '14811_6b86b27', 'name': 'MBTA', 'website': 'http://www.mbta.com'}}, {'id': 'C0-S2', 'type': 'pedestrian', 'travelSummary': {'duration': 180, 'length': 164}, 'departure': {'time': '2022-09-29T14:55:00-04:00', 'place': {'name': 'North Station', 'type': 'station', 'location': {'lat': 42.365577, 'lng': -71.06129}, 'wheelchairAccessible': 'yes', 'id': '419808162'}}, 'arrival': {'time': '2022-09-29T14:58:00-04:00', 'place': {'name': 'North Station', 'type': 'station', 'location': {'lat': 42.365577, 'lng': -71.06129}, 'wheelchairAccessible': 'yes', 'id': '419810034', 'code': '70205'}}, 'transport': {'mode': 'pedestrian'}}, {'id': 'C0-S3', 'type': 'transit', 'travelSummary': {'duration': 300, 'length': 1233}, 'departure': {'time': '2022-09-29T14:58:00-04:00', 'place': {'name': 'North Station', 'type': 'station', 'location': {'lat': 42.365577, 'lng': -71.06129}, 'wheelchairAccessible': 'yes', 'id': '419810034', 'code': '70205'}}, 'arrival': {'time': '2022-09-29T15:03:00-04:00', 'place': {'name': 'Park Street', 'type': 'station', 'location': {'lat': 42.356395, 'lng': -71.062424}, 'wheelchairAccessible': 'yes', 'id': '419810623', 'platform': 'E', 'code': '70199'}}, 'transport': {'mode': 'lightRail', 'name': 'E', 'category': 'Tram, Streetcar, Light rail', 'color': '#00843D', 'textColor': '#FFFFFF', 'headsign': 'Heath Street', 'shortName': 'E', 'longName': 'Green Line E'}, 'agency': {'id': '14811_6b86b27', 'name': 'MBTA', 'website': 'http://www.mbta.com'}}, {'id': 'C0-S4', 'type': 'pedestrian', 'travelSummary': {'duration': 720, 'length': 740}, 'departure': {'time': '2022-09-29T15:03:00-04:00', 'place': {'name': 'Park Street', 'type': 'station', 'location': {'lat': 42.356395, 'lng': -71.062424}, 'wheelchairAccessible': 'yes', 'id': '419810623', 'code': '70199'}}, 'arrival': {'time': '2022-09-29T15:15:00-04:00', 'place': {'name': 'SouthStation', 'type': 'place', 'location': {'lat': 42.352593, 'lng': -71.055172}}}, 'transport': {'mode': 'pedestrian'}}]}]}"
49,WEST MEDFORD,COMMUTER RAIL,TRAIN_NODES,42.42180769584373,-71.13335409103436,POINT (-71.13335409103436 42.42180769584373),200.0,10553.0,"{'routes': [{'id': 'C0', 'sections': [{'id': 'C0-S0', 'type': 'transit', 'travelSummary': {'duration': 720, 'length': 8732}, 'departure': {'time': '2022-09-29T13:41:00-04:00', 'place': {'name': 'West Medford', 'type': 'station', 'location': {'lat': 42.421776, 'lng': -71.133342}, 'wheelchairAccessible': 'no', 'id': '419812957'}, 'delay': 0}, 'arrival': {'time': '2022-09-29T13:53:00-04:00', 'place': {'name': 'North Station', 'type': 'station', 'location': {'lat': 42.365577, 'lng': -71.06129}, 'wheelchairAccessible': 'yes', 'id': '419808162'}, 'delay': -120}, 'transport': {'mode': 'regionalTrain', 'name': 'Lowell Line', 'category': 'Rail', 'color': '#80276C', 'textColor': '#FFFFFF', 'headsign': 'North Station', 'longName': 'Lowell Line'}, 'agency': {'id': '14811_6b86b27', 'name': 'MBTA', 'website': 'http://www.mbta.com'}}, {'id': 'C0-S1', 'type': 'transit', 'travelSummary': {'duration': 0, 'length': 1281}, 'departure': {'time': '2022-09-29T14:02:00-04:00', 'place': {'name': 'North Station', 'type': 'station', 'location': {'lat': 42.365577, 'lng': -71.06129}, 'wheelchairAccessible': 'yes', 'id': '419808162'}, 'delay': 2700}, 'arrival': {'time': '2022-09-29T14:02:00-04:00', 'place': {'name': 'Downtown Crossing', 'type': 'station', 'location': {'lat': 42.355518, 'lng': -71.060225}, 'wheelchairAccessible': 'yes', 'id': '419809874', 'code': '70020'}, 'delay': 2460}, 'transport': {'mode': 'subway', 'name': 'Orange Line', 'category': 'Subway, Metro', 'color': '#ED8B00', 'textColor': '#FFFFFF', 'headsign': 'Forest Hills', 'longName': 'Orange Line'}, 'agency': {'id': '14811_6b86b27', 'name': 'MBTA', 'website': 'http://www.mbta.com'}}, {'id': 'C0-S2-dep', 'type': 'pedestrian', 'travelSummary': {'duration': 120, 'length': 97}, 'departure': {'time': '2022-09-29T14:02:00-04:00', 'place': {'name': 'Downtown Crossing', 'type': 'station', 'location': {'lat': 42.355518, 'lng': -71.060225}, 'wheelchairAccessible': 'yes', 'id': '419809874', 'code': '70020'}}, 'arrival': {'time': '2022-09-29T14:04:00-04:00', 'place': {'name': 'Downtown Crossing - 101 Arch St, Summer St', 'type': 'accessPoint', 'location': {'lat': 42.354843, 'lng': -71.05948}, 'wheelchairAccessible': 'yes'}}, 'spans': [{'walkAttributes': ['indoor']}], 'transport': {'mode': 'pedestrian'}}, {'id': 'C0-S2', 'type': 'pedestrian', 'travelSummary': {'duration': 420, 'length': 443}, 'departure': {'time': '2022-09-29T14:04:00-04:00', 'place': {'name': 'Downtown Crossing - 101 Arch St, Summer St', 'type': 'accessPoint', 'location': {'lat': 42.354843, 'lng': -71.05948}, 'wheelchairAccessible': 'yes'}}, 'arrival': {'time': '2022-09-29T14:11:00-04:00', 'place': {'name': 'SouthStation', 'type': 'place', 'location': {'lat': 42.352593, 'lng': -71.055172}}}, 'transport': {'mode': 'pedestrian'}}]}]}"
50,NORTH BILLERICA,COMMUTER RAIL,TRAIN_NODES,42.59364703317909,-71.28114955439811,POINT (-71.28114955439811 42.59364703317909),200.0,37132.0,"{'routes': [{'id': 'C0', 'sections': [{'id': 'C0-S0', 'type': 'pedestrian', 'travelSummary': {'duration': 0, 'length': 28}, 'departure': {'time': '2022-09-29T14:20:00-04:00', 'place': {'name': 'NorthBillerica', 'type': 'place', 'location': {'lat': 42.593647, 'lng': -71.28115}}}, 'arrival': {'time': '2022-09-29T14:20:00-04:00', 'place': {'name': 'North Billerica', 'type': 'station', 'location': {'lat': 42.593248, 'lng': -71.280995}, 'wheelchairAccessible': 'yes', 'id': '419808023'}}, 'transport': {'mode': 'pedestrian'}}, {'id': 'C0-S1', 'type': 'transit', 'travelSummary': {'duration': 2100, 'length': 34967}, 'departure': {'time': '2022-09-29T14:20:00-04:00', 'place': {'name': 'North Billerica', 'type': 'station', 'location': {'lat': 42.593248, 'lng': -71.280995}, 'wheelchairAccessible': 'yes', 'id': '419808023'}}, 'arrival': {'time': '2022-09-29T14:55:00-04:00', 'place': {'name': 'North Station', 'type': 'station', 'location': {'lat': 42.365577, 'lng': -71.06129}, 'wheelchairAccessible': 'yes', 'id': '419808162'}}, 'transport': {'mode': 'regionalTrain', 'name': 'Lowell Line', 'category': 'Rail', 'color': '#80276C', 'textColor': '#FFFFFF', 'headsign': 'North Station', 'longName': 'Lowell Line'}, 'agency': {'id': '14811_6b86b27', 'name': 'MBTA', 'website': 'http://www.mbta.com'}}, {'id': 'C0-S2', 'type': 'pedestrian', 'travelSummary': {'duration': 180, 'length': 164}, 'departure': {'time': '2022-09-29T14:55:00-04:00', 'place': {'name': 'North Station', 'type': 'station', 'location': {'lat': 42.365577, 'lng': -71.06129}, 'wheelchairAccessible': 'yes', 'id': '419808162'}}, 'arrival': {'time': '2022-09-29T14:58:00-04:00', 'place': {'name': 'North Station', 'type': 'station', 'location': {'lat': 42.365577, 'lng': -71.06129}, 'wheelchairAccessible': 'yes', 'id': '419810034', 'code': '70205'}}, 'transport': {'mode': 'pedestrian'}}, {'id': 'C0-S3', 'type': 'transit', 'travelSummary': {'duration': 300, 'length': 1233}, 'departure': {'time': '2022-09-29T14:58:00-04:00', 'place': {'name': 'North Station', 'type': 'station', 'location': {'lat': 42.365577, 'lng': -71.06129}, 'wheelchairAccessible': 'yes', 'id': '419810034', 'code': '70205'}}, 'arrival': {'time': '2022-09-29T15:03:00-04:00', 'place': {'name': 'Park Street', 'type': 'station', 'location': {'lat': 42.356395, 'lng': -71.062424}, 'wheelchairAccessible': 'yes', 'id': '419810623', 'platform': 'E', 'code': '70199'}}, 'transport': {'mode': 'lightRail', 'name': 'E', 'category': 'Tram, Streetcar, Light rail', 'color': '#00843D', 'textColor': '#FFFFFF', 'headsign': 'Heath Street', 'shortName': 'E', 'longName': 'Green Line E'}, 'agency': {'id': '14811_6b86b27', 'name': 'MBTA', 'website': 'http://www.mbta.com'}}, {'id': 'C0-S4', 'type': 'pedestrian', 'travelSummary': {'duration': 720, 'length': 740}, 'departure': {'time': '2022-09-29T15:03:00-04:00', 'place': {'name': 'Park Street', 'type': 'station', 'location': {'lat': 42.356395, 'lng': -71.062424}, 'wheelchairAccessible': 'yes', 'id': '419810623', 'code': '70199'}}, 'arrival': {'time': '2022-09-29T15:15:00-04:00', 'place': {'name': 'SouthStation', 'type': 'place', 'location': {'lat': 42.352593, 'lng': -71.055172}}}, 'transport': {'mode': 'pedestrian'}}]}]}"
51,WILMINGTON,COMMUTER RAIL,TRAIN_NODES,42.54809766641032,-71.17559832172465,POINT (-71.17559832172465 42.54809766641031),200.0,27060.0,"{'routes': [{'id': 'C0', 'sections': [{'id': 'C0-S0', 'type': 'pedestrian', 'travelSummary': {'duration': 540, 'length': 521}, 'departure': {'time': '2022-09-29T14:18:00-04:00', 'place': {'name': 'Wilmington', 'type': 'place', 'location': {'lat': 42.548098, 'lng': -71.175598}}}, 'arrival': {'time': '2022-09-29T14:27:00-04:00', 'place': {'name': 'Wilmington', 'type': 'station', 'location': {'lat': 42.546624, 'lng': -71.174334}, 'wheelchairAccessible': 'yes', 'id': '419808077'}}, 'transport': {'mode': 'pedestrian'}}, {'id': 'C0-S1', 'type': 'transit', 'travelSummary': {'duration': 1680, 'length': 24402}, 'departure': {'time': '2022-09-29T14:27:00-04:00', 'place': {'name': 'Wilmington', 'type': 'station', 'location': {'lat': 42.546624, 'lng': -71.174334}, 'wheelchairAccessible': 'yes', 'id': '419808077'}}, 'arrival': {'time': '2022-09-29T14:55:00-04:00', 'place': {'name': 'North Station', 'type': 'station', 'location': {'lat': 42.365577, 'lng': -71.06129}, 'wheelchairAccessible': 'yes', 'id': '419808162'}}, 'transport': {'mode': 'regionalTrain', 'name': 'Lowell Line', 'category': 'Rail', 'color': '#80276C', 'textColor': '#FFFFFF', 'headsign': 'North Station', 'longName': 'Lowell Line'}, 'agency': {'id': '14811_6b86b27', 'name': 'MBTA', 'website': 'http://www.mbta.com'}}, {'id': 'C0-S2', 'type': 'pedestrian', 'travelSummary': {'duration': 180, 'length': 164}, 'departure': {'time': '2022-09-29T14:55:00-04:00', 'place': {'name': 'North Station', 'type': 'station', 'location': {'lat': 42.365577, 'lng': -71.06129}, 'wheelchairAccessible': 'yes', 'id': '419808162'}}, 'arrival': {'time': '2022-09-29T14:58:00-04:00', 'place': {'name': 'North Station', 'type': 'station', 'location': {'lat': 42.365577, 'lng': -71.06129}, 'wheelchairAccessible': 'yes', 'id': '419810034', 'code': '70205'}}, 'transport': {'mode': 'pedestrian'}}, {'id': 'C0-S3', 'type': 'transit', 'travelSummary': {'duration': 300, 'length': 1233}, 'departure': {'time': '2022-09-29T14:58:00-04:00', 'place': {'name': 'North Station', 'type': 'station', 'location': {'lat': 42.365577, 'lng': -71.06129}, 'wheelchairAccessible': 'yes', 'id': '419810034', 'code': '70205'}}, 'arrival': {'time': '2022-09-29T15:03:00-04:00', 'place': {'name': 'Park Street', 'type': 'station', 'location': {'lat': 42.356395, 'lng': -71.062424}, 'wheelchairAccessible': 'yes', 'id': '419810623', 'platform': 'E', 'code': '70199'}}, 'transport': {'mode': 'lightRail', 'name': 'E', 'category': 'Tram, Streetcar, Light rail', 'color': '#00843D', 'textColor': '#FFFFFF', 'headsign': 'Heath Street', 'shortName': 'E', 'longName': 'Green Line E'}, 'agency': {'id': '14811_6b86b27', 'name': 'MBTA', 'website': 'http://www.mbta.com'}}, {'id': 'C0-S4', 'type': 'pedestrian', 'travelSummary': {'duration': 720, 'length': 740}, 'departure': {'time': '2022-09-29T15:03:00-04:00', 'place': {'name': 'Park Street', 'type': 'station', 'location': {'lat': 42.356395, 'lng': -71.062424}, 'wheelchairAccessible': 'yes', 'id': '419810623', 'code': '70199'}}, 'arrival': {'time': '2022-09-29T15:15:00-04:00', 'place': {'name': 'SouthStation', 'type': 'place', 'location': {'lat': 42.352593, 'lng': -71.055172}}}, 'transport': {'mode': 'pedestrian'}}]}]}"
52,FRANKLIN/DEAN COLLEGE,COMMUTER RAIL,TRAIN_NODES,42.08266593217523,-71.3969428673494,POINT (-71.3969428673494 42.08266593217523),200.0,44621.0,"{'routes': [{'id': 'C0', 'sections': [{'id': 'C0-S0', 'type': 'pedestrian', 'travelSummary': {'duration': 240, 'length': 235}, 'departure': {'time': '2022-09-29T15:18:00-04:00', 'place': {'name': 'Franklin/DeanCollege', 'type': 'place', 'location': {'lat': 42.082666, 'lng': -71.396943}}}, 'arrival': {'time': '2022-09-29T15:22:00-04:00', 'place': {'name': 'Franklin', 'type': 'station', 'location': {'lat': 42.083238, 'lng': -71.396102}, 'wheelchairAccessible': 'no', 'id': '419807431'}}, 'transport': {'mode': 'pedestrian'}}, {'id': 'C0-S1', 'type': 'transit', 'travelSummary': {'duration': 3420, 'length': 44386}, 'departure': {'time': '2022-09-29T15:22:00-04:00', 'place': {'name': 'Franklin', 'type': 'station', 'location': {'lat': 42.083238, 'lng': -71.396102}, 'wheelchairAccessible': 'no', 'id': '419807431', 'platform': '1'}, 'delay': 0}, 'arrival': {'time': '2022-09-29T16:19:00-04:00', 'place': {'name': 'South Station', 'type': 'station', 'location': {'lat': 42.352271, 'lng': -71.055242}, 'wheelchairAccessible': 'yes', 'id': '419808186'}, 'delay': 0}, 'transport': {'mode': 'regionalTrain', 'name': 'Franklin/Foxboro Line', 'category': 'Rail', 'color': '#80276C', 'textColor': '#FFFFFF', 'headsign': 'South Station via Ruggles', 'longName': 'Franklin/Foxboro Line'}, 'agency': {'id': '14811_6b86b27', 'name': 'MBTA', 'website': 'http://www.mbta.com'}}]}]}"
53,NORFOLK,COMMUTER RAIL,TRAIN_NODES,42.12053846543391,-71.32538162697047,POINT (-71.32538162697047 42.12053846543391),200.0,37194.0,"{'routes': [{'id': 'C0', 'sections': [{'id': 'C0-S0', 'type': 'pedestrian', 'travelSummary': {'duration': 60, 'length': 37}, 'departure': {'time': '2022-09-29T15:28:00-04:00', 'place': {'name': 'Norfolk', 'type': 'place', 'location': {'lat': 42.120539, 'lng': -71.325382}}}, 'arrival': {'time': '2022-09-29T15:29:00-04:00', 'place': {'name': 'Norfolk', 'type': 'station', 'location': {'lat': 42.120694, 'lng': -71.325217}, 'wheelchairAccessible': 'yes', 'id': '419807432'}}, 'transport': {'mode': 'pedestrian'}}, {'id': 'C0-S1', 'type': 'transit', 'travelSummary': {'duration': 3000, 'length': 37157}, 'departure': {'time': '2022-09-29T15:29:00-04:00', 'place': {'name': 'Norfolk', 'type': 'station', 'location': {'lat': 42.120694, 'lng': -71.325217}, 'wheelchairAccessible': 'yes', 'id': '419807432', 'platform': '1'}, 'delay': 0}, 'arrival': {'time': '2022-09-29T16:19:00-04:00', 'place': {'name': 'South Station', 'type': 'station', 'location': {'lat': 42.352271, 'lng': -71.055242}, 'wheelchairAccessible': 'yes', 'id': '419808186'}, 'delay': 0}, 'transport': {'mode': 'regionalTrain', 'name': 'Franklin/Foxboro Line', 'category': 'Rail', 'color': '#80276C', 'textColor': '#FFFFFF', 'headsign': 'South Station via Ruggles', 'longName': 'Franklin/Foxboro Line'}, 'agency': {'id': '14811_6b86b27', 'name': 'MBTA', 'website': 'http://www.mbta.com'}}]}]}"
54,PLIMPTONVILLE,COMMUTER RAIL,TRAIN_NODES,42.15899844288381,-71.23600811365037,POINT (-71.23600811365037 42.15899844288381),200.0,30475.0,"{'routes': [{'id': 'C0', 'sections': [{'id': 'C0-S0', 'type': 'pedestrian', 'travelSummary': {'duration': 1500, 'length': 1499}, 'departure': {'time': '2022-09-29T13:39:00-04:00', 'place': {'name': 'Plimptonville', 'type': 'place', 'location': {'lat': 42.158998, 'lng': -71.236008}}}, 'arrival': {'time': '2022-09-29T14:04:00-04:00', 'place': {'name': 'Washington St @ Polley Ln', 'type': 'station', 'location': {'lat': 42.154754, 'lng': -71.221995}, 'wheelchairAccessible': 'yes', 'id': '419807880', 'code': '88618'}}, 'transport': {'mode': 'pedestrian'}}, {'id': 'C0-S1', 'type': 'transit', 'travelSummary': {'duration': 420, 'length': 4049}, 'departure': {'time': '2022-09-29T14:04:00-04:00', 'place': {'name': 'Washington St @ Polley Ln', 'type': 'station', 'location': {'lat': 42.154754, 'lng': -71.221995}, 'wheelchairAccessible': 'yes', 'id': '419807880', 'code': '88618'}, 'delay': 0}, 'arrival': {'time': '2022-09-29T14:11:00-04:00', 'place': {'name': 'Washington St @ East Hoyle St', 'type': 'station', 'location': {'lat': 42.187581, 'lng': -71.2028}, 'wheelchairAccessible': 'yes', 'id': '419807261', 'code': '56618'}, 'delay': 120}, 'transport': {'mode': 'bus', 'name': '34E', 'category': 'Bus', 'color': '#FFC72C', 'textColor': '#000000', 'headsign': 'Forest Hills', 'shortName': '34E', 'longName': 'Walpole Center - Forest Hills Station'}, 'agency': {'id': '14811_6b86b27', 'name': 'MBTA', 'website': 'http://www.mbta.com'}}, {'id': 'C0-S2', 'type': 'pedestrian', 'travelSummary': {'duration': 900, 'length': 888}, 'departure': {'time': '2022-09-29T14:11:00-04:00', 'place': {'name': 'Washington St @ East Hoyle St', 'type': 'station', 'location': {'lat': 42.187581, 'lng': -71.2028}, 'wheelchairAccessible': 'yes', 'id': '419807261', 'code': '56618'}}, 'arrival': {'time': '2022-09-29T14:26:00-04:00', 'place': {'name': 'Norwood Central', 'type': 'station', 'location': {'lat': 42.188775, 'lng': -71.199665}, 'wheelchairAccessible': 'yes', 'id': '419806814'}}, 'transport': {'mode': 'pedestrian'}}, {'id': 'C0-S3', 'type': 'transit', 'travelSummary': {'duration': 2160, 'length': 24039}, 'departure': {'time': '2022-09-29T14:37:00-04:00', 'place': {'name': 'Norwood Central', 'type': 'station', 'location': {'lat': 42.188775, 'lng': -71.199665}, 'wheelchairAccessible': 'yes', 'id': '419806814'}, 'delay': 0}, 'arrival': {'time': '2022-09-29T15:13:00-04:00', 'place': {'name': 'South Station', 'type': 'station', 'location': {'lat': 42.352271, 'lng': -71.055242}, 'wheelchairAccessible': 'yes', 'id': '419808186'}, 'delay': 0}, 'transport': {'mode': 'regionalTrain', 'name': 'Franklin/Foxboro Line', 'category': 'Rail', 'color': '#80276C', 'textColor': '#FFFFFF', 'headsign': 'South Station via Ruggles', 'longName': 'Franklin/Foxboro Line'}, 'agency': {'id': '14811_6b86b27', 'name': 'MBTA', 'website': 'http://www.mbta.com'}}]}]}"
55,WINDSOR GARDENS,COMMUTER RAIL,TRAIN_NODES,42.171060161600494,-71.22069226341466,POINT (-71.22069226341466 42.17106016160049),200.0,28025.0,"{'routes': [{'id': 'C0', 'sections': [{'id': 'C0-S0', 'type': 'pedestrian', 'travelSummary': {'duration': 1020, 'length': 992}, 'departure': {'time': '2022-09-29T13:49:00-04:00', 'place': {'name': 'WindsorGardens', 'type': 'place', 'location': {'lat': 42.17106, 'lng': -71.220692}}}, 'arrival': {'time': '2022-09-29T14:06:00-04:00', 'place': {'name': 'Washington St opp Mylod St', 'type': 'station', 'location': {'lat': 42.169956, 'lng': -71.210423}, 'id': '419807114', 'code': '48618'}}, 'transport': {'mode': 'pedestrian'}}, {'id': 'C0-S1', 'type': 'transit', 'travelSummary': {'duration': 300, 'length': 2106}, 'departure': {'time': '2022-09-29T14:06:00-04:00', 'place': {'name': 'Washington St opp Mylod St', 'type': 'station', 'location': {'lat': 42.169956, 'lng': -71.210423}, 'id': '419807114', 'code': '48618'}, 'delay': 0}, 'arrival': {'time': '2022-09-29T14:11:00-04:00', 'place': {'name': 'Washington St @ East Hoyle St', 'type': 'station', 'location': {'lat': 42.187581, 'lng': -71.2028}, 'wheelchairAccessible': 'yes', 'id': '419807261', 'code': '56618'}, 'delay': 120}, 'transport': {'mode': 'bus', 'name': '34E', 'category': 'Bus', 'color': '#FFC72C', 'textColor': '#000000', 'headsign': 'Forest Hills', 'shortName': '34E', 'longName': 'Walpole Center - Forest Hills Station'}, 'agency': {'id': '14811_6b86b27', 'name': 'MBTA', 'website': 'http://www.mbta.com'}}, {'id': 'C0-S2', 'type': 'pedestrian', 'travelSummary': {'duration': 900, 'length': 888}, 'departure': {'time': '2022-09-29T14:11:00-04:00', 'place': {'name': 'Washington St @ East Hoyle St', 'type': 'station', 'location': {'lat': 42.187581, 'lng': -71.2028}, 'wheelchairAccessible': 'yes', 'id': '419807261', 'code': '56618'}}, 'arrival': {'time': '2022-09-29T14:26:00-04:00', 'place': {'name': 'Norwood Central', 'type': 'station', 'location': {'lat': 42.188775, 'lng': -71.199665}, 'wheelchairAccessible': 'yes', 'id': '419806814'}}, 'transport': {'mode': 'pedestrian'}}, {'id': 'C0-S3', 'type': 'transit', 'travelSummary': {'duration': 2160, 'length': 24039}, 'departure': {'time': '2022-09-29T14:37:00-04:00', 'place': {'name': 'Norwood Central', 'type': 'station', 'location': {'lat': 42.188775, 'lng': -71.199665}, 'wheelchairAccessible': 'yes', 'id': '419806814'}, 'delay': 0}, 'arrival': {'time': '2022-09-29T15:13:00-04:00', 'place': {'name': 'South Station', 'type': 'station', 'location': {'lat': 42.352271, 'lng': -71.055242}, 'wheelchairAccessible': 'yes', 'id': '419808186'}, 'delay': 0}, 'transport': {'mode': 'regionalTrain', 'name': 'Franklin/Foxboro Line', 'category': 'Rail', 'color': '#80276C', 'textColor': '#FFFFFF', 'headsign': 'South Station via Ruggles', 'longName': 'Franklin/Foxboro Line'}, 'agency': {'id': '14811_6b86b27', 'name': 'MBTA', 'website': 'http://www.mbta.com'}}]}]}"
56,MORTON STREET,COMMUTER RAIL,TRAIN_NODES,42.28004918085698,-71.08629574972599,POINT (-71.08629574972599 42.28004918085698),200.0,8836.0,"{'routes': [{'id': 'C0', 'sections': [{'id': 'C0-S0', 'type': 'pedestrian', 'travelSummary': {'duration': 360, 'length': 349}, 'departure': {'time': '2022-09-29T14:04:00-04:00', 'place': {'name': 'MortonStreet', 'type': 'place', 'location': {'lat': 42.280049, 'lng': -71.086296}}}, 'arrival': {'time': '2022-09-29T14:10:00-04:00', 'place': {'name': 'Morton Street', 'type': 'station', 'location': {'lat': 42.280994, 'lng': -71.085475}, 'wheelchairAccessible': 'yes', 'id': '419806412'}}, 'transport': {'mode': 'pedestrian'}}, {'id': 'C0-S1', 'type': 'transit', 'travelSummary': {'duration': 1200, 'length': 8487}, 'departure': {'time': '2022-09-29T14:10:00-04:00', 'place': {'name': 'Morton Street', 'type': 'station', 'location': {'lat': 42.280994, 'lng': -71.085475}, 'wheelchairAccessible': 'yes', 'id': '419806412'}}, 'arrival': {'time': '2022-09-29T14:30:00-04:00', 'place': {'name': 'South Station', 'type': 'station', 'location': {'lat': 42.352271, 'lng': -71.055242}, 'wheelchairAccessible': 'yes', 'id': '419808186'}}, 'transport': {'mode': 'regionalTrain', 'name': 'Fairmount Line', 'category': 'Rail', 'color': '#80276C', 'textColor': '#FFFFFF', 'headsign': 'South Station', 'longName': 'Fairmount Line'}, 'agency': {'id': '14811_6b86b27', 'name': 'MBTA', 'website': 'http://www.mbta.com'}}]}]}"
57,FAIRMOUNT,COMMUTER RAIL,TRAIN_NODES,42.25424830040778,-71.11880343230364,POINT (-71.11880343230364 42.25424830040778),200.0,14146.0,"{'routes': [{'id': 'C0', 'sections': [{'id': 'C0-S0', 'type': 'pedestrian', 'travelSummary': {'duration': 660, 'length': 670}, 'departure': {'time': '2022-09-29T13:29:00-04:00', 'place': {'name': 'Fairmount', 'type': 'place', 'location': {'lat': 42.254248, 'lng': -71.118803}}}, 'arrival': {'time': '2022-09-29T13:40:00-04:00', 'place': {'name': 'Hyde Park', 'type': 'station', 'location': {'lat': 42.25503, 'lng': -71.125526}, 'wheelchairAccessible': 'yes', 'id': '419807986'}}, 'transport': {'mode': 'pedestrian'}}, {'id': 'C0-S1', 'type': 'transit', 'travelSummary': {'duration': 900, 'length': 13476}, 'departure': {'time': '2022-09-29T13:40:00-04:00', 'place': {'name': 'Hyde Park', 'type': 'station', 'location': {'lat': 42.25503, 'lng': -71.125526}, 'wheelchairAccessible': 'yes', 'id': '419807986'}, 'delay': 0}, 'arrival': {'time': '2022-09-29T13:55:00-04:00', 'place': {'name': 'South Station', 'type': 'station', 'location': {'lat': 42.352271, 'lng': -71.055242}, 'wheelchairAccessible': 'yes', 'id': '419808186'}, 'delay': -180}, 'transport': {'mode': 'regionalTrain', 'name': 'Providence/Stoughton Line', 'category': 'Rail', 'color': '#80276C', 'textColor': '#FFFFFF', 'headsign': 'South Station via Ruggles', 'longName': 'Providence/Stoughton Line'}, 'agency': {'id': '14811_6b86b27', 'name': 'MBTA', 'website': 'http://www.mbta.com'}}]}]}"
58,NEWMARKET,COMMUTER RAIL,TRAIN_NODES,42.32749979562001,-71.06564215482982,POINT (-71.06564215482982 42.32749979562001),200.0,2904.0,"{'routes': [{'id': 'C0', 'sections': [{'id': 'C0-S1', 'type': 'transit', 'travelSummary': {'duration': 600, 'length': 2904}, 'departure': {'time': '2022-09-29T13:37:00-04:00', 'place': {'name': 'Newmarket', 'type': 'station', 'location': {'lat': 42.327415, 'lng': -71.065674}, 'wheelchairAccessible': 'yes', 'id': '419807009'}, 'delay': 0}, 'arrival': {'time': '2022-09-29T13:47:00-04:00', 'place': {'name': 'South Station', 'type': 'station', 'location': {'lat': 42.352271, 'lng': -71.055242}, 'wheelchairAccessible': 'yes', 'id': '419808186'}, 'delay': 120}, 'transport': {'mode': 'regionalTrain', 'name': 'Fairmount Line', 'category': 'Rail', 'color': '#80276C', 'textColor': '#FFFFFF', 'headsign': 'South Station', 'longName': 'Fairmount Line'}, 'agency': {'id': '14811_6b86b27', 'name': 'MBTA', 'website': 'http://www.mbta.com'}}]}]}"
59,FOUR CORNERS/GENEVA AVE,COMMUTER RAIL,TRAIN_NODES,42.30478610672133,-71.07719599074503,POINT (-71.07719599074503 42.30478610672133),200.0,8635.0,"{'routes': [{'id': 'C0', 'sections': [{'id': 'C0-S0', 'type': 'pedestrian', 'travelSummary': {'duration': 300, 'length': 318}, 'departure': {'time': '2022-09-29T13:38:00-04:00', 'place': {'name': 'FourCorners/GenevaAve', 'type': 'place', 'location': {'lat': 42.304786, 'lng': -71.077196}}}, 'arrival': {'time': '2022-09-29T13:43:00-04:00', 'place': {'name': 'Geneva Ave opp Olney St', 'type': 'station', 'location': {'lat': 42.304832, 'lng': -71.074046}, 'wheelchairAccessible': 'yes', 'id': '419809607', 'code': '551'}}, 'transport': {'mode': 'pedestrian'}}, {'id': 'C0-S1', 'type': 'transit', 'travelSummary': {'duration': 360, 'length': 1555}, 'departure': {'time': '2022-09-29T13:43:00-04:00', 'place': {'name': 'Geneva Ave opp Olney St', 'type': 'station', 'location': {'lat': 42.304832, 'lng': -71.074046}, 'wheelchairAccessible': 'yes', 'id': '419809607', 'code': '551'}, 'delay': 420}, 'arrival': {'time': '2022-09-29T13:49:00-04:00', 'place': {'name': 'Fields Corner', 'type': 'station', 'location': {'lat': 42.299807, 'lng': -71.062219}, 'wheelchairAccessible': 'yes', 'id': '419809793', 'code': '323'}, 'delay': 180}, 'transport': {'mode': 'bus', 'name': '19', 'category': 'Bus', 'color': '#FFC72C', 'textColor': '#000000', 'headsign': 'Fields Corner', 'shortName': '19', 'longName': 'Fields Corner Station - Kenmore or Ruggles Station'}, 'agency': {'id': '14811_6b86b27', 'name': 'MBTA', 'website': 'http://www.mbta.com'}}, {'id': 'C0-S2', 'type': 'pedestrian', 'travelSummary': {'duration': 120, 'length': 109}, 'departure': {'time': '2022-09-29T13:49:00-04:00', 'place': {'name': 'Fields Corner', 'type': 'station', 'location': {'lat': 42.299807, 'lng': -71.062219}, 'wheelchairAccessible': 'yes', 'id': '419809793', 'code': '323'}}, 'arrival': {'time': '2022-09-29T13:51:00-04:00', 'place': {'name': 'Fields Corner', 'type': 'station', 'location': {'lat': 42.300093, 'lng': -71.061667}, 'wheelchairAccessible': 'yes', 'id': '419808133'}}, 'transport': {'mode': 'pedestrian'}}, {'id': 'C0-S3', 'type': 'transit', 'travelSummary': {'duration': 900, 'length': 6653}, 'departure': {'time': '2022-09-29T13:53:00-04:00', 'place': {'name': 'Fields Corner', 'type': 'station', 'location': {'lat': 42.300093, 'lng': -71.061667}, 'wheelchairAccessible': 'yes', 'id': '419808133'}, 'delay': 600}, 'arrival': {'time': '2022-09-29T14:08:00-04:00', 'place': {'name': 'South Station', 'type': 'station', 'location': {'lat': 42.352271, 'lng': -71.055242}, 'wheelchairAccessible': 'yes', 'id': '419808186'}, 'delay': 720}, 'transport': {'mode': 'subway', 'name': 'Red Line', 'category': 'Subway, Metro', 'color': '#DA291C', 'textColor': '#FFFFFF', 'headsign': 'Alewife', 'longName': 'Red Line'}, 'agency': {'id': '14811_6b86b27', 'name': 'MBTA', 'website': 'http://www.mbta.com'}}]}]}"
60,ENDICOTT,COMMUTER RAIL,TRAIN_NODES,42.23265978451417,-71.16029649208413,POINT (-71.16029649208413 42.23265978451417),200.0,17872.0,"{'routes': [{'id': 'C0', 'sections': [{'id': 'C0-S0', 'type': 'pedestrian', 'travelSummary': {'duration': 240, 'length': 241}, 'departure': {'time': '2022-09-29T13:47:00-04:00', 'place': {'name': 'Endicott', 'type': 'place', 'location': {'lat': 42.23266, 'lng': -71.160297}}}, 'arrival': {'time': '2022-09-29T13:51:00-04:00', 'place': {'name': 'Endicott', 'type': 'station', 'location': {'lat': 42.233249, 'lng': -71.158647}, 'wheelchairAccessible': 'no', 'id': '419806702'}}, 'transport': {'mode': 'pedestrian'}}, {'id': 'C0-S1', 'type': 'transit', 'travelSummary': {'duration': 1260, 'length': 17631}, 'departure': {'time': '2022-09-29T13:51:00-04:00', 'place': {'name': 'Endicott', 'type': 'station', 'location': {'lat': 42.233249, 'lng': -71.158647}, 'wheelchairAccessible': 'no', 'id': '419806702'}, 'delay': 0}, 'arrival': {'time': '2022-09-29T14:12:00-04:00', 'place': {'name': 'South Station', 'type': 'station', 'location': {'lat': 42.352271, 'lng': -71.055242}, 'wheelchairAccessible': 'yes', 'id': '419808186'}, 'delay': -240}, 'transport': {'mode': 'regionalTrain', 'name': 'Franklin/Foxboro Line', 'category': 'Rail', 'color': '#80276C', 'textColor': '#FFFFFF', 'headsign': 'South Station via Ruggles', 'longName': 'Franklin/Foxboro Line'}, 'agency': {'id': '14811_6b86b27', 'name': 'MBTA', 'website': 'http://www.mbta.com'}}]}]}"
61,NEWBURYPORT,COMMUTER RAIL,TRAIN_NODES,42.79958297032204,-70.87878300484381,POINT (-70.87878300484381 42.79958297032204),200.0,60325.0,"{'routes': [{'id': 'C0', 'sections': [{'id': 'C0-S0', 'type': 'pedestrian', 'travelSummary': {'duration': 180, 'length': 204}, 'departure': {'time': '2022-09-29T14:21:00-04:00', 'place': {'name': 'Newburyport', 'type': 'place', 'location': {'lat': 42.799583, 'lng': -70.878783}}}, 'arrival': {'time': '2022-09-29T14:24:00-04:00', 'place': {'name': 'Newburyport', 'type': 'station', 'location': {'lat': 42.797837, 'lng': -70.87797}, 'wheelchairAccessible': 'yes', 'id': '419806652'}}, 'transport': {'mode': 'pedestrian'}}, {'id': 'C0-S1', 'type': 'transit', 'travelSummary': {'duration': 3840, 'length': 58300}, 'departure': {'time': '2022-09-29T14:24:00-04:00', 'place': {'name': 'Newburyport', 'type': 'station', 'location': {'lat': 42.797837, 'lng': -70.87797}, 'wheelchairAccessible': 'yes', 'id': '419806652'}}, 'arrival': {'time': '2022-09-29T15:28:00-04:00', 'place': {'name': 'North Station', 'type': 'station', 'location': {'lat': 42.365577, 'lng': -71.06129}, 'wheelchairAccessible': 'yes', 'id': '419808162'}}, 'transport': {'mode': 'regionalTrain', 'name': 'Newburyport/Rockport Line', 'category': 'Rail', 'color': '#80276C', 'textColor': '#FFFFFF', 'headsign': 'North Station', 'longName': 'Newburyport/Rockport Line'}, 'agency': {'id': '14811_6b86b27', 'name': 'MBTA', 'website': 'http://www.mbta.com'}}, {'id': 'C0-S2', 'type': 'transit', 'travelSummary': {'duration': 300, 'length': 1281}, 'departure': {'time': '2022-09-29T15:33:00-04:00', 'place': {'name': 'North Station', 'type': 'station', 'location': {'lat': 42.365577, 'lng': -71.06129}, 'wheelchairAccessible': 'yes', 'id': '419808162'}}, 'arrival': {'time': '2022-09-29T15:38:00-04:00', 'place': {'name': 'Downtown Crossing', 'type': 'station', 'location': {'lat': 42.355518, 'lng': -71.060225}, 'wheelchairAccessible': 'yes', 'id': '419809874', 'code': '70020'}}, 'transport': {'mode': 'subway', 'name': 'Orange Line', 'category': 'Subway, Metro', 'color': '#ED8B00', 'textColor': '#FFFFFF', 'headsign': 'Forest Hills', 'longName': 'Orange Line'}, 'agency': {'id': '14811_6b86b27', 'name': 'MBTA', 'website': 'http://www.mbta.com'}}, {'id': 'C0-S3-dep', 'type': 'pedestrian', 'travelSummary': {'duration': 120, 'length': 97}, 'departure': {'time': '2022-09-29T15:38:00-04:00', 'place': {'name': 'Downtown Crossing', 'type': 'station', 'location': {'lat': 42.355518, 'lng': -71.060225}, 'wheelchairAccessible': 'yes', 'id': '419809874', 'code': '70020'}}, 'arrival': {'time': '2022-09-29T15:40:00-04:00', 'place': {'name': 'Downtown Crossing - 101 Arch St, Summer St', 'type': 'accessPoint', 'location': {'lat': 42.354843, 'lng': -71.05948}, 'wheelchairAccessible': 'yes'}}, 'spans': [{'walkAttributes': ['indoor']}], 'transport': {'mode': 'pedestrian'}}, {'id': 'C0-S3', 'type': 'pedestrian', 'travelSummary': {'duration': 420, 'length': 443}, 'departure': {'time': '2022-09-29T15:40:00-04:00', 'place': {'name': 'Downtown Crossing - 101 Arch St, Summer St', 'type': 'accessPoint', 'location': {'lat': 42.354843, 'lng': -71.05948}, 'wheelchairAccessible': 'yes'}}, 'arrival': {'time': '2022-09-29T15:47:00-04:00', 'place': {'name': 'SouthStation', 'type': 'place', 'location': {'lat': 42.352593, 'lng': -71.055172}}}, 'transport': {'mode': 'pedestrian'}}]}]}"
62,HAMILTON/WENHAM,COMMUTER RAIL,TRAIN_NODES,42.61108929007927,-70.87409514435583,POINT (-70.87409514435583 42.61108929007927),200.0,38483.0,"{'routes': [{'id': 'C0', 'sections': [{'id': 'C0-S0', 'type': 'pedestrian', 'travelSummary': {'duration': 240, 'length': 259}, 'departure': {'time': '2022-09-29T14:37:00-04:00', 'place': {'name': 'Hamilton/Wenham', 'type': 'place', 'location': {'lat': 42.611089, 'lng': -70.874095}}}, 'arrival': {'time': '2022-09-29T14:41:00-04:00', 'place': {'name': 'Hamilton/Wenham', 'type': 'station', 'location': {'lat': 42.609212, 'lng': -70.874801}, 'wheelchairAccessible': 'yes', 'id': '419807994'}}, 'transport': {'mode': 'pedestrian'}}, {'id': 'C0-S1', 'type': 'transit', 'travelSummary': {'duration': 2820, 'length': 36403}, 'departure': {'time': '2022-09-29T14:41:00-04:00', 'place': {'name': 'Hamilton/Wenham', 'type': 'station', 'location': {'lat': 42.609212, 'lng': -70.874801}, 'wheelchairAccessible': 'yes', 'id': '419807994', 'platform': '1'}}, 'arrival': {'time': '2022-09-29T15:28:00-04:00', 'place': {'name': 'North Station', 'type': 'station', 'location': {'lat': 42.365577, 'lng': -71.06129}, 'wheelchairAccessible': 'yes', 'id': '419808162'}}, 'transport': {'mode': 'regionalTrain', 'name': 'Newburyport/Rockport Line', 'category': 'Rail', 'color': '#80276C', 'textColor': '#FFFFFF', 'headsign': 'North Station', 'longName': 'Newburyport/Rockport Line'}, 'agency': {'id': '14811_6b86b27', 'name': 'MBTA', 'website': 'http://www.mbta.com'}}, {'id': 'C0-S2', 'type': 'transit', 'travelSummary': {'duration': 300, 'length': 1281}, 'departure': {'time': '2022-09-29T15:33:00-04:00', 'place': {'name': 'North Station', 'type': 'station', 'location': {'lat': 42.365577, 'lng': -71.06129}, 'wheelchairAccessible': 'yes', 'id': '419808162'}}, 'arrival': {'time': '2022-09-29T15:38:00-04:00', 'place': {'name': 'Downtown Crossing', 'type': 'station', 'location': {'lat': 42.355518, 'lng': -71.060225}, 'wheelchairAccessible': 'yes', 'id': '419809874', 'code': '70020'}}, 'transport': {'mode': 'subway', 'name': 'Orange Line', 'category': 'Subway, Metro', 'color': '#ED8B00', 'textColor': '#FFFFFF', 'headsign': 'Forest Hills', 'longName': 'Orange Line'}, 'agency': {'id': '14811_6b86b27', 'name': 'MBTA', 'website': 'http://www.mbta.com'}}, {'id': 'C0-S3-dep', 'type': 'pedestrian', 'travelSummary': {'duration': 120, 'length': 97}, 'departure': {'time': '2022-09-29T15:38:00-04:00', 'place': {'name': 'Downtown Crossing', 'type': 'station', 'location': {'lat': 42.355518, 'lng': -71.060225}, 'wheelchairAccessible': 'yes', 'id': '419809874', 'code': '70020'}}, 'arrival': {'time': '2022-09-29T15:40:00-04:00', 'place': {'name': 'Downtown Crossing - 101 Arch St, Summer St', 'type': 'accessPoint', 'location': {'lat': 42.354843, 'lng': -71.05948}, 'wheelchairAccessible': 'yes'}}, 'spans': [{'walkAttributes': ['indoor']}], 'transport': {'mode': 'pedestrian'}}, {'id': 'C0-S3', 'type': 'pedestrian', 'travelSummary': {'duration': 420, 'length': 443}, 'departure': {'time': '2022-09-29T15:40:00-04:00', 'place': {'name': 'Downtown Crossing - 101 Arch St, Summer St', 'type': 'accessPoint', 'location': {'lat': 42.354843, 'lng': -71.05948}, 'wheelchairAccessible': 'yes'}}, 'arrival': {'time': '2022-09-29T15:47:00-04:00', 'place': {'name': 'SouthStation', 'type': 'place', 'location': {'lat': 42.352593, 'lng': -71.055172}}}, 'transport': {'mode': 'pedestrian'}}]}]}"
63,NEEDHAM HEIGHTS,COMMUTER RAIL,TRAIN_NODES,42.293184222507264,-71.23605561623971,POINT (-71.23605561623971 42.29318422250726),200.0,21900.0,"{'routes': [{'id': 'C0', 'sections': [{'id': 'C0-S0', 'type': 'pedestrian', 'travelSummary': {'duration': 60, 'length': 46}, 'departure': {'time': '2022-09-29T14:04:00-04:00', 'place': {'name': 'NeedhamHeights', 'type': 'place', 'location': {'lat': 42.293184, 'lng': -71.236056}}}, 'arrival': {'time': '2022-09-29T14:05:00-04:00', 'place': {'name': 'Needham Heights', 'type': 'station', 'location': {'lat': 42.293444, 'lng': -71.236027}, 'wheelchairAccessible': 'yes', 'id': '419809567'}}, 'transport': {'mode': 'pedestrian'}}, {'id': 'C0-S1', 'type': 'transit', 'travelSummary': {'duration': 2700, 'length': 21854}, 'departure': {'time': '2022-09-29T14:05:00-04:00', 'place': {'name': 'Needham Heights', 'type': 'station', 'location': {'lat': 42.293444, 'lng': -71.236027}, 'wheelchairAccessible': 'yes', 'id': '419809567', 'platform': '1'}, 'delay': 0}, 'arrival': {'time': '2022-09-29T14:50:00-04:00', 'place': {'name': 'South Station', 'type': 'station', 'location': {'lat': 42.352271, 'lng': -71.055242}, 'wheelchairAccessible': 'yes', 'id': '419808186'}, 'delay': 0}, 'transport': {'mode': 'regionalTrain', 'name': 'Needham Line', 'category': 'Rail', 'color': '#80276C', 'textColor': '#FFFFFF', 'headsign': 'South Station via Forest Hills', 'longName': 'Needham Line'}, 'agency': {'id': '14811_6b86b27', 'name': 'MBTA', 'website': 'http://www.mbta.com'}}]}]}"
64,BRIDGEWATER,COMMUTER RAIL,TRAIN_NODES,41.98408621897094,-70.96457740295797,POINT (-70.96457740295797 41.98408621897094),200.0,44576.0,"{'routes': [{'id': 'C0', 'sections': [{'id': 'C0-S0', 'type': 'pedestrian', 'travelSummary': {'duration': 120, 'length': 114}, 'departure': {'time': '2022-09-29T14:06:00-04:00', 'place': {'name': 'Bridgewater', 'type': 'place', 'location': {'lat': 41.984086, 'lng': -70.964577}}}, 'arrival': {'time': '2022-09-29T14:08:00-04:00', 'place': {'name': 'Bridgewater', 'type': 'station', 'location': {'lat': 41.984916, 'lng': -70.96537}, 'wheelchairAccessible': 'yes', 'id': '419809553'}}, 'transport': {'mode': 'pedestrian'}}, {'id': 'C0-S1', 'type': 'transit', 'travelSummary': {'duration': 2940, 'length': 44462}, 'departure': {'time': '2022-09-29T14:08:00-04:00', 'place': {'name': 'Bridgewater', 'type': 'station', 'location': {'lat': 41.984916, 'lng': -70.96537}, 'wheelchairAccessible': 'yes', 'id': '419809553', 'platform': '1'}}, 'arrival': {'time': '2022-09-29T14:57:00-04:00', 'place': {'name': 'South Station', 'type': 'station', 'location': {'lat': 42.352271, 'lng': -71.055242}, 'wheelchairAccessible': 'yes', 'id': '419808186'}}, 'transport': {'mode': 'regionalTrain', 'name': 'Middleborough/Lakeville Line', 'category': 'Rail', 'color': '#80276C', 'textColor': '#FFFFFF', 'headsign': 'South Station', 'longName': 'Middleborough/Lakeville Line'}, 'agency': {'id': '14811_6b86b27', 'name': 'MBTA', 'website': 'http://www.mbta.com'}}]}]}"
65,SHIRLEY,COMMUTER RAIL,TRAIN_NODES,42.54512196723268,-71.6483009294854,POINT (-71.6483009294854 42.54512196723268),200.0,65239.0,"{'routes': [{'id': 'C0', 'sections': [{'id': 'C0-S0', 'type': 'pedestrian', 'travelSummary': {'duration': 60, 'length': 51}, 'departure': {'time': '2022-09-29T14:47:00-04:00', 'place': {'name': 'Shirley', 'type': 'place', 'location': {'lat': 42.545122, 'lng': -71.648301}}}, 'arrival': {'time': '2022-09-29T14:48:00-04:00', 'place': {'name': 'Shirley', 'type': 'station', 'location': {'lat': 42.545089, 'lng': -71.648004}, 'wheelchairAccessible': 'no', 'id': '419807335'}}, 'transport': {'mode': 'pedestrian'}}, {'id': 'C0-S1', 'type': 'transit', 'travelSummary': {'duration': 3540, 'length': 57541}, 'departure': {'time': '2022-09-29T14:48:00-04:00', 'place': {'name': 'Shirley', 'type': 'station', 'location': {'lat': 42.545089, 'lng': -71.648004}, 'wheelchairAccessible': 'no', 'id': '419807335'}}, 'arrival': {'time': '2022-09-29T15:47:00-04:00', 'place': {'name': 'Porter', 'type': 'station', 'location': {'lat': 42.3884, 'lng': -71.119149}, 'wheelchairAccessible': 'yes', 'id': '419808169'}}, 'transport': {'mode': 'regionalTrain', 'name': 'Fitchburg Line', 'category': 'Rail', 'color': '#80276C', 'textColor': '#FFFFFF', 'headsign': 'North Station', 'longName': 'Fitchburg Line'}, 'agency': {'id': '14811_6b86b27', 'name': 'MBTA', 'website': 'http://www.mbta.com'}}, {'id': 'C0-S2', 'type': 'transit', 'travelSummary': {'duration': 1080, 'length': 7647}, 'departure': {'time': '2022-09-29T15:53:00-04:00', 'place': {'name': 'Porter', 'type': 'station', 'location': {'lat': 42.3884, 'lng': -71.119149}, 'wheelchairAccessible': 'yes', 'id': '419808169'}}, 'arrival': {'time': '2022-09-29T16:11:00-04:00', 'place': {'name': 'South Station', 'type': 'station', 'location': {'lat': 42.352271, 'lng': -71.055242}, 'wheelchairAccessible': 'yes', 'id': '419808186'}}, 'transport': {'mode': 'subway', 'name': 'Red Line', 'category': 'Subway, Metro', 'color': '#DA291C', 'textColor': '#FFFFFF', 'headsign': 'Braintree', 'longName': 'Red Line'}, 'agency': {'id': '14811_6b86b27', 'name': 'MBTA', 'website': 'http://www.mbta.com'}}]}]}"
66,ISLINGTON,COMMUTER RAIL,TRAIN_NODES,42.2166955567777,-71.1876098230515,POINT (-71.1876098230515 42.2166955567777),200.0,20922.0,"{'routes': [{'id': 'C0', 'sections': [{'id': 'C0-S0', 'type': 'pedestrian', 'travelSummary': {'duration': 780, 'length': 774}, 'departure': {'time': '2022-09-29T13:32:00-04:00', 'place': {'name': 'Islington', 'type': 'place', 'location': {'lat': 42.216696, 'lng': -71.18761}}}, 'arrival': {'time': '2022-09-29T13:45:00-04:00', 'place': {'name': 'Islington', 'type': 'station', 'location': {'lat': 42.22105, 'lng': -71.183961}, 'wheelchairAccessible': 'no', 'id': '419807988'}}, 'transport': {'mode': 'pedestrian'}}, {'id': 'C0-S1', 'type': 'transit', 'travelSummary': {'duration': 1620, 'length': 20148}, 'departure': {'time': '2022-09-29T13:45:00-04:00', 'place': {'name': 'Islington', 'type': 'station', 'location': {'lat': 42.22105, 'lng': -71.183961}, 'wheelchairAccessible': 'no', 'id': '419807988'}, 'delay': 0}, 'arrival': {'time': '2022-09-29T14:12:00-04:00', 'place': {'name': 'South Station', 'type': 'station', 'location': {'lat': 42.352271, 'lng': -71.055242}, 'wheelchairAccessible': 'yes', 'id': '419808186'}, 'delay': -240}, 'transport': {'mode': 'regionalTrain', 'name': 'Franklin/Foxboro Line', 'category': 'Rail', 'color': '#80276C', 'textColor': '#FFFFFF', 'headsign': 'South Station via Ruggles', 'longName': 'Franklin/Foxboro Line'}, 'agency': {'id': '14811_6b86b27', 'name': 'MBTA', 'website': 'http://www.mbta.com'}}]}]}"
67,GREENWOOD,COMMUTER RAIL,TRAIN_NODES,42.48295500030012,-71.0673404890077,POINT (-71.06734048900771 42.48295500030012),200.0,15533.0,"{'routes': [{'id': 'C0', 'sections': [{'id': 'C0-S0', 'type': 'transit', 'travelSummary': {'duration': 600, 'length': 6387}, 'departure': {'time': '2022-09-29T13:42:00-04:00', 'place': {'name': 'Greenwood', 'type': 'station', 'location': {'lat': 42.483005, 'lng': -71.067247}, 'wheelchairAccessible': 'no', 'id': '419807384'}, 'delay': 0}, 'arrival': {'time': '2022-09-29T13:52:00-04:00', 'place': {'name': 'Malden Center', 'type': 'station', 'location': {'lat': 42.426632, 'lng': -71.07411}, 'wheelchairAccessible': 'yes', 'id': '419808158', 'platform': '1'}, 'delay': -60}, 'transport': {'mode': 'regionalTrain', 'name': 'Haverhill Line', 'category': 'Rail', 'color': '#80276C', 'textColor': '#FFFFFF', 'headsign': 'North Station via Oak Grove', 'longName': 'Haverhill Line'}, 'agency': {'id': '14811_6b86b27', 'name': 'MBTA', 'website': 'http://www.mbta.com'}}, {'id': 'C0-S1', 'type': 'transit', 'travelSummary': {'duration': 60, 'length': 8606}, 'departure': {'time': '2022-09-29T14:01:00-04:00', 'place': {'name': 'Malden Center', 'type': 'station', 'location': {'lat': 42.426632, 'lng': -71.07411}, 'wheelchairAccessible': 'yes', 'id': '419808158'}, 'delay': 3360}, 'arrival': {'time': '2022-09-29T14:02:00-04:00', 'place': {'name': 'Downtown Crossing', 'type': 'station', 'location': {'lat': 42.355518, 'lng': -71.060225}, 'wheelchairAccessible': 'yes', 'id': '419809874', 'code': '70020'}, 'delay': 2460}, 'transport': {'mode': 'subway', 'name': 'Orange Line', 'category': 'Subway, Metro', 'color': '#ED8B00', 'textColor': '#FFFFFF', 'headsign': 'Forest Hills', 'longName': 'Orange Line'}, 'agency': {'id': '14811_6b86b27', 'name': 'MBTA', 'website': 'http://www.mbta.com'}}, {'id': 'C0-S2-dep', 'type': 'pedestrian', 'travelSummary': {'duration': 120, 'length': 97}, 'departure': {'time': '2022-09-29T14:02:00-04:00', 'place': {'name': 'Downtown Crossing', 'type': 'station', 'location': {'lat': 42.355518, 'lng': -71.060225}, 'wheelchairAccessible': 'yes', 'id': '419809874', 'code': '70020'}}, 'arrival': {'time': '2022-09-29T14:04:00-04:00', 'place': {'name': 'Downtown Crossing - 101 Arch St, Summer St', 'type': 'accessPoint', 'location': {'lat': 42.354843, 'lng': -71.05948}, 'wheelchairAccessible': 'yes'}}, 'spans': [{'walkAttributes': ['indoor']}], 'transport': {'mode': 'pedestrian'}}, {'id': 'C0-S2', 'type': 'pedestrian', 'travelSummary': {'duration': 420, 'length': 443}, 'departure': {'time': '2022-09-29T14:04:00-04:00', 'place': {'name': 'Downtown Crossing - 101 Arch St, Summer St', 'type': 'accessPoint', 'location': {'lat': 42.354843, 'lng': -71.05948}, 'wheelchairAccessible': 'yes'}}, 'arrival': {'time': '2022-09-29T14:11:00-04:00', 'place': {'name': 'SouthStation', 'type': 'place', 'location': {'lat': 42.352593, 'lng': -71.055172}}}, 'transport': {'mode': 'pedestrian'}}]}]}"
68,HANSON,COMMUTER RAIL,TRAIN_NODES,42.04394674263011,-70.8824199465553,POINT (-70.8824199465553 42.04394674263011),200.0,39454.0,"{'routes': [{'id': 'C0', 'sections': [{'id': 'C0-S0', 'type': 'transit', 'travelSummary': {'duration': 2880, 'length': 39454}, 'departure': {'time': '2022-09-29T13:51:00-04:00', 'place': {'name': 'Hanson', 'type': 'station', 'location': {'lat': 42.043967, 'lng': -70.882438}, 'wheelchairAccessible': 'yes', 'id': '419810662', 'platform': '1'}}, 'arrival': {'time': '2022-09-29T14:39:00-04:00', 'place': {'name': 'South Station', 'type': 'station', 'location': {'lat': 42.352271, 'lng': -71.055242}, 'wheelchairAccessible': 'yes', 'id': '419808186'}}, 'transport': {'mode': 'regionalTrain', 'name': 'Kingston Line', 'category': 'Rail', 'color': '#80276C', 'textColor': '#FFFFFF', 'headsign': 'South Station', 'longName': 'Kingston Line'}, 'agency': {'id': '14811_6b86b27', 'name': 'MBTA', 'website': 'http://www.mbta.com'}}]}]}"
69,ABINGTON,COMMUTER RAIL,TRAIN_NODES,42.1067210032137,-70.93422497761584,POINT (-70.93422497761584 42.1067210032137),200.0,31400.0,"{'routes': [{'id': 'C0', 'sections': [{'id': 'C0-S0', 'type': 'pedestrian', 'travelSummary': {'duration': 360, 'length': 357}, 'departure': {'time': '2022-09-29T13:59:00-04:00', 'place': {'name': 'Abington', 'type': 'place', 'location': {'lat': 42.106721, 'lng': -70.934225}}}, 'arrival': {'time': '2022-09-29T14:05:00-04:00', 'place': {'name': 'Abington', 'type': 'station', 'location': {'lat': 42.107156, 'lng': -70.934405}, 'wheelchairAccessible': 'yes', 'id': '419810660'}}, 'transport': {'mode': 'pedestrian'}}, {'id': 'C0-S1', 'type': 'transit', 'travelSummary': {'duration': 2040, 'length': 31043}, 'departure': {'time': '2022-09-29T14:05:00-04:00', 'place': {'name': 'Abington', 'type': 'station', 'location': {'lat': 42.107156, 'lng': -70.934405}, 'wheelchairAccessible': 'yes', 'id': '419810660', 'platform': '1'}}, 'arrival': {'time': '2022-09-29T14:39:00-04:00', 'place': {'name': 'South Station', 'type': 'station', 'location': {'lat': 42.352271, 'lng': -71.055242}, 'wheelchairAccessible': 'yes', 'id': '419808186'}}, 'transport': {'mode': 'regionalTrain', 'name': 'Kingston Line', 'category': 'Rail', 'color': '#80276C', 'textColor': '#FFFFFF', 'headsign': 'South Station', 'longName': 'Kingston Line'}, 'agency': {'id': '14811_6b86b27', 'name': 'MBTA', 'website': 'http://www.mbta.com'}}]}]}"
70,SHARON,COMMUTER RAIL,TRAIN_NODES,42.12480455330217,-71.1842842159819,POINT (-71.1842842159819 42.12480455330217),200.0,29213.0,"{'routes': [{'id': 'C0', 'sections': [{'id': 'C0-S1', 'type': 'transit', 'travelSummary': {'duration': 1860, 'length': 29213}, 'departure': {'time': '2022-09-29T13:53:00-04:00', 'place': {'name': 'Sharon', 'type': 'station', 'location': {'lat': 42.124553, 'lng': -71.184468}, 'wheelchairAccessible': 'yes', 'id': '419808953'}, 'delay': 0}, 'arrival': {'time': '2022-09-29T14:24:00-04:00', 'place': {'name': 'South Station', 'type': 'station', 'location': {'lat': 42.352271, 'lng': -71.055242}, 'wheelchairAccessible': 'yes', 'id': '419808186'}, 'delay': -60}, 'transport': {'mode': 'regionalTrain', 'name': 'Providence/Stoughton Line', 'category': 'Rail', 'color': '#80276C', 'textColor': '#FFFFFF', 'headsign': 'South Station via Ruggles', 'longName': 'Providence/Stoughton Line'}, 'agency': {'id': '14811_6b86b27', 'name': 'MBTA', 'website': 'http://www.mbta.com'}}]}]}"
71,NORWOOD CENTRAL,COMMUTER RAIL,TRAIN_NODES,42.18878272018518,-71.19970353323912,POINT (-71.19970353323912 42.18878272018518),200.0,24039.0,"{'routes': [{'id': 'C0', 'sections': [{'id': 'C0-S0', 'type': 'transit', 'travelSummary': {'duration': 1920, 'length': 24039}, 'departure': {'time': '2022-09-29T13:40:00-04:00', 'place': {'name': 'Norwood Central', 'type': 'station', 'location': {'lat': 42.188775, 'lng': -71.199665}, 'wheelchairAccessible': 'yes', 'id': '419806814'}, 'delay': 0}, 'arrival': {'time': '2022-09-29T14:12:00-04:00', 'place': {'name': 'South Station', 'type': 'station', 'location': {'lat': 42.352271, 'lng': -71.055242}, 'wheelchairAccessible': 'yes', 'id': '419808186'}, 'delay': -240}, 'transport': {'mode': 'regionalTrain', 'name': 'Franklin/Foxboro Line', 'category': 'Rail', 'color': '#80276C', 'textColor': '#FFFFFF', 'headsign': 'South Station via Ruggles', 'longName': 'Franklin/Foxboro Line'}, 'agency': {'id': '14811_6b86b27', 'name': 'MBTA', 'website': 'http://www.mbta.com'}}]}]}"
72,BEVERLY,COMMUTER RAIL,TRAIN_NODES,42.54790793622569,-70.88530473096803,POINT (-70.88530473096803 42.54790793622569),200.0,31561.0,"{'routes': [{'id': 'C0', 'sections': [{'id': 'C0-S0', 'type': 'pedestrian', 'travelSummary': {'duration': 360, 'length': 330}, 'departure': {'time': '2022-09-29T14:14:00-04:00', 'place': {'name': 'Beverly', 'type': 'place', 'location': {'lat': 42.547908, 'lng': -70.885305}}}, 'arrival': {'time': '2022-09-29T14:20:00-04:00', 'place': {'name': 'Beverly', 'type': 'station', 'location': {'lat': 42.547276, 'lng': -70.885432}, 'wheelchairAccessible': 'yes', 'id': '419807945'}}, 'transport': {'mode': 'pedestrian'}}, {'id': 'C0-S1', 'type': 'transit', 'travelSummary': {'duration': 2340, 'length': 29410}, 'departure': {'time': '2022-09-29T14:20:00-04:00', 'place': {'name': 'Beverly', 'type': 'station', 'location': {'lat': 42.547276, 'lng': -70.885432}, 'wheelchairAccessible': 'yes', 'id': '419807945'}}, 'arrival': {'time': '2022-09-29T14:59:00-04:00', 'place': {'name': 'North Station', 'type': 'station', 'location': {'lat': 42.365577, 'lng': -71.06129}, 'wheelchairAccessible': 'yes', 'id': '419808162'}}, 'transport': {'mode': 'regionalTrain', 'name': 'Newburyport/Rockport Line', 'category': 'Rail', 'color': '#80276C', 'textColor': '#FFFFFF', 'headsign': 'North Station', 'longName': 'Newburyport/Rockport Line'}, 'agency': {'id': '14811_6b86b27', 'name': 'MBTA', 'website': 'http://www.mbta.com'}}, {'id': 'C0-S2', 'type': 'transit', 'travelSummary': {'duration': 300, 'length': 1281}, 'departure': {'time': '2022-09-29T15:04:00-04:00', 'place': {'name': 'North Station', 'type': 'station', 'location': {'lat': 42.365577, 'lng': -71.06129}, 'wheelchairAccessible': 'yes', 'id': '419808162'}}, 'arrival': {'time': '2022-09-29T15:09:00-04:00', 'place': {'name': 'Downtown Crossing', 'type': 'station', 'location': {'lat': 42.355518, 'lng': -71.060225}, 'wheelchairAccessible': 'yes', 'id': '419809874', 'code': '70020'}}, 'transport': {'mode': 'subway', 'name': 'Orange Line', 'category': 'Subway, Metro', 'color': '#ED8B00', 'textColor': '#FFFFFF', 'headsign': 'Forest Hills', 'longName': 'Orange Line'}, 'agency': {'id': '14811_6b86b27', 'name': 'MBTA', 'website': 'http://www.mbta.com'}}, {'id': 'C0-S3-dep', 'type': 'pedestrian', 'travelSummary': {'duration': 120, 'length': 97}, 'departure': {'time': '2022-09-29T15:09:00-04:00', 'place': {'name': 'Downtown Crossing', 'type': 'station', 'location': {'lat': 42.355518, 'lng': -71.060225}, 'wheelchairAccessible': 'yes', 'id': '419809874', 'code': '70020'}}, 'arrival': {'time': '2022-09-29T15:11:00-04:00', 'place': {'name': 'Downtown Crossing - 101 Arch St, Summer St', 'type': 'accessPoint', 'location': {'lat': 42.354843, 'lng': -71.05948}, 'wheelchairAccessible': 'yes'}}, 'spans': [{'walkAttributes': ['indoor']}], 'transport': {'mode': 'pedestrian'}}, {'id': 'C0-S3', 'type': 'pedestrian', 'travelSummary': {'duration': 420, 'length': 443}, 'departure': {'time': '2022-09-29T15:11:00-04:00', 'place': {'name': 'Downtown Crossing - 101 Arch St, Summer St', 'type': 'accessPoint', 'location': {'lat': 42.354843, 'lng': -71.05948}, 'wheelchairAccessible': 'yes'}}, 'arrival': {'time': '2022-09-29T15:18:00-04:00', 'place': {'name': 'SouthStation', 'type': 'place', 'location': {'lat': 42.352593, 'lng': -71.055172}}}, 'transport': {'mode': 'pedestrian'}}]}]}"
73,BRAINTREE,COMMUTER RAIL,TRAIN_NODES,42.20829460708952,-71.00136593990844,POINT (-71.00136593990844 42.20829460708952),200.0,19212.0,"{'routes': [{'id': 'C0', 'sections': [{'id': 'C0-S0', 'type': 'pedestrian', 'travelSummary': {'duration': 1080, 'length': 1099}, 'departure': {'time': '2022-09-29T13:35:00-04:00', 'place': {'name': 'Braintree', 'type': 'place', 'location': {'lat': 42.208295, 'lng': -71.001366}}}, 'arrival': {'time': '2022-09-29T13:53:00-04:00', 'place': {'name': 'Braintree - Garage, Buses, Ivory St', 'type': 'accessPoint', 'location': {'lat': 42.207352, 'lng': -71.001361}, 'wheelchairAccessible': 'yes'}}, 'transport': {'mode': 'pedestrian'}}, {'id': 'C0-S0-arr', 'type': 'pedestrian', 'travelSummary': {'duration': 60, 'length': 59}, 'departure': {'time': '2022-09-29T13:53:00-04:00', 'place': {'name': 'Braintree - Garage, Buses, Ivory St', 'type': 'accessPoint', 'location': {'lat': 42.207352, 'lng': -71.001361}, 'wheelchairAccessible': 'yes'}}, 'arrival': {'time': '2022-09-29T13:54:00-04:00', 'place': {'name': 'Braintree', 'type': 'station', 'location': {'lat': 42.207854, 'lng': -71.001138}, 'wheelchairAccessible': 'yes', 'id': '419808105'}}, 'spans': [{'walkAttributes': ['indoor']}], 'transport': {'mode': 'pedestrian'}}, {'id': 'C0-S1', 'type': 'transit', 'travelSummary': {'duration': 240, 'length': 18054}, 'departure': {'time': '2022-09-29T13:54:00-04:00', 'place': {'name': 'Braintree', 'type': 'station', 'location': {'lat': 42.207854, 'lng': -71.001138}, 'wheelchairAccessible': 'yes', 'id': '419808105'}, 'delay': 360}, 'arrival': {'time': '2022-09-29T13:58:00-04:00', 'place': {'name': 'South Station', 'type': 'station', 'location': {'lat': 42.352271, 'lng': -71.055242}, 'wheelchairAccessible': 'yes', 'id': '419808186'}, 'delay': -1200}, 'transport': {'mode': 'subway', 'name': 'Red Line', 'category': 'Subway, Metro', 'color': '#DA291C', 'textColor': '#FFFFFF', 'headsign': 'Alewife', 'longName': 'Red Line'}, 'agency': {'id': '14811_6b86b27', 'name': 'MBTA', 'website': 'http://www.mbta.com'}}]}]}"
74,ATTLEBORO,COMMUTER RAIL,TRAIN_NODES,41.94173172214709,-71.2843398337001,POINT (-71.2843398337001 41.94173172214709),200.0,51857.0,"{'routes': [{'id': 'C0', 'sections': [{'id': 'C0-S0', 'type': 'pedestrian', 'travelSummary': {'duration': 300, 'length': 321}, 'departure': {'time': '2022-09-29T14:36:00-04:00', 'place': {'name': 'Attleboro', 'type': 'place', 'location': {'lat': 41.941732, 'lng': -71.28434}}}, 'arrival': {'time': '2022-09-29T14:41:00-04:00', 'place': {'name': 'Attleboro', 'type': 'station', 'location': {'lat': 41.940739, 'lng': -71.285094}, 'wheelchairAccessible': 'yes', 'id': '419807346'}}, 'transport': {'mode': 'pedestrian'}}, {'id': 'C0-S1', 'type': 'transit', 'travelSummary': {'duration': 2940, 'length': 51536}, 'departure': {'time': '2022-09-29T14:41:00-04:00', 'place': {'name': 'Attleboro', 'type': 'station', 'location': {'lat': 41.940739, 'lng': -71.285094}, 'wheelchairAccessible': 'yes', 'id': '419807346'}, 'delay': 0}, 'arrival': {'time': '2022-09-29T15:30:00-04:00', 'place': {'name': 'South Station', 'type': 'station', 'location': {'lat': 42.352271, 'lng': -71.055242}, 'wheelchairAccessible': 'yes', 'id': '419808186'}, 'delay': 0}, 'transport': {'mode': 'regionalTrain', 'name': 'Providence/Stoughton Line', 'category': 'Rail', 'color': '#80276C', 'textColor': '#FFFFFF', 'headsign': 'South Station via Ruggles', 'longName': 'Providence/Stoughton Line'}, 'agency': {'id': '14811_6b86b27', 'name': 'MBTA', 'website': 'http://www.mbta.com'}}]}]}"
75,COHASSET,COMMUTER RAIL,TRAIN_NODES,42.244176073296096,-70.83712741484403,POINT (-70.83712741484403 42.2441760732961),200.0,31928.0,"{'routes': [{'id': 'C0', 'sections': [{'id': 'C0-S1', 'type': 'transit', 'travelSummary': {'duration': 3060, 'length': 31928}, 'departure': {'time': '2022-09-29T14:33:00-04:00', 'place': {'name': 'Cohasset', 'type': 'station', 'location': {'lat': 42.24421, 'lng': -70.837529}, 'wheelchairAccessible': 'yes', 'id': '419807452', 'platform': '1'}}, 'arrival': {'time': '2022-09-29T15:24:00-04:00', 'place': {'name': 'South Station', 'type': 'station', 'location': {'lat': 42.352271, 'lng': -71.055242}, 'wheelchairAccessible': 'yes', 'id': '419808186'}}, 'transport': {'mode': 'regionalTrain', 'name': 'Greenbush Line', 'category': 'Rail', 'color': '#80276C', 'textColor': '#FFFFFF', 'headsign': 'South Station', 'longName': 'Greenbush Line'}, 'agency': {'id': '14811_6b86b27', 'name': 'MBTA', 'website': 'http://www.mbta.com'}}]}]}"
76,WEST HINGHAM,COMMUTER RAIL,TRAIN_NODES,42.23612725176445,-70.90264211217715,POINT (-70.90264211217715 42.23612725176445),200.0,23481.0,"{'routes': [{'id': 'C0', 'sections': [{'id': 'C0-S0', 'type': 'pedestrian', 'travelSummary': {'duration': 1920, 'length': 1911}, 'departure': {'time': '2022-09-29T13:33:00-04:00', 'place': {'name': 'WestHingham', 'type': 'place', 'location': {'lat': 42.236127, 'lng': -70.902642}}}, 'arrival': {'time': '2022-09-29T14:05:00-04:00', 'place': {'name': 'Downer Ave @ Lincoln St', 'type': 'station', 'location': {'lat': 42.24939, 'lng': -70.9032}, 'wheelchairAccessible': 'yes', 'id': '419802539', 'code': '3599'}}, 'transport': {'mode': 'pedestrian'}}, {'id': 'C0-S1', 'type': 'transit', 'travelSummary': {'duration': 1080, 'length': 8473}, 'departure': {'time': '2022-09-29T14:05:00-04:00', 'place': {'name': 'Downer Ave @ Lincoln St', 'type': 'station', 'location': {'lat': 42.24939, 'lng': -70.9032}, 'wheelchairAccessible': 'yes', 'id': '419802539', 'code': '3599'}, 'delay': 0}, 'arrival': {'time': '2022-09-29T14:23:00-04:00', 'place': {'name': 'Washington St @ Coddington St', 'type': 'station', 'location': {'lat': 42.251388, 'lng': -71.002227}, 'wheelchairAccessible': 'yes', 'id': '419802573', 'code': '3640'}, 'delay': -60}, 'transport': {'mode': 'bus', 'name': '220', 'category': 'Bus', 'color': '#FFC72C', 'textColor': '#000000', 'headsign': 'Quincy Center', 'shortName': '220', 'longName': 'Hingham Depot - Quincy Center Station'}, 'agency': {'id': '14811_6b86b27', 'name': 'MBTA', 'website': 'http://www.mbta.com'}}, {'id': 'C0-S2', 'type': 'pedestrian', 'travelSummary': {'duration': 360, 'length': 360}, 'departure': {'time': '2022-09-29T14:23:00-04:00', 'place': {'name': 'Washington St @ Coddington St', 'type': 'station', 'location': {'lat': 42.251388, 'lng': -71.002227}, 'wheelchairAccessible': 'yes', 'id': '419802573', 'code': '3640'}}, 'arrival': {'time': '2022-09-29T14:29:00-04:00', 'place': {'name': 'Quincy Center - Hancock St', 'type': 'accessPoint', 'location': {'lat': 42.251586, 'lng': -71.005003}, 'wheelchairAccessible': 'yes'}}, 'transport': {'mode': 'pedestrian'}}, {'id': 'C0-S2-arr', 'type': 'pedestrian', 'travelSummary': {'duration': 60, 'length': 42}, 'departure': {'time': '2022-09-29T14:29:00-04:00', 'place': {'name': 'Quincy Center - Hancock St', 'type': 'accessPoint', 'location': {'lat': 42.251586, 'lng': -71.005003}, 'wheelchairAccessible': 'yes'}}, 'arrival': {'time': '2022-09-29T14:30:00-04:00', 'place': {'name': 'Quincy Center', 'type': 'station', 'location': {'lat': 42.251809, 'lng': -71.005409}, 'wheelchairAccessible': 'yes', 'id': '419808172'}}, 'spans': [{'walkAttributes': ['indoor']}], 'transport': {'mode': 'pedestrian'}}, {'id': 'C0-S3', 'type': 'transit', 'travelSummary': {'duration': 1020, 'length': 12695}, 'departure': {'time': '2022-09-29T14:40:00-04:00', 'place': {'name': 'Quincy Center', 'type': 'station', 'location': {'lat': 42.251809, 'lng': -71.005409}, 'wheelchairAccessible': 'yes', 'id': '419808172', 'platform': '1'}}, 'arrival': {'time': '2022-09-29T14:57:00-04:00', 'place': {'name': 'South Station', 'type': 'station', 'location': {'lat': 42.352271, 'lng': -71.055242}, 'wheelchairAccessible': 'yes', 'id': '419808186'}}, 'transport': {'mode': 'regionalTrain', 'name': 'Middleborough/Lakeville Line', 'category': 'Rail', 'color': '#80276C', 'textColor': '#FFFFFF', 'headsign': 'South Station', 'longName': 'Middleborough/Lakeville Line'}, 'agency': {'id': '14811_6b86b27', 'name': 'MBTA', 'website': 'http://www.mbta.com'}}]}]}"
77,FITCHBURG,COMMUTER RAIL,TRAIN_NODES,42.58107350893192,-71.79361194924593,POINT (-71.79361194924593 42.58107350893192),200.0,81762.0,"{'routes': [{'id': 'C0', 'sections': [{'id': 'C0-S0', 'type': 'pedestrian', 'travelSummary': {'duration': 180, 'length': 197}, 'departure': {'time': '2022-09-29T14:30:00-04:00', 'place': {'name': 'Fitchburg', 'type': 'place', 'location': {'lat': 42.581074, 'lng': -71.793612}}}, 'arrival': {'time': '2022-09-29T14:33:00-04:00', 'place': {'name': 'Fitchburg', 'type': 'station', 'location': {'lat': 42.58072, 'lng': -71.792611}, 'wheelchairAccessible': 'yes', 'id': '419809495'}}, 'transport': {'mode': 'pedestrian'}}, {'id': 'C0-S1', 'type': 'transit', 'travelSummary': {'duration': 4440, 'length': 73918}, 'departure': {'time': '2022-09-29T14:33:00-04:00', 'place': {'name': 'Fitchburg', 'type': 'station', 'location': {'lat': 42.58072, 'lng': -71.792611}, 'wheelchairAccessible': 'yes', 'id': '419809495', 'platform': '3'}}, 'arrival': {'time': '2022-09-29T15:47:00-04:00', 'place': {'name': 'Porter', 'type': 'station', 'location': {'lat': 42.3884, 'lng': -71.119149}, 'wheelchairAccessible': 'yes', 'id': '419808169'}}, 'transport': {'mode': 'regionalTrain', 'name': 'Fitchburg Line', 'category': 'Rail', 'color': '#80276C', 'textColor': '#FFFFFF', 'headsign': 'North Station', 'longName': 'Fitchburg Line'}, 'agency': {'id': '14811_6b86b27', 'name': 'MBTA', 'website': 'http://www.mbta.com'}}, {'id': 'C0-S2', 'type': 'transit', 'travelSummary': {'duration': 1080, 'length': 7647}, 'departure': {'time': '2022-09-29T15:53:00-04:00', 'place': {'name': 'Porter', 'type': 'station', 'location': {'lat': 42.3884, 'lng': -71.119149}, 'wheelchairAccessible': 'yes', 'id': '419808169'}}, 'arrival': {'time': '2022-09-29T16:11:00-04:00', 'place': {'name': 'South Station', 'type': 'station', 'location': {'lat': 42.352271, 'lng': -71.055242}, 'wheelchairAccessible': 'yes', 'id': '419808186'}}, 'transport': {'mode': 'subway', 'name': 'Red Line', 'category': 'Subway, Metro', 'color': '#DA291C', 'textColor': '#FFFFFF', 'headsign': 'Braintree', 'longName': 'Red Line'}, 'agency': {'id': '14811_6b86b27', 'name': 'MBTA', 'website': 'http://www.mbta.com'}}]}]}"
78,TALBOT AVENUE,COMMUTER RAIL,TRAIN_NODES,42.29246325897736,-71.0782511262178,POINT (-71.07825112621779 42.29246325897736),200.0,8889.0,"{'routes': [{'id': 'C0', 'sections': [{'id': 'C0-S0', 'type': 'pedestrian', 'travelSummary': {'duration': 1260, 'length': 1256}, 'departure': {'time': '2022-09-29T13:30:00-04:00', 'place': {'name': 'TalbotAvenue', 'type': 'place', 'location': {'lat': 42.292463, 'lng': -71.078251}}}, 'arrival': {'time': '2022-09-29T13:51:00-04:00', 'place': {'name': 'Shawmut - Clementine Park, Centre St', 'type': 'accessPoint', 'location': {'lat': 42.293067, 'lng': -71.065784}, 'wheelchairAccessible': 'yes'}}, 'transport': {'mode': 'pedestrian'}}, {'id': 'C0-S0-arr', 'type': 'pedestrian', 'travelSummary': {'duration': 60, 'length': 8}, 'departure': {'time': '2022-09-29T13:51:00-04:00', 'place': {'name': 'Shawmut - Clementine Park, Centre St', 'type': 'accessPoint', 'location': {'lat': 42.293067, 'lng': -71.065784}, 'wheelchairAccessible': 'yes'}}, 'arrival': {'time': '2022-09-29T13:52:00-04:00', 'place': {'name': 'Shawmut', 'type': 'station', 'location': {'lat': 42.293126, 'lng': -71.065738}, 'wheelchairAccessible': 'yes', 'id': '419810618', 'code': '70091'}}, 'spans': [{'walkAttributes': ['indoor']}], 'transport': {'mode': 'pedestrian'}}, {'id': 'C0-S1', 'type': 'transit', 'travelSummary': {'duration': 660, 'length': 4907}, 'departure': {'time': '2022-09-29T13:52:00-04:00', 'place': {'name': 'Shawmut', 'type': 'station', 'location': {'lat': 42.293126, 'lng': -71.065738}, 'wheelchairAccessible': 'yes', 'id': '419810618', 'code': '70091'}, 'delay': 720}, 'arrival': {'time': '2022-09-29T14:03:00-04:00', 'place': {'name': 'Andrew', 'type': 'station', 'location': {'lat': 42.330154, 'lng': -71.057655}, 'wheelchairAccessible': 'yes', 'id': '419808085', 'platform': '2'}, 'delay': 720}, 'transport': {'mode': 'subway', 'name': 'Red Line', 'category': 'Subway, Metro', 'color': '#DA291C', 'textColor': '#FFFFFF', 'headsign': 'Alewife', 'longName': 'Red Line'}, 'agency': {'id': '14811_6b86b27', 'name': 'MBTA', 'website': 'http://www.mbta.com'}}, {'id': 'C0-S2', 'type': 'transit', 'travelSummary': {'duration': 60, 'length': 2718}, 'departure': {'time': '2022-09-29T14:06:00-04:00', 'place': {'name': 'Andrew', 'type': 'station', 'location': {'lat': 42.330154, 'lng': -71.057655}, 'wheelchairAccessible': 'yes', 'id': '419808085', 'platform': '2'}, 'delay': -1260}, 'arrival': {'time': '2022-09-29T14:07:00-04:00', 'place': {'name': 'South Station', 'type': 'station', 'location': {'lat': 42.352271, 'lng': -71.055242}, 'wheelchairAccessible': 'yes', 'id': '419808186'}, 'delay': -1500}, 'transport': {'mode': 'subway', 'name': 'Red Line', 'category': 'Subway, Metro', 'color': '#DA291C', 'textColor': '#FFFFFF', 'headsign': 'Alewife', 'longName': 'Red Line'}, 'agency': {'id': '14811_6b86b27', 'name': 'MBTA', 'website': 'http://www.mbta.com'}}]}]}"
79,UPHAMS CORNER,COMMUTER RAIL,TRAIN_NODES,42.31908770123812,-71.06864081098963,POINT (-71.06864081098963 42.31908770123812),200.0,3862.0,"{'routes': [{'id': 'C0', 'sections': [{'id': 'C0-S0', 'type': 'transit', 'travelSummary': {'duration': 780, 'length': 3862}, 'departure': {'time': '2022-09-29T13:34:00-04:00', 'place': {'name': 'Uphams Corner', 'type': 'station', 'location': {'lat': 42.319125, 'lng': -71.068627}, 'wheelchairAccessible': 'yes', 'id': '419806413'}, 'delay': 0}, 'arrival': {'time': '2022-09-29T13:47:00-04:00', 'place': {'name': 'South Station', 'type': 'station', 'location': {'lat': 42.352271, 'lng': -71.055242}, 'wheelchairAccessible': 'yes', 'id': '419808186'}, 'delay': 120}, 'transport': {'mode': 'regionalTrain', 'name': 'Fairmount Line', 'category': 'Rail', 'color': '#80276C', 'textColor': '#FFFFFF', 'headsign': 'South Station', 'longName': 'Fairmount Line'}, 'agency': {'id': '14811_6b86b27', 'name': 'MBTA', 'website': 'http://www.mbta.com'}}]}]}"
80,READVILLE,COMMUTER RAIL,TRAIN_NODES,42.2378836211423,-71.13323807576303,POINT (-71.13323807576303 42.2378836211423),200.0,15569.0,"{'routes': [{'id': 'C0', 'sections': [{'id': 'C0-S0', 'type': 'pedestrian', 'travelSummary': {'duration': 120, 'length': 148}, 'departure': {'time': '2022-09-29T13:53:00-04:00', 'place': {'name': 'Readville', 'type': 'place', 'location': {'lat': 42.237884, 'lng': -71.133238}}}, 'arrival': {'time': '2022-09-29T13:55:00-04:00', 'place': {'name': 'Readville', 'type': 'station', 'location': {'lat': 42.238405, 'lng': -71.133246}, 'wheelchairAccessible': 'yes', 'id': '419806249'}}, 'transport': {'mode': 'pedestrian'}}, {'id': 'C0-S1', 'type': 'transit', 'travelSummary': {'duration': 1020, 'length': 15421}, 'departure': {'time': '2022-09-29T13:55:00-04:00', 'place': {'name': 'Readville', 'type': 'station', 'location': {'lat': 42.238405, 'lng': -71.133246}, 'wheelchairAccessible': 'yes', 'id': '419806249'}, 'delay': 0}, 'arrival': {'time': '2022-09-29T14:12:00-04:00', 'place': {'name': 'South Station', 'type': 'station', 'location': {'lat': 42.352271, 'lng': -71.055242}, 'wheelchairAccessible': 'yes', 'id': '419808186'}, 'delay': -240}, 'transport': {'mode': 'regionalTrain', 'name': 'Franklin/Foxboro Line', 'category': 'Rail', 'color': '#80276C', 'textColor': '#FFFFFF', 'headsign': 'South Station via Ruggles', 'longName': 'Franklin/Foxboro Line'}, 'agency': {'id': '14811_6b86b27', 'name': 'MBTA', 'website': 'http://www.mbta.com'}}]}]}"
81,BLUE HILL AVENUE,COMMUTER RAIL,TRAIN_NODES,42.27143625585188,-71.09581488515508,POINT (-71.09581488515508 42.27143625585188),200.0,20297.0,"{'routes': [{'id': 'C0', 'sections': [{'id': 'C0-S0', 'type': 'transit', 'travelSummary': {'duration': 480, 'length': 4876}, 'departure': {'time': '2022-09-29T13:37:00-04:00', 'place': {'name': 'Blue Hill Avenue', 'type': 'station', 'location': {'lat': 42.271466, 'lng': -71.095782}, 'wheelchairAccessible': 'yes', 'id': '419806355'}, 'delay': 0}, 'arrival': {'time': '2022-09-29T13:45:00-04:00', 'place': {'name': 'Readville', 'type': 'station', 'location': {'lat': 42.238405, 'lng': -71.133246}, 'wheelchairAccessible': 'yes', 'id': '419806249'}, 'delay': 0}, 'transport': {'mode': 'regionalTrain', 'name': 'Fairmount Line', 'category': 'Rail', 'color': '#80276C', 'textColor': '#FFFFFF', 'headsign': 'Readville', 'longName': 'Fairmount Line'}, 'agency': {'id': '14811_6b86b27', 'name': 'MBTA', 'website': 'http://www.mbta.com'}}, {'id': 'C0-S1', 'type': 'transit', 'travelSummary': {'duration': 1020, 'length': 15421}, 'departure': {'time': '2022-09-29T13:55:00-04:00', 'place': {'name': 'Readville', 'type': 'station', 'location': {'lat': 42.238405, 'lng': -71.133246}, 'wheelchairAccessible': 'yes', 'id': '419806249'}, 'delay': 0}, 'arrival': {'time': '2022-09-29T14:12:00-04:00', 'place': {'name': 'South Station', 'type': 'station', 'location': {'lat': 42.352271, 'lng': -71.055242}, 'wheelchairAccessible': 'yes', 'id': '419808186'}, 'delay': -240}, 'transport': {'mode': 'regionalTrain', 'name': 'Franklin/Foxboro Line', 'category': 'Rail', 'color': '#80276C', 'textColor': '#FFFFFF', 'headsign': 'South Station via Ruggles', 'longName': 'Franklin/Foxboro Line'}, 'agency': {'id': '14811_6b86b27', 'name': 'MBTA', 'website': 'http://www.mbta.com'}}]}]}"
82,DEDHAM CORP. CENTER,COMMUTER RAIL,TRAIN_NODES,42.22745595195094,-71.1734631441617,POINT (-71.1734631441617 42.22745595195094),200.0,19493.0,"{'routes': [{'id': 'C0', 'sections': [{'id': 'C0-S0', 'type': 'pedestrian', 'travelSummary': {'duration': 1860, 'length': 1862}, 'departure': {'time': '2022-09-29T14:17:00-04:00', 'place': {'name': 'DedhamCorp.Center', 'type': 'place', 'location': {'lat': 42.227456, 'lng': -71.173463}}}, 'arrival': {'time': '2022-09-29T14:48:00-04:00', 'place': {'name': 'Endicott', 'type': 'station', 'location': {'lat': 42.233249, 'lng': -71.158647}, 'wheelchairAccessible': 'no', 'id': '419806702'}}, 'transport': {'mode': 'pedestrian'}}, {'id': 'C0-S1', 'type': 'transit', 'travelSummary': {'duration': 1500, 'length': 17631}, 'departure': {'time': '2022-09-29T14:48:00-04:00', 'place': {'name': 'Endicott', 'type': 'station', 'location': {'lat': 42.233249, 'lng': -71.158647}, 'wheelchairAccessible': 'no', 'id': '419806702'}, 'delay': 0}, 'arrival': {'time': '2022-09-29T15:13:00-04:00', 'place': {'name': 'South Station', 'type': 'station', 'location': {'lat': 42.352271, 'lng': -71.055242}, 'wheelchairAccessible': 'yes', 'id': '419808186'}, 'delay': 0}, 'transport': {'mode': 'regionalTrain', 'name': 'Franklin/Foxboro Line', 'category': 'Rail', 'color': '#80276C', 'textColor': '#FFFFFF', 'headsign': 'South Station via Ruggles', 'longName': 'Franklin/Foxboro Line'}, 'agency': {'id': '14811_6b86b27', 'name': 'MBTA', 'website': 'http://www.mbta.com'}}]}]}"
83,ANDOVER,COMMUTER RAIL,TRAIN_NODES,42.658148028383415,-71.14454072277074,POINT (-71.14454072277074 42.65814802838342),200.0,38474.0,"{'routes': [{'id': 'C0', 'sections': [{'id': 'C0-S1', 'type': 'transit', 'travelSummary': {'duration': 3240, 'length': 36653}, 'departure': {'time': '2022-09-29T14:43:00-04:00', 'place': {'name': 'Andover', 'type': 'station', 'location': {'lat': 42.658336, 'lng': -71.144502}, 'wheelchairAccessible': 'yes', 'id': '419810711', 'platform': '2'}}, 'arrival': {'time': '2022-09-29T15:37:00-04:00', 'place': {'name': 'North Station', 'type': 'station', 'location': {'lat': 42.365577, 'lng': -71.06129}, 'wheelchairAccessible': 'yes', 'id': '419808162'}}, 'transport': {'mode': 'regionalTrain', 'name': 'Haverhill Line', 'category': 'Rail', 'color': '#80276C', 'textColor': '#FFFFFF', 'headsign': 'North Station via Oak Grove', 'longName': 'Haverhill Line'}, 'agency': {'id': '14811_6b86b27', 'name': 'MBTA', 'website': 'http://www.mbta.com'}}, {'id': 'C0-S2', 'type': 'transit', 'travelSummary': {'duration': 300, 'length': 1281}, 'departure': {'time': '2022-09-29T15:43:00-04:00', 'place': {'name': 'North Station', 'type': 'station', 'location': {'lat': 42.365577, 'lng': -71.06129}, 'wheelchairAccessible': 'yes', 'id': '419808162'}}, 'arrival': {'time': '2022-09-29T15:48:00-04:00', 'place': {'name': 'Downtown Crossing', 'type': 'station', 'location': {'lat': 42.355518, 'lng': -71.060225}, 'wheelchairAccessible': 'yes', 'id': '419809874', 'code': '70020'}}, 'transport': {'mode': 'subway', 'name': 'Orange Line', 'category': 'Subway, Metro', 'color': '#ED8B00', 'textColor': '#FFFFFF', 'headsign': 'Forest Hills', 'longName': 'Orange Line'}, 'agency': {'id': '14811_6b86b27', 'name': 'MBTA', 'website': 'http://www.mbta.com'}}, {'id': 'C0-S3-dep', 'type': 'pedestrian', 'travelSummary': {'duration': 120, 'length': 97}, 'departure': {'time': '2022-09-29T15:48:00-04:00', 'place': {'name': 'Downtown Crossing', 'type': 'station', 'location': {'lat': 42.355518, 'lng': -71.060225}, 'wheelchairAccessible': 'yes', 'id': '419809874', 'code': '70020'}}, 'arrival': {'time': '2022-09-29T15:50:00-04:00', 'place': {'name': 'Downtown Crossing - 101 Arch St, Summer St', 'type': 'accessPoint', 'location': {'lat': 42.354843, 'lng': -71.05948}, 'wheelchairAccessible': 'yes'}}, 'spans': [{'walkAttributes': ['indoor']}], 'transport': {'mode': 'pedestrian'}}, {'id': 'C0-S3', 'type': 'pedestrian', 'travelSummary': {'duration': 420, 'length': 443}, 'departure': {'time': '2022-09-29T15:50:00-04:00', 'place': {'name': 'Downtown Crossing - 101 Arch St, Summer St', 'type': 'accessPoint', 'location': {'lat': 42.354843, 'lng': -71.05948}, 'wheelchairAccessible': 'yes'}}, 'arrival': {'time': '2022-09-29T15:57:00-04:00', 'place': {'name': 'SouthStation', 'type': 'place', 'location': {'lat': 42.352593, 'lng': -71.055172}}}, 'transport': {'mode': 'pedestrian'}}]}]}"
84,BALLARDVALE,COMMUTER RAIL,TRAIN_NODES,42.626985291897086,-71.15986460186389,POINT (-71.15986460186389 42.62698529189709),200.0,34849.0,"{'routes': [{'id': 'C0', 'sections': [{'id': 'C0-S0', 'type': 'pedestrian', 'travelSummary': {'duration': 120, 'length': 122}, 'departure': {'time': '2022-09-29T14:46:00-04:00', 'place': {'name': 'Ballardvale', 'type': 'place', 'location': {'lat': 42.626985, 'lng': -71.159865}}}, 'arrival': {'time': '2022-09-29T14:48:00-04:00', 'place': {'name': 'Ballardvale', 'type': 'station', 'location': {'lat': 42.627356, 'lng': -71.159962}, 'wheelchairAccessible': 'yes', 'id': '419807408'}}, 'transport': {'mode': 'pedestrian'}}, {'id': 'C0-S1', 'type': 'transit', 'travelSummary': {'duration': 2940, 'length': 32906}, 'departure': {'time': '2022-09-29T14:48:00-04:00', 'place': {'name': 'Ballardvale', 'type': 'station', 'location': {'lat': 42.627356, 'lng': -71.159962}, 'wheelchairAccessible': 'yes', 'id': '419807408', 'platform': '2'}}, 'arrival': {'time': '2022-09-29T15:37:00-04:00', 'place': {'name': 'North Station', 'type': 'station', 'location': {'lat': 42.365577, 'lng': -71.06129}, 'wheelchairAccessible': 'yes', 'id': '419808162'}}, 'transport': {'mode': 'regionalTrain', 'name': 'Haverhill Line', 'category': 'Rail', 'color': '#80276C', 'textColor': '#FFFFFF', 'headsign': 'North Station via Oak Grove', 'longName': 'Haverhill Line'}, 'agency': {'id': '14811_6b86b27', 'name': 'MBTA', 'website': 'http://www.mbta.com'}}, {'id': 'C0-S2', 'type': 'transit', 'travelSummary': {'duration': 300, 'length': 1281}, 'departure': {'time': '2022-09-29T15:43:00-04:00', 'place': {'name': 'North Station', 'type': 'station', 'location': {'lat': 42.365577, 'lng': -71.06129}, 'wheelchairAccessible': 'yes', 'id': '419808162'}}, 'arrival': {'time': '2022-09-29T15:48:00-04:00', 'place': {'name': 'Downtown Crossing', 'type': 'station', 'location': {'lat': 42.355518, 'lng': -71.060225}, 'wheelchairAccessible': 'yes', 'id': '419809874', 'code': '70020'}}, 'transport': {'mode': 'subway', 'name': 'Orange Line', 'category': 'Subway, Metro', 'color': '#ED8B00', 'textColor': '#FFFFFF', 'headsign': 'Forest Hills', 'longName': 'Orange Line'}, 'agency': {'id': '14811_6b86b27', 'name': 'MBTA', 'website': 'http://www.mbta.com'}}, {'id': 'C0-S3-dep', 'type': 'pedestrian', 'travelSummary': {'duration': 120, 'length': 97}, 'departure': {'time': '2022-09-29T15:48:00-04:00', 'place': {'name': 'Downtown Crossing', 'type': 'station', 'location': {'lat': 42.355518, 'lng': -71.060225}, 'wheelchairAccessible': 'yes', 'id': '419809874', 'code': '70020'}}, 'arrival': {'time': '2022-09-29T15:50:00-04:00', 'place': {'name': 'Downtown Crossing - 101 Arch St, Summer St', 'type': 'accessPoint', 'location': {'lat': 42.354843, 'lng': -71.05948}, 'wheelchairAccessible': 'yes'}}, 'spans': [{'walkAttributes': ['indoor']}], 'transport': {'mode': 'pedestrian'}}, {'id': 'C0-S3', 'type': 'pedestrian', 'travelSummary': {'duration': 420, 'length': 443}, 'departure': {'time': '2022-09-29T15:50:00-04:00', 'place': {'name': 'Downtown Crossing - 101 Arch St, Summer St', 'type': 'accessPoint', 'location': {'lat': 42.354843, 'lng': -71.05948}, 'wheelchairAccessible': 'yes'}}, 'arrival': {'time': '2022-09-29T15:57:00-04:00', 'place': {'name': 'SouthStation', 'type': 'place', 'location': {'lat': 42.352593, 'lng': -71.055172}}}, 'transport': {'mode': 'pedestrian'}}]}]}"
85,FORGE PARK/495,COMMUTER RAIL,TRAIN_NODES,42.08984647326324,-71.43999134938366,POINT (-71.43999134938366 42.08984647326324),200.0,48831.0,"{'routes': [{'id': 'C0', 'sections': [{'id': 'C0-S0', 'type': 'pedestrian', 'travelSummary': {'duration': 60, 'length': 81}, 'departure': {'time': '2022-09-29T15:14:00-04:00', 'place': {'name': 'ForgePark/495', 'type': 'place', 'location': {'lat': 42.089847, 'lng': -71.439991}}}, 'arrival': {'time': '2022-09-29T15:15:00-04:00', 'place': {'name': 'Forge Park/495', 'type': 'station', 'location': {'lat': 42.089941, 'lng': -71.43902}, 'wheelchairAccessible': 'yes', 'id': '419807430'}}, 'transport': {'mode': 'pedestrian'}}, {'id': 'C0-S1', 'type': 'transit', 'travelSummary': {'duration': 3840, 'length': 48750}, 'departure': {'time': '2022-09-29T15:15:00-04:00', 'place': {'name': 'Forge Park/495', 'type': 'station', 'location': {'lat': 42.089941, 'lng': -71.43902}, 'wheelchairAccessible': 'yes', 'id': '419807430', 'platform': '1'}, 'delay': 0}, 'arrival': {'time': '2022-09-29T16:19:00-04:00', 'place': {'name': 'South Station', 'type': 'station', 'location': {'lat': 42.352271, 'lng': -71.055242}, 'wheelchairAccessible': 'yes', 'id': '419808186'}, 'delay': 0}, 'transport': {'mode': 'regionalTrain', 'name': 'Franklin/Foxboro Line', 'category': 'Rail', 'color': '#80276C', 'textColor': '#FFFFFF', 'headsign': 'South Station via Ruggles', 'longName': 'Franklin/Foxboro Line'}, 'agency': {'id': '14811_6b86b27', 'name': 'MBTA', 'website': 'http://www.mbta.com'}}]}]}"
86,GLOUCESTER,COMMUTER RAIL,TRAIN_NODES,42.61670619140711,-70.66581685535273,POINT (-70.66581685535273 42.61670619140711),200.0,53082.0,"{'routes': [{'id': 'C0', 'sections': [{'id': 'C0-S0', 'type': 'pedestrian', 'travelSummary': {'duration': 540, 'length': 546}, 'departure': {'time': '2022-09-29T13:41:00-04:00', 'place': {'name': 'Gloucester', 'type': 'place', 'location': {'lat': 42.616706, 'lng': -70.665817}}}, 'arrival': {'time': '2022-09-29T13:50:00-04:00', 'place': {'name': 'Gloucester', 'type': 'station', 'location': {'lat': 42.616799, 'lng': -70.668345}, 'wheelchairAccessible': 'yes', 'id': '419809519'}}, 'transport': {'mode': 'pedestrian'}}, {'id': 'C0-S1', 'type': 'transit', 'travelSummary': {'duration': 4140, 'length': 50715}, 'departure': {'time': '2022-09-29T13:50:00-04:00', 'place': {'name': 'Gloucester', 'type': 'station', 'location': {'lat': 42.616799, 'lng': -70.668345}, 'wheelchairAccessible': 'yes', 'id': '419809519', 'platform': '1'}}, 'arrival': {'time': '2022-09-29T14:59:00-04:00', 'place': {'name': 'North Station', 'type': 'station', 'location': {'lat': 42.365577, 'lng': -71.06129}, 'wheelchairAccessible': 'yes', 'id': '419808162'}}, 'transport': {'mode': 'regionalTrain', 'name': 'Newburyport/Rockport Line', 'category': 'Rail', 'color': '#80276C', 'textColor': '#FFFFFF', 'headsign': 'North Station', 'longName': 'Newburyport/Rockport Line'}, 'agency': {'id': '14811_6b86b27', 'name': 'MBTA', 'website': 'http://www.mbta.com'}}, {'id': 'C0-S2', 'type': 'transit', 'travelSummary': {'duration': 300, 'length': 1281}, 'departure': {'time': '2022-09-29T15:04:00-04:00', 'place': {'name': 'North Station', 'type': 'station', 'location': {'lat': 42.365577, 'lng': -71.06129}, 'wheelchairAccessible': 'yes', 'id': '419808162'}}, 'arrival': {'time': '2022-09-29T15:09:00-04:00', 'place': {'name': 'Downtown Crossing', 'type': 'station', 'location': {'lat': 42.355518, 'lng': -71.060225}, 'wheelchairAccessible': 'yes', 'id': '419809874', 'code': '70020'}}, 'transport': {'mode': 'subway', 'name': 'Orange Line', 'category': 'Subway, Metro', 'color': '#ED8B00', 'textColor': '#FFFFFF', 'headsign': 'Forest Hills', 'longName': 'Orange Line'}, 'agency': {'id': '14811_6b86b27', 'name': 'MBTA', 'website': 'http://www.mbta.com'}}, {'id': 'C0-S3-dep', 'type': 'pedestrian', 'travelSummary': {'duration': 120, 'length': 97}, 'departure': {'time': '2022-09-29T15:09:00-04:00', 'place': {'name': 'Downtown Crossing', 'type': 'station', 'location': {'lat': 42.355518, 'lng': -71.060225}, 'wheelchairAccessible': 'yes', 'id': '419809874', 'code': '70020'}}, 'arrival': {'time': '2022-09-29T15:11:00-04:00', 'place': {'name': 'Downtown Crossing - 101 Arch St, Summer St', 'type': 'accessPoint', 'location': {'lat': 42.354843, 'lng': -71.05948}, 'wheelchairAccessible': 'yes'}}, 'spans': [{'walkAttributes': ['indoor']}], 'transport': {'mode': 'pedestrian'}}, {'id': 'C0-S3', 'type': 'pedestrian', 'travelSummary': {'duration': 420, 'length': 443}, 'departure': {'time': '2022-09-29T15:11:00-04:00', 'place': {'name': 'Downtown Crossing - 101 Arch St, Summer St', 'type': 'accessPoint', 'location': {'lat': 42.354843, 'lng': -71.05948}, 'wheelchairAccessible': 'yes'}}, 'arrival': {'time': '2022-09-29T15:18:00-04:00', 'place': {'name': 'SouthStation', 'type': 'place', 'location': {'lat': 42.352593, 'lng': -71.055172}}}, 'transport': {'mode': 'pedestrian'}}]}]}"
87,HAVERHILL,COMMUTER RAIL,TRAIN_NODES,42.77456026597318,-71.08646942663044,POINT (-71.08646942663044 42.77456026597318),200.0,56071.0,"{'routes': [{'id': 'C0', 'sections': [{'id': 'C0-S0', 'type': 'pedestrian', 'travelSummary': {'duration': 120, 'length': 137}, 'departure': {'time': '2022-09-29T13:33:00-04:00', 'place': {'name': 'Haverhill', 'type': 'place', 'location': {'lat': 42.77456, 'lng': -71.086469}}}, 'arrival': {'time': '2022-09-29T13:35:00-04:00', 'place': {'name': 'Haverhill', 'type': 'station', 'location': {'lat': 42.773474, 'lng': -71.086237}, 'wheelchairAccessible': 'yes', 'id': '419812930'}}, 'transport': {'mode': 'pedestrian'}}, {'id': 'C0-S1', 'type': 'transit', 'travelSummary': {'duration': 3000, 'length': 53691}, 'departure': {'time': '2022-09-29T13:35:00-04:00', 'place': {'name': 'Haverhill', 'type': 'station', 'location': {'lat': 42.773474, 'lng': -71.086237}, 'wheelchairAccessible': 'yes', 'id': '419812930'}}, 'arrival': {'time': '2022-09-29T14:25:00-04:00', 'place': {'name': 'Boston North Station Amtrak', 'type': 'station', 'location': {'lat': 42.366235, 'lng': -71.061122}, 'id': '712541104'}}, 'transport': {'mode': 'regionalTrain', 'name': 'Downeaster', 'category': 'Rail', 'color': '#CAE4F1', 'textColor': '#000000', 'headsign': 'Boston North Station Amtrak', 'longName': 'Downeaster'}, 'agency': {'id': '21285_031b4af', 'name': 'Amtrak', 'website': 'http://www.amtrak.com'}}, {'id': 'C0-S2', 'type': 'pedestrian', 'travelSummary': {'duration': 300, 'length': 270}, 'departure': {'time': '2022-09-29T14:25:00-04:00', 'place': {'name': 'Boston North Station Amtrak', 'type': 'station', 'location': {'lat': 42.366235, 'lng': -71.061122}, 'id': '712541104'}}, 'arrival': {'time': '2022-09-29T14:30:00-04:00', 'place': {'name': 'North Station', 'type': 'station', 'location': {'lat': 42.365577, 'lng': -71.06129}, 'wheelchairAccessible': 'yes', 'id': '419810034', 'code': '70205'}}, 'transport': {'mode': 'pedestrian'}}, {'id': 'C0-S3', 'type': 'transit', 'travelSummary': {'duration': 300, 'length': 1233}, 'departure': {'time': '2022-09-29T14:31:00-04:00', 'place': {'name': 'North Station', 'type': 'station', 'location': {'lat': 42.365577, 'lng': -71.06129}, 'wheelchairAccessible': 'yes', 'id': '419810034', 'code': '70205'}}, 'arrival': {'time': '2022-09-29T14:36:00-04:00', 'place': {'name': 'Park Street', 'type': 'station', 'location': {'lat': 42.356395, 'lng': -71.062424}, 'wheelchairAccessible': 'yes', 'id': '419810622', 'platform': 'D', 'code': '70198'}}, 'transport': {'mode': 'lightRail', 'name': 'D', 'category': 'Tram, Streetcar, Light rail', 'color': '#00843D', 'textColor': '#FFFFFF', 'headsign': 'Riverside', 'shortName': 'D', 'longName': 'Green Line D'}, 'agency': {'id': '14811_6b86b27', 'name': 'MBTA', 'website': 'http://www.mbta.com'}}, {'id': 'C0-S4', 'type': 'pedestrian', 'travelSummary': {'duration': 720, 'length': 740}, 'departure': {'time': '2022-09-29T14:36:00-04:00', 'place': {'name': 'Park Street', 'type': 'station', 'location': {'lat': 42.356395, 'lng': -71.062424}, 'wheelchairAccessible': 'yes', 'id': '419810622', 'code': '70198'}}, 'arrival': {'time': '2022-09-29T14:48:00-04:00', 'place': {'name': 'SouthStation', 'type': 'place', 'location': {'lat': 42.352593, 'lng': -71.055172}}}, 'transport': {'mode': 'pedestrian'}}]}]}"
88,LYNN,COMMUTER RAIL,TRAIN_NODES,42.46197533694369,-70.94732925815035,POINT (-70.94732925815035 42.46197533694369),200.0,18579.0,"{'routes': [{'id': 'C0', 'sections': [{'id': 'C0-S0', 'type': 'pedestrian', 'travelSummary': {'duration': 120, 'length': 127}, 'departure': {'time': '2022-09-29T13:38:00-04:00', 'place': {'name': 'Lynn', 'type': 'place', 'location': {'lat': 42.461975, 'lng': -70.947329}}}, 'arrival': {'time': '2022-09-29T13:40:00-04:00', 'place': {'name': 'Lynn', 'type': 'station', 'location': {'lat': 42.461856, 'lng': -70.945945}, 'wheelchairAccessible': 'yes', 'id': '419806447', 'code': '14748'}}, 'transport': {'mode': 'pedestrian'}}, {'id': 'C0-S1', 'type': 'transit', 'travelSummary': {'duration': 1020, 'length': 8323}, 'departure': {'time': '2022-09-29T13:40:00-04:00', 'place': {'name': 'Lynn', 'type': 'station', 'location': {'lat': 42.461856, 'lng': -70.945945}, 'wheelchairAccessible': 'yes', 'id': '419806447', 'code': '14748'}, 'delay': -480}, 'arrival': {'time': '2022-09-29T13:57:00-04:00', 'place': {'name': 'Wonderland', 'type': 'station', 'location': {'lat': 42.413691, 'lng': -70.991591}, 'wheelchairAccessible': 'yes', 'id': '419809831', 'code': '15795'}, 'delay': -480}, 'transport': {'mode': 'bus', 'name': '441/442', 'category': 'Bus', 'color': '#FFC72C', 'textColor': '#000000', 'headsign': 'Wonderland', 'shortName': '441/442', 'longName': 'Marblehead - Wonderland Station'}, 'agency': {'id': '14811_6b86b27', 'name': 'MBTA', 'website': 'http://www.mbta.com'}}, {'id': 'C0-S2', 'type': 'pedestrian', 'travelSummary': {'duration': 120, 'length': 142}, 'departure': {'time': '2022-09-29T13:57:00-04:00', 'place': {'name': 'Wonderland', 'type': 'station', 'location': {'lat': 42.413691, 'lng': -70.991591}, 'wheelchairAccessible': 'yes', 'id': '419809831', 'code': '15795'}}, 'arrival': {'time': '2022-09-29T13:59:00-04:00', 'place': {'name': 'Wonderland', 'type': 'station', 'location': {'lat': 42.413691, 'lng': -70.991591}, 'wheelchairAccessible': 'yes', 'id': '419808202'}}, 'transport': {'mode': 'pedestrian'}}, {'id': 'C0-S3', 'type': 'transit', 'travelSummary': {'duration': 60, 'length': 9121}, 'departure': {'time': '2022-09-29T14:01:00-04:00', 'place': {'name': 'Wonderland', 'type': 'station', 'location': {'lat': 42.413691, 'lng': -70.991591}, 'wheelchairAccessible': 'yes', 'id': '419808202', 'platform': '1'}, 'delay': 60}, 'arrival': {'time': '2022-09-29T14:02:00-04:00', 'place': {'name': 'State', 'type': 'station', 'location': {'lat': 42.358978, 'lng': -71.057598}, 'wheelchairAccessible': 'yes', 'id': '419809876', 'code': '70022'}, 'delay': -780}, 'transport': {'mode': 'subway', 'name': 'Blue Line', 'category': 'Subway, Metro', 'color': '#003DA5', 'textColor': '#FFFFFF', 'headsign': 'Bowdoin', 'longName': 'Blue Line'}, 'agency': {'id': '14811_6b86b27', 'name': 'MBTA', 'website': 'http://www.mbta.com'}}, {'id': 'C0-S4-dep', 'type': 'pedestrian', 'travelSummary': {'duration': 180, 'length': 166}, 'departure': {'time': '2022-09-29T14:02:00-04:00', 'place': {'name': 'State', 'type': 'station', 'location': {'lat': 42.358978, 'lng': -71.057598}, 'wheelchairAccessible': 'yes', 'id': '419809876', 'code': '70022'}}, 'arrival': {'time': '2022-09-29T14:05:00-04:00', 'place': {'name': 'State - Devonshire St, Water St', 'type': 'accessPoint', 'location': {'lat': 42.357487, 'lng': -71.057412}, 'wheelchairAccessible': 'no'}}, 'spans': [{'walkAttributes': ['indoor']}], 'transport': {'mode': 'pedestrian'}}, {'id': 'C0-S4', 'type': 'pedestrian', 'travelSummary': {'duration': 720, 'length': 700}, 'departure': {'time': '2022-09-29T14:05:00-04:00', 'place': {'name': 'State - Devonshire St, Water St', 'type': 'accessPoint', 'location': {'lat': 42.357487, 'lng': -71.057412}, 'wheelchairAccessible': 'no'}}, 'arrival': {'time': '2022-09-29T14:17:00-04:00', 'place': {'name': 'SouthStation', 'type': 'place', 'location': {'lat': 42.352593, 'lng': -71.055172}}}, 'transport': {'mode': 'pedestrian'}}]}]}"
89,WYOMING HILL,COMMUTER RAIL,TRAIN_NODES,42.452026980798,-71.069312788607,POINT (-71.06931278860699 42.452026980798),200.0,12043.0,"{'routes': [{'id': 'C0', 'sections': [{'id': 'C0-S0', 'type': 'pedestrian', 'travelSummary': {'duration': 60, 'length': 70}, 'departure': {'time': '2022-09-29T13:47:00-04:00', 'place': {'name': 'WyomingHill', 'type': 'place', 'location': {'lat': 42.452027, 'lng': -71.069313}}}, 'arrival': {'time': '2022-09-29T13:48:00-04:00', 'place': {'name': 'Wyoming Hill', 'type': 'station', 'location': {'lat': 42.451731, 'lng': -71.069379}, 'wheelchairAccessible': 'no', 'id': '419808081'}}, 'transport': {'mode': 'pedestrian'}}, {'id': 'C0-S1', 'type': 'transit', 'travelSummary': {'duration': 240, 'length': 2827}, 'departure': {'time': '2022-09-29T13:48:00-04:00', 'place': {'name': 'Wyoming Hill', 'type': 'station', 'location': {'lat': 42.451731, 'lng': -71.069379}, 'wheelchairAccessible': 'no', 'id': '419808081'}, 'delay': 0}, 'arrival': {'time': '2022-09-29T13:52:00-04:00', 'place': {'name': 'Malden Center', 'type': 'station', 'location': {'lat': 42.426632, 'lng': -71.07411}, 'wheelchairAccessible': 'yes', 'id': '419808158', 'platform': '1'}, 'delay': -60}, 'transport': {'mode': 'regionalTrain', 'name': 'Haverhill Line', 'category': 'Rail', 'color': '#80276C', 'textColor': '#FFFFFF', 'headsign': 'North Station via Oak Grove', 'longName': 'Haverhill Line'}, 'agency': {'id': '14811_6b86b27', 'name': 'MBTA', 'website': 'http://www.mbta.com'}}, {'id': 'C0-S2', 'type': 'transit', 'travelSummary': {'duration': 60, 'length': 8606}, 'departure': {'time': '2022-09-29T14:01:00-04:00', 'place': {'name': 'Malden Center', 'type': 'station', 'location': {'lat': 42.426632, 'lng': -71.07411}, 'wheelchairAccessible': 'yes', 'id': '419808158'}, 'delay': 3360}, 'arrival': {'time': '2022-09-29T14:02:00-04:00', 'place': {'name': 'Downtown Crossing', 'type': 'station', 'location': {'lat': 42.355518, 'lng': -71.060225}, 'wheelchairAccessible': 'yes', 'id': '419809874', 'code': '70020'}, 'delay': 2460}, 'transport': {'mode': 'subway', 'name': 'Orange Line', 'category': 'Subway, Metro', 'color': '#ED8B00', 'textColor': '#FFFFFF', 'headsign': 'Forest Hills', 'longName': 'Orange Line'}, 'agency': {'id': '14811_6b86b27', 'name': 'MBTA', 'website': 'http://www.mbta.com'}}, {'id': 'C0-S3-dep', 'type': 'pedestrian', 'travelSummary': {'duration': 120, 'length': 97}, 'departure': {'time': '2022-09-29T14:02:00-04:00', 'place': {'name': 'Downtown Crossing', 'type': 'station', 'location': {'lat': 42.355518, 'lng': -71.060225}, 'wheelchairAccessible': 'yes', 'id': '419809874', 'code': '70020'}}, 'arrival': {'time': '2022-09-29T14:04:00-04:00', 'place': {'name': 'Downtown Crossing - 101 Arch St, Summer St', 'type': 'accessPoint', 'location': {'lat': 42.354843, 'lng': -71.05948}, 'wheelchairAccessible': 'yes'}}, 'spans': [{'walkAttributes': ['indoor']}], 'transport': {'mode': 'pedestrian'}}, {'id': 'C0-S3', 'type': 'pedestrian', 'travelSummary': {'duration': 420, 'length': 443}, 'departure': {'time': '2022-09-29T14:04:00-04:00', 'place': {'name': 'Downtown Crossing - 101 Arch St, Summer St', 'type': 'accessPoint', 'location': {'lat': 42.354843, 'lng': -71.05948}, 'wheelchairAccessible': 'yes'}}, 'arrival': {'time': '2022-09-29T14:11:00-04:00', 'place': {'name': 'SouthStation', 'type': 'place', 'location': {'lat': 42.352593, 'lng': -71.055172}}}, 'transport': {'mode': 'pedestrian'}}]}]}"
90,NATICK CENTER,COMMUTER RAIL,TRAIN_NODES,42.28563587557523,-71.347975703966,POINT (-71.347975703966 42.28563587557523),200.0,28572.0,"{'routes': [{'id': 'C0', 'sections': [{'id': 'C0-S0', 'type': 'pedestrian', 'travelSummary': {'duration': 120, 'length': 118}, 'departure': {'time': '2022-09-29T13:48:00-04:00', 'place': {'name': 'NatickCenter', 'type': 'place', 'location': {'lat': 42.285636, 'lng': -71.347976}}}, 'arrival': {'time': '2022-09-29T13:50:00-04:00', 'place': {'name': 'Natick Center', 'type': 'station', 'location': {'lat': 42.285719, 'lng': -71.347133}, 'wheelchairAccessible': 'no', 'id': '419807365'}}, 'transport': {'mode': 'pedestrian'}}, {'id': 'C0-S1', 'type': 'transit', 'travelSummary': {'duration': 2340, 'length': 28454}, 'departure': {'time': '2022-09-29T13:50:00-04:00', 'place': {'name': 'Natick Center', 'type': 'station', 'location': {'lat': 42.285719, 'lng': -71.347133}, 'wheelchairAccessible': 'no', 'id': '419807365'}, 'delay': 0}, 'arrival': {'time': '2022-09-29T14:29:00-04:00', 'place': {'name': 'South Station', 'type': 'station', 'location': {'lat': 42.352271, 'lng': -71.055242}, 'wheelchairAccessible': 'yes', 'id': '419808186'}, 'delay': -240}, 'transport': {'mode': 'regionalTrain', 'name': 'Framingham/Worcester Line', 'category': 'Rail', 'color': '#80276C', 'textColor': '#FFFFFF', 'headsign': 'South Station', 'longName': 'Framingham/Worcester Line'}, 'agency': {'id': '14811_6b86b27', 'name': 'MBTA', 'website': 'http://www.mbta.com'}}]}]}"
91,WEYMOUTH LANDING/EAST BRAINTREE,COMMUTER RAIL,TRAIN_NODES,42.22186590871483,-70.96696471125203,POINT (-70.96696471125203 42.22186590871483),200.0,19552.0,"{'routes': [{'id': 'C0', 'sections': [{'id': 'C0-S0', 'type': 'pedestrian', 'travelSummary': {'duration': 240, 'length': 229}, 'departure': {'time': '2022-09-29T13:38:00-04:00', 'place': {'name': 'WeymouthLanding/EastBraintree', 'type': 'place', 'location': {'lat': 42.221866, 'lng': -70.966965}}}, 'arrival': {'time': '2022-09-29T13:42:00-04:00', 'place': {'name': 'Weymouth Landing/East Braintree', 'type': 'station', 'location': {'lat': 42.221503, 'lng': -70.968152}, 'wheelchairAccessible': 'yes', 'id': '419807457'}}, 'transport': {'mode': 'pedestrian'}}, {'id': 'C0-S1', 'type': 'transit', 'travelSummary': {'duration': 540, 'length': 6284}, 'departure': {'time': '2022-09-29T13:42:00-04:00', 'place': {'name': 'Weymouth Landing/East Braintree', 'type': 'station', 'location': {'lat': 42.221503, 'lng': -70.968152}, 'wheelchairAccessible': 'yes', 'id': '419807457', 'platform': '1'}, 'delay': 0}, 'arrival': {'time': '2022-09-29T13:51:00-04:00', 'place': {'name': 'Quincy Center', 'type': 'station', 'location': {'lat': 42.251809, 'lng': -71.005409}, 'wheelchairAccessible': 'yes', 'id': '419808172', 'platform': '1'}, 'delay': -60}, 'transport': {'mode': 'regionalTrain', 'name': 'Greenbush Line', 'category': 'Rail', 'color': '#80276C', 'textColor': '#FFFFFF', 'headsign': 'South Station', 'longName': 'Greenbush Line'}, 'agency': {'id': '14811_6b86b27', 'name': 'MBTA', 'website': 'http://www.mbta.com'}}, {'id': 'C0-S2', 'type': 'transit', 'travelSummary': {'duration': 180, 'length': 13039}, 'departure': {'time': '2022-09-29T13:55:00-04:00', 'place': {'name': 'Quincy Center', 'type': 'station', 'location': {'lat': 42.251809, 'lng': -71.005409}, 'wheelchairAccessible': 'yes', 'id': '419808172', 'platform': '1'}, 'delay': 0}, 'arrival': {'time': '2022-09-29T13:58:00-04:00', 'place': {'name': 'South Station', 'type': 'station', 'location': {'lat': 42.352271, 'lng': -71.055242}, 'wheelchairAccessible': 'yes', 'id': '419808186'}, 'delay': -1200}, 'transport': {'mode': 'subway', 'name': 'Red Line', 'category': 'Subway, Metro', 'color': '#DA291C', 'textColor': '#FFFFFF', 'headsign': 'Alewife', 'longName': 'Red Line'}, 'agency': {'id': '14811_6b86b27', 'name': 'MBTA', 'website': 'http://www.mbta.com'}}]}]}"
92,NORTH WILMINGTON,COMMUTER RAIL,TRAIN_NODES,42.56895664640185,-71.15915670296741,POINT (-71.15915670296741 42.56895664640185),200.0,28176.0,"{'routes': [{'id': 'C0', 'sections': [{'id': 'C0-S0', 'type': 'pedestrian', 'travelSummary': {'duration': 120, 'length': 124}, 'departure': {'time': '2022-09-29T14:54:00-04:00', 'place': {'name': 'NorthWilmington', 'type': 'place', 'location': {'lat': 42.568957, 'lng': -71.159157}}}, 'arrival': {'time': '2022-09-29T14:56:00-04:00', 'place': {'name': 'North Wilmington', 'type': 'station', 'location': {'lat': 42.569661, 'lng': -71.159696}, 'wheelchairAccessible': 'no', 'id': '419807414'}}, 'transport': {'mode': 'pedestrian'}}, {'id': 'C0-S1', 'type': 'transit', 'travelSummary': {'duration': 2460, 'length': 26231}, 'departure': {'time': '2022-09-29T14:56:00-04:00', 'place': {'name': 'North Wilmington', 'type': 'station', 'location': {'lat': 42.569661, 'lng': -71.159696}, 'wheelchairAccessible': 'no', 'id': '419807414', 'platform': '1'}}, 'arrival': {'time': '2022-09-29T15:37:00-04:00', 'place': {'name': 'North Station', 'type': 'station', 'location': {'lat': 42.365577, 'lng': -71.06129}, 'wheelchairAccessible': 'yes', 'id': '419808162'}}, 'transport': {'mode': 'regionalTrain', 'name': 'Haverhill Line', 'category': 'Rail', 'color': '#80276C', 'textColor': '#FFFFFF', 'headsign': 'North Station via Oak Grove', 'longName': 'Haverhill Line'}, 'agency': {'id': '14811_6b86b27', 'name': 'MBTA', 'website': 'http://www.mbta.com'}}, {'id': 'C0-S2', 'type': 'transit', 'travelSummary': {'duration': 300, 'length': 1281}, 'departure': {'time': '2022-09-29T15:43:00-04:00', 'place': {'name': 'North Station', 'type': 'station', 'location': {'lat': 42.365577, 'lng': -71.06129}, 'wheelchairAccessible': 'yes', 'id': '419808162'}}, 'arrival': {'time': '2022-09-29T15:48:00-04:00', 'place': {'name': 'Downtown Crossing', 'type': 'station', 'location': {'lat': 42.355518, 'lng': -71.060225}, 'wheelchairAccessible': 'yes', 'id': '419809874', 'code': '70020'}}, 'transport': {'mode': 'subway', 'name': 'Orange Line', 'category': 'Subway, Metro', 'color': '#ED8B00', 'textColor': '#FFFFFF', 'headsign': 'Forest Hills', 'longName': 'Orange Line'}, 'agency': {'id': '14811_6b86b27', 'name': 'MBTA', 'website': 'http://www.mbta.com'}}, {'id': 'C0-S3-dep', 'type': 'pedestrian', 'travelSummary': {'duration': 120, 'length': 97}, 'departure': {'time': '2022-09-29T15:48:00-04:00', 'place': {'name': 'Downtown Crossing', 'type': 'station', 'location': {'lat': 42.355518, 'lng': -71.060225}, 'wheelchairAccessible': 'yes', 'id': '419809874', 'code': '70020'}}, 'arrival': {'time': '2022-09-29T15:50:00-04:00', 'place': {'name': 'Downtown Crossing - 101 Arch St, Summer St', 'type': 'accessPoint', 'location': {'lat': 42.354843, 'lng': -71.05948}, 'wheelchairAccessible': 'yes'}}, 'spans': [{'walkAttributes': ['indoor']}], 'transport': {'mode': 'pedestrian'}}, {'id': 'C0-S3', 'type': 'pedestrian', 'travelSummary': {'duration': 420, 'length': 443}, 'departure': {'time': '2022-09-29T15:50:00-04:00', 'place': {'name': 'Downtown Crossing - 101 Arch St, Summer St', 'type': 'accessPoint', 'location': {'lat': 42.354843, 'lng': -71.05948}, 'wheelchairAccessible': 'yes'}}, 'arrival': {'time': '2022-09-29T15:57:00-04:00', 'place': {'name': 'SouthStation', 'type': 'place', 'location': {'lat': 42.352593, 'lng': -71.055172}}}, 'transport': {'mode': 'pedestrian'}}]}]}"
93,WEDGEMERE,COMMUTER RAIL,TRAIN_NODES,42.44490348792281,-71.14010093079607,POINT (-71.14010093079607 42.44490348792281),200.0,13581.0,"{'routes': [{'id': 'C0', 'sections': [{'id': 'C0-S1', 'type': 'transit', 'travelSummary': {'duration': 900, 'length': 11760}, 'departure': {'time': '2022-09-29T13:38:00-04:00', 'place': {'name': 'Wedgemere', 'type': 'station', 'location': {'lat': 42.444948, 'lng': -71.140169}, 'wheelchairAccessible': 'yes', 'id': '419808960'}, 'delay': 0}, 'arrival': {'time': '2022-09-29T13:53:00-04:00', 'place': {'name': 'North Station', 'type': 'station', 'location': {'lat': 42.365577, 'lng': -71.06129}, 'wheelchairAccessible': 'yes', 'id': '419808162'}, 'delay': -120}, 'transport': {'mode': 'regionalTrain', 'name': 'Lowell Line', 'category': 'Rail', 'color': '#80276C', 'textColor': '#FFFFFF', 'headsign': 'North Station', 'longName': 'Lowell Line'}, 'agency': {'id': '14811_6b86b27', 'name': 'MBTA', 'website': 'http://www.mbta.com'}}, {'id': 'C0-S2', 'type': 'transit', 'travelSummary': {'duration': 0, 'length': 1281}, 'departure': {'time': '2022-09-29T14:02:00-04:00', 'place': {'name': 'North Station', 'type': 'station', 'location': {'lat': 42.365577, 'lng': -71.06129}, 'wheelchairAccessible': 'yes', 'id': '419808162'}, 'delay': 2700}, 'arrival': {'time': '2022-09-29T14:02:00-04:00', 'place': {'name': 'Downtown Crossing', 'type': 'station', 'location': {'lat': 42.355518, 'lng': -71.060225}, 'wheelchairAccessible': 'yes', 'id': '419809874', 'code': '70020'}, 'delay': 2460}, 'transport': {'mode': 'subway', 'name': 'Orange Line', 'category': 'Subway, Metro', 'color': '#ED8B00', 'textColor': '#FFFFFF', 'headsign': 'Forest Hills', 'longName': 'Orange Line'}, 'agency': {'id': '14811_6b86b27', 'name': 'MBTA', 'website': 'http://www.mbta.com'}}, {'id': 'C0-S3-dep', 'type': 'pedestrian', 'travelSummary': {'duration': 120, 'length': 97}, 'departure': {'time': '2022-09-29T14:02:00-04:00', 'place': {'name': 'Downtown Crossing', 'type': 'station', 'location': {'lat': 42.355518, 'lng': -71.060225}, 'wheelchairAccessible': 'yes', 'id': '419809874', 'code': '70020'}}, 'arrival': {'time': '2022-09-29T14:04:00-04:00', 'place': {'name': 'Downtown Crossing - 101 Arch St, Summer St', 'type': 'accessPoint', 'location': {'lat': 42.354843, 'lng': -71.05948}, 'wheelchairAccessible': 'yes'}}, 'spans': [{'walkAttributes': ['indoor']}], 'transport': {'mode': 'pedestrian'}}, {'id': 'C0-S3', 'type': 'pedestrian', 'travelSummary': {'duration': 420, 'length': 443}, 'departure': {'time': '2022-09-29T14:04:00-04:00', 'place': {'name': 'Downtown Crossing - 101 Arch St, Summer St', 'type': 'accessPoint', 'location': {'lat': 42.354843, 'lng': -71.05948}, 'wheelchairAccessible': 'yes'}}, 'arrival': {'time': '2022-09-29T14:11:00-04:00', 'place': {'name': 'SouthStation', 'type': 'place', 'location': {'lat': 42.352593, 'lng': -71.055172}}}, 'transport': {'mode': 'pedestrian'}}]}]}"
94,ANDERSON/WOBURN,COMMUTER RAIL,TRAIN_NODES,42.51575554413321,-71.14369358400853,POINT (-71.14369358400853 42.51575554413321),200.0,22681.0,"{'routes': [{'id': 'C0', 'sections': [{'id': 'C0-S0', 'type': 'pedestrian', 'travelSummary': {'duration': 300, 'length': 280}, 'departure': {'time': '2022-09-29T14:26:00-04:00', 'place': {'name': 'Anderson/Woburn', 'type': 'place', 'location': {'lat': 42.515755, 'lng': -71.143694}}}, 'arrival': {'time': '2022-09-29T14:31:00-04:00', 'place': {'name': 'Anderson/Woburn', 'type': 'station', 'location': {'lat': 42.516987, 'lng': -71.144475}, 'wheelchairAccessible': 'yes', 'id': '419808896'}}, 'transport': {'mode': 'pedestrian'}}, {'id': 'C0-S1', 'type': 'transit', 'travelSummary': {'duration': 1440, 'length': 20264}, 'departure': {'time': '2022-09-29T14:31:00-04:00', 'place': {'name': 'Anderson/Woburn', 'type': 'station', 'location': {'lat': 42.516987, 'lng': -71.144475}, 'wheelchairAccessible': 'yes', 'id': '419808896'}}, 'arrival': {'time': '2022-09-29T14:55:00-04:00', 'place': {'name': 'North Station', 'type': 'station', 'location': {'lat': 42.365577, 'lng': -71.06129}, 'wheelchairAccessible': 'yes', 'id': '419808162'}}, 'transport': {'mode': 'regionalTrain', 'name': 'Lowell Line', 'category': 'Rail', 'color': '#80276C', 'textColor': '#FFFFFF', 'headsign': 'North Station', 'longName': 'Lowell Line'}, 'agency': {'id': '14811_6b86b27', 'name': 'MBTA', 'website': 'http://www.mbta.com'}}, {'id': 'C0-S2', 'type': 'pedestrian', 'travelSummary': {'duration': 180, 'length': 164}, 'departure': {'time': '2022-09-29T14:55:00-04:00', 'place': {'name': 'North Station', 'type': 'station', 'location': {'lat': 42.365577, 'lng': -71.06129}, 'wheelchairAccessible': 'yes', 'id': '419808162'}}, 'arrival': {'time': '2022-09-29T14:58:00-04:00', 'place': {'name': 'North Station', 'type': 'station', 'location': {'lat': 42.365577, 'lng': -71.06129}, 'wheelchairAccessible': 'yes', 'id': '419810034', 'code': '70205'}}, 'transport': {'mode': 'pedestrian'}}, {'id': 'C0-S3', 'type': 'transit', 'travelSummary': {'duration': 300, 'length': 1233}, 'departure': {'time': '2022-09-29T14:58:00-04:00', 'place': {'name': 'North Station', 'type': 'station', 'location': {'lat': 42.365577, 'lng': -71.06129}, 'wheelchairAccessible': 'yes', 'id': '419810034', 'code': '70205'}}, 'arrival': {'time': '2022-09-29T15:03:00-04:00', 'place': {'name': 'Park Street', 'type': 'station', 'location': {'lat': 42.356395, 'lng': -71.062424}, 'wheelchairAccessible': 'yes', 'id': '419810623', 'platform': 'E', 'code': '70199'}}, 'transport': {'mode': 'lightRail', 'name': 'E', 'category': 'Tram, Streetcar, Light rail', 'color': '#00843D', 'textColor': '#FFFFFF', 'headsign': 'Heath Street', 'shortName': 'E', 'longName': 'Green Line E'}, 'agency': {'id': '14811_6b86b27', 'name': 'MBTA', 'website': 'http://www.mbta.com'}}, {'id': 'C0-S4', 'type': 'pedestrian', 'travelSummary': {'duration': 720, 'length': 740}, 'departure': {'time': '2022-09-29T15:03:00-04:00', 'place': {'name': 'Park Street', 'type': 'station', 'location': {'lat': 42.356395, 'lng': -71.062424}, 'wheelchairAccessible': 'yes', 'id': '419810623', 'code': '70199'}}, 'arrival': {'time': '2022-09-29T15:15:00-04:00', 'place': {'name': 'SouthStation', 'type': 'place', 'location': {'lat': 42.352593, 'lng': -71.055172}}}, 'transport': {'mode': 'pedestrian'}}]}]}"
95,PLYMOUTH,COMMUTER RAIL,TRAIN_NODES,41.980569782482846,-70.6888860170704,POINT (-70.6888860170704 41.98056978248285),200.0,75511.0,"{'routes': [{'id': 'C0', 'sections': [{'id': 'C0-S0', 'type': 'pedestrian', 'travelSummary': {'duration': 120, 'length': 119}, 'departure': {'time': '2022-09-29T13:46:00-04:00', 'place': {'name': 'Plymouth', 'type': 'place', 'location': {'lat': 41.98057, 'lng': -70.688886}}}, 'arrival': {'time': '2022-09-29T13:48:00-04:00', 'place': {'name': 'Cordage Park', 'type': 'station', 'location': {'lat': 41.98025, 'lng': -70.689722}, 'id': '718990287'}}, 'transport': {'mode': 'pedestrian'}}, {'id': 'C0-S1', 'type': 'transit', 'travelSummary': {'duration': 540, 'length': 3381}, 'departure': {'time': '2022-09-29T13:48:00-04:00', 'place': {'name': 'Cordage Park', 'type': 'station', 'location': {'lat': 41.98025, 'lng': -70.689722}, 'id': '718990287'}}, 'arrival': {'time': '2022-09-29T13:57:00-04:00', 'place': {'name': 'Plymouth Center', 'type': 'station', 'location': {'lat': 41.96005, 'lng': -70.668122}, 'id': '718990093'}}, 'transport': {'mode': 'bus', 'name': 'Liberty Link', 'category': 'Bus', 'color': '#0e3990', 'textColor': '#ffffff', 'headsign': 'Plymouth Center', 'longName': 'Liberty Link'}, 'agency': {'id': '17651_ba689ab', 'name': 'Greater Attleboro Taunton Regional Transit Authority', 'website': 'http://www.gatra.org'}}, {'id': 'C0-S2', 'type': 'transit', 'travelSummary': {'duration': 780, 'length': 5453}, 'departure': {'time': '2022-09-29T14:00:00-04:00', 'place': {'name': 'Plymouth Center', 'type': 'station', 'location': {'lat': 41.96005, 'lng': -70.668122}, 'id': '718990093'}}, 'arrival': {'time': '2022-09-29T14:13:00-04:00', 'place': {'name': 'Exit 5 P&B Bus Center', 'type': 'station', 'location': {'lat': 41.935917, 'lng': -70.662406}, 'id': '718990214'}}, 'transport': {'mode': 'bus', 'name': 'Mayflower Link - Plymouth to Manomet', 'category': 'Bus', 'color': '#ea5f25', 'textColor': '#ffffff', 'headsign': 'Manomet Stop & Shop', 'longName': 'Mayflower Link - Plymouth to Manomet'}, 'agency': {'id': '17651_ba689ab', 'name': 'Greater Attleboro Taunton Regional Transit Authority', 'website': 'http://www.gatra.org'}}, {'id': 'C0-S3', 'type': 'pedestrian', 'travelSummary': {'duration': 180, 'length': 150}, 'departure': {'time': '2022-09-29T14:13:00-04:00', 'place': {'name': 'Exit 5 P&B Bus Center', 'type': 'station', 'location': {'lat': 41.935917, 'lng': -70.662406}, 'id': '718990214'}}, 'arrival': {'time': '2022-09-29T14:16:00-04:00', 'place': {'name': 'Park & Ride Lot, Ex 5 Info. Ctr', 'type': 'station', 'location': {'lat': 41.935927, 'lng': -70.662504}, 'wheelchairAccessible': 'yes', 'id': '719070053'}}, 'transport': {'mode': 'pedestrian'}}, {'id': 'C0-S4', 'type': 'transit', 'travelSummary': {'duration': 3300, 'length': 66068}, 'departure': {'time': '2022-09-29T14:55:00-04:00', 'place': {'name': 'Park & Ride Lot, Ex 5 Info. Ctr', 'type': 'station', 'location': {'lat': 41.935927, 'lng': -70.662504}, 'wheelchairAccessible': 'yes', 'id': '719070053'}}, 'arrival': {'time': '2022-09-29T15:50:00-04:00', 'place': {'name': 'South Station Transp. Ctr', 'type': 'station', 'location': {'lat': 42.349755, 'lng': -71.055936}, 'wheelchairAccessible': 'yes', 'id': '719070003'}}, 'transport': {'mode': 'bus', 'name': 'Hyannis - South Shore to Logan Airport', 'category': 'Bus', 'color': '#6eb7e5', 'textColor': '#000000', 'headsign': 'Logan International Airport', 'longName': 'Hyannis - South Shore to Logan Airport'}, 'agency': {'id': '19564_096012b', 'name': 'Plymouth & Brockton Street Railway Co.', 'website': 'http://www.p-b.com/'}}, {'id': 'C0-S5', 'type': 'pedestrian', 'travelSummary': {'duration': 360, 'length': 340}, 'departure': {'time': '2022-09-29T15:50:00-04:00', 'place': {'name': 'South Station Transp. Ctr', 'type': 'station', 'location': {'lat': 42.349755, 'lng': -71.055936}, 'wheelchairAccessible': 'yes', 'id': '719070003'}}, 'arrival': {'time': '2022-09-29T15:56:00-04:00', 'place': {'name': 'SouthStation', 'type': 'place', 'location': {'lat': 42.352593, 'lng': -71.055172}}}, 'transport': {'mode': 'pedestrian'}}]}]}"
96,LOWELL,COMMUTER RAIL,TRAIN_NODES,42.63645915613906,-71.31503413172172,POINT (-71.31503413172172 42.63645915613906),200.0,43140.0,"{'routes': [{'id': 'C0', 'sections': [{'id': 'C0-S0', 'type': 'pedestrian', 'travelSummary': {'duration': 420, 'length': 444}, 'departure': {'time': '2022-09-29T14:05:00-04:00', 'place': {'name': 'Lowell', 'type': 'place', 'location': {'lat': 42.636459, 'lng': -71.315034}}}, 'arrival': {'time': '2022-09-29T14:12:00-04:00', 'place': {'name': 'Lowell', 'type': 'station', 'location': {'lat': 42.63535, 'lng': -71.314543}, 'wheelchairAccessible': 'yes', 'id': '419808001'}}, 'transport': {'mode': 'pedestrian'}}, {'id': 'C0-S1', 'type': 'transit', 'travelSummary': {'duration': 2580, 'length': 40559}, 'departure': {'time': '2022-09-29T14:12:00-04:00', 'place': {'name': 'Lowell', 'type': 'station', 'location': {'lat': 42.63535, 'lng': -71.314543}, 'wheelchairAccessible': 'yes', 'id': '419808001'}}, 'arrival': {'time': '2022-09-29T14:55:00-04:00', 'place': {'name': 'North Station', 'type': 'station', 'location': {'lat': 42.365577, 'lng': -71.06129}, 'wheelchairAccessible': 'yes', 'id': '419808162'}}, 'transport': {'mode': 'regionalTrain', 'name': 'Lowell Line', 'category': 'Rail', 'color': '#80276C', 'textColor': '#FFFFFF', 'headsign': 'North Station', 'longName': 'Lowell Line'}, 'agency': {'id': '14811_6b86b27', 'name': 'MBTA', 'website': 'http://www.mbta.com'}}, {'id': 'C0-S2', 'type': 'pedestrian', 'travelSummary': {'duration': 180, 'length': 164}, 'departure': {'time': '2022-09-29T14:55:00-04:00', 'place': {'name': 'North Station', 'type': 'station', 'location': {'lat': 42.365577, 'lng': -71.06129}, 'wheelchairAccessible': 'yes', 'id': '419808162'}}, 'arrival': {'time': '2022-09-29T14:58:00-04:00', 'place': {'name': 'North Station', 'type': 'station', 'location': {'lat': 42.365577, 'lng': -71.06129}, 'wheelchairAccessible': 'yes', 'id': '419810034', 'code': '70205'}}, 'transport': {'mode': 'pedestrian'}}, {'id': 'C0-S3', 'type': 'transit', 'travelSummary': {'duration': 300, 'length': 1233}, 'departure': {'time': '2022-09-29T14:58:00-04:00', 'place': {'name': 'North Station', 'type': 'station', 'location': {'lat': 42.365577, 'lng': -71.06129}, 'wheelchairAccessible': 'yes', 'id': '419810034', 'code': '70205'}}, 'arrival': {'time': '2022-09-29T15:03:00-04:00', 'place': {'name': 'Park Street', 'type': 'station', 'location': {'lat': 42.356395, 'lng': -71.062424}, 'wheelchairAccessible': 'yes', 'id': '419810623', 'platform': 'E', 'code': '70199'}}, 'transport': {'mode': 'lightRail', 'name': 'E', 'category': 'Tram, Streetcar, Light rail', 'color': '#00843D', 'textColor': '#FFFFFF', 'headsign': 'Heath Street', 'shortName': 'E', 'longName': 'Green Line E'}, 'agency': {'id': '14811_6b86b27', 'name': 'MBTA', 'website': 'http://www.mbta.com'}}, {'id': 'C0-S4', 'type': 'pedestrian', 'travelSummary': {'duration': 720, 'length': 740}, 'departure': {'time': '2022-09-29T15:03:00-04:00', 'place': {'name': 'Park Street', 'type': 'station', 'location': {'lat': 42.356395, 'lng': -71.062424}, 'wheelchairAccessible': 'yes', 'id': '419810623', 'code': '70199'}}, 'arrival': {'time': '2022-09-29T15:15:00-04:00', 'place': {'name': 'SouthStation', 'type': 'place', 'location': {'lat': 42.352593, 'lng': -71.055172}}}, 'transport': {'mode': 'pedestrian'}}]}]}"
97,CANTON CENTER,COMMUTER RAIL,TRAIN_NODES,42.156753542523205,-71.14556889332316,POINT (-71.14556889332316 42.15675354252321),200.0,25730.0,"{'routes': [{'id': 'C0', 'sections': [{'id': 'C0-S0', 'type': 'pedestrian', 'travelSummary': {'duration': 1620, 'length': 1610}, 'departure': {'time': '2022-09-29T13:33:00-04:00', 'place': {'name': 'CantonCenter', 'type': 'place', 'location': {'lat': 42.156754, 'lng': -71.145569}}}, 'arrival': {'time': '2022-09-29T14:00:00-04:00', 'place': {'name': 'Canton Junction', 'type': 'station', 'location': {'lat': 42.163204, 'lng': -71.15376}, 'wheelchairAccessible': 'yes', 'id': '419807960'}}, 'transport': {'mode': 'pedestrian'}}, {'id': 'C0-S1', 'type': 'transit', 'travelSummary': {'duration': 1440, 'length': 24120}, 'departure': {'time': '2022-09-29T14:00:00-04:00', 'place': {'name': 'Canton Junction', 'type': 'station', 'location': {'lat': 42.163204, 'lng': -71.15376}, 'wheelchairAccessible': 'yes', 'id': '419807960'}, 'delay': 0}, 'arrival': {'time': '2022-09-29T14:24:00-04:00', 'place': {'name': 'South Station', 'type': 'station', 'location': {'lat': 42.352271, 'lng': -71.055242}, 'wheelchairAccessible': 'yes', 'id': '419808186'}, 'delay': -60}, 'transport': {'mode': 'regionalTrain', 'name': 'Providence/Stoughton Line', 'category': 'Rail', 'color': '#80276C', 'textColor': '#FFFFFF', 'headsign': 'South Station via Ruggles', 'longName': 'Providence/Stoughton Line'}, 'agency': {'id': '14811_6b86b27', 'name': 'MBTA', 'website': 'http://www.mbta.com'}}]}]}"
98,SOUTH ATTLEBORO,COMMUTER RAIL,TRAIN_NODES,41.89779575439436,-71.35494410949791,POINT (-71.35494410949791 41.89779575439436),200.0,85169.0,"{'routes': [{'id': 'C0', 'sections': [{'id': 'C0-S0', 'type': 'pedestrian', 'travelSummary': {'duration': 180, 'length': 176}, 'departure': {'time': '2022-09-29T13:38:00-04:00', 'place': {'name': 'SouthAttleboro', 'type': 'place', 'location': {'lat': 41.897796, 'lng': -71.354944}}}, 'arrival': {'time': '2022-09-29T13:41:00-04:00', 'place': {'name': 'South Attleboro Train Station', 'type': 'station', 'location': {'lat': 41.898929, 'lng': -71.355571}, 'id': '419110048', 'code': '072125'}}, 'transport': {'mode': 'pedestrian'}}, {'id': 'C0-S1', 'type': 'transit', 'travelSummary': {'duration': 1920, 'length': 14148}, 'departure': {'time': '2022-09-29T13:41:00-04:00', 'place': {'name': 'South Attleboro Train Station', 'type': 'station', 'location': {'lat': 41.898929, 'lng': -71.355571}, 'id': '419110048', 'code': '072125'}, 'delay': 0}, 'arrival': {'time': '2022-09-29T14:13:00-04:00', 'place': {'name': 'Kennedy Plaza (Stop H)', 'type': 'station', 'location': {'lat': 41.825282, 'lng': -71.411448}, 'id': '419108457', 'code': '016525'}, 'delay': 0}, 'transport': {'mode': 'bus', 'name': '35', 'category': 'Bus', 'color': '#0085CA', 'textColor': '#FFFFFF', 'headsign': 'Kennedy Plaza (Providence)', 'shortName': '35', 'longName': 'Rumford/Newport Ave'}, 'agency': {'id': '17852_c5a3327', 'name': 'Rhode Island Public Transit Authority', 'website': 'http://www.ripta.com/'}}, {'id': 'C0-S2', 'type': 'pedestrian', 'travelSummary': {'duration': 180, 'length': 150}, 'departure': {'time': '2022-09-29T14:13:00-04:00', 'place': {'name': 'Kennedy Plaza (Stop H)', 'type': 'station', 'location': {'lat': 41.825282, 'lng': -71.411448}, 'id': '419108457', 'code': '016525'}}, 'arrival': {'time': '2022-09-29T14:16:00-04:00', 'place': {'name': 'Kennedy Plaza (Stop J)', 'type': 'station', 'location': {'lat': 41.825567, 'lng': -71.411054}, 'id': '419108461', 'code': '016630'}}, 'transport': {'mode': 'pedestrian'}}, {'id': 'C0-S3', 'type': 'transit', 'travelSummary': {'duration': 120, 'length': 342}, 'departure': {'time': '2022-09-29T14:17:00-04:00', 'place': {'name': 'Kennedy Plaza (Stop J)', 'type': 'station', 'location': {'lat': 41.825567, 'lng': -71.411054}, 'id': '419108461', 'code': '016630'}, 'delay': 0}, 'arrival': {'time': '2022-09-29T14:19:00-04:00', 'place': {'name': 'Providence Station', 'type': 'station', 'location': {'lat': 41.828284, 'lng': -71.413072}, 'id': '419104074', 'code': '072010'}, 'delay': 0}, 'transport': {'mode': 'bus', 'name': 'R', 'category': 'Bus', 'color': '#00843D', 'textColor': '#FFFFFF', 'headsign': 'PAWTUCKET via NORTH MAIN', 'shortName': 'R', 'longName': 'Broad/North Main'}, 'agency': {'id': '17852_c5a3327', 'name': 'Rhode Island Public Transit Authority', 'website': 'http://www.ripta.com/'}}, {'id': 'C0-S4', 'type': 'pedestrian', 'travelSummary': {'duration': 240, 'length': 228}, 'departure': {'time': '2022-09-29T14:19:00-04:00', 'place': {'name': 'Providence Station', 'type': 'station', 'location': {'lat': 41.828284, 'lng': -71.413072}, 'id': '419104074', 'code': '072010'}}, 'arrival': {'time': '2022-09-29T14:23:00-04:00', 'place': {'name': 'Providence Amtrak', 'type': 'station', 'location': {'lat': 41.82949, 'lng': -71.413478}, 'id': '712540429'}}, 'transport': {'mode': 'pedestrian'}}, {'id': 'C0-S5', 'type': 'transit', 'travelSummary': {'duration': 3120, 'length': 70077}, 'departure': {'time': '2022-09-29T14:23:00-04:00', 'place': {'name': 'Providence Amtrak', 'type': 'station', 'location': {'lat': 41.82949, 'lng': -71.413478}, 'id': '712540429'}}, 'arrival': {'time': '2022-09-29T15:15:00-04:00', 'place': {'name': 'Boston South Station Amtrak', 'type': 'station', 'location': {'lat': 42.352311, 'lng': -71.055304}, 'id': '712541105'}}, 'transport': {'mode': 'regionalTrain', 'name': 'Northeast Regional', 'category': 'Rail', 'color': '#CAE4F1', 'textColor': '#000000', 'headsign': 'Boston South Station Amtrak', 'longName': 'Northeast Regional'}, 'agency': {'id': '21285_031b4af', 'name': 'Amtrak', 'website': 'http://www.amtrak.com'}}, {'id': 'C0-S6', 'type': 'pedestrian', 'travelSummary': {'duration': 60, 'length': 48}, 'departure': {'time': '2022-09-29T15:15:00-04:00', 'place': {'name': 'Boston South Station Amtrak', 'type': 'station', 'location': {'lat': 42.352311, 'lng': -71.055304}, 'id': '712541105'}}, 'arrival': {'time': '2022-09-29T15:16:00-04:00', 'place': {'name': 'SouthStation', 'type': 'place', 'location': {'lat': 42.352593, 'lng': -71.055172}}}, 'transport': {'mode': 'pedestrian'}}]}]}"
99,MANSFIELD,COMMUTER RAIL,TRAIN_NODES,42.03278382374011,-71.21992622320674,POINT (-71.21992622320674 42.03278382374011),200.0,39969.0,"{'routes': [{'id': 'C0', 'sections': [{'id': 'C0-S0', 'type': 'transit', 'travelSummary': {'duration': 2400, 'length': 39969}, 'departure': {'time': '2022-09-29T13:44:00-04:00', 'place': {'name': 'Mansfield', 'type': 'station', 'location': {'lat': 42.032787, 'lng': -71.219917}, 'wheelchairAccessible': 'yes', 'id': '419808005'}, 'delay': 0}, 'arrival': {'time': '2022-09-29T14:24:00-04:00', 'place': {'name': 'South Station', 'type': 'station', 'location': {'lat': 42.352271, 'lng': -71.055242}, 'wheelchairAccessible': 'yes', 'id': '419808186'}, 'delay': -60}, 'transport': {'mode': 'regionalTrain', 'name': 'Providence/Stoughton Line', 'category': 'Rail', 'color': '#80276C', 'textColor': '#FFFFFF', 'headsign': 'South Station via Ruggles', 'longName': 'Providence/Stoughton Line'}, 'agency': {'id': '14811_6b86b27', 'name': 'MBTA', 'website': 'http://www.mbta.com'}}]}]}"
100,CANTON JUNCTION,COMMUTER RAIL,TRAIN_NODES,42.16364898479034,-71.1538998073944,POINT (-71.1538998073944 42.16364898479034),200.0,24174.0,"{'routes': [{'id': 'C0', 'sections': [{'id': 'C0-S0', 'type': 'pedestrian', 'travelSummary': {'duration': 60, 'length': 54}, 'departure': {'time': '2022-09-29T13:59:00-04:00', 'place': {'name': 'CantonJunction', 'type': 'place', 'location': {'lat': 42.163649, 'lng': -71.1539}}}, 'arrival': {'time': '2022-09-29T14:00:00-04:00', 'place': {'name': 'Canton Junction', 'type': 'station', 'location': {'lat': 42.163204, 'lng': -71.15376}, 'wheelchairAccessible': 'yes', 'id': '419807960'}}, 'transport': {'mode': 'pedestrian'}}, {'id': 'C0-S1', 'type': 'transit', 'travelSummary': {'duration': 1440, 'length': 24120}, 'departure': {'time': '2022-09-29T14:00:00-04:00', 'place': {'name': 'Canton Junction', 'type': 'station', 'location': {'lat': 42.163204, 'lng': -71.15376}, 'wheelchairAccessible': 'yes', 'id': '419807960'}, 'delay': 0}, 'arrival': {'time': '2022-09-29T14:24:00-04:00', 'place': {'name': 'South Station', 'type': 'station', 'location': {'lat': 42.352271, 'lng': -71.055242}, 'wheelchairAccessible': 'yes', 'id': '419808186'}, 'delay': -60}, 'transport': {'mode': 'regionalTrain', 'name': 'Providence/Stoughton Line', 'category': 'Rail', 'color': '#80276C', 'textColor': '#FFFFFF', 'headsign': 'South Station via Ruggles', 'longName': 'Providence/Stoughton Line'}, 'agency': {'id': '14811_6b86b27', 'name': 'MBTA', 'website': 'http://www.mbta.com'}}]}]}"
101,NORTH BEVERLY,COMMUTER RAIL,TRAIN_NODES,42.58292594334343,-70.88388015134055,POINT (-70.88388015134055 42.58292594334343),200.0,35472.0,"{'routes': [{'id': 'C0', 'sections': [{'id': 'C0-S0', 'type': 'pedestrian', 'travelSummary': {'duration': 180, 'length': 175}, 'departure': {'time': '2022-09-29T14:42:00-04:00', 'place': {'name': 'NorthBeverly', 'type': 'place', 'location': {'lat': 42.582926, 'lng': -70.88388}}}, 'arrival': {'time': '2022-09-29T14:45:00-04:00', 'place': {'name': 'North Beverly', 'type': 'station', 'location': {'lat': 42.583779, 'lng': -70.883851}, 'wheelchairAccessible': 'yes', 'id': '419806630'}}, 'transport': {'mode': 'pedestrian'}}, {'id': 'C0-S1', 'type': 'transit', 'travelSummary': {'duration': 2580, 'length': 33476}, 'departure': {'time': '2022-09-29T14:45:00-04:00', 'place': {'name': 'North Beverly', 'type': 'station', 'location': {'lat': 42.583779, 'lng': -70.883851}, 'wheelchairAccessible': 'yes', 'id': '419806630'}}, 'arrival': {'time': '2022-09-29T15:28:00-04:00', 'place': {'name': 'North Station', 'type': 'station', 'location': {'lat': 42.365577, 'lng': -71.06129}, 'wheelchairAccessible': 'yes', 'id': '419808162'}}, 'transport': {'mode': 'regionalTrain', 'name': 'Newburyport/Rockport Line', 'category': 'Rail', 'color': '#80276C', 'textColor': '#FFFFFF', 'headsign': 'North Station', 'longName': 'Newburyport/Rockport Line'}, 'agency': {'id': '14811_6b86b27', 'name': 'MBTA', 'website': 'http://www.mbta.com'}}, {'id': 'C0-S2', 'type': 'transit', 'travelSummary': {'duration': 300, 'length': 1281}, 'departure': {'time': '2022-09-29T15:33:00-04:00', 'place': {'name': 'North Station', 'type': 'station', 'location': {'lat': 42.365577, 'lng': -71.06129}, 'wheelchairAccessible': 'yes', 'id': '419808162'}}, 'arrival': {'time': '2022-09-29T15:38:00-04:00', 'place': {'name': 'Downtown Crossing', 'type': 'station', 'location': {'lat': 42.355518, 'lng': -71.060225}, 'wheelchairAccessible': 'yes', 'id': '419809874', 'code': '70020'}}, 'transport': {'mode': 'subway', 'name': 'Orange Line', 'category': 'Subway, Metro', 'color': '#ED8B00', 'textColor': '#FFFFFF', 'headsign': 'Forest Hills', 'longName': 'Orange Line'}, 'agency': {'id': '14811_6b86b27', 'name': 'MBTA', 'website': 'http://www.mbta.com'}}, {'id': 'C0-S3-dep', 'type': 'pedestrian', 'travelSummary': {'duration': 120, 'length': 97}, 'departure': {'time': '2022-09-29T15:38:00-04:00', 'place': {'name': 'Downtown Crossing', 'type': 'station', 'location': {'lat': 42.355518, 'lng': -71.060225}, 'wheelchairAccessible': 'yes', 'id': '419809874', 'code': '70020'}}, 'arrival': {'time': '2022-09-29T15:40:00-04:00', 'place': {'name': 'Downtown Crossing - 101 Arch St, Summer St', 'type': 'accessPoint', 'location': {'lat': 42.354843, 'lng': -71.05948}, 'wheelchairAccessible': 'yes'}}, 'spans': [{'walkAttributes': ['indoor']}], 'transport': {'mode': 'pedestrian'}}, {'id': 'C0-S3', 'type': 'pedestrian', 'travelSummary': {'duration': 420, 'length': 443}, 'departure': {'time': '2022-09-29T15:40:00-04:00', 'place': {'name': 'Downtown Crossing - 101 Arch St, Summer St', 'type': 'accessPoint', 'location': {'lat': 42.354843, 'lng': -71.05948}, 'wheelchairAccessible': 'yes'}}, 'arrival': {'time': '2022-09-29T15:47:00-04:00', 'place': {'name': 'SouthStation', 'type': 'place', 'location': {'lat': 42.352593, 'lng': -71.055172}}}, 'transport': {'mode': 'pedestrian'}}]}]}"
102,READVILLE,COMMUTER RAIL,TRAIN_NODES,42.23816470779416,-71.13397938974262,POINT (-71.13397938974262 42.23816470779416),200.0,15859.0,"{'routes': [{'id': 'C0', 'sections': [{'id': 'C0-S0', 'type': 'pedestrian', 'travelSummary': {'duration': 420, 'length': 438}, 'departure': {'time': '2022-09-29T13:48:00-04:00', 'place': {'name': 'Readville', 'type': 'place', 'location': {'lat': 42.238165, 'lng': -71.133979}}}, 'arrival': {'time': '2022-09-29T13:55:00-04:00', 'place': {'name': 'Readville', 'type': 'station', 'location': {'lat': 42.238405, 'lng': -71.133246}, 'wheelchairAccessible': 'yes', 'id': '419806249'}}, 'transport': {'mode': 'pedestrian'}}, {'id': 'C0-S1', 'type': 'transit', 'travelSummary': {'duration': 1020, 'length': 15421}, 'departure': {'time': '2022-09-29T13:55:00-04:00', 'place': {'name': 'Readville', 'type': 'station', 'location': {'lat': 42.238405, 'lng': -71.133246}, 'wheelchairAccessible': 'yes', 'id': '419806249'}, 'delay': 0}, 'arrival': {'time': '2022-09-29T14:12:00-04:00', 'place': {'name': 'South Station', 'type': 'station', 'location': {'lat': 42.352271, 'lng': -71.055242}, 'wheelchairAccessible': 'yes', 'id': '419808186'}, 'delay': -240}, 'transport': {'mode': 'regionalTrain', 'name': 'Franklin/Foxboro Line', 'category': 'Rail', 'color': '#80276C', 'textColor': '#FFFFFF', 'headsign': 'South Station via Ruggles', 'longName': 'Franklin/Foxboro Line'}, 'agency': {'id': '14811_6b86b27', 'name': 'MBTA', 'website': 'http://www.mbta.com'}}]}]}"
103,WALTHAM,COMMUTER RAIL,TRAIN_NODES,42.37410934367113,-71.23652398346752,POINT (-71.23652398346752 42.37410934367113),200.0,18126.0,"{'routes': [{'id': 'C0', 'sections': [{'id': 'C0-S0', 'type': 'pedestrian', 'travelSummary': {'duration': 120, 'length': 118}, 'departure': {'time': '2022-09-29T13:34:00-04:00', 'place': {'name': 'Waltham', 'type': 'place', 'location': {'lat': 42.374109, 'lng': -71.236524}}}, 'arrival': {'time': '2022-09-29T13:36:00-04:00', 'place': {'name': 'Waltham', 'type': 'station', 'location': {'lat': 42.374269, 'lng': -71.235598}, 'wheelchairAccessible': 'yes', 'id': '419808060'}}, 'transport': {'mode': 'pedestrian'}}, {'id': 'C0-S1', 'type': 'transit', 'travelSummary': {'duration': 660, 'length': 10361}, 'departure': {'time': '2022-09-29T13:36:00-04:00', 'place': {'name': 'Waltham', 'type': 'station', 'location': {'lat': 42.374269, 'lng': -71.235598}, 'wheelchairAccessible': 'yes', 'id': '419808060'}, 'delay': 120}, 'arrival': {'time': '2022-09-29T13:47:00-04:00', 'place': {'name': 'Porter', 'type': 'station', 'location': {'lat': 42.3884, 'lng': -71.119149}, 'wheelchairAccessible': 'yes', 'id': '419808169'}, 'delay': 0}, 'transport': {'mode': 'regionalTrain', 'name': 'Fitchburg Line', 'category': 'Rail', 'color': '#80276C', 'textColor': '#FFFFFF', 'headsign': 'North Station', 'longName': 'Fitchburg Line'}, 'agency': {'id': '14811_6b86b27', 'name': 'MBTA', 'website': 'http://www.mbta.com'}}, {'id': 'C0-S2', 'type': 'transit', 'travelSummary': {'duration': 240, 'length': 7647}, 'departure': {'time': '2022-09-29T13:51:00-04:00', 'place': {'name': 'Porter', 'type': 'station', 'location': {'lat': 42.3884, 'lng': -71.119149}, 'wheelchairAccessible': 'yes', 'id': '419808169'}, 'delay': 60}, 'arrival': {'time': '2022-09-29T13:55:00-04:00', 'place': {'name': 'South Station', 'type': 'station', 'location': {'lat': 42.352271, 'lng': -71.055242}, 'wheelchairAccessible': 'yes', 'id': '419808186'}, 'delay': -720}, 'transport': {'mode': 'subway', 'name': 'Red Line', 'category': 'Subway, Metro', 'color': '#DA291C', 'textColor': '#FFFFFF', 'headsign': 'Ashmont', 'longName': 'Red Line'}, 'agency': {'id': '14811_6b86b27', 'name': 'MBTA', 'website': 'http://www.mbta.com'}}]}]}"
104,CONCORD,COMMUTER RAIL,TRAIN_NODES,42.45707305350235,-71.35876783160623,POINT (-71.35876783160623 42.45707305350235),200.0,34486.0,"{'routes': [{'id': 'C0', 'sections': [{'id': 'C0-S0', 'type': 'pedestrian', 'travelSummary': {'duration': 120, 'length': 111}, 'departure': {'time': '2022-09-29T14:13:00-04:00', 'place': {'name': 'Concord', 'type': 'place', 'location': {'lat': 42.457073, 'lng': -71.358768}}}, 'arrival': {'time': '2022-09-29T14:15:00-04:00', 'place': {'name': 'Concord', 'type': 'station', 'location': {'lat': 42.456565, 'lng': -71.357677}, 'wheelchairAccessible': 'no', 'id': '419807963'}}, 'transport': {'mode': 'pedestrian'}}, {'id': 'C0-S1', 'type': 'transit', 'travelSummary': {'duration': 1920, 'length': 26728}, 'departure': {'time': '2022-09-29T14:15:00-04:00', 'place': {'name': 'Concord', 'type': 'station', 'location': {'lat': 42.456565, 'lng': -71.357677}, 'wheelchairAccessible': 'no', 'id': '419807963'}}, 'arrival': {'time': '2022-09-29T14:47:00-04:00', 'place': {'name': 'Porter', 'type': 'station', 'location': {'lat': 42.3884, 'lng': -71.119149}, 'wheelchairAccessible': 'yes', 'id': '419808169'}}, 'transport': {'mode': 'regionalTrain', 'name': 'Fitchburg Line', 'category': 'Rail', 'color': '#80276C', 'textColor': '#FFFFFF', 'headsign': 'North Station', 'longName': 'Fitchburg Line'}, 'agency': {'id': '14811_6b86b27', 'name': 'MBTA', 'website': 'http://www.mbta.com'}}, {'id': 'C0-S2', 'type': 'transit', 'travelSummary': {'duration': 1080, 'length': 7647}, 'departure': {'time': '2022-09-29T14:48:00-04:00', 'place': {'name': 'Porter', 'type': 'station', 'location': {'lat': 42.3884, 'lng': -71.119149}, 'wheelchairAccessible': 'yes', 'id': '419808169'}}, 'arrival': {'time': '2022-09-29T15:06:00-04:00', 'place': {'name': 'South Station', 'type': 'station', 'location': {'lat': 42.352271, 'lng': -71.055242}, 'wheelchairAccessible': 'yes', 'id': '419808186'}}, 'transport': {'mode': 'subway', 'name': 'Red Line', 'category': 'Subway, Metro', 'color': '#DA291C', 'textColor': '#FFFFFF', 'headsign': 'Ashmont', 'longName': 'Red Line'}, 'agency': {'id': '14811_6b86b27', 'name': 'MBTA', 'website': 'http://www.mbta.com'}}]}]}"
105,LINCOLN,COMMUTER RAIL,TRAIN_NODES,42.414039263432585,-71.32585747309088,POINT (-71.32585747309088 42.41403926343258),200.0,28948.0,"{'routes': [{'id': 'C0', 'sections': [{'id': 'C0-S0', 'type': 'pedestrian', 'travelSummary': {'duration': 60, 'length': 80}, 'departure': {'time': '2022-09-29T14:20:00-04:00', 'place': {'name': 'Lincoln', 'type': 'place', 'location': {'lat': 42.414039, 'lng': -71.325857}}}, 'arrival': {'time': '2022-09-29T14:21:00-04:00', 'place': {'name': 'Lincoln', 'type': 'station', 'location': {'lat': 42.41342, 'lng': -71.325404}, 'wheelchairAccessible': 'no', 'id': '419807331'}}, 'transport': {'mode': 'pedestrian'}}, {'id': 'C0-S1', 'type': 'transit', 'travelSummary': {'duration': 1560, 'length': 21221}, 'departure': {'time': '2022-09-29T14:21:00-04:00', 'place': {'name': 'Lincoln', 'type': 'station', 'location': {'lat': 42.41342, 'lng': -71.325404}, 'wheelchairAccessible': 'no', 'id': '419807331'}}, 'arrival': {'time': '2022-09-29T14:47:00-04:00', 'place': {'name': 'Porter', 'type': 'station', 'location': {'lat': 42.3884, 'lng': -71.119149}, 'wheelchairAccessible': 'yes', 'id': '419808169'}}, 'transport': {'mode': 'regionalTrain', 'name': 'Fitchburg Line', 'category': 'Rail', 'color': '#80276C', 'textColor': '#FFFFFF', 'headsign': 'North Station', 'longName': 'Fitchburg Line'}, 'agency': {'id': '14811_6b86b27', 'name': 'MBTA', 'website': 'http://www.mbta.com'}}, {'id': 'C0-S2', 'type': 'transit', 'travelSummary': {'duration': 1080, 'length': 7647}, 'departure': {'time': '2022-09-29T14:48:00-04:00', 'place': {'name': 'Porter', 'type': 'station', 'location': {'lat': 42.3884, 'lng': -71.119149}, 'wheelchairAccessible': 'yes', 'id': '419808169'}}, 'arrival': {'time': '2022-09-29T15:06:00-04:00', 'place': {'name': 'South Station', 'type': 'station', 'location': {'lat': 42.352271, 'lng': -71.055242}, 'wheelchairAccessible': 'yes', 'id': '419808186'}}, 'transport': {'mode': 'subway', 'name': 'Red Line', 'category': 'Subway, Metro', 'color': '#DA291C', 'textColor': '#FFFFFF', 'headsign': 'Ashmont', 'longName': 'Red Line'}, 'agency': {'id': '14811_6b86b27', 'name': 'MBTA', 'website': 'http://www.mbta.com'}}]}]}"
106,HASTINGS,COMMUTER RAIL,TRAIN_NODES,42.38584718815791,-71.28916120620144,POINT (-71.28916120620144 42.38584718815791),200.0,24634.0,"{'routes': [{'id': 'C0', 'sections': [{'id': 'C0-S0', 'type': 'pedestrian', 'travelSummary': {'duration': 1380, 'length': 1359}, 'departure': {'time': '2022-09-29T14:04:00-04:00', 'place': {'name': 'Hastings', 'type': 'place', 'location': {'lat': 42.385847, 'lng': -71.289161}}}, 'arrival': {'time': '2022-09-29T14:27:00-04:00', 'place': {'name': 'Kendal Green', 'type': 'station', 'location': {'lat': 42.37897, 'lng': -71.282411}, 'wheelchairAccessible': 'no', 'id': '419807328'}}, 'transport': {'mode': 'pedestrian'}}, {'id': 'C0-S1', 'type': 'transit', 'travelSummary': {'duration': 1200, 'length': 15628}, 'departure': {'time': '2022-09-29T14:27:00-04:00', 'place': {'name': 'Kendal Green', 'type': 'station', 'location': {'lat': 42.37897, 'lng': -71.282411}, 'wheelchairAccessible': 'no', 'id': '419807328'}}, 'arrival': {'time': '2022-09-29T14:47:00-04:00', 'place': {'name': 'Porter', 'type': 'station', 'location': {'lat': 42.3884, 'lng': -71.119149}, 'wheelchairAccessible': 'yes', 'id': '419808169'}}, 'transport': {'mode': 'regionalTrain', 'name': 'Fitchburg Line', 'category': 'Rail', 'color': '#80276C', 'textColor': '#FFFFFF', 'headsign': 'North Station', 'longName': 'Fitchburg Line'}, 'agency': {'id': '14811_6b86b27', 'name': 'MBTA', 'website': 'http://www.mbta.com'}}, {'id': 'C0-S2', 'type': 'transit', 'travelSummary': {'duration': 1080, 'length': 7647}, 'departure': {'time': '2022-09-29T14:48:00-04:00', 'place': {'name': 'Porter', 'type': 'station', 'location': {'lat': 42.3884, 'lng': -71.119149}, 'wheelchairAccessible': 'yes', 'id': '419808169'}}, 'arrival': {'time': '2022-09-29T15:06:00-04:00', 'place': {'name': 'South Station', 'type': 'station', 'location': {'lat': 42.352271, 'lng': -71.055242}, 'wheelchairAccessible': 'yes', 'id': '419808186'}}, 'transport': {'mode': 'subway', 'name': 'Red Line', 'category': 'Subway, Metro', 'color': '#DA291C', 'textColor': '#FFFFFF', 'headsign': 'Ashmont', 'longName': 'Red Line'}, 'agency': {'id': '14811_6b86b27', 'name': 'MBTA', 'website': 'http://www.mbta.com'}}]}]}"
107,WAVERLEY,COMMUTER RAIL,TRAIN_NODES,42.38763534853575,-71.19059628256672,POINT (-71.19059628256672 42.38763534853575),200.0,14009.0,"{'routes': [{'id': 'C0', 'sections': [{'id': 'C0-S0', 'type': 'transit', 'travelSummary': {'duration': 420, 'length': 6362}, 'departure': {'time': '2022-09-29T13:40:00-04:00', 'place': {'name': 'Waverley', 'type': 'station', 'location': {'lat': 42.3876, 'lng': -71.190744}, 'wheelchairAccessible': 'no', 'id': '419808061'}, 'delay': 60}, 'arrival': {'time': '2022-09-29T13:47:00-04:00', 'place': {'name': 'Porter', 'type': 'station', 'location': {'lat': 42.3884, 'lng': -71.119149}, 'wheelchairAccessible': 'yes', 'id': '419808169'}, 'delay': 0}, 'transport': {'mode': 'regionalTrain', 'name': 'Fitchburg Line', 'category': 'Rail', 'color': '#80276C', 'textColor': '#FFFFFF', 'headsign': 'North Station', 'longName': 'Fitchburg Line'}, 'agency': {'id': '14811_6b86b27', 'name': 'MBTA', 'website': 'http://www.mbta.com'}}, {'id': 'C0-S1', 'type': 'transit', 'travelSummary': {'duration': 240, 'length': 7647}, 'departure': {'time': '2022-09-29T13:51:00-04:00', 'place': {'name': 'Porter', 'type': 'station', 'location': {'lat': 42.3884, 'lng': -71.119149}, 'wheelchairAccessible': 'yes', 'id': '419808169'}, 'delay': 60}, 'arrival': {'time': '2022-09-29T13:55:00-04:00', 'place': {'name': 'South Station', 'type': 'station', 'location': {'lat': 42.352271, 'lng': -71.055242}, 'wheelchairAccessible': 'yes', 'id': '419808186'}, 'delay': -720}, 'transport': {'mode': 'subway', 'name': 'Red Line', 'category': 'Subway, Metro', 'color': '#DA291C', 'textColor': '#FFFFFF', 'headsign': 'Ashmont', 'longName': 'Red Line'}, 'agency': {'id': '14811_6b86b27', 'name': 'MBTA', 'website': 'http://www.mbta.com'}}]}]}"
108,PORTER SQUARE,COMMUTER RAIL,TRAIN_NODES,42.388397572820864,-71.11940725458233,POINT (-71.11940725458233 42.38839757282086),200.0,7710.0,"{'routes': [{'id': 'C0', 'sections': [{'id': 'C0-S0', 'type': 'pedestrian', 'travelSummary': {'duration': 60, 'length': 46}, 'departure': {'time': '2022-09-29T13:33:00-04:00', 'place': {'name': 'PorterSquare', 'type': 'place', 'location': {'lat': 42.388398, 'lng': -71.119407}}}, 'arrival': {'time': '2022-09-29T13:34:00-04:00', 'place': {'name': 'Porter - Massachusetts Ave (East), Buses', 'type': 'accessPoint', 'location': {'lat': 42.388254, 'lng': -71.119099}, 'wheelchairAccessible': 'no'}}, 'transport': {'mode': 'pedestrian'}}, {'id': 'C0-S0-arr', 'type': 'pedestrian', 'travelSummary': {'duration': 60, 'length': 17}, 'departure': {'time': '2022-09-29T13:34:00-04:00', 'place': {'name': 'Porter - Massachusetts Ave (East), Buses', 'type': 'accessPoint', 'location': {'lat': 42.388254, 'lng': -71.119099}, 'wheelchairAccessible': 'no'}}, 'arrival': {'time': '2022-09-29T13:35:00-04:00', 'place': {'name': 'Porter', 'type': 'station', 'location': {'lat': 42.3884, 'lng': -71.119149}, 'wheelchairAccessible': 'yes', 'id': '419808169'}}, 'spans': [{'walkAttributes': ['indoor']}], 'transport': {'mode': 'pedestrian'}}, {'id': 'C0-S1', 'type': 'transit', 'travelSummary': {'duration': 240, 'length': 7647}, 'departure': {'time': '2022-09-29T13:35:00-04:00', 'place': {'name': 'Porter', 'type': 'station', 'location': {'lat': 42.3884, 'lng': -71.119149}, 'wheelchairAccessible': 'yes', 'id': '419808169'}, 'delay': -60}, 'arrival': {'time': '2022-09-29T13:39:00-04:00', 'place': {'name': 'South Station', 'type': 'station', 'location': {'lat': 42.352271, 'lng': -71.055242}, 'wheelchairAccessible': 'yes', 'id': '419808186'}, 'delay': -840}, 'transport': {'mode': 'subway', 'name': 'Red Line', 'category': 'Subway, Metro', 'color': '#DA291C', 'textColor': '#FFFFFF', 'headsign': 'Ashmont', 'longName': 'Red Line'}, 'agency': {'id': '14811_6b86b27', 'name': 'MBTA', 'website': 'http://www.mbta.com'}}]}]}"
109,LITTLETON/ROUTE 495,COMMUTER RAIL,TRAIN_NODES,42.51929487413543,-71.50248772910989,POINT (-71.50248772910989 42.51929487413543),200.0,50530.0,"{'routes': [{'id': 'C0', 'sections': [{'id': 'C0-S1', 'type': 'transit', 'travelSummary': {'duration': 2760, 'length': 42883}, 'departure': {'time': '2022-09-29T14:01:00-04:00', 'place': {'name': 'Littleton/Route 495', 'type': 'station', 'location': {'lat': 42.519236, 'lng': -71.502643}, 'wheelchairAccessible': 'yes', 'id': '419808860'}}, 'arrival': {'time': '2022-09-29T14:47:00-04:00', 'place': {'name': 'Porter', 'type': 'station', 'location': {'lat': 42.3884, 'lng': -71.119149}, 'wheelchairAccessible': 'yes', 'id': '419808169'}}, 'transport': {'mode': 'regionalTrain', 'name': 'Fitchburg Line', 'category': 'Rail', 'color': '#80276C', 'textColor': '#FFFFFF', 'headsign': 'North Station', 'longName': 'Fitchburg Line'}, 'agency': {'id': '14811_6b86b27', 'name': 'MBTA', 'website': 'http://www.mbta.com'}}, {'id': 'C0-S2', 'type': 'transit', 'travelSummary': {'duration': 1080, 'length': 7647}, 'departure': {'time': '2022-09-29T14:48:00-04:00', 'place': {'name': 'Porter', 'type': 'station', 'location': {'lat': 42.3884, 'lng': -71.119149}, 'wheelchairAccessible': 'yes', 'id': '419808169'}}, 'arrival': {'time': '2022-09-29T15:06:00-04:00', 'place': {'name': 'South Station', 'type': 'station', 'location': {'lat': 42.352271, 'lng': -71.055242}, 'wheelchairAccessible': 'yes', 'id': '419808186'}}, 'transport': {'mode': 'subway', 'name': 'Red Line', 'category': 'Subway, Metro', 'color': '#DA291C', 'textColor': '#FFFFFF', 'headsign': 'Ashmont', 'longName': 'Red Line'}, 'agency': {'id': '14811_6b86b27', 'name': 'MBTA', 'website': 'http://www.mbta.com'}}]}]}"
110,SOUTH ACTON,COMMUTER RAIL,TRAIN_NODES,42.46035517108453,-71.45790442315958,POINT (-71.45790442315958 42.46035517108453),200.0,43626.0,"{'routes': [{'id': 'C0', 'sections': [{'id': 'C0-S0', 'type': 'pedestrian', 'travelSummary': {'duration': 840, 'length': 845}, 'departure': {'time': '2022-09-29T13:53:00-04:00', 'place': {'name': 'SouthActon', 'type': 'place', 'location': {'lat': 42.460355, 'lng': -71.457904}}}, 'arrival': {'time': '2022-09-29T14:07:00-04:00', 'place': {'name': 'South Acton', 'type': 'station', 'location': {'lat': 42.460375, 'lng': -71.457744}, 'wheelchairAccessible': 'yes', 'id': '419807333'}}, 'transport': {'mode': 'pedestrian'}}, {'id': 'C0-S1', 'type': 'transit', 'travelSummary': {'duration': 2400, 'length': 35134}, 'departure': {'time': '2022-09-29T14:07:00-04:00', 'place': {'name': 'South Acton', 'type': 'station', 'location': {'lat': 42.460375, 'lng': -71.457744}, 'wheelchairAccessible': 'yes', 'id': '419807333'}}, 'arrival': {'time': '2022-09-29T14:47:00-04:00', 'place': {'name': 'Porter', 'type': 'station', 'location': {'lat': 42.3884, 'lng': -71.119149}, 'wheelchairAccessible': 'yes', 'id': '419808169'}}, 'transport': {'mode': 'regionalTrain', 'name': 'Fitchburg Line', 'category': 'Rail', 'color': '#80276C', 'textColor': '#FFFFFF', 'headsign': 'North Station', 'longName': 'Fitchburg Line'}, 'agency': {'id': '14811_6b86b27', 'name': 'MBTA', 'website': 'http://www.mbta.com'}}, {'id': 'C0-S2', 'type': 'transit', 'travelSummary': {'duration': 1080, 'length': 7647}, 'departure': {'time': '2022-09-29T14:48:00-04:00', 'place': {'name': 'Porter', 'type': 'station', 'location': {'lat': 42.3884, 'lng': -71.119149}, 'wheelchairAccessible': 'yes', 'id': '419808169'}}, 'arrival': {'time': '2022-09-29T15:06:00-04:00', 'place': {'name': 'South Station', 'type': 'station', 'location': {'lat': 42.352271, 'lng': -71.055242}, 'wheelchairAccessible': 'yes', 'id': '419808186'}}, 'transport': {'mode': 'subway', 'name': 'Red Line', 'category': 'Subway, Metro', 'color': '#DA291C', 'textColor': '#FFFFFF', 'headsign': 'Ashmont', 'longName': 'Red Line'}, 'agency': {'id': '14811_6b86b27', 'name': 'MBTA', 'website': 'http://www.mbta.com'}}]}]}"
111,WEST CONCORD,COMMUTER RAIL,TRAIN_NODES,42.45707367176413,-71.392724025223,POINT (-71.392724025223 42.45707367176413),200.0,37306.0,"{'routes': [{'id': 'C0', 'sections': [{'id': 'C0-S0', 'type': 'transit', 'travelSummary': {'duration': 2160, 'length': 29659}, 'departure': {'time': '2022-09-29T14:11:00-04:00', 'place': {'name': 'West Concord', 'type': 'station', 'location': {'lat': 42.457043, 'lng': -71.392892}, 'wheelchairAccessible': 'yes', 'id': '419807332'}}, 'arrival': {'time': '2022-09-29T14:47:00-04:00', 'place': {'name': 'Porter', 'type': 'station', 'location': {'lat': 42.3884, 'lng': -71.119149}, 'wheelchairAccessible': 'yes', 'id': '419808169'}}, 'transport': {'mode': 'regionalTrain', 'name': 'Fitchburg Line', 'category': 'Rail', 'color': '#80276C', 'textColor': '#FFFFFF', 'headsign': 'North Station', 'longName': 'Fitchburg Line'}, 'agency': {'id': '14811_6b86b27', 'name': 'MBTA', 'website': 'http://www.mbta.com'}}, {'id': 'C0-S1', 'type': 'transit', 'travelSummary': {'duration': 1080, 'length': 7647}, 'departure': {'time': '2022-09-29T14:48:00-04:00', 'place': {'name': 'Porter', 'type': 'station', 'location': {'lat': 42.3884, 'lng': -71.119149}, 'wheelchairAccessible': 'yes', 'id': '419808169'}}, 'arrival': {'time': '2022-09-29T15:06:00-04:00', 'place': {'name': 'South Station', 'type': 'station', 'location': {'lat': 42.352271, 'lng': -71.055242}, 'wheelchairAccessible': 'yes', 'id': '419808186'}}, 'transport': {'mode': 'subway', 'name': 'Red Line', 'category': 'Subway, Metro', 'color': '#DA291C', 'textColor': '#FFFFFF', 'headsign': 'Ashmont', 'longName': 'Red Line'}, 'agency': {'id': '14811_6b86b27', 'name': 'MBTA', 'website': 'http://www.mbta.com'}}]}]}"
112,SILVER HILL,COMMUTER RAIL,TRAIN_NODES,42.39568317703269,-71.3021092532709,POINT (-71.3021092532709 42.39568317703269),200.0,,"{'notices': [{'title': 'Routing is not possible due to missing stations in a given range', 'code': 'noStationsFound'}, {'title': 'Route between origin and destination is not possible given current input parameters', 'code': 'noRouteFound'}, {'title': 'This notice is deprecated, see noRouteFound', 'code': 'noRoutesFound'}], 'routes': []}"
113,KENDAL GREEN,COMMUTER RAIL,TRAIN_NODES,42.37977784071721,-71.28321535644922,POINT (-71.28321535644922 42.37977784071721),200.0,23275.0,"{'routes': [{'id': 'C0', 'sections': [{'id': 'C0-S0', 'type': 'transit', 'travelSummary': {'duration': 960, 'length': 15628}, 'departure': {'time': '2022-09-29T13:31:00-04:00', 'place': {'name': 'Kendal Green', 'type': 'station', 'location': {'lat': 42.37897, 'lng': -71.282411}, 'wheelchairAccessible': 'no', 'id': '419807328'}, 'delay': 240}, 'arrival': {'time': '2022-09-29T13:47:00-04:00', 'place': {'name': 'Porter', 'type': 'station', 'location': {'lat': 42.3884, 'lng': -71.119149}, 'wheelchairAccessible': 'yes', 'id': '419808169'}, 'delay': 0}, 'transport': {'mode': 'regionalTrain', 'name': 'Fitchburg Line', 'category': 'Rail', 'color': '#80276C', 'textColor': '#FFFFFF', 'headsign': 'North Station', 'longName': 'Fitchburg Line'}, 'agency': {'id': '14811_6b86b27', 'name': 'MBTA', 'website': 'http://www.mbta.com'}}, {'id': 'C0-S1', 'type': 'transit', 'travelSummary': {'duration': 240, 'length': 7647}, 'departure': {'time': '2022-09-29T13:51:00-04:00', 'place': {'name': 'Porter', 'type': 'station', 'location': {'lat': 42.3884, 'lng': -71.119149}, 'wheelchairAccessible': 'yes', 'id': '419808169'}, 'delay': 60}, 'arrival': {'time': '2022-09-29T13:55:00-04:00', 'place': {'name': 'South Station', 'type': 'station', 'location': {'lat': 42.352271, 'lng': -71.055242}, 'wheelchairAccessible': 'yes', 'id': '419808186'}, 'delay': -720}, 'transport': {'mode': 'subway', 'name': 'Red Line', 'category': 'Subway, Metro', 'color': '#DA291C', 'textColor': '#FFFFFF', 'headsign': 'Ashmont', 'longName': 'Red Line'}, 'agency': {'id': '14811_6b86b27', 'name': 'MBTA', 'website': 'http://www.mbta.com'}}]}]}"
114,BRANDEIS/ROBERTS,COMMUTER RAIL,TRAIN_NODES,42.3619244444936,-71.26010669404783,POINT (-71.26010669404783 42.3619244444936),200.0,20505.0,"{'routes': [{'id': 'C0', 'sections': [{'id': 'C0-S0', 'type': 'transit', 'travelSummary': {'duration': 780, 'length': 12858}, 'departure': {'time': '2022-09-29T13:34:00-04:00', 'place': {'name': 'Brandeis/Roberts', 'type': 'station', 'location': {'lat': 42.361898, 'lng': -71.260065}, 'wheelchairAccessible': 'yes', 'id': '419807279'}, 'delay': 240}, 'arrival': {'time': '2022-09-29T13:47:00-04:00', 'place': {'name': 'Porter', 'type': 'station', 'location': {'lat': 42.3884, 'lng': -71.119149}, 'wheelchairAccessible': 'yes', 'id': '419808169'}, 'delay': 0}, 'transport': {'mode': 'regionalTrain', 'name': 'Fitchburg Line', 'category': 'Rail', 'color': '#80276C', 'textColor': '#FFFFFF', 'headsign': 'North Station', 'longName': 'Fitchburg Line'}, 'agency': {'id': '14811_6b86b27', 'name': 'MBTA', 'website': 'http://www.mbta.com'}}, {'id': 'C0-S1', 'type': 'transit', 'travelSummary': {'duration': 240, 'length': 7647}, 'departure': {'time': '2022-09-29T13:51:00-04:00', 'place': {'name': 'Porter', 'type': 'station', 'location': {'lat': 42.3884, 'lng': -71.119149}, 'wheelchairAccessible': 'yes', 'id': '419808169'}, 'delay': 60}, 'arrival': {'time': '2022-09-29T13:55:00-04:00', 'place': {'name': 'South Station', 'type': 'station', 'location': {'lat': 42.352271, 'lng': -71.055242}, 'wheelchairAccessible': 'yes', 'id': '419808186'}, 'delay': -720}, 'transport': {'mode': 'subway', 'name': 'Red Line', 'category': 'Subway, Metro', 'color': '#DA291C', 'textColor': '#FFFFFF', 'headsign': 'Ashmont', 'longName': 'Red Line'}, 'agency': {'id': '14811_6b86b27', 'name': 'MBTA', 'website': 'http://www.mbta.com'}}]}]}"
115,BELMONT,COMMUTER RAIL,TRAIN_NODES,42.39601733906687,-71.17582300056588,POINT (-71.17582300056588 42.39601733906687),200.0,12496.0,"{'routes': [{'id': 'C0', 'sections': [{'id': 'C0-S0', 'type': 'pedestrian', 'travelSummary': {'duration': 0, 'length': 29}, 'departure': {'time': '2022-09-29T13:42:00-04:00', 'place': {'name': 'Belmont', 'type': 'place', 'location': {'lat': 42.396017, 'lng': -71.175823}}}, 'arrival': {'time': '2022-09-29T13:42:00-04:00', 'place': {'name': 'Belmont', 'type': 'station', 'location': {'lat': 42.395896, 'lng': -71.17619}, 'wheelchairAccessible': 'no', 'id': '419807037'}}, 'transport': {'mode': 'pedestrian'}}, {'id': 'C0-S1', 'type': 'transit', 'travelSummary': {'duration': 300, 'length': 4820}, 'departure': {'time': '2022-09-29T13:42:00-04:00', 'place': {'name': 'Belmont', 'type': 'station', 'location': {'lat': 42.395896, 'lng': -71.17619}, 'wheelchairAccessible': 'no', 'id': '419807037'}, 'delay': 60}, 'arrival': {'time': '2022-09-29T13:47:00-04:00', 'place': {'name': 'Porter', 'type': 'station', 'location': {'lat': 42.3884, 'lng': -71.119149}, 'wheelchairAccessible': 'yes', 'id': '419808169'}, 'delay': 0}, 'transport': {'mode': 'regionalTrain', 'name': 'Fitchburg Line', 'category': 'Rail', 'color': '#80276C', 'textColor': '#FFFFFF', 'headsign': 'North Station', 'longName': 'Fitchburg Line'}, 'agency': {'id': '14811_6b86b27', 'name': 'MBTA', 'website': 'http://www.mbta.com'}}, {'id': 'C0-S2', 'type': 'transit', 'travelSummary': {'duration': 240, 'length': 7647}, 'departure': {'time': '2022-09-29T13:51:00-04:00', 'place': {'name': 'Porter', 'type': 'station', 'location': {'lat': 42.3884, 'lng': -71.119149}, 'wheelchairAccessible': 'yes', 'id': '419808169'}, 'delay': 60}, 'arrival': {'time': '2022-09-29T13:55:00-04:00', 'place': {'name': 'South Station', 'type': 'station', 'location': {'lat': 42.352271, 'lng': -71.055242}, 'wheelchairAccessible': 'yes', 'id': '419808186'}, 'delay': -720}, 'transport': {'mode': 'subway', 'name': 'Red Line', 'category': 'Subway, Metro', 'color': '#DA291C', 'textColor': '#FFFFFF', 'headsign': 'Ashmont', 'longName': 'Red Line'}, 'agency': {'id': '14811_6b86b27', 'name': 'MBTA', 'website': 'http://www.mbta.com'}}]}]}"
116,NORTH LEOMINSTER,COMMUTER RAIL,TRAIN_NODES,42.54006555237639,-71.73985693037085,POINT (-71.73985693037085 42.54006555237639),200.0,75083.0,"{'routes': [{'id': 'C0', 'sections': [{'id': 'C0-S0', 'type': 'pedestrian', 'travelSummary': {'duration': 300, 'length': 276}, 'departure': {'time': '2022-09-29T14:35:00-04:00', 'place': {'name': 'NorthLeominster', 'type': 'place', 'location': {'lat': 42.540066, 'lng': -71.739857}}}, 'arrival': {'time': '2022-09-29T14:40:00-04:00', 'place': {'name': 'North Leominster', 'type': 'station', 'location': {'lat': 42.539017, 'lng': -71.739186}, 'wheelchairAccessible': 'yes', 'id': '419807336'}}, 'transport': {'mode': 'pedestrian'}}, {'id': 'C0-S1', 'type': 'transit', 'travelSummary': {'duration': 4020, 'length': 67160}, 'departure': {'time': '2022-09-29T14:40:00-04:00', 'place': {'name': 'North Leominster', 'type': 'station', 'location': {'lat': 42.539017, 'lng': -71.739186}, 'wheelchairAccessible': 'yes', 'id': '419807336'}}, 'arrival': {'time': '2022-09-29T15:47:00-04:00', 'place': {'name': 'Porter', 'type': 'station', 'location': {'lat': 42.3884, 'lng': -71.119149}, 'wheelchairAccessible': 'yes', 'id': '419808169'}}, 'transport': {'mode': 'regionalTrain', 'name': 'Fitchburg Line', 'category': 'Rail', 'color': '#80276C', 'textColor': '#FFFFFF', 'headsign': 'North Station', 'longName': 'Fitchburg Line'}, 'agency': {'id': '14811_6b86b27', 'name': 'MBTA', 'website': 'http://www.mbta.com'}}, {'id': 'C0-S2', 'type': 'transit', 'travelSummary': {'duration': 1080, 'length': 7647}, 'departure': {'time': '2022-09-29T15:53:00-04:00', 'place': {'name': 'Porter', 'type': 'station', 'location': {'lat': 42.3884, 'lng': -71.119149}, 'wheelchairAccessible': 'yes', 'id': '419808169'}}, 'arrival': {'time': '2022-09-29T16:11:00-04:00', 'place': {'name': 'South Station', 'type': 'station', 'location': {'lat': 42.352271, 'lng': -71.055242}, 'wheelchairAccessible': 'yes', 'id': '419808186'}}, 'transport': {'mode': 'subway', 'name': 'Red Line', 'category': 'Subway, Metro', 'color': '#DA291C', 'textColor': '#FFFFFF', 'headsign': 'Braintree', 'longName': 'Red Line'}, 'agency': {'id': '14811_6b86b27', 'name': 'MBTA', 'website': 'http://www.mbta.com'}}]}]}"
117,AYER,COMMUTER RAIL,TRAIN_NODES,42.55906538713207,-71.58864922474248,POINT (-71.58864922474248 42.55906538713207),200.0,60030.0,"{'routes': [{'id': 'C0', 'sections': [{'id': 'C0-S1', 'type': 'transit', 'travelSummary': {'duration': 3240, 'length': 52383}, 'departure': {'time': '2022-09-29T14:53:00-04:00', 'place': {'name': 'Ayer', 'type': 'station', 'location': {'lat': 42.559074, 'lng': -71.588476}, 'wheelchairAccessible': 'no', 'id': '419807334'}}, 'arrival': {'time': '2022-09-29T15:47:00-04:00', 'place': {'name': 'Porter', 'type': 'station', 'location': {'lat': 42.3884, 'lng': -71.119149}, 'wheelchairAccessible': 'yes', 'id': '419808169'}}, 'transport': {'mode': 'regionalTrain', 'name': 'Fitchburg Line', 'category': 'Rail', 'color': '#80276C', 'textColor': '#FFFFFF', 'headsign': 'North Station', 'longName': 'Fitchburg Line'}, 'agency': {'id': '14811_6b86b27', 'name': 'MBTA', 'website': 'http://www.mbta.com'}}, {'id': 'C0-S2', 'type': 'transit', 'travelSummary': {'duration': 1080, 'length': 7647}, 'departure': {'time': '2022-09-29T15:53:00-04:00', 'place': {'name': 'Porter', 'type': 'station', 'location': {'lat': 42.3884, 'lng': -71.119149}, 'wheelchairAccessible': 'yes', 'id': '419808169'}}, 'arrival': {'time': '2022-09-29T16:11:00-04:00', 'place': {'name': 'South Station', 'type': 'station', 'location': {'lat': 42.352271, 'lng': -71.055242}, 'wheelchairAccessible': 'yes', 'id': '419808186'}}, 'transport': {'mode': 'subway', 'name': 'Red Line', 'category': 'Subway, Metro', 'color': '#DA291C', 'textColor': '#FFFFFF', 'headsign': 'Braintree', 'longName': 'Red Line'}, 'agency': {'id': '14811_6b86b27', 'name': 'MBTA', 'website': 'http://www.mbta.com'}}]}]}"
118,NORWOOD DEPOT,COMMUTER RAIL,TRAIN_NODES,42.1963099139796,-71.19692550404591,POINT (-71.19692550404591 42.1963099139796),200.0,23166.0,"{'routes': [{'id': 'C0', 'sections': [{'id': 'C0-S0', 'type': 'pedestrian', 'travelSummary': {'duration': 60, 'length': 58}, 'departure': {'time': '2022-09-29T13:41:00-04:00', 'place': {'name': 'NorwoodDepot', 'type': 'place', 'location': {'lat': 42.19631, 'lng': -71.196926}}}, 'arrival': {'time': '2022-09-29T13:42:00-04:00', 'place': {'name': 'Norwood Depot', 'type': 'station', 'location': {'lat': 42.196857, 'lng': -71.196688}, 'wheelchairAccessible': 'yes', 'id': '419806715'}}, 'transport': {'mode': 'pedestrian'}}, {'id': 'C0-S1', 'type': 'transit', 'travelSummary': {'duration': 1800, 'length': 23108}, 'departure': {'time': '2022-09-29T13:42:00-04:00', 'place': {'name': 'Norwood Depot', 'type': 'station', 'location': {'lat': 42.196857, 'lng': -71.196688}, 'wheelchairAccessible': 'yes', 'id': '419806715'}, 'delay': 0}, 'arrival': {'time': '2022-09-29T14:12:00-04:00', 'place': {'name': 'South Station', 'type': 'station', 'location': {'lat': 42.352271, 'lng': -71.055242}, 'wheelchairAccessible': 'yes', 'id': '419808186'}, 'delay': -240}, 'transport': {'mode': 'regionalTrain', 'name': 'Franklin/Foxboro Line', 'category': 'Rail', 'color': '#80276C', 'textColor': '#FFFFFF', 'headsign': 'South Station via Ruggles', 'longName': 'Franklin/Foxboro Line'}, 'agency': {'id': '14811_6b86b27', 'name': 'MBTA', 'website': 'http://www.mbta.com'}}]}]}"
119,MISHAWUM,COMMUTER RAIL,TRAIN_NODES,42.50306965588855,-71.13695782078237,POINT (-71.13695782078237 42.50306965588855),200.0,27542.0,"{'routes': [{'id': 'C0', 'sections': [{'id': 'C0-S0', 'type': 'pedestrian', 'travelSummary': {'duration': 1260, 'length': 1278}, 'departure': {'time': '2022-09-29T14:26:00-04:00', 'place': {'name': 'Mishawum', 'type': 'place', 'location': {'lat': 42.50307, 'lng': -71.136958}}}, 'arrival': {'time': '2022-09-29T14:47:00-04:00', 'place': {'name': 'Veterans Memorial Senior Center', 'type': 'station', 'location': {'lat': 42.505811, 'lng': -71.147136}, 'wheelchairAccessible': 'yes', 'id': '419809291', 'code': '88591'}}, 'transport': {'mode': 'pedestrian'}}, {'id': 'C0-S1', 'type': 'transit', 'travelSummary': {'duration': 180, 'length': 1384}, 'departure': {'time': '2022-09-29T14:47:00-04:00', 'place': {'name': 'Veterans Memorial Senior Center', 'type': 'station', 'location': {'lat': 42.505811, 'lng': -71.147136}, 'wheelchairAccessible': 'yes', 'id': '419809291', 'code': '88591'}, 'delay': -240}, 'arrival': {'time': '2022-09-29T14:50:00-04:00', 'place': {'name': 'Main St @ East Nichols St', 'type': 'station', 'location': {'lat': 42.509413, 'lng': -71.160959}, 'wheelchairAccessible': 'yes', 'id': '419809271', 'code': '9139'}, 'delay': -180}, 'transport': {'mode': 'bus', 'name': '134', 'category': 'Bus', 'color': '#FFC72C', 'textColor': '#000000', 'headsign': 'North Woburn via Veterans Senior Center', 'shortName': '134', 'longName': 'North Woburn - Wellington Station'}, 'agency': {'id': '14811_6b86b27', 'name': 'MBTA', 'website': 'http://www.mbta.com'}}, {'id': 'C0-S2', 'type': 'pedestrian', 'travelSummary': {'duration': 180, 'length': 150}, 'departure': {'time': '2022-09-29T14:50:00-04:00', 'place': {'name': 'Main St @ East Nichols St', 'type': 'station', 'location': {'lat': 42.509413, 'lng': -71.160959}, 'wheelchairAccessible': 'yes', 'id': '419809271', 'code': '9139'}}, 'arrival': {'time': '2022-09-29T14:53:00-04:00', 'place': {'name': 'Main St @ Nichols St', 'type': 'station', 'location': {'lat': 42.509302, 'lng': -71.161168}, 'wheelchairAccessible': 'yes', 'id': '419805795', 'code': '8858'}}, 'transport': {'mode': 'pedestrian'}}, {'id': 'C0-S3', 'type': 'transit', 'travelSummary': {'duration': 3060, 'length': 18114}, 'departure': {'time': '2022-09-29T15:02:00-04:00', 'place': {'name': 'Main St @ Nichols St', 'type': 'station', 'location': {'lat': 42.509302, 'lng': -71.161168}, 'wheelchairAccessible': 'yes', 'id': '419805795', 'code': '8858'}}, 'arrival': {'time': '2022-09-29T15:53:00-04:00', 'place': {'name': 'Wellington Station Busway', 'type': 'station', 'location': {'lat': 42.402581, 'lng': -71.076089}, 'wheelchairAccessible': 'yes', 'id': '419809764', 'code': '5271'}}, 'transport': {'mode': 'bus', 'name': '134', 'category': 'Bus', 'color': '#FFC72C', 'textColor': '#000000', 'headsign': 'Wellington', 'shortName': '134', 'longName': 'North Woburn - Wellington Station'}, 'agency': {'id': '14811_6b86b27', 'name': 'MBTA', 'website': 'http://www.mbta.com'}}, {'id': 'C0-S4', 'type': 'pedestrian', 'travelSummary': {'duration': 180, 'length': 202}, 'departure': {'time': '2022-09-29T15:53:00-04:00', 'place': {'name': 'Wellington Station Busway', 'type': 'station', 'location': {'lat': 42.402581, 'lng': -71.076089}, 'wheelchairAccessible': 'yes', 'id': '419809764', 'code': '5271'}}, 'arrival': {'time': '2022-09-29T15:56:00-04:00', 'place': {'name': 'Wellington', 'type': 'station', 'location': {'lat': 42.40237, 'lng': -71.077082}, 'wheelchairAccessible': 'yes', 'id': '419808199'}}, 'transport': {'mode': 'pedestrian'}}, {'id': 'C0-S5', 'type': 'transit', 'travelSummary': {'duration': 780, 'length': 5874}, 'departure': {'time': '2022-09-29T16:04:00-04:00', 'place': {'name': 'Wellington', 'type': 'station', 'location': {'lat': 42.40237, 'lng': -71.077082}, 'wheelchairAccessible': 'yes', 'id': '419808199', 'platform': '1'}}, 'arrival': {'time': '2022-09-29T16:17:00-04:00', 'place': {'name': 'Downtown Crossing', 'type': 'station', 'location': {'lat': 42.355518, 'lng': -71.060225}, 'wheelchairAccessible': 'yes', 'id': '419809874', 'code': '70020'}}, 'transport': {'mode': 'subway', 'name': 'Orange Line', 'category': 'Subway, Metro', 'color': '#ED8B00', 'textColor': '#FFFFFF', 'headsign': 'Forest Hills', 'longName': 'Orange Line'}, 'agency': {'id': '14811_6b86b27', 'name': 'MBTA', 'website': 'http://www.mbta.com'}}, {'id': 'C0-S6-dep', 'type': 'pedestrian', 'travelSummary': {'duration': 120, 'length': 97}, 'departure': {'time': '2022-09-29T16:17:00-04:00', 'place': {'name': 'Downtown Crossing', 'type': 'station', 'location': {'lat': 42.355518, 'lng': -71.060225}, 'wheelchairAccessible': 'yes', 'id': '419809874', 'code': '70020'}}, 'arrival': {'time': '2022-09-29T16:19:00-04:00', 'place': {'name': 'Downtown Crossing - 101 Arch St, Summer St', 'type': 'accessPoint', 'location': {'lat': 42.354843, 'lng': -71.05948}, 'wheelchairAccessible': 'yes'}}, 'spans': [{'walkAttributes': ['indoor']}], 'transport': {'mode': 'pedestrian'}}, {'id': 'C0-S6', 'type': 'pedestrian', 'travelSummary': {'duration': 420, 'length': 443}, 'departure': {'time': '2022-09-29T16:19:00-04:00', 'place': {'name': 'Downtown Crossing - 101 Arch St, Summer St', 'type': 'accessPoint', 'location': {'lat': 42.354843, 'lng': -71.05948}, 'wheelchairAccessible': 'yes'}}, 'arrival': {'time': '2022-09-29T16:26:00-04:00', 'place': {'name': 'SouthStation', 'type': 'place', 'location': {'lat': 42.352593, 'lng': -71.055172}}}, 'transport': {'mode': 'pedestrian'}}]}]}"
120,MALDEN CENTER,COMMUTER RAIL,TRAIN_NODES,42.42658622607523,-71.07425997463095,POINT (-71.07425997463095 42.42658622607523),200.0,9197.0,"{'routes': [{'id': 'C0', 'sections': [{'id': 'C0-S0', 'type': 'pedestrian', 'travelSummary': {'duration': 0, 'length': 28}, 'departure': {'time': '2022-09-29T13:37:00-04:00', 'place': {'name': 'MaldenCenter', 'type': 'place', 'location': {'lat': 42.426586, 'lng': -71.07426}}}, 'arrival': {'time': '2022-09-29T13:37:00-04:00', 'place': {'name': 'Malden Center - Commercial St, Malden Government Center', 'type': 'accessPoint', 'location': {'lat': 42.426814, 'lng': -71.073983}, 'wheelchairAccessible': 'no'}}, 'transport': {'mode': 'pedestrian'}}, {'id': 'C0-S0-arr', 'type': 'pedestrian', 'travelSummary': {'duration': 60, 'length': 23}, 'departure': {'time': '2022-09-29T13:37:00-04:00', 'place': {'name': 'Malden Center - Commercial St, Malden Government Center', 'type': 'accessPoint', 'location': {'lat': 42.426814, 'lng': -71.073983}, 'wheelchairAccessible': 'no'}}, 'arrival': {'time': '2022-09-29T13:38:00-04:00', 'place': {'name': 'Malden Center', 'type': 'station', 'location': {'lat': 42.426632, 'lng': -71.07411}, 'wheelchairAccessible': 'yes', 'id': '419808158'}}, 'spans': [{'walkAttributes': ['indoor']}], 'transport': {'mode': 'pedestrian'}}, {'id': 'C0-S1', 'type': 'transit', 'travelSummary': {'duration': 120, 'length': 8606}, 'departure': {'time': '2022-09-29T13:38:00-04:00', 'place': {'name': 'Malden Center', 'type': 'station', 'location': {'lat': 42.426632, 'lng': -71.07411}, 'wheelchairAccessible': 'yes', 'id': '419808158'}, 'delay': 3180}, 'arrival': {'time': '2022-09-29T13:40:00-04:00', 'place': {'name': 'Downtown Crossing', 'type': 'station', 'location': {'lat': 42.355518, 'lng': -71.060225}, 'wheelchairAccessible': 'yes', 'id': '419809874', 'code': '70020'}, 'delay': 2340}, 'transport': {'mode': 'subway', 'name': 'Orange Line', 'category': 'Subway, Metro', 'color': '#ED8B00', 'textColor': '#FFFFFF', 'headsign': 'Forest Hills', 'longName': 'Orange Line'}, 'agency': {'id': '14811_6b86b27', 'name': 'MBTA', 'website': 'http://www.mbta.com'}}, {'id': 'C0-S2-dep', 'type': 'pedestrian', 'travelSummary': {'duration': 120, 'length': 97}, 'departure': {'time': '2022-09-29T13:40:00-04:00', 'place': {'name': 'Downtown Crossing', 'type': 'station', 'location': {'lat': 42.355518, 'lng': -71.060225}, 'wheelchairAccessible': 'yes', 'id': '419809874', 'code': '70020'}}, 'arrival': {'time': '2022-09-29T13:42:00-04:00', 'place': {'name': 'Downtown Crossing - 101 Arch St, Summer St', 'type': 'accessPoint', 'location': {'lat': 42.354843, 'lng': -71.05948}, 'wheelchairAccessible': 'yes'}}, 'spans': [{'walkAttributes': ['indoor']}], 'transport': {'mode': 'pedestrian'}}, {'id': 'C0-S2', 'type': 'pedestrian', 'travelSummary': {'duration': 420, 'length': 443}, 'departure': {'time': '2022-09-29T13:42:00-04:00', 'place': {'name': 'Downtown Crossing - 101 Arch St, Summer St', 'type': 'accessPoint', 'location': {'lat': 42.354843, 'lng': -71.05948}, 'wheelchairAccessible': 'yes'}}, 'arrival': {'time': '2022-09-29T13:49:00-04:00', 'place': {'name': 'SouthStation', 'type': 'place', 'location': {'lat': 42.352593, 'lng': -71.055172}}}, 'transport': {'mode': 'pedestrian'}}]}]}"
121,WORCESTER,COMMUTER RAIL,TRAIN_NODES,42.26100830970639,-71.79463670867898,POINT (-71.79463670867898 42.26100830970639),200.0,71570.0,"{'routes': [{'id': 'C0', 'sections': [{'id': 'C0-S0', 'type': 'pedestrian', 'travelSummary': {'duration': 540, 'length': 516}, 'departure': {'time': '2022-09-29T13:51:00-04:00', 'place': {'name': 'Worcester', 'type': 'place', 'location': {'lat': 42.261008, 'lng': -71.794637}}}, 'arrival': {'time': '2022-09-29T14:00:00-04:00', 'place': {'name': 'Worcester', 'type': 'station', 'location': {'lat': 42.261835, 'lng': -71.791806}, 'wheelchairAccessible': 'yes', 'id': '419812995'}}, 'transport': {'mode': 'pedestrian'}}, {'id': 'C0-S1', 'type': 'transit', 'travelSummary': {'duration': 5580, 'length': 71054}, 'departure': {'time': '2022-09-29T14:00:00-04:00', 'place': {'name': 'Worcester', 'type': 'station', 'location': {'lat': 42.261835, 'lng': -71.791806}, 'wheelchairAccessible': 'yes', 'id': '419812995', 'platform': '1'}, 'delay': 0}, 'arrival': {'time': '2022-09-29T15:33:00-04:00', 'place': {'name': 'South Station', 'type': 'station', 'location': {'lat': 42.352271, 'lng': -71.055242}, 'wheelchairAccessible': 'yes', 'id': '419808186'}, 'delay': 0}, 'transport': {'mode': 'regionalTrain', 'name': 'Framingham/Worcester Line', 'category': 'Rail', 'color': '#80276C', 'textColor': '#FFFFFF', 'headsign': 'South Station', 'longName': 'Framingham/Worcester Line'}, 'agency': {'id': '14811_6b86b27', 'name': 'MBTA', 'website': 'http://www.mbta.com'}}]}]}"
122,MONTELLO,COMMUTER RAIL,TRAIN_NODES,42.10637074585089,-71.02182300366064,POINT (-71.02182300366064 42.10637074585089),200.0,30339.0,"{'routes': [{'id': 'C0', 'sections': [{'id': 'C0-S0', 'type': 'pedestrian', 'travelSummary': {'duration': 660, 'length': 660}, 'departure': {'time': '2022-09-29T14:11:00-04:00', 'place': {'name': 'Montello', 'type': 'place', 'location': {'lat': 42.106371, 'lng': -71.021823}}}, 'arrival': {'time': '2022-09-29T14:22:00-04:00', 'place': {'name': 'Montello', 'type': 'station', 'location': {'lat': 42.106555, 'lng': -71.022001}, 'wheelchairAccessible': 'yes', 'id': '419807005'}}, 'transport': {'mode': 'pedestrian'}}, {'id': 'C0-S1', 'type': 'transit', 'travelSummary': {'duration': 2100, 'length': 29679}, 'departure': {'time': '2022-09-29T14:22:00-04:00', 'place': {'name': 'Montello', 'type': 'station', 'location': {'lat': 42.106555, 'lng': -71.022001}, 'wheelchairAccessible': 'yes', 'id': '419807005'}}, 'arrival': {'time': '2022-09-29T14:57:00-04:00', 'place': {'name': 'South Station', 'type': 'station', 'location': {'lat': 42.352271, 'lng': -71.055242}, 'wheelchairAccessible': 'yes', 'id': '419808186'}}, 'transport': {'mode': 'regionalTrain', 'name': 'Middleborough/Lakeville Line', 'category': 'Rail', 'color': '#80276C', 'textColor': '#FFFFFF', 'headsign': 'South Station', 'longName': 'Middleborough/Lakeville Line'}, 'agency': {'id': '14811_6b86b27', 'name': 'MBTA', 'website': 'http://www.mbta.com'}}]}]}"
123,CAMPELLO,COMMUTER RAIL,TRAIN_NODES,42.06107082722984,-71.01105499820144,POINT (-71.01105499820144 42.06107082722984),200.0,35808.0,"{'routes': [{'id': 'C0', 'sections': [{'id': 'C0-S0', 'type': 'pedestrian', 'travelSummary': {'duration': 900, 'length': 886}, 'departure': {'time': '2022-09-29T14:00:00-04:00', 'place': {'name': 'Campello', 'type': 'place', 'location': {'lat': 42.061071, 'lng': -71.011055}}}, 'arrival': {'time': '2022-09-29T14:15:00-04:00', 'place': {'name': 'Campello', 'type': 'station', 'location': {'lat': 42.060951, 'lng': -71.011004}, 'wheelchairAccessible': 'yes', 'id': '419809546'}}, 'transport': {'mode': 'pedestrian'}}, {'id': 'C0-S1', 'type': 'transit', 'travelSummary': {'duration': 2520, 'length': 34922}, 'departure': {'time': '2022-09-29T14:15:00-04:00', 'place': {'name': 'Campello', 'type': 'station', 'location': {'lat': 42.060951, 'lng': -71.011004}, 'wheelchairAccessible': 'yes', 'id': '419809546', 'platform': '1'}}, 'arrival': {'time': '2022-09-29T14:57:00-04:00', 'place': {'name': 'South Station', 'type': 'station', 'location': {'lat': 42.352271, 'lng': -71.055242}, 'wheelchairAccessible': 'yes', 'id': '419808186'}}, 'transport': {'mode': 'regionalTrain', 'name': 'Middleborough/Lakeville Line', 'category': 'Rail', 'color': '#80276C', 'textColor': '#FFFFFF', 'headsign': 'South Station', 'longName': 'Middleborough/Lakeville Line'}, 'agency': {'id': '14811_6b86b27', 'name': 'MBTA', 'website': 'http://www.mbta.com'}}]}]}"
124,MIDDLEBOROUGH/LAKEVILLE,COMMUTER RAIL,TRAIN_NODES,41.87747611916436,-70.91736946835863,POINT (-70.91736946835863 41.87747611916436),200.0,57172.0,"{'routes': [{'id': 'C0', 'sections': [{'id': 'C0-S0', 'type': 'pedestrian', 'travelSummary': {'duration': 60, 'length': 58}, 'departure': {'time': '2022-09-29T13:57:00-04:00', 'place': {'name': 'Middleborough/Lakeville', 'type': 'place', 'location': {'lat': 41.877476, 'lng': -70.91737}}}, 'arrival': {'time': '2022-09-29T13:58:00-04:00', 'place': {'name': 'Middleborough/Lakeville', 'type': 'station', 'location': {'lat': 41.87821, 'lng': -70.918444}, 'wheelchairAccessible': 'yes', 'id': '419809554'}}, 'transport': {'mode': 'pedestrian'}}, {'id': 'C0-S1', 'type': 'transit', 'travelSummary': {'duration': 3540, 'length': 57114}, 'departure': {'time': '2022-09-29T13:58:00-04:00', 'place': {'name': 'Middleborough/Lakeville', 'type': 'station', 'location': {'lat': 41.87821, 'lng': -70.918444}, 'wheelchairAccessible': 'yes', 'id': '419809554', 'platform': '1'}}, 'arrival': {'time': '2022-09-29T14:57:00-04:00', 'place': {'name': 'South Station', 'type': 'station', 'location': {'lat': 42.352271, 'lng': -71.055242}, 'wheelchairAccessible': 'yes', 'id': '419808186'}}, 'transport': {'mode': 'regionalTrain', 'name': 'Middleborough/Lakeville Line', 'category': 'Rail', 'color': '#80276C', 'textColor': '#FFFFFF', 'headsign': 'South Station', 'longName': 'Middleborough/Lakeville Line'}, 'agency': {'id': '14811_6b86b27', 'name': 'MBTA', 'website': 'http://www.mbta.com'}}]}]}"
125,BROCKTON,COMMUTER RAIL,TRAIN_NODES,42.08442899068229,-71.01653493330873,POINT (-71.01653493330873 42.08442899068229),200.0,32677.0,"{'routes': [{'id': 'C0', 'sections': [{'id': 'C0-S0', 'type': 'pedestrian', 'travelSummary': {'duration': 480, 'length': 470}, 'departure': {'time': '2022-09-29T14:11:00-04:00', 'place': {'name': 'Brockton', 'type': 'place', 'location': {'lat': 42.084429, 'lng': -71.016535}}}, 'arrival': {'time': '2022-09-29T14:19:00-04:00', 'place': {'name': 'Brockton', 'type': 'station', 'location': {'lat': 42.084659, 'lng': -71.016534}, 'wheelchairAccessible': 'yes', 'id': '419807957'}}, 'transport': {'mode': 'pedestrian'}}, {'id': 'C0-S1', 'type': 'transit', 'travelSummary': {'duration': 2280, 'length': 32207}, 'departure': {'time': '2022-09-29T14:19:00-04:00', 'place': {'name': 'Brockton', 'type': 'station', 'location': {'lat': 42.084659, 'lng': -71.016534}, 'wheelchairAccessible': 'yes', 'id': '419807957'}}, 'arrival': {'time': '2022-09-29T14:57:00-04:00', 'place': {'name': 'South Station', 'type': 'station', 'location': {'lat': 42.352271, 'lng': -71.055242}, 'wheelchairAccessible': 'yes', 'id': '419808186'}}, 'transport': {'mode': 'regionalTrain', 'name': 'Middleborough/Lakeville Line', 'category': 'Rail', 'color': '#80276C', 'textColor': '#FFFFFF', 'headsign': 'South Station', 'longName': 'Middleborough/Lakeville Line'}, 'agency': {'id': '14811_6b86b27', 'name': 'MBTA', 'website': 'http://www.mbta.com'}}]}]}"
126,HOLBROOK/RANDOLPH,COMMUTER RAIL,TRAIN_NODES,42.155424843328895,-71.02770747479515,POINT (-71.02770747479515 42.15542484332889),200.0,24241.0,"{'routes': [{'id': 'C0', 'sections': [{'id': 'C0-S0', 'type': 'pedestrian', 'travelSummary': {'duration': 180, 'length': 195}, 'departure': {'time': '2022-09-29T14:24:00-04:00', 'place': {'name': 'Holbrook/Randolph', 'type': 'place', 'location': {'lat': 42.155425, 'lng': -71.027708}}}, 'arrival': {'time': '2022-09-29T14:27:00-04:00', 'place': {'name': 'Holbrook/Randolph', 'type': 'station', 'location': {'lat': 42.156343, 'lng': -71.027371}, 'wheelchairAccessible': 'yes', 'id': '419809522'}}, 'transport': {'mode': 'pedestrian'}}, {'id': 'C0-S1', 'type': 'transit', 'travelSummary': {'duration': 1800, 'length': 24046}, 'departure': {'time': '2022-09-29T14:27:00-04:00', 'place': {'name': 'Holbrook/Randolph', 'type': 'station', 'location': {'lat': 42.156343, 'lng': -71.027371}, 'wheelchairAccessible': 'yes', 'id': '419809522', 'platform': '1'}}, 'arrival': {'time': '2022-09-29T14:57:00-04:00', 'place': {'name': 'South Station', 'type': 'station', 'location': {'lat': 42.352271, 'lng': -71.055242}, 'wheelchairAccessible': 'yes', 'id': '419808186'}}, 'transport': {'mode': 'regionalTrain', 'name': 'Middleborough/Lakeville Line', 'category': 'Rail', 'color': '#80276C', 'textColor': '#FFFFFF', 'headsign': 'South Station', 'longName': 'Middleborough/Lakeville Line'}, 'agency': {'id': '14811_6b86b27', 'name': 'MBTA', 'website': 'http://www.mbta.com'}}]}]}"
127,JFK/UMASS,COMMUTER RAIL,TRAIN_NODES,42.32072588821247,-71.05216104568869,POINT (-71.05216104568869 42.32072588821247),200.0,4235.0,"{'routes': [{'id': 'C0', 'sections': [{'id': 'C0-S0', 'type': 'pedestrian', 'travelSummary': {'duration': 240, 'length': 220}, 'departure': {'time': '2022-09-29T13:38:00-04:00', 'place': {'name': 'Jfk/Umass', 'type': 'place', 'location': {'lat': 42.320726, 'lng': -71.052161}}}, 'arrival': {'time': '2022-09-29T13:42:00-04:00', 'place': {'name': 'JFK/UMass - Busway, JFK Library, Mount Vernon St (Ramp)', 'type': 'accessPoint', 'location': {'lat': 42.320486, 'lng': -71.051545}, 'wheelchairAccessible': 'yes'}}, 'transport': {'mode': 'pedestrian'}}, {'id': 'C0-S0-arr', 'type': 'pedestrian', 'travelSummary': {'duration': 60, 'length': 73}, 'departure': {'time': '2022-09-29T13:42:00-04:00', 'place': {'name': 'JFK/UMass - Busway, JFK Library, Mount Vernon St (Ramp)', 'type': 'accessPoint', 'location': {'lat': 42.320486, 'lng': -71.051545}, 'wheelchairAccessible': 'yes'}}, 'arrival': {'time': '2022-09-29T13:43:00-04:00', 'place': {'name': 'JFK/UMass', 'type': 'station', 'location': {'lat': 42.320685, 'lng': -71.052391}, 'wheelchairAccessible': 'yes', 'id': '419808145'}}, 'spans': [{'walkAttributes': ['indoor']}], 'transport': {'mode': 'pedestrian'}}, {'id': 'C0-S1', 'type': 'transit', 'travelSummary': {'duration': 0, 'length': 3942}, 'departure': {'time': '2022-09-29T13:43:00-04:00', 'place': {'name': 'JFK/UMass', 'type': 'station', 'location': {'lat': 42.320685, 'lng': -71.052391}, 'wheelchairAccessible': 'yes', 'id': '419808145'}, 'delay': -720}, 'arrival': {'time': '2022-09-29T13:43:00-04:00', 'place': {'name': 'South Station', 'type': 'station', 'location': {'lat': 42.352271, 'lng': -71.055242}, 'wheelchairAccessible': 'yes', 'id': '419808186'}, 'delay': -1200}, 'transport': {'mode': 'subway', 'name': 'Red Line', 'category': 'Subway, Metro', 'color': '#DA291C', 'textColor': '#FFFFFF', 'headsign': 'Alewife', 'longName': 'Red Line'}, 'agency': {'id': '14811_6b86b27', 'name': 'MBTA', 'website': 'http://www.mbta.com'}}]}]}"
128,NEEDHAM JUNCTION,COMMUTER RAIL,TRAIN_NODES,42.27300524445726,-71.2365713633028,POINT (-71.2365713633028 42.27300524445726),200.0,19693.0,"{'routes': [{'id': 'C0', 'sections': [{'id': 'C0-S0', 'type': 'pedestrian', 'travelSummary': {'duration': 360, 'length': 372}, 'departure': {'time': '2022-09-29T14:07:00-04:00', 'place': {'name': 'NeedhamJunction', 'type': 'place', 'location': {'lat': 42.273005, 'lng': -71.236571}}}, 'arrival': {'time': '2022-09-29T14:13:00-04:00', 'place': {'name': 'Needham Junction', 'type': 'station', 'location': {'lat': 42.273187, 'lng': -71.235559}, 'wheelchairAccessible': 'yes', 'id': '419809564'}}, 'transport': {'mode': 'pedestrian'}}, {'id': 'C0-S1', 'type': 'transit', 'travelSummary': {'duration': 2220, 'length': 19321}, 'departure': {'time': '2022-09-29T14:13:00-04:00', 'place': {'name': 'Needham Junction', 'type': 'station', 'location': {'lat': 42.273187, 'lng': -71.235559}, 'wheelchairAccessible': 'yes', 'id': '419809564', 'platform': '1'}, 'delay': 0}, 'arrival': {'time': '2022-09-29T14:50:00-04:00', 'place': {'name': 'South Station', 'type': 'station', 'location': {'lat': 42.352271, 'lng': -71.055242}, 'wheelchairAccessible': 'yes', 'id': '419808186'}, 'delay': 0}, 'transport': {'mode': 'regionalTrain', 'name': 'Needham Line', 'category': 'Rail', 'color': '#80276C', 'textColor': '#FFFFFF', 'headsign': 'South Station via Forest Hills', 'longName': 'Needham Line'}, 'agency': {'id': '14811_6b86b27', 'name': 'MBTA', 'website': 'http://www.mbta.com'}}]}]}"
129,NEEDHAM CENTER,COMMUTER RAIL,TRAIN_NODES,42.28023532595592,-71.23785482105872,POINT (-71.23785482105872 42.28023532595592),200.0,20544.0,"{'routes': [{'id': 'C0', 'sections': [{'id': 'C0-S0', 'type': 'pedestrian', 'travelSummary': {'duration': 60, 'length': 69}, 'departure': {'time': '2022-09-29T14:08:00-04:00', 'place': {'name': 'NeedhamCenter', 'type': 'place', 'location': {'lat': 42.280235, 'lng': -71.237855}}}, 'arrival': {'time': '2022-09-29T14:09:00-04:00', 'place': {'name': 'Needham Center', 'type': 'station', 'location': {'lat': 42.280775, 'lng': -71.237686}, 'wheelchairAccessible': 'yes', 'id': '419809565'}}, 'transport': {'mode': 'pedestrian'}}, {'id': 'C0-S1', 'type': 'transit', 'travelSummary': {'duration': 2460, 'length': 20475}, 'departure': {'time': '2022-09-29T14:09:00-04:00', 'place': {'name': 'Needham Center', 'type': 'station', 'location': {'lat': 42.280775, 'lng': -71.237686}, 'wheelchairAccessible': 'yes', 'id': '419809565', 'platform': '1'}, 'delay': 0}, 'arrival': {'time': '2022-09-29T14:50:00-04:00', 'place': {'name': 'South Station', 'type': 'station', 'location': {'lat': 42.352271, 'lng': -71.055242}, 'wheelchairAccessible': 'yes', 'id': '419808186'}, 'delay': 0}, 'transport': {'mode': 'regionalTrain', 'name': 'Needham Line', 'category': 'Rail', 'color': '#80276C', 'textColor': '#FFFFFF', 'headsign': 'South Station via Forest Hills', 'longName': 'Needham Line'}, 'agency': {'id': '14811_6b86b27', 'name': 'MBTA', 'website': 'http://www.mbta.com'}}]}]}"
130,HERSEY,COMMUTER RAIL,TRAIN_NODES,42.27577350236045,-71.21460175387173,POINT (-71.21460175387173 42.27577350236045),200.0,17960.0,"{'routes': [{'id': 'C0', 'sections': [{'id': 'C0-S0', 'type': 'pedestrian', 'travelSummary': {'duration': 300, 'length': 309}, 'departure': {'time': '2022-09-29T14:11:00-04:00', 'place': {'name': 'Hersey', 'type': 'place', 'location': {'lat': 42.275773, 'lng': -71.214602}}}, 'arrival': {'time': '2022-09-29T14:16:00-04:00', 'place': {'name': 'Hersey', 'type': 'station', 'location': {'lat': 42.275648, 'lng': -71.215528}, 'wheelchairAccessible': 'yes', 'id': '419809563'}}, 'transport': {'mode': 'pedestrian'}}, {'id': 'C0-S1', 'type': 'transit', 'travelSummary': {'duration': 2040, 'length': 17651}, 'departure': {'time': '2022-09-29T14:16:00-04:00', 'place': {'name': 'Hersey', 'type': 'station', 'location': {'lat': 42.275648, 'lng': -71.215528}, 'wheelchairAccessible': 'yes', 'id': '419809563', 'platform': '1'}, 'delay': 0}, 'arrival': {'time': '2022-09-29T14:50:00-04:00', 'place': {'name': 'South Station', 'type': 'station', 'location': {'lat': 42.352271, 'lng': -71.055242}, 'wheelchairAccessible': 'yes', 'id': '419808186'}, 'delay': 0}, 'transport': {'mode': 'regionalTrain', 'name': 'Needham Line', 'category': 'Rail', 'color': '#80276C', 'textColor': '#FFFFFF', 'headsign': 'South Station via Forest Hills', 'longName': 'Needham Line'}, 'agency': {'id': '14811_6b86b27', 'name': 'MBTA', 'website': 'http://www.mbta.com'}}]}]}"
131,WEST ROXBURY,COMMUTER RAIL,TRAIN_NODES,42.281521827861376,-71.15981430483126,POINT (-71.15981430483126 42.28152182786138),200.0,13657.0,"{'routes': [{'id': 'C0', 'sections': [{'id': 'C0-S0', 'type': 'pedestrian', 'travelSummary': {'duration': 180, 'length': 181}, 'departure': {'time': '2022-09-29T13:41:00-04:00', 'place': {'name': 'WestRoxbury', 'type': 'place', 'location': {'lat': 42.281522, 'lng': -71.159814}}}, 'arrival': {'time': '2022-09-29T13:44:00-04:00', 'place': {'name': 'Centre St @ LaGrange St', 'type': 'station', 'location': {'lat': 42.280826, 'lng': -71.158096}, 'wheelchairAccessible': 'yes', 'id': '419800517', 'code': '781'}}, 'transport': {'mode': 'pedestrian'}}, {'id': 'C0-S1', 'type': 'transit', 'travelSummary': {'duration': 900, 'length': 5020}, 'departure': {'time': '2022-09-29T13:44:00-04:00', 'place': {'name': 'Centre St @ LaGrange St', 'type': 'station', 'location': {'lat': 42.280826, 'lng': -71.158096}, 'wheelchairAccessible': 'yes', 'id': '419800517', 'code': '781'}, 'delay': 180}, 'arrival': {'time': '2022-09-29T13:59:00-04:00', 'place': {'name': 'Forest Hills', 'type': 'station', 'location': {'lat': 42.299936, 'lng': -71.114324}, 'wheelchairAccessible': 'yes', 'id': '419809827', 'code': '10642'}, 'delay': 0}, 'transport': {'mode': 'bus', 'name': '36', 'category': 'Bus', 'color': '#FFC72C', 'textColor': '#000000', 'headsign': 'Forest Hills', 'shortName': '36', 'longName': 'Millennium Park or VA Hospital - Forest Hills Station'}, 'agency': {'id': '14811_6b86b27', 'name': 'MBTA', 'website': 'http://www.mbta.com'}}, {'id': 'C0-S2', 'type': 'pedestrian', 'travelSummary': {'duration': 180, 'length': 177}, 'departure': {'time': '2022-09-29T13:59:00-04:00', 'place': {'name': 'Forest Hills', 'type': 'station', 'location': {'lat': 42.299936, 'lng': -71.114324}, 'wheelchairAccessible': 'yes', 'id': '419809827', 'code': '10642'}}, 'arrival': {'time': '2022-09-29T14:02:00-04:00', 'place': {'name': 'Forest Hills', 'type': 'station', 'location': {'lat': 42.300523, 'lng': -71.113686}, 'wheelchairAccessible': 'yes', 'id': '419808134'}}, 'transport': {'mode': 'pedestrian'}}, {'id': 'C0-S3', 'type': 'transit', 'travelSummary': {'duration': 480, 'length': 4532}, 'departure': {'time': '2022-09-29T14:05:00-04:00', 'place': {'name': 'Forest Hills', 'type': 'station', 'location': {'lat': 42.300523, 'lng': -71.113686}, 'wheelchairAccessible': 'yes', 'id': '419808134'}, 'delay': 0, 'status': 'additional'}, 'arrival': {'time': '2022-09-29T14:13:00-04:00', 'place': {'name': 'Ruggles', 'type': 'station', 'location': {'lat': 42.336377, 'lng': -71.088961}, 'wheelchairAccessible': 'yes', 'id': '419808177'}, 'delay': 0, 'status': 'additional'}, 'transport': {'mode': 'subway', 'name': 'Orange Line', 'category': 'Subway, Metro', 'color': '#ED8B00', 'textColor': '#FFFFFF', 'headsign': 'Oak Grove', 'longName': 'Orange Line'}, 'agency': {'id': '14811_6b86b27', 'name': 'MBTA', 'website': 'http://www.mbta.com'}}, {'id': 'C0-S4', 'type': 'transit', 'travelSummary': {'duration': 540, 'length': 3747}, 'departure': {'time': '2022-09-29T14:15:00-04:00', 'place': {'name': 'Ruggles', 'type': 'station', 'location': {'lat': 42.336377, 'lng': -71.088961}, 'wheelchairAccessible': 'yes', 'id': '419808177'}, 'delay': -60}, 'arrival': {'time': '2022-09-29T14:24:00-04:00', 'place': {'name': 'South Station', 'type': 'station', 'location': {'lat': 42.352271, 'lng': -71.055242}, 'wheelchairAccessible': 'yes', 'id': '419808186'}, 'delay': -60}, 'transport': {'mode': 'regionalTrain', 'name': 'Providence/Stoughton Line', 'category': 'Rail', 'color': '#80276C', 'textColor': '#FFFFFF', 'headsign': 'South Station via Back Bay', 'longName': 'Providence/Stoughton Line'}, 'agency': {'id': '14811_6b86b27', 'name': 'MBTA', 'website': 'http://www.mbta.com'}}]}]}"
132,HIGHLAND,COMMUTER RAIL,TRAIN_NODES,42.284801931393154,-71.15422693831918,POINT (-71.15422693831918 42.28480193139315),200.0,12972.0,"{'routes': [{'id': 'C0', 'sections': [{'id': 'C0-S0', 'type': 'pedestrian', 'travelSummary': {'duration': 180, 'length': 191}, 'departure': {'time': '2022-09-29T13:43:00-04:00', 'place': {'name': 'Highland', 'type': 'place', 'location': {'lat': 42.284802, 'lng': -71.154227}}}, 'arrival': {'time': '2022-09-29T13:46:00-04:00', 'place': {'name': 'Centre St @ Corey St', 'type': 'station', 'location': {'lat': 42.286181, 'lng': -71.15466}, 'wheelchairAccessible': 'yes', 'id': '419800520', 'code': '784'}}, 'transport': {'mode': 'pedestrian'}}, {'id': 'C0-S1', 'type': 'transit', 'travelSummary': {'duration': 780, 'length': 4325}, 'departure': {'time': '2022-09-29T13:46:00-04:00', 'place': {'name': 'Centre St @ Corey St', 'type': 'station', 'location': {'lat': 42.286181, 'lng': -71.15466}, 'wheelchairAccessible': 'yes', 'id': '419800520', 'code': '784'}, 'delay': 180}, 'arrival': {'time': '2022-09-29T13:59:00-04:00', 'place': {'name': 'Forest Hills', 'type': 'station', 'location': {'lat': 42.299936, 'lng': -71.114324}, 'wheelchairAccessible': 'yes', 'id': '419809827', 'code': '10642'}, 'delay': 0}, 'transport': {'mode': 'bus', 'name': '36', 'category': 'Bus', 'color': '#FFC72C', 'textColor': '#000000', 'headsign': 'Forest Hills', 'shortName': '36', 'longName': 'Millennium Park or VA Hospital - Forest Hills Station'}, 'agency': {'id': '14811_6b86b27', 'name': 'MBTA', 'website': 'http://www.mbta.com'}}, {'id': 'C0-S2', 'type': 'pedestrian', 'travelSummary': {'duration': 180, 'length': 177}, 'departure': {'time': '2022-09-29T13:59:00-04:00', 'place': {'name': 'Forest Hills', 'type': 'station', 'location': {'lat': 42.299936, 'lng': -71.114324}, 'wheelchairAccessible': 'yes', 'id': '419809827', 'code': '10642'}}, 'arrival': {'time': '2022-09-29T14:02:00-04:00', 'place': {'name': 'Forest Hills', 'type': 'station', 'location': {'lat': 42.300523, 'lng': -71.113686}, 'wheelchairAccessible': 'yes', 'id': '419808134'}}, 'transport': {'mode': 'pedestrian'}}, {'id': 'C0-S3', 'type': 'transit', 'travelSummary': {'duration': 480, 'length': 4532}, 'departure': {'time': '2022-09-29T14:05:00-04:00', 'place': {'name': 'Forest Hills', 'type': 'station', 'location': {'lat': 42.300523, 'lng': -71.113686}, 'wheelchairAccessible': 'yes', 'id': '419808134'}, 'delay': 0, 'status': 'additional'}, 'arrival': {'time': '2022-09-29T14:13:00-04:00', 'place': {'name': 'Ruggles', 'type': 'station', 'location': {'lat': 42.336377, 'lng': -71.088961}, 'wheelchairAccessible': 'yes', 'id': '419808177'}, 'delay': 0, 'status': 'additional'}, 'transport': {'mode': 'subway', 'name': 'Orange Line', 'category': 'Subway, Metro', 'color': '#ED8B00', 'textColor': '#FFFFFF', 'headsign': 'Oak Grove', 'longName': 'Orange Line'}, 'agency': {'id': '14811_6b86b27', 'name': 'MBTA', 'website': 'http://www.mbta.com'}}, {'id': 'C0-S4', 'type': 'transit', 'travelSummary': {'duration': 540, 'length': 3747}, 'departure': {'time': '2022-09-29T14:15:00-04:00', 'place': {'name': 'Ruggles', 'type': 'station', 'location': {'lat': 42.336377, 'lng': -71.088961}, 'wheelchairAccessible': 'yes', 'id': '419808177'}, 'delay': -60}, 'arrival': {'time': '2022-09-29T14:24:00-04:00', 'place': {'name': 'South Station', 'type': 'station', 'location': {'lat': 42.352271, 'lng': -71.055242}, 'wheelchairAccessible': 'yes', 'id': '419808186'}, 'delay': -60}, 'transport': {'mode': 'regionalTrain', 'name': 'Providence/Stoughton Line', 'category': 'Rail', 'color': '#80276C', 'textColor': '#FFFFFF', 'headsign': 'South Station via Back Bay', 'longName': 'Providence/Stoughton Line'}, 'agency': {'id': '14811_6b86b27', 'name': 'MBTA', 'website': 'http://www.mbta.com'}}]}]}"
133,BELLEVUE,COMMUTER RAIL,TRAIN_NODES,42.28658429000856,-71.14547358998007,POINT (-71.14547358998007 42.28658429000856),200.0,12688.0,"{'routes': [{'id': 'C0', 'sections': [{'id': 'C0-S0', 'type': 'pedestrian', 'travelSummary': {'duration': 360, 'length': 366}, 'departure': {'time': '2022-09-29T13:42:00-04:00', 'place': {'name': 'Bellevue', 'type': 'place', 'location': {'lat': 42.286584, 'lng': -71.145474}}}, 'arrival': {'time': '2022-09-29T13:48:00-04:00', 'place': {'name': 'Belgrade Ave @ West Roxbury Pkwy', 'type': 'station', 'location': {'lat': 42.285941, 'lng': -71.147894}, 'wheelchairAccessible': 'yes', 'id': '419800523', 'code': '787'}}, 'transport': {'mode': 'pedestrian'}}, {'id': 'C0-S1', 'type': 'transit', 'travelSummary': {'duration': 660, 'length': 3619}, 'departure': {'time': '2022-09-29T13:48:00-04:00', 'place': {'name': 'Belgrade Ave @ West Roxbury Pkwy', 'type': 'station', 'location': {'lat': 42.285941, 'lng': -71.147894}, 'wheelchairAccessible': 'yes', 'id': '419800523', 'code': '787'}, 'delay': 180}, 'arrival': {'time': '2022-09-29T13:59:00-04:00', 'place': {'name': 'Forest Hills', 'type': 'station', 'location': {'lat': 42.299936, 'lng': -71.114324}, 'wheelchairAccessible': 'yes', 'id': '419809827', 'code': '10642'}, 'delay': 0}, 'transport': {'mode': 'bus', 'name': '36', 'category': 'Bus', 'color': '#FFC72C', 'textColor': '#000000', 'headsign': 'Forest Hills', 'shortName': '36', 'longName': 'Millennium Park or VA Hospital - Forest Hills Station'}, 'agency': {'id': '14811_6b86b27', 'name': 'MBTA', 'website': 'http://www.mbta.com'}}, {'id': 'C0-S2', 'type': 'pedestrian', 'travelSummary': {'duration': 180, 'length': 177}, 'departure': {'time': '2022-09-29T13:59:00-04:00', 'place': {'name': 'Forest Hills', 'type': 'station', 'location': {'lat': 42.299936, 'lng': -71.114324}, 'wheelchairAccessible': 'yes', 'id': '419809827', 'code': '10642'}}, 'arrival': {'time': '2022-09-29T14:02:00-04:00', 'place': {'name': 'Forest Hills', 'type': 'station', 'location': {'lat': 42.300523, 'lng': -71.113686}, 'wheelchairAccessible': 'yes', 'id': '419808134'}}, 'transport': {'mode': 'pedestrian'}}, {'id': 'C0-S3', 'type': 'transit', 'travelSummary': {'duration': 1200, 'length': 7986}, 'departure': {'time': '2022-09-29T14:06:00-04:00', 'place': {'name': 'Forest Hills', 'type': 'station', 'location': {'lat': 42.300523, 'lng': -71.113686}, 'wheelchairAccessible': 'yes', 'id': '419808134'}, 'delay': 0, 'status': 'additional'}, 'arrival': {'time': '2022-09-29T14:26:00-04:00', 'place': {'name': 'Downtown Crossing', 'type': 'station', 'location': {'lat': 42.355518, 'lng': -71.060225}, 'wheelchairAccessible': 'yes', 'id': '419809874', 'code': '70020'}, 'delay': 0, 'status': 'additional'}, 'transport': {'mode': 'subway', 'name': 'Orange Line', 'category': 'Subway, Metro', 'color': '#ED8B00', 'textColor': '#FFFFFF', 'headsign': 'Oak Grove', 'longName': 'Orange Line'}, 'agency': {'id': '14811_6b86b27', 'name': 'MBTA', 'website': 'http://www.mbta.com'}}, {'id': 'C0-S4-dep', 'type': 'pedestrian', 'travelSummary': {'duration': 120, 'length': 97}, 'departure': {'time': '2022-09-29T14:26:00-04:00', 'place': {'name': 'Downtown Crossing', 'type': 'station', 'location': {'lat': 42.355518, 'lng': -71.060225}, 'wheelchairAccessible': 'yes', 'id': '419809874', 'code': '70020'}}, 'arrival': {'time': '2022-09-29T14:28:00-04:00', 'place': {'name': 'Downtown Crossing - 101 Arch St, Summer St', 'type': 'accessPoint', 'location': {'lat': 42.354843, 'lng': -71.05948}, 'wheelchairAccessible': 'yes'}}, 'spans': [{'walkAttributes': ['indoor']}], 'transport': {'mode': 'pedestrian'}}, {'id': 'C0-S4', 'type': 'pedestrian', 'travelSummary': {'duration': 420, 'length': 443}, 'departure': {'time': '2022-09-29T14:28:00-04:00', 'place': {'name': 'Downtown Crossing - 101 Arch St, Summer St', 'type': 'accessPoint', 'location': {'lat': 42.354843, 'lng': -71.05948}, 'wheelchairAccessible': 'yes'}}, 'arrival': {'time': '2022-09-29T14:35:00-04:00', 'place': {'name': 'SouthStation', 'type': 'place', 'location': {'lat': 42.352593, 'lng': -71.055172}}}, 'transport': {'mode': 'pedestrian'}}]}]}"
134,ROSLINDALE VILLAGE,COMMUTER RAIL,TRAIN_NODES,42.28705793738711,-71.13165992185225,POINT (-71.13165992185225 42.28705793738711),200.0,10922.0,"{'routes': [{'id': 'C0', 'sections': [{'id': 'C0-S0', 'type': 'pedestrian', 'travelSummary': {'duration': 360, 'length': 358}, 'departure': {'time': '2022-09-29T13:34:00-04:00', 'place': {'name': 'RoslindaleVillage', 'type': 'place', 'location': {'lat': 42.287058, 'lng': -71.13166}}}, 'arrival': {'time': '2022-09-29T13:40:00-04:00', 'place': {'name': 'Washington St @ Cummins Hwy', 'type': 'station', 'location': {'lat': 42.28666, 'lng': -71.127791}, 'wheelchairAccessible': 'yes', 'id': '419809612', 'code': '636'}}, 'transport': {'mode': 'pedestrian'}}, {'id': 'C0-S1', 'type': 'transit', 'travelSummary': {'duration': 300, 'length': 1861}, 'departure': {'time': '2022-09-29T13:40:00-04:00', 'place': {'name': 'Washington St @ Cummins Hwy', 'type': 'station', 'location': {'lat': 42.28666, 'lng': -71.127791}, 'wheelchairAccessible': 'yes', 'id': '419809612', 'code': '636'}, 'delay': 480}, 'arrival': {'time': '2022-09-29T13:45:00-04:00', 'place': {'name': 'Forest Hills', 'type': 'station', 'location': {'lat': 42.299936, 'lng': -71.114324}, 'wheelchairAccessible': 'yes', 'id': '419809827', 'code': '10642'}, 'delay': 420}, 'transport': {'mode': 'bus', 'name': '34', 'category': 'Bus', 'color': '#FFC72C', 'textColor': '#000000', 'headsign': 'Forest Hills', 'shortName': '34', 'longName': 'Dedham Square - Forest Hills Station'}, 'agency': {'id': '14811_6b86b27', 'name': 'MBTA', 'website': 'http://www.mbta.com'}}, {'id': 'C0-S2', 'type': 'pedestrian', 'travelSummary': {'duration': 180, 'length': 177}, 'departure': {'time': '2022-09-29T13:45:00-04:00', 'place': {'name': 'Forest Hills', 'type': 'station', 'location': {'lat': 42.299936, 'lng': -71.114324}, 'wheelchairAccessible': 'yes', 'id': '419809827', 'code': '10642'}}, 'arrival': {'time': '2022-09-29T13:48:00-04:00', 'place': {'name': 'Forest Hills', 'type': 'station', 'location': {'lat': 42.300523, 'lng': -71.113686}, 'wheelchairAccessible': 'yes', 'id': '419808134'}}, 'transport': {'mode': 'pedestrian'}}, {'id': 'C0-S3', 'type': 'transit', 'travelSummary': {'duration': 1200, 'length': 7986}, 'departure': {'time': '2022-09-29T13:51:00-04:00', 'place': {'name': 'Forest Hills', 'type': 'station', 'location': {'lat': 42.300523, 'lng': -71.113686}, 'wheelchairAccessible': 'yes', 'id': '419808134'}, 'delay': 0, 'status': 'additional'}, 'arrival': {'time': '2022-09-29T14:11:00-04:00', 'place': {'name': 'Downtown Crossing', 'type': 'station', 'location': {'lat': 42.355518, 'lng': -71.060225}, 'wheelchairAccessible': 'yes', 'id': '419809874', 'code': '70020'}, 'delay': 0, 'status': 'additional'}, 'transport': {'mode': 'subway', 'name': 'Orange Line', 'category': 'Subway, Metro', 'color': '#ED8B00', 'textColor': '#FFFFFF', 'headsign': 'Oak Grove', 'longName': 'Orange Line'}, 'agency': {'id': '14811_6b86b27', 'name': 'MBTA', 'website': 'http://www.mbta.com'}}, {'id': 'C0-S4-dep', 'type': 'pedestrian', 'travelSummary': {'duration': 120, 'length': 97}, 'departure': {'time': '2022-09-29T14:11:00-04:00', 'place': {'name': 'Downtown Crossing', 'type': 'station', 'location': {'lat': 42.355518, 'lng': -71.060225}, 'wheelchairAccessible': 'yes', 'id': '419809874', 'code': '70020'}}, 'arrival': {'time': '2022-09-29T14:13:00-04:00', 'place': {'name': 'Downtown Crossing - 101 Arch St, Summer St', 'type': 'accessPoint', 'location': {'lat': 42.354843, 'lng': -71.05948}, 'wheelchairAccessible': 'yes'}}, 'spans': [{'walkAttributes': ['indoor']}], 'transport': {'mode': 'pedestrian'}}, {'id': 'C0-S4', 'type': 'pedestrian', 'travelSummary': {'duration': 420, 'length': 443}, 'departure': {'time': '2022-09-29T14:13:00-04:00', 'place': {'name': 'Downtown Crossing - 101 Arch St, Summer St', 'type': 'accessPoint', 'location': {'lat': 42.354843, 'lng': -71.05948}, 'wheelchairAccessible': 'yes'}}, 'arrival': {'time': '2022-09-29T14:20:00-04:00', 'place': {'name': 'SouthStation', 'type': 'place', 'location': {'lat': 42.352593, 'lng': -71.055172}}}, 'transport': {'mode': 'pedestrian'}}]}]}"
135,ROUTE 128,COMMUTER RAIL,TRAIN_NODES,42.21029642508788,-71.14717681521078,POINT (-71.14717681521078 42.21029642508788),200.0,18759.0,"{'routes': [{'id': 'C0', 'sections': [{'id': 'C0-S0', 'type': 'transit', 'travelSummary': {'duration': 1200, 'length': 18759}, 'departure': {'time': '2022-09-29T13:35:00-04:00', 'place': {'name': 'Route 128', 'type': 'station', 'location': {'lat': 42.210308, 'lng': -71.147134}, 'wheelchairAccessible': 'yes', 'id': '419807347'}, 'delay': 0}, 'arrival': {'time': '2022-09-29T13:55:00-04:00', 'place': {'name': 'South Station', 'type': 'station', 'location': {'lat': 42.352271, 'lng': -71.055242}, 'wheelchairAccessible': 'yes', 'id': '419808186'}, 'delay': -180}, 'transport': {'mode': 'regionalTrain', 'name': 'Providence/Stoughton Line', 'category': 'Rail', 'color': '#80276C', 'textColor': '#FFFFFF', 'headsign': 'South Station via Ruggles', 'longName': 'Providence/Stoughton Line'}, 'agency': {'id': '14811_6b86b27', 'name': 'MBTA', 'website': 'http://www.mbta.com'}}]}]}"
136,BACK BAY,COMMUTER RAIL,TRAIN_NODES,42.34766968287676,-71.07510354614429,POINT (-71.07510354614429 42.34766968287676),200.0,2251.0,"{'routes': [{'id': 'C0', 'sections': [{'id': 'C0-S0', 'type': 'pedestrian', 'travelSummary': {'duration': 0, 'length': 67}, 'departure': {'time': '2022-09-29T13:38:00-04:00', 'place': {'name': 'BackBay', 'type': 'place', 'location': {'lat': 42.34767, 'lng': -71.075103}}}, 'arrival': {'time': '2022-09-29T13:38:00-04:00', 'place': {'name': 'Back Bay - Garage', 'type': 'accessPoint', 'location': {'lat': 42.347684, 'lng': -71.075054}, 'wheelchairAccessible': 'yes'}}, 'transport': {'mode': 'pedestrian'}}, {'id': 'C0-S0-arr', 'type': 'pedestrian', 'travelSummary': {'duration': 60, 'length': 67}, 'departure': {'time': '2022-09-29T13:38:00-04:00', 'place': {'name': 'Back Bay - Garage', 'type': 'accessPoint', 'location': {'lat': 42.347684, 'lng': -71.075054}, 'wheelchairAccessible': 'yes'}}, 'arrival': {'time': '2022-09-29T13:39:00-04:00', 'place': {'name': 'Back Bay', 'type': 'station', 'location': {'lat': 42.34735, 'lng': -71.075727}, 'wheelchairAccessible': 'yes', 'id': '419808092'}}, 'spans': [{'walkAttributes': ['indoor']}], 'transport': {'mode': 'pedestrian'}}, {'id': 'C0-S1', 'type': 'transit', 'travelSummary': {'duration': 360, 'length': 2117}, 'departure': {'time': '2022-09-29T13:39:00-04:00', 'place': {'name': 'Back Bay', 'type': 'station', 'location': {'lat': 42.34735, 'lng': -71.075727}, 'wheelchairAccessible': 'yes', 'id': '419808092'}, 'delay': -60}, 'arrival': {'time': '2022-09-29T13:45:00-04:00', 'place': {'name': 'South Station', 'type': 'station', 'location': {'lat': 42.352271, 'lng': -71.055242}, 'wheelchairAccessible': 'yes', 'id': '419808186'}, 'delay': 0}, 'transport': {'mode': 'regionalTrain', 'name': 'Needham Line', 'category': 'Rail', 'color': '#80276C', 'textColor': '#FFFFFF', 'headsign': 'South Station via Back Bay', 'longName': 'Needham Line'}, 'agency': {'id': '14811_6b86b27', 'name': 'MBTA', 'website': 'http://www.mbta.com'}}]}, {'id': 'c1d0d95d-65d0-4a34-8849-45b49349a2f7', 'sections': [{'id': 'fc516e3d-1e0d-40e9-ad3a-fdcede641bf1', 'type': 'pedestrian', 'travelSummary': {'duration': 1938, 'length': 1895}, 'departure': {'time': '2022-09-29T13:31:34-04:00', 'place': {'type': 'place', 'location': {'lat': 42.34823, 'lng': -71.07526}}}, 'arrival': {'time': '2022-09-29T14:03:52-04:00', 'place': {'type': 'place', 'location': {'lat': 42.3525543, 'lng': -71.0552033}}}, 'transport': {'mode': 'pedestrian'}}]}]}"
137,QUINCY CENTER,COMMUTER RAIL,TRAIN_NODES,42.25133419698715,-71.00524766888104,POINT (-71.00524766888104 42.25133419698715),200.0,13095.0,"{'routes': [{'id': 'C0', 'sections': [{'id': 'C0-S0', 'type': 'pedestrian', 'travelSummary': {'duration': 0, 'length': 10}, 'departure': {'time': '2022-09-29T13:39:00-04:00', 'place': {'name': 'QuincyCenter', 'type': 'place', 'location': {'lat': 42.251334, 'lng': -71.005248}}}, 'arrival': {'time': '2022-09-29T13:39:00-04:00', 'place': {'name': 'Quincy Center - Burgin Parkway (Stairs)', 'type': 'accessPoint', 'location': {'lat': 42.251403, 'lng': -71.005508}, 'wheelchairAccessible': 'no'}}, 'transport': {'mode': 'pedestrian'}}, {'id': 'C0-S0-arr', 'type': 'pedestrian', 'travelSummary': {'duration': 60, 'length': 46}, 'departure': {'time': '2022-09-29T13:39:00-04:00', 'place': {'name': 'Quincy Center - Burgin Parkway (Stairs)', 'type': 'accessPoint', 'location': {'lat': 42.251403, 'lng': -71.005508}, 'wheelchairAccessible': 'no'}}, 'arrival': {'time': '2022-09-29T13:40:00-04:00', 'place': {'name': 'Quincy Center', 'type': 'station', 'location': {'lat': 42.251809, 'lng': -71.005409}, 'wheelchairAccessible': 'yes', 'id': '419808172'}}, 'spans': [{'walkAttributes': ['indoor']}], 'transport': {'mode': 'pedestrian'}}, {'id': 'C0-S1', 'type': 'transit', 'travelSummary': {'duration': 180, 'length': 13039}, 'departure': {'time': '2022-09-29T13:40:00-04:00', 'place': {'name': 'Quincy Center', 'type': 'station', 'location': {'lat': 42.251809, 'lng': -71.005409}, 'wheelchairAccessible': 'yes', 'id': '419808172', 'platform': '1'}, 'delay': 0}, 'arrival': {'time': '2022-09-29T13:43:00-04:00', 'place': {'name': 'South Station', 'type': 'station', 'location': {'lat': 42.352271, 'lng': -71.055242}, 'wheelchairAccessible': 'yes', 'id': '419808186'}, 'delay': -1200}, 'transport': {'mode': 'subway', 'name': 'Red Line', 'category': 'Subway, Metro', 'color': '#DA291C', 'textColor': '#FFFFFF', 'headsign': 'Alewife', 'longName': 'Red Line'}, 'agency': {'id': '14811_6b86b27', 'name': 'MBTA', 'website': 'http://www.mbta.com'}}]}]}"
138,RUGGLES,COMMUTER RAIL,TRAIN_NODES,42.33654232448528,-71.08921593829662,POINT (-71.08921593829662 42.33654232448528),200.0,3747.0,"{'routes': [{'id': 'C0', 'sections': [{'id': 'C0-S1', 'type': 'transit', 'travelSummary': {'duration': 600, 'length': 3747}, 'departure': {'time': '2022-09-29T13:35:00-04:00', 'place': {'name': 'Ruggles', 'type': 'station', 'location': {'lat': 42.336377, 'lng': -71.088961}, 'wheelchairAccessible': 'yes', 'id': '419808177'}, 'delay': -120}, 'arrival': {'time': '2022-09-29T13:45:00-04:00', 'place': {'name': 'South Station', 'type': 'station', 'location': {'lat': 42.352271, 'lng': -71.055242}, 'wheelchairAccessible': 'yes', 'id': '419808186'}, 'delay': 0}, 'transport': {'mode': 'regionalTrain', 'name': 'Needham Line', 'category': 'Rail', 'color': '#80276C', 'textColor': '#FFFFFF', 'headsign': 'South Station via Back Bay', 'longName': 'Needham Line'}, 'agency': {'id': '14811_6b86b27', 'name': 'MBTA', 'website': 'http://www.mbta.com'}}]}]}"
139,Boston University Central,GREEN,MBTA_NODES,42.35004075702665,-71.10703612049464,POINT (-71.10703612049464 42.35004075702665),200.0,5004.0,"{'routes': [{'id': 'C0', 'sections': [{'id': 'C0-S0', 'type': 'pedestrian', 'travelSummary': {'duration': 120, 'length': 136}, 'departure': {'time': '2022-09-29T13:38:00-04:00', 'place': {'name': 'BostonUniversityCentral', 'type': 'place', 'location': {'lat': 42.350041, 'lng': -71.107036}}}, 'arrival': {'time': '2022-09-29T13:40:00-04:00', 'place': {'name': 'Boston University Central', 'type': 'station', 'location': {'lat': 42.350148, 'lng': -71.107455}, 'wheelchairAccessible': 'yes', 'id': '419809984', 'code': '70145'}}, 'transport': {'mode': 'pedestrian'}}, {'id': 'C0-S1', 'type': 'transit', 'travelSummary': {'duration': 900, 'length': 4128}, 'departure': {'time': '2022-09-29T13:40:00-04:00', 'place': {'name': 'Boston University Central', 'type': 'station', 'location': {'lat': 42.350148, 'lng': -71.107455}, 'wheelchairAccessible': 'yes', 'id': '419809984', 'code': '70145'}, 'delay': 0}, 'arrival': {'time': '2022-09-29T13:55:00-04:00', 'place': {'name': 'Park Street', 'type': 'station', 'location': {'lat': 42.356395, 'lng': -71.062424}, 'wheelchairAccessible': 'yes', 'id': '419810624', 'code': '70200'}, 'delay': -180}, 'transport': {'mode': 'lightRail', 'name': 'B', 'category': 'Tram, Streetcar, Light rail', 'color': '#00843D', 'textColor': '#FFFFFF', 'headsign': 'Government Center', 'shortName': 'B', 'longName': 'Green Line B'}, 'agency': {'id': '14811_6b86b27', 'name': 'MBTA', 'website': 'http://www.mbta.com'}}, {'id': 'C0-S2', 'type': 'pedestrian', 'travelSummary': {'duration': 720, 'length': 740}, 'departure': {'time': '2022-09-29T13:55:00-04:00', 'place': {'name': 'Park Street', 'type': 'station', 'location': {'lat': 42.356395, 'lng': -71.062424}, 'wheelchairAccessible': 'yes', 'id': '419810624', 'code': '70200'}}, 'arrival': {'time': '2022-09-29T14:07:00-04:00', 'place': {'name': 'SouthStation', 'type': 'place', 'location': {'lat': 42.352593, 'lng': -71.055172}}}, 'transport': {'mode': 'pedestrian'}}]}]}"
140,Amory Street,GREEN,MBTA_NODES,42.35096616648161,-71.11470750829879,POINT (-71.11470750829879 42.35096616648161),200.0,5621.0,"{'routes': [{'id': 'C0', 'sections': [{'id': 'C0-S0', 'type': 'pedestrian', 'travelSummary': {'duration': 60, 'length': 75}, 'departure': {'time': '2022-09-29T13:34:00-04:00', 'place': {'name': 'AmoryStreet', 'type': 'place', 'location': {'lat': 42.350966, 'lng': -71.114707}}}, 'arrival': {'time': '2022-09-29T13:35:00-04:00', 'place': {'name': 'Amory Street - Buick St, Saint Paul St', 'type': 'accessPoint', 'location': {'lat': 42.351054, 'lng': -71.115613}, 'wheelchairAccessible': 'yes'}}, 'transport': {'mode': 'pedestrian'}}, {'id': 'C0-S0-arr', 'type': 'pedestrian', 'travelSummary': {'duration': 60, 'length': 48}, 'departure': {'time': '2022-09-29T13:35:00-04:00', 'place': {'name': 'Amory Street - Buick St, Saint Paul St', 'type': 'accessPoint', 'location': {'lat': 42.351054, 'lng': -71.115613}, 'wheelchairAccessible': 'yes'}}, 'arrival': {'time': '2022-09-29T13:36:00-04:00', 'place': {'name': 'Amory Street', 'type': 'station', 'location': {'lat': 42.351066, 'lng': -71.115027}, 'wheelchairAccessible': 'yes', 'id': '419812959', 'code': '170141'}}, 'spans': [{'walkAttributes': ['indoor']}], 'transport': {'mode': 'pedestrian'}}, {'id': 'C0-S1', 'type': 'transit', 'travelSummary': {'duration': 1140, 'length': 4758}, 'departure': {'time': '2022-09-29T13:36:00-04:00', 'place': {'name': 'Amory Street', 'type': 'station', 'location': {'lat': 42.351066, 'lng': -71.115027}, 'wheelchairAccessible': 'yes', 'id': '419812959', 'code': '170141'}, 'delay': 60}, 'arrival': {'time': '2022-09-29T13:55:00-04:00', 'place': {'name': 'Park Street', 'type': 'station', 'location': {'lat': 42.356395, 'lng': -71.062424}, 'wheelchairAccessible': 'yes', 'id': '419810624', 'code': '70200'}, 'delay': -180}, 'transport': {'mode': 'lightRail', 'name': 'B', 'category': 'Tram, Streetcar, Light rail', 'color': '#00843D', 'textColor': '#FFFFFF', 'headsign': 'Government Center', 'shortName': 'B', 'longName': 'Green Line B'}, 'agency': {'id': '14811_6b86b27', 'name': 'MBTA', 'website': 'http://www.mbta.com'}}, {'id': 'C0-S2', 'type': 'pedestrian', 'travelSummary': {'duration': 720, 'length': 740}, 'departure': {'time': '2022-09-29T13:55:00-04:00', 'place': {'name': 'Park Street', 'type': 'station', 'location': {'lat': 42.356395, 'lng': -71.062424}, 'wheelchairAccessible': 'yes', 'id': '419810624', 'code': '70200'}}, 'arrival': {'time': '2022-09-29T14:07:00-04:00', 'place': {'name': 'SouthStation', 'type': 'place', 'location': {'lat': 42.352593, 'lng': -71.055172}}}, 'transport': {'mode': 'pedestrian'}}]}]}"
141,Babcock Street,GREEN,MBTA_NODES,42.3515930516766,-71.1199201198467,POINT (-71.1199201198467 42.3515930516766),200.0,6104.0,"{'routes': [{'id': 'C0', 'sections': [{'id': 'C0-S0', 'type': 'pedestrian', 'travelSummary': {'duration': 120, 'length': 100}, 'departure': {'time': '2022-09-29T13:31:00-04:00', 'place': {'name': 'BabcockStreet', 'type': 'place', 'location': {'lat': 42.351593, 'lng': -71.11992}}}, 'arrival': {'time': '2022-09-29T13:33:00-04:00', 'place': {'name': 'Babcock Street - Babcock St', 'type': 'accessPoint', 'location': {'lat': 42.351719, 'lng': -71.121123}, 'wheelchairAccessible': 'yes'}}, 'transport': {'mode': 'pedestrian'}}, {'id': 'C0-S0-arr', 'type': 'pedestrian', 'travelSummary': {'duration': 60, 'length': 71}, 'departure': {'time': '2022-09-29T13:33:00-04:00', 'place': {'name': 'Babcock Street - Babcock St', 'type': 'accessPoint', 'location': {'lat': 42.351719, 'lng': -71.121123}, 'wheelchairAccessible': 'yes'}}, 'arrival': {'time': '2022-09-29T13:34:00-04:00', 'place': {'name': 'Babcock Street', 'type': 'station', 'location': {'lat': 42.351695, 'lng': -71.120257}, 'wheelchairAccessible': 'yes', 'id': '419810566', 'code': '170137'}}, 'spans': [{'walkAttributes': ['indoor']}], 'transport': {'mode': 'pedestrian'}}, {'id': 'C0-S1', 'type': 'transit', 'travelSummary': {'duration': 1260, 'length': 5193}, 'departure': {'time': '2022-09-29T13:34:00-04:00', 'place': {'name': 'Babcock Street', 'type': 'station', 'location': {'lat': 42.351695, 'lng': -71.120257}, 'wheelchairAccessible': 'yes', 'id': '419810566', 'code': '170137'}, 'delay': 60}, 'arrival': {'time': '2022-09-29T13:55:00-04:00', 'place': {'name': 'Park Street', 'type': 'station', 'location': {'lat': 42.356395, 'lng': -71.062424}, 'wheelchairAccessible': 'yes', 'id': '419810624', 'code': '70200'}, 'delay': -180}, 'transport': {'mode': 'lightRail', 'name': 'B', 'category': 'Tram, Streetcar, Light rail', 'color': '#00843D', 'textColor': '#FFFFFF', 'headsign': 'Government Center', 'shortName': 'B', 'longName': 'Green Line B'}, 'agency': {'id': '14811_6b86b27', 'name': 'MBTA', 'website': 'http://www.mbta.com'}}, {'id': 'C0-S2', 'type': 'pedestrian', 'travelSummary': {'duration': 720, 'length': 740}, 'departure': {'time': '2022-09-29T13:55:00-04:00', 'place': {'name': 'Park Street', 'type': 'station', 'location': {'lat': 42.356395, 'lng': -71.062424}, 'wheelchairAccessible': 'yes', 'id': '419810624', 'code': '70200'}}, 'arrival': {'time': '2022-09-29T14:07:00-04:00', 'place': {'name': 'SouthStation', 'type': 'place', 'location': {'lat': 42.352593, 'lng': -71.055172}}}, 'transport': {'mode': 'pedestrian'}}]}]}"
142,Packards Corner,GREEN,MBTA_NODES,42.35178581335207,-71.12522582972619,POINT (-71.12522582972619 42.35178581335207),200.0,6447.0,"{'routes': [{'id': 'C0', 'sections': [{'id': 'C0-S0', 'type': 'pedestrian', 'travelSummary': {'duration': 120, 'length': 105}, 'departure': {'time': '2022-09-29T13:38:00-04:00', 'place': {'name': 'PackardsCorner', 'type': 'place', 'location': {'lat': 42.351786, 'lng': -71.125226}}}, 'arrival': {'time': '2022-09-29T13:40:00-04:00', 'place': {'name': ""Packard's Corner"", 'type': 'station', 'location': {'lat': 42.351891, 'lng': -71.125067}, 'wheelchairAccessible': 'no', 'id': '419809973', 'code': '70134'}}, 'transport': {'mode': 'pedestrian'}}, {'id': 'C0-S1', 'type': 'transit', 'travelSummary': {'duration': 1320, 'length': 5602}, 'departure': {'time': '2022-09-29T13:40:00-04:00', 'place': {'name': ""Packard's Corner"", 'type': 'station', 'location': {'lat': 42.351891, 'lng': -71.125067}, 'wheelchairAccessible': 'no', 'id': '419809973', 'code': '70134'}, 'delay': 0, 'status': 'additional'}, 'arrival': {'time': '2022-09-29T14:02:00-04:00', 'place': {'name': 'Park Street', 'type': 'station', 'location': {'lat': 42.356395, 'lng': -71.062424}, 'wheelchairAccessible': 'yes', 'id': '419810624', 'code': '70200'}, 'delay': 0, 'status': 'additional'}, 'transport': {'mode': 'lightRail', 'name': 'B', 'category': 'Tram, Streetcar, Light rail', 'color': '#00843D', 'textColor': '#FFFFFF', 'headsign': 'Government Center', 'shortName': 'B', 'longName': 'Green Line B'}, 'agency': {'id': '14811_6b86b27', 'name': 'MBTA', 'website': 'http://www.mbta.com'}}, {'id': 'C0-S2', 'type': 'pedestrian', 'travelSummary': {'duration': 720, 'length': 740}, 'departure': {'time': '2022-09-29T14:02:00-04:00', 'place': {'name': 'Park Street', 'type': 'station', 'location': {'lat': 42.356395, 'lng': -71.062424}, 'wheelchairAccessible': 'yes', 'id': '419810624', 'code': '70200'}}, 'arrival': {'time': '2022-09-29T14:14:00-04:00', 'place': {'name': 'SouthStation', 'type': 'place', 'location': {'lat': 42.352593, 'lng': -71.055172}}}, 'transport': {'mode': 'pedestrian'}}]}]}"
143,Harvard Avenue,GREEN,MBTA_NODES,42.35041177481019,-71.13100726113383,POINT (-71.13100726113383 42.35041177481019),200.0,6897.0,"{'routes': [{'id': 'C0', 'sections': [{'id': 'C0-S0', 'type': 'pedestrian', 'travelSummary': {'duration': 60, 'length': 40}, 'departure': {'time': '2022-09-29T13:37:00-04:00', 'place': {'name': 'HarvardAvenue', 'type': 'place', 'location': {'lat': 42.350412, 'lng': -71.131007}}}, 'arrival': {'time': '2022-09-29T13:38:00-04:00', 'place': {'name': 'Harvard Avenue', 'type': 'station', 'location': {'lat': 42.350602, 'lng': -71.130727}, 'wheelchairAccessible': 'yes', 'id': '419809972', 'code': '70131'}}, 'transport': {'mode': 'pedestrian'}}, {'id': 'C0-S1', 'type': 'transit', 'travelSummary': {'duration': 1440, 'length': 6117}, 'departure': {'time': '2022-09-29T13:38:00-04:00', 'place': {'name': 'Harvard Avenue', 'type': 'station', 'location': {'lat': 42.350602, 'lng': -71.130727}, 'wheelchairAccessible': 'yes', 'id': '419809972', 'code': '70131'}, 'delay': 0, 'status': 'additional'}, 'arrival': {'time': '2022-09-29T14:02:00-04:00', 'place': {'name': 'Park Street', 'type': 'station', 'location': {'lat': 42.356395, 'lng': -71.062424}, 'wheelchairAccessible': 'yes', 'id': '419810624', 'code': '70200'}, 'delay': 0, 'status': 'additional'}, 'transport': {'mode': 'lightRail', 'name': 'B', 'category': 'Tram, Streetcar, Light rail', 'color': '#00843D', 'textColor': '#FFFFFF', 'headsign': 'Government Center', 'shortName': 'B', 'longName': 'Green Line B'}, 'agency': {'id': '14811_6b86b27', 'name': 'MBTA', 'website': 'http://www.mbta.com'}}, {'id': 'C0-S2', 'type': 'pedestrian', 'travelSummary': {'duration': 720, 'length': 740}, 'departure': {'time': '2022-09-29T14:02:00-04:00', 'place': {'name': 'Park Street', 'type': 'station', 'location': {'lat': 42.356395, 'lng': -71.062424}, 'wheelchairAccessible': 'yes', 'id': '419810624', 'code': '70200'}}, 'arrival': {'time': '2022-09-29T14:14:00-04:00', 'place': {'name': 'SouthStation', 'type': 'place', 'location': {'lat': 42.352593, 'lng': -71.055172}}}, 'transport': {'mode': 'pedestrian'}}]}]}"
144,Griggs Street,GREEN,MBTA_NODES,42.348819512853055,-71.13436462642305,POINT (-71.13436462642305 42.34881951285305),200.0,7205.0,"{'routes': [{'id': 'C0', 'sections': [{'id': 'C0-S1', 'type': 'transit', 'travelSummary': {'duration': 1560, 'length': 6465}, 'departure': {'time': '2022-09-29T13:36:00-04:00', 'place': {'name': 'Griggs Street', 'type': 'station', 'location': {'lat': 42.348919, 'lng': -71.134305}, 'wheelchairAccessible': 'no', 'id': '419809970', 'code': '70129'}, 'delay': 0, 'status': 'additional'}, 'arrival': {'time': '2022-09-29T14:02:00-04:00', 'place': {'name': 'Park Street', 'type': 'station', 'location': {'lat': 42.356395, 'lng': -71.062424}, 'wheelchairAccessible': 'yes', 'id': '419810624', 'code': '70200'}, 'delay': 0, 'status': 'additional'}, 'transport': {'mode': 'lightRail', 'name': 'B', 'category': 'Tram, Streetcar, Light rail', 'color': '#00843D', 'textColor': '#FFFFFF', 'headsign': 'Government Center', 'shortName': 'B', 'longName': 'Green Line B'}, 'agency': {'id': '14811_6b86b27', 'name': 'MBTA', 'website': 'http://www.mbta.com'}}, {'id': 'C0-S2', 'type': 'pedestrian', 'travelSummary': {'duration': 720, 'length': 740}, 'departure': {'time': '2022-09-29T14:02:00-04:00', 'place': {'name': 'Park Street', 'type': 'station', 'location': {'lat': 42.356395, 'lng': -71.062424}, 'wheelchairAccessible': 'yes', 'id': '419810624', 'code': '70200'}}, 'arrival': {'time': '2022-09-29T14:14:00-04:00', 'place': {'name': 'SouthStation', 'type': 'place', 'location': {'lat': 42.352593, 'lng': -71.055172}}}, 'transport': {'mode': 'pedestrian'}}]}]}"
145,Allston Street,GREEN,MBTA_NODES,42.34857609500267,-71.13763680046425,POINT (-71.13763680046425 42.34857609500267),200.0,7562.0,"{'routes': [{'id': 'C0', 'sections': [{'id': 'C0-S0', 'type': 'pedestrian', 'travelSummary': {'duration': 60, 'length': 32}, 'departure': {'time': '2022-09-29T13:34:00-04:00', 'place': {'name': 'AllstonStreet', 'type': 'place', 'location': {'lat': 42.348576, 'lng': -71.137637}}}, 'arrival': {'time': '2022-09-29T13:35:00-04:00', 'place': {'name': 'Allston Street', 'type': 'station', 'location': {'lat': 42.348649, 'lng': -71.137881}, 'wheelchairAccessible': 'no', 'id': '419809967', 'code': '70126'}}, 'transport': {'mode': 'pedestrian'}}, {'id': 'C0-S1', 'type': 'transit', 'travelSummary': {'duration': 1620, 'length': 6790}, 'departure': {'time': '2022-09-29T13:35:00-04:00', 'place': {'name': 'Allston Street', 'type': 'station', 'location': {'lat': 42.348649, 'lng': -71.137881}, 'wheelchairAccessible': 'no', 'id': '419809967', 'code': '70126'}, 'delay': 0, 'status': 'additional'}, 'arrival': {'time': '2022-09-29T14:02:00-04:00', 'place': {'name': 'Park Street', 'type': 'station', 'location': {'lat': 42.356395, 'lng': -71.062424}, 'wheelchairAccessible': 'yes', 'id': '419810624', 'code': '70200'}, 'delay': 0, 'status': 'additional'}, 'transport': {'mode': 'lightRail', 'name': 'B', 'category': 'Tram, Streetcar, Light rail', 'color': '#00843D', 'textColor': '#FFFFFF', 'headsign': 'Government Center', 'shortName': 'B', 'longName': 'Green Line B'}, 'agency': {'id': '14811_6b86b27', 'name': 'MBTA', 'website': 'http://www.mbta.com'}}, {'id': 'C0-S2', 'type': 'pedestrian', 'travelSummary': {'duration': 720, 'length': 740}, 'departure': {'time': '2022-09-29T14:02:00-04:00', 'place': {'name': 'Park Street', 'type': 'station', 'location': {'lat': 42.356395, 'lng': -71.062424}, 'wheelchairAccessible': 'yes', 'id': '419810624', 'code': '70200'}}, 'arrival': {'time': '2022-09-29T14:14:00-04:00', 'place': {'name': 'SouthStation', 'type': 'place', 'location': {'lat': 42.352593, 'lng': -71.055172}}}, 'transport': {'mode': 'pedestrian'}}]}]}"
146,Warren Street,GREEN,MBTA_NODES,42.34862364982648,-71.14024039501022,POINT (-71.14024039501022 42.34862364982648),200.0,7765.0,"{'routes': [{'id': 'C0', 'sections': [{'id': 'C0-S0', 'type': 'pedestrian', 'travelSummary': {'duration': 60, 'length': 49}, 'departure': {'time': '2022-09-29T13:33:00-04:00', 'place': {'name': 'WarrenStreet', 'type': 'place', 'location': {'lat': 42.348624, 'lng': -71.14024}}}, 'arrival': {'time': '2022-09-29T13:34:00-04:00', 'place': {'name': 'Warren Street', 'type': 'station', 'location': {'lat': 42.348819, 'lng': -71.140051}, 'wheelchairAccessible': 'no', 'id': '419809966', 'code': '70125'}}, 'transport': {'mode': 'pedestrian'}}, {'id': 'C0-S1', 'type': 'transit', 'travelSummary': {'duration': 1680, 'length': 6976}, 'departure': {'time': '2022-09-29T13:34:00-04:00', 'place': {'name': 'Warren Street', 'type': 'station', 'location': {'lat': 42.348819, 'lng': -71.140051}, 'wheelchairAccessible': 'no', 'id': '419809966', 'code': '70125'}, 'delay': 0, 'status': 'additional'}, 'arrival': {'time': '2022-09-29T14:02:00-04:00', 'place': {'name': 'Park Street', 'type': 'station', 'location': {'lat': 42.356395, 'lng': -71.062424}, 'wheelchairAccessible': 'yes', 'id': '419810624', 'code': '70200'}, 'delay': 0, 'status': 'additional'}, 'transport': {'mode': 'lightRail', 'name': 'B', 'category': 'Tram, Streetcar, Light rail', 'color': '#00843D', 'textColor': '#FFFFFF', 'headsign': 'Government Center', 'shortName': 'B', 'longName': 'Green Line B'}, 'agency': {'id': '14811_6b86b27', 'name': 'MBTA', 'website': 'http://www.mbta.com'}}, {'id': 'C0-S2', 'type': 'pedestrian', 'travelSummary': {'duration': 720, 'length': 740}, 'departure': {'time': '2022-09-29T14:02:00-04:00', 'place': {'name': 'Park Street', 'type': 'station', 'location': {'lat': 42.356395, 'lng': -71.062424}, 'wheelchairAccessible': 'yes', 'id': '419810624', 'code': '70200'}}, 'arrival': {'time': '2022-09-29T14:14:00-04:00', 'place': {'name': 'SouthStation', 'type': 'place', 'location': {'lat': 42.352593, 'lng': -71.055172}}}, 'transport': {'mode': 'pedestrian'}}]}]}"
147,Washington Street,GREEN,MBTA_NODES,42.34412328995517,-71.14254885115989,POINT (-71.14254885115989 42.34412328995517),200.0,8278.0,"{'routes': [{'id': 'C0', 'sections': [{'id': 'C0-S0', 'type': 'pedestrian', 'travelSummary': {'duration': 0, 'length': 26}, 'departure': {'time': '2022-09-29T13:31:00-04:00', 'place': {'name': 'WashingtonStreet', 'type': 'place', 'location': {'lat': 42.344123, 'lng': -71.142549}}}, 'arrival': {'time': '2022-09-29T13:31:00-04:00', 'place': {'name': 'Washington Street', 'type': 'station', 'location': {'lat': 42.344329, 'lng': -71.142385}, 'wheelchairAccessible': 'yes', 'id': '419809963', 'code': '70120'}}, 'transport': {'mode': 'pedestrian'}}, {'id': 'C0-S1', 'type': 'transit', 'travelSummary': {'duration': 1860, 'length': 7512}, 'departure': {'time': '2022-09-29T13:31:00-04:00', 'place': {'name': 'Washington Street', 'type': 'station', 'location': {'lat': 42.344329, 'lng': -71.142385}, 'wheelchairAccessible': 'yes', 'id': '419809963', 'code': '70120'}, 'delay': 0, 'status': 'additional'}, 'arrival': {'time': '2022-09-29T14:02:00-04:00', 'place': {'name': 'Park Street', 'type': 'station', 'location': {'lat': 42.356395, 'lng': -71.062424}, 'wheelchairAccessible': 'yes', 'id': '419810624', 'code': '70200'}, 'delay': 0, 'status': 'additional'}, 'transport': {'mode': 'lightRail', 'name': 'B', 'category': 'Tram, Streetcar, Light rail', 'color': '#00843D', 'textColor': '#FFFFFF', 'headsign': 'Government Center', 'shortName': 'B', 'longName': 'Green Line B'}, 'agency': {'id': '14811_6b86b27', 'name': 'MBTA', 'website': 'http://www.mbta.com'}}, {'id': 'C0-S2', 'type': 'pedestrian', 'travelSummary': {'duration': 720, 'length': 740}, 'departure': {'time': '2022-09-29T14:02:00-04:00', 'place': {'name': 'Park Street', 'type': 'station', 'location': {'lat': 42.356395, 'lng': -71.062424}, 'wheelchairAccessible': 'yes', 'id': '419810624', 'code': '70200'}}, 'arrival': {'time': '2022-09-29T14:14:00-04:00', 'place': {'name': 'SouthStation', 'type': 'place', 'location': {'lat': 42.352593, 'lng': -71.055172}}}, 'transport': {'mode': 'pedestrian'}}]}]}"
148,Sutherland Road,GREEN,MBTA_NODES,42.341561497974766,-71.14632990186321,POINT (-71.14632990186321 42.34156149797477),200.0,9042.0,"{'routes': [{'id': 'C0', 'sections': [{'id': 'C0-S0', 'type': 'pedestrian', 'travelSummary': {'duration': 720, 'length': 720}, 'departure': {'time': '2022-09-29T13:32:00-04:00', 'place': {'name': 'SutherlandRoad', 'type': 'place', 'location': {'lat': 42.341561, 'lng': -71.14633}}}, 'arrival': {'time': '2022-09-29T13:44:00-04:00', 'place': {'name': 'Englewood Avenue', 'type': 'station', 'location': {'lat': 42.337011, 'lng': -71.145368}, 'wheelchairAccessible': 'no', 'id': '419810063', 'code': '70236'}}, 'transport': {'mode': 'pedestrian'}}, {'id': 'C0-S1', 'type': 'transit', 'travelSummary': {'duration': 1800, 'length': 7480}, 'departure': {'time': '2022-09-29T13:44:00-04:00', 'place': {'name': 'Englewood Avenue', 'type': 'station', 'location': {'lat': 42.337011, 'lng': -71.145368}, 'wheelchairAccessible': 'no', 'id': '419810063', 'code': '70236'}}, 'arrival': {'time': '2022-09-29T14:14:00-04:00', 'place': {'name': 'Park Street', 'type': 'station', 'location': {'lat': 42.356395, 'lng': -71.062424}, 'wheelchairAccessible': 'yes', 'id': '419810624', 'code': '70200'}}, 'transport': {'mode': 'lightRail', 'name': 'C', 'category': 'Tram, Streetcar, Light rail', 'color': '#00843D', 'textColor': '#FFFFFF', 'headsign': 'Government Center', 'shortName': 'C', 'longName': 'Green Line C'}, 'agency': {'id': '14811_6b86b27', 'name': 'MBTA', 'website': 'http://www.mbta.com'}}, {'id': 'C0-S2', 'type': 'pedestrian', 'travelSummary': {'duration': 120, 'length': 133}, 'departure': {'time': '2022-09-29T14:14:00-04:00', 'place': {'name': 'Park Street', 'type': 'station', 'location': {'lat': 42.356395, 'lng': -71.062424}, 'wheelchairAccessible': 'yes', 'id': '419810624', 'code': '70200'}}, 'arrival': {'time': '2022-09-29T14:16:00-04:00', 'place': {'name': 'Park Street', 'type': 'station', 'location': {'lat': 42.356395, 'lng': -71.062424}, 'wheelchairAccessible': 'yes', 'id': '419810616', 'code': '70075'}}, 'transport': {'mode': 'pedestrian'}}, {'id': 'C0-S3', 'type': 'transit', 'travelSummary': {'duration': 60, 'length': 709}, 'departure': {'time': '2022-09-29T14:16:00-04:00', 'place': {'name': 'Park Street', 'type': 'station', 'location': {'lat': 42.356395, 'lng': -71.062424}, 'wheelchairAccessible': 'yes', 'id': '419810616', 'code': '70075'}, 'delay': -120}, 'arrival': {'time': '2022-09-29T14:17:00-04:00', 'place': {'name': 'South Station', 'type': 'station', 'location': {'lat': 42.352271, 'lng': -71.055242}, 'wheelchairAccessible': 'yes', 'id': '419808186'}, 'delay': -240}, 'transport': {'mode': 'subway', 'name': 'Red Line', 'category': 'Subway, Metro', 'color': '#DA291C', 'textColor': '#FFFFFF', 'headsign': 'Ashmont', 'longName': 'Red Line'}, 'agency': {'id': '14811_6b86b27', 'name': 'MBTA', 'website': 'http://www.mbta.com'}}]}]}"
149,Chiswick Road,GREEN,MBTA_NODES,42.34061808283791,-71.15095131525393,POINT (-71.15095131525393 42.34061808283791),200.0,9114.0,"{'routes': [{'id': 'C0', 'sections': [{'id': 'C0-S0', 'type': 'pedestrian', 'travelSummary': {'duration': 780, 'length': 792}, 'departure': {'time': '2022-09-29T13:31:00-04:00', 'place': {'name': 'ChiswickRoad', 'type': 'place', 'location': {'lat': 42.340618, 'lng': -71.150951}}}, 'arrival': {'time': '2022-09-29T13:44:00-04:00', 'place': {'name': 'Englewood Avenue', 'type': 'station', 'location': {'lat': 42.337011, 'lng': -71.145368}, 'wheelchairAccessible': 'no', 'id': '419810063', 'code': '70236'}}, 'transport': {'mode': 'pedestrian'}}, {'id': 'C0-S1', 'type': 'transit', 'travelSummary': {'duration': 1800, 'length': 7480}, 'departure': {'time': '2022-09-29T13:44:00-04:00', 'place': {'name': 'Englewood Avenue', 'type': 'station', 'location': {'lat': 42.337011, 'lng': -71.145368}, 'wheelchairAccessible': 'no', 'id': '419810063', 'code': '70236'}}, 'arrival': {'time': '2022-09-29T14:14:00-04:00', 'place': {'name': 'Park Street', 'type': 'station', 'location': {'lat': 42.356395, 'lng': -71.062424}, 'wheelchairAccessible': 'yes', 'id': '419810624', 'code': '70200'}}, 'transport': {'mode': 'lightRail', 'name': 'C', 'category': 'Tram, Streetcar, Light rail', 'color': '#00843D', 'textColor': '#FFFFFF', 'headsign': 'Government Center', 'shortName': 'C', 'longName': 'Green Line C'}, 'agency': {'id': '14811_6b86b27', 'name': 'MBTA', 'website': 'http://www.mbta.com'}}, {'id': 'C0-S2', 'type': 'pedestrian', 'travelSummary': {'duration': 120, 'length': 133}, 'departure': {'time': '2022-09-29T14:14:00-04:00', 'place': {'name': 'Park Street', 'type': 'station', 'location': {'lat': 42.356395, 'lng': -71.062424}, 'wheelchairAccessible': 'yes', 'id': '419810624', 'code': '70200'}}, 'arrival': {'time': '2022-09-29T14:16:00-04:00', 'place': {'name': 'Park Street', 'type': 'station', 'location': {'lat': 42.356395, 'lng': -71.062424}, 'wheelchairAccessible': 'yes', 'id': '419810616', 'code': '70075'}}, 'transport': {'mode': 'pedestrian'}}, {'id': 'C0-S3', 'type': 'transit', 'travelSummary': {'duration': 60, 'length': 709}, 'departure': {'time': '2022-09-29T14:16:00-04:00', 'place': {'name': 'Park Street', 'type': 'station', 'location': {'lat': 42.356395, 'lng': -71.062424}, 'wheelchairAccessible': 'yes', 'id': '419810616', 'code': '70075'}, 'delay': -120}, 'arrival': {'time': '2022-09-29T14:17:00-04:00', 'place': {'name': 'South Station', 'type': 'station', 'location': {'lat': 42.352271, 'lng': -71.055242}, 'wheelchairAccessible': 'yes', 'id': '419808186'}, 'delay': -240}, 'transport': {'mode': 'subway', 'name': 'Red Line', 'category': 'Subway, Metro', 'color': '#DA291C', 'textColor': '#FFFFFF', 'headsign': 'Ashmont', 'longName': 'Red Line'}, 'agency': {'id': '14811_6b86b27', 'name': 'MBTA', 'website': 'http://www.mbta.com'}}]}]}"
150,Chestnut Hill Avenue,GREEN,MBTA_NODES,42.33857776881901,-71.15265529729677,POINT (-71.15265529729677 42.33857776881901),200.0,9168.0,"{'routes': [{'id': 'C0', 'sections': [{'id': 'C0-S0', 'type': 'pedestrian', 'travelSummary': {'duration': 540, 'length': 554}, 'departure': {'time': '2022-09-29T13:34:00-04:00', 'place': {'name': 'ChestnutHillAvenue', 'type': 'place', 'location': {'lat': 42.338578, 'lng': -71.152655}}}, 'arrival': {'time': '2022-09-29T13:43:00-04:00', 'place': {'name': 'Cleveland Circle', 'type': 'station', 'location': {'lat': 42.336252, 'lng': -71.148774}, 'wheelchairAccessible': 'yes', 'id': '419810065', 'code': '70238'}}, 'transport': {'mode': 'pedestrian'}}, {'id': 'C0-S1', 'type': 'transit', 'travelSummary': {'duration': 1860, 'length': 7772}, 'departure': {'time': '2022-09-29T13:43:00-04:00', 'place': {'name': 'Cleveland Circle', 'type': 'station', 'location': {'lat': 42.336252, 'lng': -71.148774}, 'wheelchairAccessible': 'yes', 'id': '419810065', 'code': '70238'}}, 'arrival': {'time': '2022-09-29T14:14:00-04:00', 'place': {'name': 'Park Street', 'type': 'station', 'location': {'lat': 42.356395, 'lng': -71.062424}, 'wheelchairAccessible': 'yes', 'id': '419810624', 'code': '70200'}}, 'transport': {'mode': 'lightRail', 'name': 'C', 'category': 'Tram, Streetcar, Light rail', 'color': '#00843D', 'textColor': '#FFFFFF', 'headsign': 'Government Center', 'shortName': 'C', 'longName': 'Green Line C'}, 'agency': {'id': '14811_6b86b27', 'name': 'MBTA', 'website': 'http://www.mbta.com'}}, {'id': 'C0-S2', 'type': 'pedestrian', 'travelSummary': {'duration': 120, 'length': 133}, 'departure': {'time': '2022-09-29T14:14:00-04:00', 'place': {'name': 'Park Street', 'type': 'station', 'location': {'lat': 42.356395, 'lng': -71.062424}, 'wheelchairAccessible': 'yes', 'id': '419810624', 'code': '70200'}}, 'arrival': {'time': '2022-09-29T14:16:00-04:00', 'place': {'name': 'Park Street', 'type': 'station', 'location': {'lat': 42.356395, 'lng': -71.062424}, 'wheelchairAccessible': 'yes', 'id': '419810616', 'code': '70075'}}, 'transport': {'mode': 'pedestrian'}}, {'id': 'C0-S3', 'type': 'transit', 'travelSummary': {'duration': 60, 'length': 709}, 'departure': {'time': '2022-09-29T14:16:00-04:00', 'place': {'name': 'Park Street', 'type': 'station', 'location': {'lat': 42.356395, 'lng': -71.062424}, 'wheelchairAccessible': 'yes', 'id': '419810616', 'code': '70075'}, 'delay': -120}, 'arrival': {'time': '2022-09-29T14:17:00-04:00', 'place': {'name': 'South Station', 'type': 'station', 'location': {'lat': 42.352271, 'lng': -71.055242}, 'wheelchairAccessible': 'yes', 'id': '419808186'}, 'delay': -240}, 'transport': {'mode': 'subway', 'name': 'Red Line', 'category': 'Subway, Metro', 'color': '#DA291C', 'textColor': '#FFFFFF', 'headsign': 'Ashmont', 'longName': 'Red Line'}, 'agency': {'id': '14811_6b86b27', 'name': 'MBTA', 'website': 'http://www.mbta.com'}}]}]}"
151,South Street,GREEN,MBTA_NODES,42.3394540392699,-71.15726165487304,POINT (-71.15726165487304 42.3394540392699),200.0,11897.0,"{'routes': [{'id': 'C0', 'sections': [{'id': 'C0-S0', 'type': 'pedestrian', 'travelSummary': {'duration': 300, 'length': 309}, 'departure': {'time': '2022-09-29T13:58:00-04:00', 'place': {'name': 'SouthStreet', 'type': 'place', 'location': {'lat': 42.339454, 'lng': -71.157262}}}, 'arrival': {'time': '2022-09-29T14:03:00-04:00', 'place': {'name': 'Chestnut Hill Ave @ Strathmore Rd', 'type': 'station', 'location': {'lat': 42.340595, 'lng': -71.155037}, 'wheelchairAccessible': 'yes', 'id': '419800674', 'code': '1030'}}, 'transport': {'mode': 'pedestrian'}}, {'id': 'C0-S1', 'type': 'transit', 'travelSummary': {'duration': 1260, 'length': 5654}, 'departure': {'time': '2022-09-29T14:03:00-04:00', 'place': {'name': 'Chestnut Hill Ave @ Strathmore Rd', 'type': 'station', 'location': {'lat': 42.340595, 'lng': -71.155037}, 'wheelchairAccessible': 'yes', 'id': '419800674', 'code': '1030'}, 'delay': 0}, 'arrival': {'time': '2022-09-29T14:24:00-04:00', 'place': {'name': 'Harvard', 'type': 'station', 'location': {'lat': 42.373362, 'lng': -71.118956}, 'wheelchairAccessible': 'yes', 'id': '419809805', 'code': '2076'}, 'delay': 0}, 'transport': {'mode': 'bus', 'name': '86', 'category': 'Bus', 'color': '#FFC72C', 'textColor': '#000000', 'headsign': 'Sullivan', 'shortName': '86', 'longName': 'Sullivan Square Station - Reservoir Station'}, 'agency': {'id': '14811_6b86b27', 'name': 'MBTA', 'website': 'http://www.mbta.com'}}, {'id': 'C0-S2', 'type': 'transit', 'travelSummary': {'duration': 180, 'length': 5934}, 'departure': {'time': '2022-09-29T14:27:00-04:00', 'place': {'name': 'Harvard', 'type': 'station', 'location': {'lat': 42.373362, 'lng': -71.118956}, 'wheelchairAccessible': 'yes', 'id': '419809916', 'code': '70067'}, 'delay': -60}, 'arrival': {'time': '2022-09-29T14:30:00-04:00', 'place': {'name': 'South Station', 'type': 'station', 'location': {'lat': 42.352271, 'lng': -71.055242}, 'wheelchairAccessible': 'yes', 'id': '419808186'}, 'delay': -720}, 'transport': {'mode': 'subway', 'name': 'Red Line', 'category': 'Subway, Metro', 'color': '#DA291C', 'textColor': '#FFFFFF', 'headsign': 'Braintree', 'longName': 'Red Line'}, 'agency': {'id': '14811_6b86b27', 'name': 'MBTA', 'website': 'http://www.mbta.com'}}]}]}"
152,Boston College,GREEN,MBTA_NODES,42.340155438663125,-71.16702496371806,POINT (-71.16702496371806 42.34015543866312),200.0,10687.0,"{'routes': [{'id': 'C0', 'sections': [{'id': 'C0-S0', 'type': 'pedestrian', 'travelSummary': {'duration': 60, 'length': 45}, 'departure': {'time': '2022-09-29T13:35:00-04:00', 'place': {'name': 'BostonCollege', 'type': 'place', 'location': {'lat': 42.340155, 'lng': -71.167025}}}, 'arrival': {'time': '2022-09-29T13:36:00-04:00', 'place': {'name': 'Boston College', 'type': 'station', 'location': {'lat': 42.34024, 'lng': -71.166849}, 'wheelchairAccessible': 'yes', 'id': '419809954', 'code': '70107'}}, 'transport': {'mode': 'pedestrian'}}, {'id': 'C0-S1', 'type': 'transit', 'travelSummary': {'duration': 2760, 'length': 9902}, 'departure': {'time': '2022-09-29T13:36:00-04:00', 'place': {'name': 'Boston College', 'type': 'station', 'location': {'lat': 42.34024, 'lng': -71.166849}, 'wheelchairAccessible': 'yes', 'id': '419809954', 'code': '70107'}}, 'arrival': {'time': '2022-09-29T14:22:00-04:00', 'place': {'name': 'Park Street', 'type': 'station', 'location': {'lat': 42.356395, 'lng': -71.062424}, 'wheelchairAccessible': 'yes', 'id': '419810624', 'code': '70200'}}, 'transport': {'mode': 'lightRail', 'name': 'B', 'category': 'Tram, Streetcar, Light rail', 'color': '#00843D', 'textColor': '#FFFFFF', 'headsign': 'Government Center', 'shortName': 'B', 'longName': 'Green Line B'}, 'agency': {'id': '14811_6b86b27', 'name': 'MBTA', 'website': 'http://www.mbta.com'}}, {'id': 'C0-S2', 'type': 'pedestrian', 'travelSummary': {'duration': 720, 'length': 740}, 'departure': {'time': '2022-09-29T14:22:00-04:00', 'place': {'name': 'Park Street', 'type': 'station', 'location': {'lat': 42.356395, 'lng': -71.062424}, 'wheelchairAccessible': 'yes', 'id': '419810624', 'code': '70200'}}, 'arrival': {'time': '2022-09-29T14:34:00-04:00', 'place': {'name': 'SouthStation', 'type': 'place', 'location': {'lat': 42.352593, 'lng': -71.055172}}}, 'transport': {'mode': 'pedestrian'}}]}]}"
153,Cleveland Circle,GREEN,MBTA_NODES,42.33613671489414,-71.14928663073547,POINT (-71.14928663073547 42.33613671489414),200.0,8551.0,"{'routes': [{'id': 'C0', 'sections': [{'id': 'C0-S0', 'type': 'pedestrian', 'travelSummary': {'duration': 60, 'length': 39}, 'departure': {'time': '2022-09-29T13:32:00-04:00', 'place': {'name': 'ClevelandCircle', 'type': 'place', 'location': {'lat': 42.336137, 'lng': -71.149287}}}, 'arrival': {'time': '2022-09-29T13:33:00-04:00', 'place': {'name': 'Cleveland Circle', 'type': 'station', 'location': {'lat': 42.336252, 'lng': -71.148774}, 'wheelchairAccessible': 'yes', 'id': '419810065', 'code': '70238'}}, 'transport': {'mode': 'pedestrian'}}, {'id': 'C0-S1', 'type': 'transit', 'travelSummary': {'duration': 1860, 'length': 7772}, 'departure': {'time': '2022-09-29T13:33:00-04:00', 'place': {'name': 'Cleveland Circle', 'type': 'station', 'location': {'lat': 42.336252, 'lng': -71.148774}, 'wheelchairAccessible': 'yes', 'id': '419810065', 'code': '70238'}}, 'arrival': {'time': '2022-09-29T14:04:00-04:00', 'place': {'name': 'Park Street', 'type': 'station', 'location': {'lat': 42.356395, 'lng': -71.062424}, 'wheelchairAccessible': 'yes', 'id': '419810624', 'code': '70200'}}, 'transport': {'mode': 'lightRail', 'name': 'C', 'category': 'Tram, Streetcar, Light rail', 'color': '#00843D', 'textColor': '#FFFFFF', 'headsign': 'Government Center', 'shortName': 'C', 'longName': 'Green Line C'}, 'agency': {'id': '14811_6b86b27', 'name': 'MBTA', 'website': 'http://www.mbta.com'}}, {'id': 'C0-S2', 'type': 'pedestrian', 'travelSummary': {'duration': 720, 'length': 740}, 'departure': {'time': '2022-09-29T14:04:00-04:00', 'place': {'name': 'Park Street', 'type': 'station', 'location': {'lat': 42.356395, 'lng': -71.062424}, 'wheelchairAccessible': 'yes', 'id': '419810624', 'code': '70200'}}, 'arrival': {'time': '2022-09-29T14:16:00-04:00', 'place': {'name': 'SouthStation', 'type': 'place', 'location': {'lat': 42.352593, 'lng': -71.055172}}}, 'transport': {'mode': 'pedestrian'}}]}]}"
154,Englewood Avenue,GREEN,MBTA_NODES,42.33698480426935,-71.1454983930447,POINT (-71.1454983930447 42.33698480426935),200.0,8220.0,"{'routes': [{'id': 'C0', 'sections': [{'id': 'C0-S1', 'type': 'transit', 'travelSummary': {'duration': 1800, 'length': 7480}, 'departure': {'time': '2022-09-29T13:34:00-04:00', 'place': {'name': 'Englewood Avenue', 'type': 'station', 'location': {'lat': 42.337011, 'lng': -71.145368}, 'wheelchairAccessible': 'no', 'id': '419810063', 'code': '70236'}}, 'arrival': {'time': '2022-09-29T14:04:00-04:00', 'place': {'name': 'Park Street', 'type': 'station', 'location': {'lat': 42.356395, 'lng': -71.062424}, 'wheelchairAccessible': 'yes', 'id': '419810624', 'code': '70200'}}, 'transport': {'mode': 'lightRail', 'name': 'C', 'category': 'Tram, Streetcar, Light rail', 'color': '#00843D', 'textColor': '#FFFFFF', 'headsign': 'Government Center', 'shortName': 'C', 'longName': 'Green Line C'}, 'agency': {'id': '14811_6b86b27', 'name': 'MBTA', 'website': 'http://www.mbta.com'}}, {'id': 'C0-S2', 'type': 'pedestrian', 'travelSummary': {'duration': 720, 'length': 740}, 'departure': {'time': '2022-09-29T14:04:00-04:00', 'place': {'name': 'Park Street', 'type': 'station', 'location': {'lat': 42.356395, 'lng': -71.062424}, 'wheelchairAccessible': 'yes', 'id': '419810624', 'code': '70200'}}, 'arrival': {'time': '2022-09-29T14:16:00-04:00', 'place': {'name': 'SouthStation', 'type': 'place', 'location': {'lat': 42.352593, 'lng': -71.055172}}}, 'transport': {'mode': 'pedestrian'}}]}]}"
155,Dean Road,GREEN,MBTA_NODES,42.33771433525089,-71.14195534190397,POINT (-71.14195534190397 42.33771433525089),200.0,7911.0,"{'routes': [{'id': 'C0', 'sections': [{'id': 'C0-S1', 'type': 'transit', 'travelSummary': {'duration': 1740, 'length': 7171}, 'departure': {'time': '2022-09-29T13:35:00-04:00', 'place': {'name': 'Dean Road', 'type': 'station', 'location': {'lat': 42.337807, 'lng': -71.141753}, 'wheelchairAccessible': 'no', 'id': '419810060', 'code': '70233'}}, 'arrival': {'time': '2022-09-29T14:04:00-04:00', 'place': {'name': 'Park Street', 'type': 'station', 'location': {'lat': 42.356395, 'lng': -71.062424}, 'wheelchairAccessible': 'yes', 'id': '419810624', 'code': '70200'}}, 'transport': {'mode': 'lightRail', 'name': 'C', 'category': 'Tram, Streetcar, Light rail', 'color': '#00843D', 'textColor': '#FFFFFF', 'headsign': 'Government Center', 'shortName': 'C', 'longName': 'Green Line C'}, 'agency': {'id': '14811_6b86b27', 'name': 'MBTA', 'website': 'http://www.mbta.com'}}, {'id': 'C0-S2', 'type': 'pedestrian', 'travelSummary': {'duration': 720, 'length': 740}, 'departure': {'time': '2022-09-29T14:04:00-04:00', 'place': {'name': 'Park Street', 'type': 'station', 'location': {'lat': 42.356395, 'lng': -71.062424}, 'wheelchairAccessible': 'yes', 'id': '419810624', 'code': '70200'}}, 'arrival': {'time': '2022-09-29T14:16:00-04:00', 'place': {'name': 'SouthStation', 'type': 'place', 'location': {'lat': 42.352593, 'lng': -71.055172}}}, 'transport': {'mode': 'pedestrian'}}]}]}"
156,Tappan Street,GREEN,MBTA_NODES,42.33851881948178,-71.138441384533,POINT (-71.138441384533 42.33851881948178),200.0,7605.0,"{'routes': [{'id': 'C0', 'sections': [{'id': 'C0-S1', 'type': 'transit', 'travelSummary': {'duration': 1680, 'length': 6865}, 'departure': {'time': '2022-09-29T13:36:00-04:00', 'place': {'name': 'Tappan Street', 'type': 'station', 'location': {'lat': 42.338567, 'lng': -71.13819}, 'wheelchairAccessible': 'no', 'id': '419810059', 'code': '70232'}}, 'arrival': {'time': '2022-09-29T14:04:00-04:00', 'place': {'name': 'Park Street', 'type': 'station', 'location': {'lat': 42.356395, 'lng': -71.062424}, 'wheelchairAccessible': 'yes', 'id': '419810624', 'code': '70200'}}, 'transport': {'mode': 'lightRail', 'name': 'C', 'category': 'Tram, Streetcar, Light rail', 'color': '#00843D', 'textColor': '#FFFFFF', 'headsign': 'Government Center', 'shortName': 'C', 'longName': 'Green Line C'}, 'agency': {'id': '14811_6b86b27', 'name': 'MBTA', 'website': 'http://www.mbta.com'}}, {'id': 'C0-S2', 'type': 'pedestrian', 'travelSummary': {'duration': 720, 'length': 740}, 'departure': {'time': '2022-09-29T14:04:00-04:00', 'place': {'name': 'Park Street', 'type': 'station', 'location': {'lat': 42.356395, 'lng': -71.062424}, 'wheelchairAccessible': 'yes', 'id': '419810624', 'code': '70200'}}, 'arrival': {'time': '2022-09-29T14:16:00-04:00', 'place': {'name': 'SouthStation', 'type': 'place', 'location': {'lat': 42.352593, 'lng': -71.055172}}}, 'transport': {'mode': 'pedestrian'}}]}]}"
157,Washington Square,GREEN,MBTA_NODES,42.339327415868944,-71.13536707673275,POINT (-71.13536707673275 42.33932741586894),200.0,7360.0,"{'routes': [{'id': 'C0', 'sections': [{'id': 'C0-S0', 'type': 'pedestrian', 'travelSummary': {'duration': 60, 'length': 71}, 'departure': {'time': '2022-09-29T13:36:00-04:00', 'place': {'name': 'WashingtonSquare', 'type': 'place', 'location': {'lat': 42.339327, 'lng': -71.135367}}}, 'arrival': {'time': '2022-09-29T13:37:00-04:00', 'place': {'name': 'Washington Square', 'type': 'station', 'location': {'lat': 42.339519, 'lng': -71.134587}, 'wheelchairAccessible': 'yes', 'id': '419810057', 'code': '70230'}}, 'transport': {'mode': 'pedestrian'}}, {'id': 'C0-S1', 'type': 'transit', 'travelSummary': {'duration': 1620, 'length': 6549}, 'departure': {'time': '2022-09-29T13:37:00-04:00', 'place': {'name': 'Washington Square', 'type': 'station', 'location': {'lat': 42.339519, 'lng': -71.134587}, 'wheelchairAccessible': 'yes', 'id': '419810057', 'code': '70230'}}, 'arrival': {'time': '2022-09-29T14:04:00-04:00', 'place': {'name': 'Park Street', 'type': 'station', 'location': {'lat': 42.356395, 'lng': -71.062424}, 'wheelchairAccessible': 'yes', 'id': '419810624', 'code': '70200'}}, 'transport': {'mode': 'lightRail', 'name': 'C', 'category': 'Tram, Streetcar, Light rail', 'color': '#00843D', 'textColor': '#FFFFFF', 'headsign': 'Government Center', 'shortName': 'C', 'longName': 'Green Line C'}, 'agency': {'id': '14811_6b86b27', 'name': 'MBTA', 'website': 'http://www.mbta.com'}}, {'id': 'C0-S2', 'type': 'pedestrian', 'travelSummary': {'duration': 720, 'length': 740}, 'departure': {'time': '2022-09-29T14:04:00-04:00', 'place': {'name': 'Park Street', 'type': 'station', 'location': {'lat': 42.356395, 'lng': -71.062424}, 'wheelchairAccessible': 'yes', 'id': '419810624', 'code': '70200'}}, 'arrival': {'time': '2022-09-29T14:16:00-04:00', 'place': {'name': 'SouthStation', 'type': 'place', 'location': {'lat': 42.352593, 'lng': -71.055172}}}, 'transport': {'mode': 'pedestrian'}}]}]}"
158,Fairbanks Street,GREEN,MBTA_NODES,42.33964025614935,-71.13129703270397,POINT (-71.13129703270397 42.33964025614934),200.0,7557.0,"{'routes': [{'id': 'C0', 'sections': [{'id': 'C0-S0', 'type': 'pedestrian', 'travelSummary': {'duration': 240, 'length': 268}, 'departure': {'time': '2022-09-29T13:33:00-04:00', 'place': {'name': 'FairbanksStreet', 'type': 'place', 'location': {'lat': 42.33964, 'lng': -71.131297}}}, 'arrival': {'time': '2022-09-29T13:37:00-04:00', 'place': {'name': 'Washington Square', 'type': 'station', 'location': {'lat': 42.339519, 'lng': -71.134587}, 'wheelchairAccessible': 'yes', 'id': '419810057', 'code': '70230'}}, 'transport': {'mode': 'pedestrian'}}, {'id': 'C0-S1', 'type': 'transit', 'travelSummary': {'duration': 1620, 'length': 6549}, 'departure': {'time': '2022-09-29T13:37:00-04:00', 'place': {'name': 'Washington Square', 'type': 'station', 'location': {'lat': 42.339519, 'lng': -71.134587}, 'wheelchairAccessible': 'yes', 'id': '419810057', 'code': '70230'}}, 'arrival': {'time': '2022-09-29T14:04:00-04:00', 'place': {'name': 'Park Street', 'type': 'station', 'location': {'lat': 42.356395, 'lng': -71.062424}, 'wheelchairAccessible': 'yes', 'id': '419810624', 'code': '70200'}}, 'transport': {'mode': 'lightRail', 'name': 'C', 'category': 'Tram, Streetcar, Light rail', 'color': '#00843D', 'textColor': '#FFFFFF', 'headsign': 'Government Center', 'shortName': 'C', 'longName': 'Green Line C'}, 'agency': {'id': '14811_6b86b27', 'name': 'MBTA', 'website': 'http://www.mbta.com'}}, {'id': 'C0-S2', 'type': 'pedestrian', 'travelSummary': {'duration': 720, 'length': 740}, 'departure': {'time': '2022-09-29T14:04:00-04:00', 'place': {'name': 'Park Street', 'type': 'station', 'location': {'lat': 42.356395, 'lng': -71.062424}, 'wheelchairAccessible': 'yes', 'id': '419810624', 'code': '70200'}}, 'arrival': {'time': '2022-09-29T14:16:00-04:00', 'place': {'name': 'SouthStation', 'type': 'place', 'location': {'lat': 42.352593, 'lng': -71.055172}}}, 'transport': {'mode': 'pedestrian'}}]}]}"
159,Brandon Hall,GREEN,MBTA_NODES,42.34005363816764,-71.12865720041415,POINT (-71.12865720041415 42.34005363816764),200.0,6814.0,"{'routes': [{'id': 'C0', 'sections': [{'id': 'C0-S0', 'type': 'pedestrian', 'travelSummary': {'duration': 300, 'length': 298}, 'departure': {'time': '2022-09-29T13:36:00-04:00', 'place': {'name': 'BrandonHall', 'type': 'place', 'location': {'lat': 42.340054, 'lng': -71.128657}}}, 'arrival': {'time': '2022-09-29T13:41:00-04:00', 'place': {'name': 'Summit Avenue', 'type': 'station', 'location': {'lat': 42.34112, 'lng': -71.125652}, 'wheelchairAccessible': 'no', 'id': '419810050', 'code': '70223'}}, 'transport': {'mode': 'pedestrian'}}, {'id': 'C0-S1', 'type': 'transit', 'travelSummary': {'duration': 1380, 'length': 5776}, 'departure': {'time': '2022-09-29T13:41:00-04:00', 'place': {'name': 'Summit Avenue', 'type': 'station', 'location': {'lat': 42.34112, 'lng': -71.125652}, 'wheelchairAccessible': 'no', 'id': '419810050', 'code': '70223'}}, 'arrival': {'time': '2022-09-29T14:04:00-04:00', 'place': {'name': 'Park Street', 'type': 'station', 'location': {'lat': 42.356395, 'lng': -71.062424}, 'wheelchairAccessible': 'yes', 'id': '419810624', 'code': '70200'}}, 'transport': {'mode': 'lightRail', 'name': 'C', 'category': 'Tram, Streetcar, Light rail', 'color': '#00843D', 'textColor': '#FFFFFF', 'headsign': 'Government Center', 'shortName': 'C', 'longName': 'Green Line C'}, 'agency': {'id': '14811_6b86b27', 'name': 'MBTA', 'website': 'http://www.mbta.com'}}, {'id': 'C0-S2', 'type': 'pedestrian', 'travelSummary': {'duration': 720, 'length': 740}, 'departure': {'time': '2022-09-29T14:04:00-04:00', 'place': {'name': 'Park Street', 'type': 'station', 'location': {'lat': 42.356395, 'lng': -71.062424}, 'wheelchairAccessible': 'yes', 'id': '419810624', 'code': '70200'}}, 'arrival': {'time': '2022-09-29T14:16:00-04:00', 'place': {'name': 'SouthStation', 'type': 'place', 'location': {'lat': 42.352593, 'lng': -71.055172}}}, 'transport': {'mode': 'pedestrian'}}]}]}"
160,Summit Ave/Winchester St,GREEN,MBTA_NODES,42.34102836524752,-71.12578786977899,POINT (-71.12578786977899 42.34102836524752),200.0,6516.0,"{'routes': [{'id': 'C0', 'sections': [{'id': 'C0-S0', 'type': 'transit', 'travelSummary': {'duration': 1380, 'length': 5776}, 'departure': {'time': '2022-09-29T13:41:00-04:00', 'place': {'name': 'Summit Avenue', 'type': 'station', 'location': {'lat': 42.34112, 'lng': -71.125652}, 'wheelchairAccessible': 'no', 'id': '419810050', 'code': '70223'}}, 'arrival': {'time': '2022-09-29T14:04:00-04:00', 'place': {'name': 'Park Street', 'type': 'station', 'location': {'lat': 42.356395, 'lng': -71.062424}, 'wheelchairAccessible': 'yes', 'id': '419810624', 'code': '70200'}}, 'transport': {'mode': 'lightRail', 'name': 'C', 'category': 'Tram, Streetcar, Light rail', 'color': '#00843D', 'textColor': '#FFFFFF', 'headsign': 'Government Center', 'shortName': 'C', 'longName': 'Green Line C'}, 'agency': {'id': '14811_6b86b27', 'name': 'MBTA', 'website': 'http://www.mbta.com'}}, {'id': 'C0-S1', 'type': 'pedestrian', 'travelSummary': {'duration': 720, 'length': 740}, 'departure': {'time': '2022-09-29T14:04:00-04:00', 'place': {'name': 'Park Street', 'type': 'station', 'location': {'lat': 42.356395, 'lng': -71.062424}, 'wheelchairAccessible': 'yes', 'id': '419810624', 'code': '70200'}}, 'arrival': {'time': '2022-09-29T14:16:00-04:00', 'place': {'name': 'SouthStation', 'type': 'place', 'location': {'lat': 42.352593, 'lng': -71.055172}}}, 'transport': {'mode': 'pedestrian'}}]}]}"
161,Coolidge Corner,GREEN,MBTA_NODES,42.34214998557562,-71.12129543780442,POINT (-71.12129543780442 42.34214998557562),200.0,6143.0,"{'routes': [{'id': 'C0', 'sections': [{'id': 'C0-S0', 'type': 'pedestrian', 'travelSummary': {'duration': 60, 'length': 42}, 'departure': {'time': '2022-09-29T13:32:00-04:00', 'place': {'name': 'CoolidgeCorner', 'type': 'place', 'location': {'lat': 42.34215, 'lng': -71.121295}}}, 'arrival': {'time': '2022-09-29T13:33:00-04:00', 'place': {'name': 'Coolidge Corner', 'type': 'station', 'location': {'lat': 42.342274, 'lng': -71.120915}, 'wheelchairAccessible': 'yes', 'id': '419810048', 'code': '70219'}}, 'transport': {'mode': 'pedestrian'}}, {'id': 'C0-S1', 'type': 'transit', 'travelSummary': {'duration': 1080, 'length': 5361}, 'departure': {'time': '2022-09-29T13:33:00-04:00', 'place': {'name': 'Coolidge Corner', 'type': 'station', 'location': {'lat': 42.342274, 'lng': -71.120915}, 'wheelchairAccessible': 'yes', 'id': '419810048', 'code': '70219'}, 'delay': 60}, 'arrival': {'time': '2022-09-29T13:51:00-04:00', 'place': {'name': 'Park Street', 'type': 'station', 'location': {'lat': 42.356395, 'lng': -71.062424}, 'wheelchairAccessible': 'yes', 'id': '419810624', 'code': '70200'}, 'delay': -180}, 'transport': {'mode': 'lightRail', 'name': 'C', 'category': 'Tram, Streetcar, Light rail', 'color': '#00843D', 'textColor': '#FFFFFF', 'headsign': 'Government Center', 'shortName': 'C', 'longName': 'Green Line C'}, 'agency': {'id': '14811_6b86b27', 'name': 'MBTA', 'website': 'http://www.mbta.com'}}, {'id': 'C0-S2', 'type': 'pedestrian', 'travelSummary': {'duration': 720, 'length': 740}, 'departure': {'time': '2022-09-29T13:51:00-04:00', 'place': {'name': 'Park Street', 'type': 'station', 'location': {'lat': 42.356395, 'lng': -71.062424}, 'wheelchairAccessible': 'yes', 'id': '419810624', 'code': '70200'}}, 'arrival': {'time': '2022-09-29T14:03:00-04:00', 'place': {'name': 'SouthStation', 'type': 'place', 'location': {'lat': 42.352593, 'lng': -71.055172}}}, 'transport': {'mode': 'pedestrian'}}]}]}"
162,Saint Paul Street,GREEN,MBTA_NODES,42.34321042469037,-71.11718908593329,POINT (-71.11718908593329 42.34321042469037),200.0,5788.0,"{'routes': [{'id': 'C0', 'sections': [{'id': 'C0-S0', 'type': 'pedestrian', 'travelSummary': {'duration': 60, 'length': 42}, 'departure': {'time': '2022-09-29T13:34:00-04:00', 'place': {'name': 'SaintPaulStreet', 'type': 'place', 'location': {'lat': 42.34321, 'lng': -71.117189}}}, 'arrival': {'time': '2022-09-29T13:35:00-04:00', 'place': {'name': 'Saint Paul Street', 'type': 'station', 'location': {'lat': 42.34334, 'lng': -71.116927}, 'wheelchairAccessible': 'no', 'id': '419810046', 'code': '70217'}}, 'transport': {'mode': 'pedestrian'}}, {'id': 'C0-S1', 'type': 'transit', 'travelSummary': {'duration': 960, 'length': 5006}, 'departure': {'time': '2022-09-29T13:35:00-04:00', 'place': {'name': 'Saint Paul Street', 'type': 'station', 'location': {'lat': 42.34334, 'lng': -71.116927}, 'wheelchairAccessible': 'no', 'id': '419810046', 'code': '70217'}, 'delay': 60}, 'arrival': {'time': '2022-09-29T13:51:00-04:00', 'place': {'name': 'Park Street', 'type': 'station', 'location': {'lat': 42.356395, 'lng': -71.062424}, 'wheelchairAccessible': 'yes', 'id': '419810624', 'code': '70200'}, 'delay': -180}, 'transport': {'mode': 'lightRail', 'name': 'C', 'category': 'Tram, Streetcar, Light rail', 'color': '#00843D', 'textColor': '#FFFFFF', 'headsign': 'Government Center', 'shortName': 'C', 'longName': 'Green Line C'}, 'agency': {'id': '14811_6b86b27', 'name': 'MBTA', 'website': 'http://www.mbta.com'}}, {'id': 'C0-S2', 'type': 'pedestrian', 'travelSummary': {'duration': 720, 'length': 740}, 'departure': {'time': '2022-09-29T13:51:00-04:00', 'place': {'name': 'Park Street', 'type': 'station', 'location': {'lat': 42.356395, 'lng': -71.062424}, 'wheelchairAccessible': 'yes', 'id': '419810624', 'code': '70200'}}, 'arrival': {'time': '2022-09-29T14:03:00-04:00', 'place': {'name': 'SouthStation', 'type': 'place', 'location': {'lat': 42.352593, 'lng': -71.055172}}}, 'transport': {'mode': 'pedestrian'}}]}]}"
163,Kent Street,GREEN,MBTA_NODES,42.34401012128091,-71.11429128686976,POINT (-71.11429128686976 42.34401012128091),200.0,5530.0,"{'routes': [{'id': 'C0', 'sections': [{'id': 'C0-S0', 'type': 'pedestrian', 'travelSummary': {'duration': 60, 'length': 30}, 'departure': {'time': '2022-09-29T13:34:00-04:00', 'place': {'name': 'KentStreet', 'type': 'place', 'location': {'lat': 42.34401, 'lng': -71.114291}}}, 'arrival': {'time': '2022-09-29T13:35:00-04:00', 'place': {'name': 'Kent Street', 'type': 'station', 'location': {'lat': 42.344117, 'lng': -71.114097}, 'wheelchairAccessible': 'no', 'id': '419810044', 'code': '70215'}}, 'transport': {'mode': 'pedestrian'}}, {'id': 'C0-S1', 'type': 'transit', 'travelSummary': {'duration': 960, 'length': 4760}, 'departure': {'time': '2022-09-29T13:35:00-04:00', 'place': {'name': 'Kent Street', 'type': 'station', 'location': {'lat': 42.344117, 'lng': -71.114097}, 'wheelchairAccessible': 'no', 'id': '419810044', 'code': '70215'}, 'delay': 0}, 'arrival': {'time': '2022-09-29T13:51:00-04:00', 'place': {'name': 'Park Street', 'type': 'station', 'location': {'lat': 42.356395, 'lng': -71.062424}, 'wheelchairAccessible': 'yes', 'id': '419810624', 'code': '70200'}, 'delay': -180}, 'transport': {'mode': 'lightRail', 'name': 'C', 'category': 'Tram, Streetcar, Light rail', 'color': '#00843D', 'textColor': '#FFFFFF', 'headsign': 'Government Center', 'shortName': 'C', 'longName': 'Green Line C'}, 'agency': {'id': '14811_6b86b27', 'name': 'MBTA', 'website': 'http://www.mbta.com'}}, {'id': 'C0-S2', 'type': 'pedestrian', 'travelSummary': {'duration': 720, 'length': 740}, 'departure': {'time': '2022-09-29T13:51:00-04:00', 'place': {'name': 'Park Street', 'type': 'station', 'location': {'lat': 42.356395, 'lng': -71.062424}, 'wheelchairAccessible': 'yes', 'id': '419810624', 'code': '70200'}}, 'arrival': {'time': '2022-09-29T14:03:00-04:00', 'place': {'name': 'SouthStation', 'type': 'place', 'location': {'lat': 42.352593, 'lng': -71.055172}}}, 'transport': {'mode': 'pedestrian'}}]}]}"
164,Hawes Street,GREEN,MBTA_NODES,42.34485991616288,-71.11117480120801,POINT (-71.11117480120801 42.34485991616288),200.0,5241.0,"{'routes': [{'id': 'C0', 'sections': [{'id': 'C0-S0', 'type': 'transit', 'travelSummary': {'duration': 900, 'length': 4501}, 'departure': {'time': '2022-09-29T13:36:00-04:00', 'place': {'name': 'Hawes Street', 'type': 'station', 'location': {'lat': 42.344867, 'lng': -71.111157}, 'wheelchairAccessible': 'no', 'id': '419810043', 'code': '70214'}, 'delay': 0}, 'arrival': {'time': '2022-09-29T13:51:00-04:00', 'place': {'name': 'Park Street', 'type': 'station', 'location': {'lat': 42.356395, 'lng': -71.062424}, 'wheelchairAccessible': 'yes', 'id': '419810624', 'code': '70200'}, 'delay': -180}, 'transport': {'mode': 'lightRail', 'name': 'C', 'category': 'Tram, Streetcar, Light rail', 'color': '#00843D', 'textColor': '#FFFFFF', 'headsign': 'Government Center', 'shortName': 'C', 'longName': 'Green Line C'}, 'agency': {'id': '14811_6b86b27', 'name': 'MBTA', 'website': 'http://www.mbta.com'}}, {'id': 'C0-S1', 'type': 'pedestrian', 'travelSummary': {'duration': 720, 'length': 740}, 'departure': {'time': '2022-09-29T13:51:00-04:00', 'place': {'name': 'Park Street', 'type': 'station', 'location': {'lat': 42.356395, 'lng': -71.062424}, 'wheelchairAccessible': 'yes', 'id': '419810624', 'code': '70200'}}, 'arrival': {'time': '2022-09-29T14:03:00-04:00', 'place': {'name': 'SouthStation', 'type': 'place', 'location': {'lat': 42.352593, 'lng': -71.055172}}}, 'transport': {'mode': 'pedestrian'}}]}]}"
165,Saint Marys Street,GREEN,MBTA_NODES,42.34598737155024,-71.10723956448349,POINT (-71.10723956448349 42.34598737155024),200.0,4890.0,"{'routes': [{'id': 'C0', 'sections': [{'id': 'C0-S1', 'type': 'transit', 'travelSummary': {'duration': 780, 'length': 4150}, 'departure': {'time': '2022-09-29T13:38:00-04:00', 'place': {'name': ""Saint Mary's Street"", 'type': 'station', 'location': {'lat': 42.346007, 'lng': -71.107166}, 'wheelchairAccessible': 'yes', 'id': '419810041', 'code': '70212'}, 'delay': 0}, 'arrival': {'time': '2022-09-29T13:51:00-04:00', 'place': {'name': 'Park Street', 'type': 'station', 'location': {'lat': 42.356395, 'lng': -71.062424}, 'wheelchairAccessible': 'yes', 'id': '419810624', 'code': '70200'}, 'delay': -180}, 'transport': {'mode': 'lightRail', 'name': 'C', 'category': 'Tram, Streetcar, Light rail', 'color': '#00843D', 'textColor': '#FFFFFF', 'headsign': 'Government Center', 'shortName': 'C', 'longName': 'Green Line C'}, 'agency': {'id': '14811_6b86b27', 'name': 'MBTA', 'website': 'http://www.mbta.com'}}, {'id': 'C0-S2', 'type': 'pedestrian', 'travelSummary': {'duration': 720, 'length': 740}, 'departure': {'time': '2022-09-29T13:51:00-04:00', 'place': {'name': 'Park Street', 'type': 'station', 'location': {'lat': 42.356395, 'lng': -71.062424}, 'wheelchairAccessible': 'yes', 'id': '419810624', 'code': '70200'}}, 'arrival': {'time': '2022-09-29T14:03:00-04:00', 'place': {'name': 'SouthStation', 'type': 'place', 'location': {'lat': 42.352593, 'lng': -71.055172}}}, 'transport': {'mode': 'pedestrian'}}]}]}"
166,Fenway,GREEN,MBTA_NODES,42.34515863711736,-71.10460442804983,POINT (-71.10460442804983 42.34515863711736),200.0,5223.0,"{'routes': [{'id': 'C0', 'sections': [{'id': 'C0-S0', 'type': 'pedestrian', 'travelSummary': {'duration': 360, 'length': 333}, 'departure': {'time': '2022-09-29T13:32:00-04:00', 'place': {'name': 'Fenway', 'type': 'place', 'location': {'lat': 42.345159, 'lng': -71.104604}}}, 'arrival': {'time': '2022-09-29T13:38:00-04:00', 'place': {'name': ""Saint Mary's Street"", 'type': 'station', 'location': {'lat': 42.346007, 'lng': -71.107166}, 'wheelchairAccessible': 'yes', 'id': '419810041', 'code': '70212'}}, 'transport': {'mode': 'pedestrian'}}, {'id': 'C0-S1', 'type': 'transit', 'travelSummary': {'duration': 780, 'length': 4150}, 'departure': {'time': '2022-09-29T13:38:00-04:00', 'place': {'name': ""Saint Mary's Street"", 'type': 'station', 'location': {'lat': 42.346007, 'lng': -71.107166}, 'wheelchairAccessible': 'yes', 'id': '419810041', 'code': '70212'}, 'delay': 0}, 'arrival': {'time': '2022-09-29T13:51:00-04:00', 'place': {'name': 'Park Street', 'type': 'station', 'location': {'lat': 42.356395, 'lng': -71.062424}, 'wheelchairAccessible': 'yes', 'id': '419810624', 'code': '70200'}, 'delay': -180}, 'transport': {'mode': 'lightRail', 'name': 'C', 'category': 'Tram, Streetcar, Light rail', 'color': '#00843D', 'textColor': '#FFFFFF', 'headsign': 'Government Center', 'shortName': 'C', 'longName': 'Green Line C'}, 'agency': {'id': '14811_6b86b27', 'name': 'MBTA', 'website': 'http://www.mbta.com'}}, {'id': 'C0-S2', 'type': 'pedestrian', 'travelSummary': {'duration': 720, 'length': 740}, 'departure': {'time': '2022-09-29T13:51:00-04:00', 'place': {'name': 'Park Street', 'type': 'station', 'location': {'lat': 42.356395, 'lng': -71.062424}, 'wheelchairAccessible': 'yes', 'id': '419810624', 'code': '70200'}}, 'arrival': {'time': '2022-09-29T14:03:00-04:00', 'place': {'name': 'SouthStation', 'type': 'place', 'location': {'lat': 42.352593, 'lng': -71.055172}}}, 'transport': {'mode': 'pedestrian'}}]}]}"
167,Longwood,GREEN,MBTA_NODES,42.341669116547045,-71.10993456944726,POINT (-71.10993456944726 42.34166911654705),200.0,5780.0,"{'routes': [{'id': 'C0', 'sections': [{'id': 'C0-S0', 'type': 'pedestrian', 'travelSummary': {'duration': 540, 'length': 539}, 'departure': {'time': '2022-09-29T13:37:00-04:00', 'place': {'name': 'Longwood', 'type': 'place', 'location': {'lat': 42.341669, 'lng': -71.109935}}}, 'arrival': {'time': '2022-09-29T13:46:00-04:00', 'place': {'name': 'Hawes Street', 'type': 'station', 'location': {'lat': 42.344867, 'lng': -71.111157}, 'wheelchairAccessible': 'no', 'id': '419810043', 'code': '70214'}}, 'transport': {'mode': 'pedestrian'}}, {'id': 'C0-S1', 'type': 'transit', 'travelSummary': {'duration': 1080, 'length': 4501}, 'departure': {'time': '2022-09-29T13:46:00-04:00', 'place': {'name': 'Hawes Street', 'type': 'station', 'location': {'lat': 42.344867, 'lng': -71.111157}, 'wheelchairAccessible': 'no', 'id': '419810043', 'code': '70214'}}, 'arrival': {'time': '2022-09-29T14:04:00-04:00', 'place': {'name': 'Park Street', 'type': 'station', 'location': {'lat': 42.356395, 'lng': -71.062424}, 'wheelchairAccessible': 'yes', 'id': '419810624', 'code': '70200'}}, 'transport': {'mode': 'lightRail', 'name': 'C', 'category': 'Tram, Streetcar, Light rail', 'color': '#00843D', 'textColor': '#FFFFFF', 'headsign': 'Government Center', 'shortName': 'C', 'longName': 'Green Line C'}, 'agency': {'id': '14811_6b86b27', 'name': 'MBTA', 'website': 'http://www.mbta.com'}}, {'id': 'C0-S2', 'type': 'pedestrian', 'travelSummary': {'duration': 720, 'length': 740}, 'departure': {'time': '2022-09-29T14:04:00-04:00', 'place': {'name': 'Park Street', 'type': 'station', 'location': {'lat': 42.356395, 'lng': -71.062424}, 'wheelchairAccessible': 'yes', 'id': '419810624', 'code': '70200'}}, 'arrival': {'time': '2022-09-29T14:16:00-04:00', 'place': {'name': 'SouthStation', 'type': 'place', 'location': {'lat': 42.352593, 'lng': -71.055172}}}, 'transport': {'mode': 'pedestrian'}}]}]}"
168,Brookline Village,GREEN,MBTA_NODES,42.33259466444778,-71.11682793517372,POINT (-71.11682793517372 42.33259466444778),200.0,6403.0,"{'routes': [{'id': 'C0', 'sections': [{'id': 'C0-S0', 'type': 'pedestrian', 'travelSummary': {'duration': 420, 'length': 437}, 'departure': {'time': '2022-09-29T13:36:00-04:00', 'place': {'name': 'BrooklineVillage', 'type': 'place', 'location': {'lat': 42.332595, 'lng': -71.116828}}}, 'arrival': {'time': '2022-09-29T13:43:00-04:00', 'place': {'name': 'Riverway', 'type': 'station', 'location': {'lat': 42.331871, 'lng': -71.111961}, 'wheelchairAccessible': 'no', 'id': '419810083', 'code': '70256'}}, 'transport': {'mode': 'pedestrian'}}, {'id': 'C0-S1', 'type': 'transit', 'travelSummary': {'duration': 1260, 'length': 5226}, 'departure': {'time': '2022-09-29T13:43:00-04:00', 'place': {'name': 'Riverway', 'type': 'station', 'location': {'lat': 42.331871, 'lng': -71.111961}, 'wheelchairAccessible': 'no', 'id': '419810083', 'code': '70256'}, 'delay': 0, 'status': 'additional'}, 'arrival': {'time': '2022-09-29T14:04:00-04:00', 'place': {'name': 'Park Street', 'type': 'station', 'location': {'lat': 42.356395, 'lng': -71.062424}, 'wheelchairAccessible': 'yes', 'id': '419810624', 'code': '70200'}, 'delay': 0, 'status': 'additional'}, 'transport': {'mode': 'lightRail', 'name': 'E', 'category': 'Tram, Streetcar, Light rail', 'color': '#00843D', 'textColor': '#FFFFFF', 'headsign': 'Union Square', 'shortName': 'E', 'longName': 'Green Line E'}, 'agency': {'id': '14811_6b86b27', 'name': 'MBTA', 'website': 'http://www.mbta.com'}}, {'id': 'C0-S2', 'type': 'pedestrian', 'travelSummary': {'duration': 720, 'length': 740}, 'departure': {'time': '2022-09-29T14:04:00-04:00', 'place': {'name': 'Park Street', 'type': 'station', 'location': {'lat': 42.356395, 'lng': -71.062424}, 'wheelchairAccessible': 'yes', 'id': '419810624', 'code': '70200'}}, 'arrival': {'time': '2022-09-29T14:16:00-04:00', 'place': {'name': 'SouthStation', 'type': 'place', 'location': {'lat': 42.352593, 'lng': -71.055172}}}, 'transport': {'mode': 'pedestrian'}}]}]}"
169,Brookline Hills,GREEN,MBTA_NODES,42.33129459027273,-71.1267274031737,POINT (-71.1267274031737 42.33129459027273),200.0,8010.0,"{'routes': [{'id': 'C0', 'sections': [{'id': 'C0-S0', 'type': 'pedestrian', 'travelSummary': {'duration': 180, 'length': 182}, 'departure': {'time': '2022-09-29T13:38:00-04:00', 'place': {'name': 'BrooklineHills', 'type': 'place', 'location': {'lat': 42.331295, 'lng': -71.126727}}}, 'arrival': {'time': '2022-09-29T13:41:00-04:00', 'place': {'name': 'Brookline Hills - Boylston St @ Cypress St', 'type': 'station', 'location': {'lat': 42.330034, 'lng': -71.125599}, 'wheelchairAccessible': 'yes', 'id': '419810605', 'code': '9070179'}}, 'transport': {'mode': 'pedestrian'}}, {'id': 'C0-S1', 'type': 'transit', 'travelSummary': {'duration': 840, 'length': 3879}, 'departure': {'time': '2022-09-29T13:41:00-04:00', 'place': {'name': 'Brookline Hills - Boylston St @ Cypress St', 'type': 'station', 'location': {'lat': 42.330034, 'lng': -71.125599}, 'wheelchairAccessible': 'yes', 'id': '419810605', 'code': '9070179'}}, 'arrival': {'time': '2022-09-29T13:55:00-04:00', 'place': {'name': 'Kenmore - 512 Commonwealth Ave', 'type': 'station', 'location': {'lat': 42.348712, 'lng': -71.095526}, 'wheelchairAccessible': 'yes', 'id': '419809551', 'code': '9070150'}}, 'transport': {'mode': 'bus', 'name': 'Green Line D Shuttle', 'category': 'Bus', 'color': '#FFC72C', 'textColor': '#000000', 'headsign': 'Kenmore (Shuttle)', 'shortName': 'Green Line D Shuttle', 'longName': 'Riverside - Kenmore'}, 'agency': {'id': '14811_6b86b27', 'name': 'MBTA', 'website': 'http://www.mbta.com'}}, {'id': 'C0-S2', 'type': 'transit', 'travelSummary': {'duration': 780, 'length': 3107}, 'departure': {'time': '2022-09-29T13:59:00-04:00', 'place': {'name': 'Kenmore', 'type': 'station', 'location': {'lat': 42.348949, 'lng': -71.095169}, 'wheelchairAccessible': 'yes', 'id': '419808146'}}, 'arrival': {'time': '2022-09-29T14:12:00-04:00', 'place': {'name': 'Park Street', 'type': 'station', 'location': {'lat': 42.356395, 'lng': -71.062424}, 'wheelchairAccessible': 'yes', 'id': '419810624', 'code': '70200'}}, 'transport': {'mode': 'lightRail', 'name': 'D', 'category': 'Tram, Streetcar, Light rail', 'color': '#00843D', 'textColor': '#FFFFFF', 'headsign': 'Union Square', 'shortName': 'D', 'longName': 'Green Line D'}, 'agency': {'id': '14811_6b86b27', 'name': 'MBTA', 'website': 'http://www.mbta.com'}}, {'id': 'C0-S3', 'type': 'pedestrian', 'travelSummary': {'duration': 120, 'length': 133}, 'departure': {'time': '2022-09-29T14:12:00-04:00', 'place': {'name': 'Park Street', 'type': 'station', 'location': {'lat': 42.356395, 'lng': -71.062424}, 'wheelchairAccessible': 'yes', 'id': '419810624', 'code': '70200'}}, 'arrival': {'time': '2022-09-29T14:14:00-04:00', 'place': {'name': 'Park Street', 'type': 'station', 'location': {'lat': 42.356395, 'lng': -71.062424}, 'wheelchairAccessible': 'yes', 'id': '419810616', 'code': '70075'}}, 'transport': {'mode': 'pedestrian'}}, {'id': 'C0-S4', 'type': 'transit', 'travelSummary': {'duration': 60, 'length': 709}, 'departure': {'time': '2022-09-29T14:14:00-04:00', 'place': {'name': 'Park Street', 'type': 'station', 'location': {'lat': 42.356395, 'lng': -71.062424}, 'wheelchairAccessible': 'yes', 'id': '419810616', 'code': '70075'}, 'delay': -660}, 'arrival': {'time': '2022-09-29T14:15:00-04:00', 'place': {'name': 'South Station', 'type': 'station', 'location': {'lat': 42.352271, 'lng': -71.055242}, 'wheelchairAccessible': 'yes', 'id': '419808186'}, 'delay': -780}, 'transport': {'mode': 'subway', 'name': 'Red Line', 'category': 'Subway, Metro', 'color': '#DA291C', 'textColor': '#FFFFFF', 'headsign': 'Braintree', 'longName': 'Red Line'}, 'agency': {'id': '14811_6b86b27', 'name': 'MBTA', 'website': 'http://www.mbta.com'}}]}]}"
170,Beaconsfield,GREEN,MBTA_NODES,42.33569218472981,-71.14025927261312,POINT (-71.14025927261312 42.33569218472981),200.0,8386.0,"{'routes': [{'id': 'C0', 'sections': [{'id': 'C0-S0', 'type': 'pedestrian', 'travelSummary': {'duration': 360, 'length': 373}, 'departure': {'time': '2022-09-29T13:39:00-04:00', 'place': {'name': 'Beaconsfield', 'type': 'place', 'location': {'lat': 42.335692, 'lng': -71.140259}}}, 'arrival': {'time': '2022-09-29T13:45:00-04:00', 'place': {'name': 'Dean Road', 'type': 'station', 'location': {'lat': 42.337807, 'lng': -71.141753}, 'wheelchairAccessible': 'no', 'id': '419810060', 'code': '70233'}}, 'transport': {'mode': 'pedestrian'}}, {'id': 'C0-S1', 'type': 'transit', 'travelSummary': {'duration': 1740, 'length': 7171}, 'departure': {'time': '2022-09-29T13:45:00-04:00', 'place': {'name': 'Dean Road', 'type': 'station', 'location': {'lat': 42.337807, 'lng': -71.141753}, 'wheelchairAccessible': 'no', 'id': '419810060', 'code': '70233'}}, 'arrival': {'time': '2022-09-29T14:14:00-04:00', 'place': {'name': 'Park Street', 'type': 'station', 'location': {'lat': 42.356395, 'lng': -71.062424}, 'wheelchairAccessible': 'yes', 'id': '419810624', 'code': '70200'}}, 'transport': {'mode': 'lightRail', 'name': 'C', 'category': 'Tram, Streetcar, Light rail', 'color': '#00843D', 'textColor': '#FFFFFF', 'headsign': 'Government Center', 'shortName': 'C', 'longName': 'Green Line C'}, 'agency': {'id': '14811_6b86b27', 'name': 'MBTA', 'website': 'http://www.mbta.com'}}, {'id': 'C0-S2', 'type': 'pedestrian', 'travelSummary': {'duration': 120, 'length': 133}, 'departure': {'time': '2022-09-29T14:14:00-04:00', 'place': {'name': 'Park Street', 'type': 'station', 'location': {'lat': 42.356395, 'lng': -71.062424}, 'wheelchairAccessible': 'yes', 'id': '419810624', 'code': '70200'}}, 'arrival': {'time': '2022-09-29T14:16:00-04:00', 'place': {'name': 'Park Street', 'type': 'station', 'location': {'lat': 42.356395, 'lng': -71.062424}, 'wheelchairAccessible': 'yes', 'id': '419810616', 'code': '70075'}}, 'transport': {'mode': 'pedestrian'}}, {'id': 'C0-S3', 'type': 'transit', 'travelSummary': {'duration': 60, 'length': 709}, 'departure': {'time': '2022-09-29T14:16:00-04:00', 'place': {'name': 'Park Street', 'type': 'station', 'location': {'lat': 42.356395, 'lng': -71.062424}, 'wheelchairAccessible': 'yes', 'id': '419810616', 'code': '70075'}, 'delay': -120}, 'arrival': {'time': '2022-09-29T14:17:00-04:00', 'place': {'name': 'South Station', 'type': 'station', 'location': {'lat': 42.352271, 'lng': -71.055242}, 'wheelchairAccessible': 'yes', 'id': '419808186'}, 'delay': -240}, 'transport': {'mode': 'subway', 'name': 'Red Line', 'category': 'Subway, Metro', 'color': '#DA291C', 'textColor': '#FFFFFF', 'headsign': 'Ashmont', 'longName': 'Red Line'}, 'agency': {'id': '14811_6b86b27', 'name': 'MBTA', 'website': 'http://www.mbta.com'}}]}]}"
171,Reservoir,GREEN,MBTA_NODES,42.335139909036485,-71.14837901822938,POINT (-71.14837901822938 42.33513990903649),200.0,8938.0,"{'routes': [{'id': 'C0', 'sections': [{'id': 'C0-S0', 'type': 'pedestrian', 'travelSummary': {'duration': 300, 'length': 324}, 'departure': {'time': '2022-09-29T13:38:00-04:00', 'place': {'name': 'Reservoir', 'type': 'place', 'location': {'lat': 42.33514, 'lng': -71.148379}}}, 'arrival': {'time': '2022-09-29T13:43:00-04:00', 'place': {'name': 'Cleveland Circle', 'type': 'station', 'location': {'lat': 42.336252, 'lng': -71.148774}, 'wheelchairAccessible': 'yes', 'id': '419810065', 'code': '70238'}}, 'transport': {'mode': 'pedestrian'}}, {'id': 'C0-S1', 'type': 'transit', 'travelSummary': {'duration': 1860, 'length': 7772}, 'departure': {'time': '2022-09-29T13:43:00-04:00', 'place': {'name': 'Cleveland Circle', 'type': 'station', 'location': {'lat': 42.336252, 'lng': -71.148774}, 'wheelchairAccessible': 'yes', 'id': '419810065', 'code': '70238'}}, 'arrival': {'time': '2022-09-29T14:14:00-04:00', 'place': {'name': 'Park Street', 'type': 'station', 'location': {'lat': 42.356395, 'lng': -71.062424}, 'wheelchairAccessible': 'yes', 'id': '419810624', 'code': '70200'}}, 'transport': {'mode': 'lightRail', 'name': 'C', 'category': 'Tram, Streetcar, Light rail', 'color': '#00843D', 'textColor': '#FFFFFF', 'headsign': 'Government Center', 'shortName': 'C', 'longName': 'Green Line C'}, 'agency': {'id': '14811_6b86b27', 'name': 'MBTA', 'website': 'http://www.mbta.com'}}, {'id': 'C0-S2', 'type': 'pedestrian', 'travelSummary': {'duration': 120, 'length': 133}, 'departure': {'time': '2022-09-29T14:14:00-04:00', 'place': {'name': 'Park Street', 'type': 'station', 'location': {'lat': 42.356395, 'lng': -71.062424}, 'wheelchairAccessible': 'yes', 'id': '419810624', 'code': '70200'}}, 'arrival': {'time': '2022-09-29T14:16:00-04:00', 'place': {'name': 'Park Street', 'type': 'station', 'location': {'lat': 42.356395, 'lng': -71.062424}, 'wheelchairAccessible': 'yes', 'id': '419810616', 'code': '70075'}}, 'transport': {'mode': 'pedestrian'}}, {'id': 'C0-S3', 'type': 'transit', 'travelSummary': {'duration': 60, 'length': 709}, 'departure': {'time': '2022-09-29T14:16:00-04:00', 'place': {'name': 'Park Street', 'type': 'station', 'location': {'lat': 42.356395, 'lng': -71.062424}, 'wheelchairAccessible': 'yes', 'id': '419810616', 'code': '70075'}, 'delay': -120}, 'arrival': {'time': '2022-09-29T14:17:00-04:00', 'place': {'name': 'South Station', 'type': 'station', 'location': {'lat': 42.352271, 'lng': -71.055242}, 'wheelchairAccessible': 'yes', 'id': '419808186'}, 'delay': -240}, 'transport': {'mode': 'subway', 'name': 'Red Line', 'category': 'Subway, Metro', 'color': '#DA291C', 'textColor': '#FFFFFF', 'headsign': 'Ashmont', 'longName': 'Red Line'}, 'agency': {'id': '14811_6b86b27', 'name': 'MBTA', 'website': 'http://www.mbta.com'}}]}]}"
172,Chestnut Hill,GREEN,MBTA_NODES,42.32674178162948,-71.16460873449554,POINT (-71.16460873449554 42.32674178162948),200.0,11937.0,"{'routes': [{'id': 'C0', 'sections': [{'id': 'C0-S0', 'type': 'pedestrian', 'travelSummary': {'duration': 420, 'length': 428}, 'departure': {'time': '2022-09-29T13:40:00-04:00', 'place': {'name': 'ChestnutHill', 'type': 'place', 'location': {'lat': 42.326742, 'lng': -71.164609}}}, 'arrival': {'time': '2022-09-29T13:47:00-04:00', 'place': {'name': 'Boylston St @ Hammond St', 'type': 'station', 'location': {'lat': 42.323275, 'lng': -71.163979}, 'wheelchairAccessible': 'yes', 'id': '419801345', 'code': '1984'}}, 'transport': {'mode': 'pedestrian'}}, {'id': 'C0-S1', 'type': 'transit', 'travelSummary': {'duration': 1200, 'length': 7171}, 'departure': {'time': '2022-09-29T13:47:00-04:00', 'place': {'name': 'Boylston St @ Hammond St', 'type': 'station', 'location': {'lat': 42.323275, 'lng': -71.163979}, 'wheelchairAccessible': 'yes', 'id': '419801345', 'code': '1984'}, 'delay': 420}, 'arrival': {'time': '2022-09-29T14:07:00-04:00', 'place': {'name': 'Brookline Ave @ Jersey St', 'type': 'station', 'location': {'lat': 42.346694, 'lng': -71.098982}, 'wheelchairAccessible': 'yes', 'id': '419810499', 'code': '1563'}, 'delay': 360}, 'transport': {'mode': 'bus', 'name': '60', 'category': 'Bus', 'color': '#FFC72C', 'textColor': '#000000', 'headsign': 'Kenmore', 'shortName': '60', 'longName': 'Chestnut Hill - Kenmore Station'}, 'agency': {'id': '14811_6b86b27', 'name': 'MBTA', 'website': 'http://www.mbta.com'}}, {'id': 'C0-S2', 'type': 'pedestrian', 'travelSummary': {'duration': 240, 'length': 228}, 'departure': {'time': '2022-09-29T14:07:00-04:00', 'place': {'name': 'Brookline Ave @ Jersey St', 'type': 'station', 'location': {'lat': 42.346694, 'lng': -71.098982}, 'wheelchairAccessible': 'yes', 'id': '419810499', 'code': '1563'}}, 'arrival': {'time': '2022-09-29T14:11:00-04:00', 'place': {'name': 'Lansdowne', 'type': 'station', 'location': {'lat': 42.347581, 'lng': -71.099974}, 'wheelchairAccessible': 'yes', 'id': '419807355'}}, 'transport': {'mode': 'pedestrian'}}, {'id': 'C0-S3', 'type': 'transit', 'travelSummary': {'duration': 720, 'length': 4110}, 'departure': {'time': '2022-09-29T14:17:00-04:00', 'place': {'name': 'Lansdowne', 'type': 'station', 'location': {'lat': 42.347581, 'lng': -71.099974}, 'wheelchairAccessible': 'yes', 'id': '419807355'}, 'delay': -240}, 'arrival': {'time': '2022-09-29T14:29:00-04:00', 'place': {'name': 'South Station', 'type': 'station', 'location': {'lat': 42.352271, 'lng': -71.055242}, 'wheelchairAccessible': 'yes', 'id': '419808186'}, 'delay': -240}, 'transport': {'mode': 'regionalTrain', 'name': 'Framingham/Worcester Line', 'category': 'Rail', 'color': '#80276C', 'textColor': '#FFFFFF', 'headsign': 'South Station', 'longName': 'Framingham/Worcester Line'}, 'agency': {'id': '14811_6b86b27', 'name': 'MBTA', 'website': 'http://www.mbta.com'}}]}]}"
173,Newton Centre,GREEN,MBTA_NODES,42.3294154875297,-71.19236980764195,POINT (-71.19236980764195 42.3294154875297),200.0,16815.0,"{'routes': [{'id': 'C0', 'sections': [{'id': 'C0-S0', 'type': 'pedestrian', 'travelSummary': {'duration': 120, 'length': 147}, 'departure': {'time': '2022-09-29T13:34:00-04:00', 'place': {'name': 'NewtonCentre', 'type': 'place', 'location': {'lat': 42.329416, 'lng': -71.19237}}}, 'arrival': {'time': '2022-09-29T13:36:00-04:00', 'place': {'name': 'Newton Centre - Langley Rd @ Braeland Ave', 'type': 'station', 'location': {'lat': 42.329898, 'lng': -71.191152}, 'wheelchairAccessible': 'yes', 'id': '419809570', 'code': '9070170'}}, 'transport': {'mode': 'pedestrian'}}, {'id': 'C0-S1', 'type': 'transit', 'travelSummary': {'duration': 1260, 'length': 10740}, 'departure': {'time': '2022-09-29T13:36:00-04:00', 'place': {'name': 'Newton Centre - Langley Rd @ Braeland Ave', 'type': 'station', 'location': {'lat': 42.329898, 'lng': -71.191152}, 'wheelchairAccessible': 'yes', 'id': '419809570', 'code': '9070170'}}, 'arrival': {'time': '2022-09-29T13:57:00-04:00', 'place': {'name': 'Brookline Ave @ Longwood Ave', 'type': 'station', 'location': {'lat': 42.339097, 'lng': -71.106836}, 'wheelchairAccessible': 'yes', 'id': '419809624', 'code': '1804'}}, 'transport': {'mode': 'bus', 'name': 'Green Line D Shuttle', 'category': 'Bus', 'color': '#FFC72C', 'textColor': '#000000', 'headsign': 'Kenmore (Shuttle)', 'shortName': 'Green Line D Shuttle', 'longName': 'Riverside - Kenmore'}, 'agency': {'id': '14811_6b86b27', 'name': 'MBTA', 'website': 'http://www.mbta.com'}}, {'id': 'C0-S2', 'type': 'pedestrian', 'travelSummary': {'duration': 180, 'length': 150}, 'departure': {'time': '2022-09-29T13:57:00-04:00', 'place': {'name': 'Brookline Ave @ Longwood Ave', 'type': 'station', 'location': {'lat': 42.339097, 'lng': -71.106836}, 'wheelchairAccessible': 'yes', 'id': '419809624', 'code': '1804'}}, 'arrival': {'time': '2022-09-29T14:00:00-04:00', 'place': {'name': 'Longwood Ave @ Brookline Ave', 'type': 'station', 'location': {'lat': 42.338701, 'lng': -71.107013}, 'wheelchairAccessible': 'yes', 'id': '419801251', 'code': '1779'}}, 'transport': {'mode': 'pedestrian'}}, {'id': 'C0-S3', 'type': 'transit', 'travelSummary': {'duration': 600, 'length': 1915}, 'departure': {'time': '2022-09-29T14:00:00-04:00', 'place': {'name': 'Longwood Ave @ Brookline Ave', 'type': 'station', 'location': {'lat': 42.338701, 'lng': -71.107013}, 'wheelchairAccessible': 'yes', 'id': '419801251', 'code': '1779'}, 'delay': 240}, 'arrival': {'time': '2022-09-29T14:10:00-04:00', 'place': {'name': 'Ruggles', 'type': 'station', 'location': {'lat': 42.336572, 'lng': -71.089616}, 'wheelchairAccessible': 'yes', 'id': '419809833', 'code': '17861'}, 'delay': 300}, 'transport': {'mode': 'bus', 'name': '47', 'category': 'Bus', 'color': '#FFC72C', 'textColor': '#000000', 'headsign': 'Broadway', 'shortName': '47', 'longName': 'Central Square, Cambridge - Broadway Station'}, 'agency': {'id': '14811_6b86b27', 'name': 'MBTA', 'website': 'http://www.mbta.com'}}, {'id': 'C0-S4', 'type': 'pedestrian', 'travelSummary': {'duration': 120, 'length': 116}, 'departure': {'time': '2022-09-29T14:10:00-04:00', 'place': {'name': 'Ruggles', 'type': 'station', 'location': {'lat': 42.336572, 'lng': -71.089616}, 'wheelchairAccessible': 'yes', 'id': '419809833', 'code': '17861'}}, 'arrival': {'time': '2022-09-29T14:12:00-04:00', 'place': {'name': 'Ruggles', 'type': 'station', 'location': {'lat': 42.336377, 'lng': -71.088961}, 'wheelchairAccessible': 'yes', 'id': '419808177'}}, 'transport': {'mode': 'pedestrian'}}, {'id': 'C0-S5', 'type': 'transit', 'travelSummary': {'duration': 540, 'length': 3747}, 'departure': {'time': '2022-09-29T14:15:00-04:00', 'place': {'name': 'Ruggles', 'type': 'station', 'location': {'lat': 42.336377, 'lng': -71.088961}, 'wheelchairAccessible': 'yes', 'id': '419808177'}, 'delay': -60}, 'arrival': {'time': '2022-09-29T14:24:00-04:00', 'place': {'name': 'South Station', 'type': 'station', 'location': {'lat': 42.352271, 'lng': -71.055242}, 'wheelchairAccessible': 'yes', 'id': '419808186'}, 'delay': -60}, 'transport': {'mode': 'regionalTrain', 'name': 'Providence/Stoughton Line', 'category': 'Rail', 'color': '#80276C', 'textColor': '#FFFFFF', 'headsign': 'South Station via Back Bay', 'longName': 'Providence/Stoughton Line'}, 'agency': {'id': '14811_6b86b27', 'name': 'MBTA', 'website': 'http://www.mbta.com'}}]}]}"
174,Newton Highlands,GREEN,MBTA_NODES,42.32235408060331,-71.20550185798365,POINT (-71.20550185798365 42.32235408060331),200.0,18664.0,"{'routes': [{'id': 'C0', 'sections': [{'id': 'C0-S0', 'type': 'transit', 'travelSummary': {'duration': 900, 'length': 6214}, 'departure': {'time': '2022-09-29T13:48:00-04:00', 'place': {'name': 'Newton Highlands', 'type': 'station', 'location': {'lat': 42.322381, 'lng': -71.205509}, 'wheelchairAccessible': 'yes', 'id': '419808160'}, 'delay': 240}, 'arrival': {'time': '2022-09-29T14:03:00-04:00', 'place': {'name': 'Watertown Sq Terminal', 'type': 'station', 'location': {'lat': 42.365436, 'lng': -71.185502}, 'wheelchairAccessible': 'yes', 'id': '419805399', 'code': '8178'}, 'delay': 120}, 'transport': {'mode': 'bus', 'name': '59', 'category': 'Bus', 'color': '#FFC72C', 'textColor': '#000000', 'headsign': 'Watertown Square via Needham St', 'shortName': '59', 'longName': 'Needham Junction - Watertown Square'}, 'agency': {'id': '14811_6b86b27', 'name': 'MBTA', 'website': 'http://www.mbta.com'}}, {'id': 'C0-S1', 'type': 'transit', 'travelSummary': {'duration': 1200, 'length': 6516}, 'departure': {'time': '2022-09-29T14:07:00-04:00', 'place': {'name': 'Watertown Sq Terminal', 'type': 'station', 'location': {'lat': 42.365436, 'lng': -71.185502}, 'wheelchairAccessible': 'yes', 'id': '419805399', 'code': '8178'}, 'delay': 0}, 'arrival': {'time': '2022-09-29T14:27:00-04:00', 'place': {'name': 'Harvard', 'type': 'station', 'location': {'lat': 42.373362, 'lng': -71.118956}, 'wheelchairAccessible': 'yes', 'id': '419809805', 'code': '2076'}, 'delay': 0}, 'transport': {'mode': 'bus', 'name': '71', 'category': 'Bus', 'color': '#FFC72C', 'textColor': '#000000', 'headsign': 'Harvard', 'shortName': '71', 'longName': 'Watertown Square - Harvard Station'}, 'agency': {'id': '14811_6b86b27', 'name': 'MBTA', 'website': 'http://www.mbta.com'}}, {'id': 'C0-S2', 'type': 'transit', 'travelSummary': {'duration': 180, 'length': 5934}, 'departure': {'time': '2022-09-29T14:27:00-04:00', 'place': {'name': 'Harvard', 'type': 'station', 'location': {'lat': 42.373362, 'lng': -71.118956}, 'wheelchairAccessible': 'yes', 'id': '419809916', 'code': '70067'}, 'delay': -60}, 'arrival': {'time': '2022-09-29T14:30:00-04:00', 'place': {'name': 'South Station', 'type': 'station', 'location': {'lat': 42.352271, 'lng': -71.055242}, 'wheelchairAccessible': 'yes', 'id': '419808186'}, 'delay': -720}, 'transport': {'mode': 'subway', 'name': 'Red Line', 'category': 'Subway, Metro', 'color': '#DA291C', 'textColor': '#FFFFFF', 'headsign': 'Braintree', 'longName': 'Red Line'}, 'agency': {'id': '14811_6b86b27', 'name': 'MBTA', 'website': 'http://www.mbta.com'}}]}]}"
175,Eliot,GREEN,MBTA_NODES,42.31897816711644,-71.2165880469504,POINT (-71.21658804695041 42.31897816711644),200.0,21348.0,"{'routes': [{'id': 'C0', 'sections': [{'id': 'C0-S0', 'type': 'pedestrian', 'travelSummary': {'duration': 360, 'length': 353}, 'departure': {'time': '2022-09-29T13:32:00-04:00', 'place': {'name': 'Eliot', 'type': 'place', 'location': {'lat': 42.318978, 'lng': -71.216588}}}, 'arrival': {'time': '2022-09-29T13:38:00-04:00', 'place': {'name': 'Lincoln St @ Woodward St', 'type': 'station', 'location': {'lat': 42.320587, 'lng': -71.21382}, 'wheelchairAccessible': 'yes', 'id': '419805374', 'code': '8153'}}, 'transport': {'mode': 'pedestrian'}}, {'id': 'C0-S1', 'type': 'transit', 'travelSummary': {'duration': 960, 'length': 8539}, 'departure': {'time': '2022-09-29T13:38:00-04:00', 'place': {'name': 'Lincoln St @ Woodward St', 'type': 'station', 'location': {'lat': 42.320587, 'lng': -71.21382}, 'wheelchairAccessible': 'yes', 'id': '419805374', 'code': '8153'}}, 'arrival': {'time': '2022-09-29T13:54:00-04:00', 'place': {'name': 'Reservoir', 'type': 'station', 'location': {'lat': 42.335088, 'lng': -71.148758}, 'wheelchairAccessible': 'yes', 'id': '419808176'}}, 'transport': {'mode': 'bus', 'name': 'Green Line D Shuttle', 'category': 'Bus', 'color': '#FFC72C', 'textColor': '#000000', 'headsign': 'Kenmore (Shuttle)', 'shortName': 'Green Line D Shuttle', 'longName': 'Riverside - Kenmore'}, 'agency': {'id': '14811_6b86b27', 'name': 'MBTA', 'website': 'http://www.mbta.com'}}, {'id': 'C0-S2', 'type': 'transit', 'travelSummary': {'duration': 1440, 'length': 6522}, 'departure': {'time': '2022-09-29T14:00:00-04:00', 'place': {'name': 'Reservoir', 'type': 'station', 'location': {'lat': 42.335088, 'lng': -71.148758}, 'wheelchairAccessible': 'yes', 'id': '419808176'}, 'delay': 0}, 'arrival': {'time': '2022-09-29T14:24:00-04:00', 'place': {'name': 'Harvard', 'type': 'station', 'location': {'lat': 42.373362, 'lng': -71.118956}, 'wheelchairAccessible': 'yes', 'id': '419809805', 'code': '2076'}, 'delay': 0}, 'transport': {'mode': 'bus', 'name': '86', 'category': 'Bus', 'color': '#FFC72C', 'textColor': '#000000', 'headsign': 'Sullivan', 'shortName': '86', 'longName': 'Sullivan Square Station - Reservoir Station'}, 'agency': {'id': '14811_6b86b27', 'name': 'MBTA', 'website': 'http://www.mbta.com'}}, {'id': 'C0-S3', 'type': 'transit', 'travelSummary': {'duration': 180, 'length': 5934}, 'departure': {'time': '2022-09-29T14:27:00-04:00', 'place': {'name': 'Harvard', 'type': 'station', 'location': {'lat': 42.373362, 'lng': -71.118956}, 'wheelchairAccessible': 'yes', 'id': '419809916', 'code': '70067'}, 'delay': -60}, 'arrival': {'time': '2022-09-29T14:30:00-04:00', 'place': {'name': 'South Station', 'type': 'station', 'location': {'lat': 42.352271, 'lng': -71.055242}, 'wheelchairAccessible': 'yes', 'id': '419808186'}, 'delay': -720}, 'transport': {'mode': 'subway', 'name': 'Red Line', 'category': 'Subway, Metro', 'color': '#DA291C', 'textColor': '#FFFFFF', 'headsign': 'Braintree', 'longName': 'Red Line'}, 'agency': {'id': '14811_6b86b27', 'name': 'MBTA', 'website': 'http://www.mbta.com'}}]}]}"
176,Woodland,GREEN,MBTA_NODES,42.33283282398844,-71.24326789756216,POINT (-71.24326789756216 42.33283282398844),200.0,22929.0,"{'routes': [{'id': 'C0', 'sections': [{'id': 'C0-S0', 'type': 'pedestrian', 'travelSummary': {'duration': 60, 'length': 44}, 'departure': {'time': '2022-09-29T13:36:00-04:00', 'place': {'name': 'Woodland', 'type': 'place', 'location': {'lat': 42.332833, 'lng': -71.243268}}}, 'arrival': {'time': '2022-09-29T13:37:00-04:00', 'place': {'name': 'Woodland', 'type': 'station', 'location': {'lat': 42.332802, 'lng': -71.242657}, 'wheelchairAccessible': 'yes', 'id': '419809766', 'code': '9070162'}}, 'transport': {'mode': 'pedestrian'}}, {'id': 'C0-S1', 'type': 'transit', 'travelSummary': {'duration': 2580, 'length': 19038}, 'departure': {'time': '2022-09-29T13:37:00-04:00', 'place': {'name': 'Woodland', 'type': 'station', 'location': {'lat': 42.332802, 'lng': -71.242657}, 'wheelchairAccessible': 'yes', 'id': '419809766', 'code': '9070162'}}, 'arrival': {'time': '2022-09-29T14:20:00-04:00', 'place': {'name': 'Kenmore - 512 Commonwealth Ave', 'type': 'station', 'location': {'lat': 42.348712, 'lng': -71.095526}, 'wheelchairAccessible': 'yes', 'id': '419809551', 'code': '9070150'}}, 'transport': {'mode': 'bus', 'name': 'Green Line D Shuttle', 'category': 'Bus', 'color': '#FFC72C', 'textColor': '#000000', 'headsign': 'Kenmore (Shuttle)', 'shortName': 'Green Line D Shuttle', 'longName': 'Riverside - Kenmore'}, 'agency': {'id': '14811_6b86b27', 'name': 'MBTA', 'website': 'http://www.mbta.com'}}, {'id': 'C0-S2', 'type': 'transit', 'travelSummary': {'duration': 780, 'length': 3107}, 'departure': {'time': '2022-09-29T14:22:00-04:00', 'place': {'name': 'Kenmore', 'type': 'station', 'location': {'lat': 42.348949, 'lng': -71.095169}, 'wheelchairAccessible': 'yes', 'id': '419808146'}}, 'arrival': {'time': '2022-09-29T14:35:00-04:00', 'place': {'name': 'Park Street', 'type': 'station', 'location': {'lat': 42.356395, 'lng': -71.062424}, 'wheelchairAccessible': 'yes', 'id': '419810624', 'code': '70200'}}, 'transport': {'mode': 'lightRail', 'name': 'C', 'category': 'Tram, Streetcar, Light rail', 'color': '#00843D', 'textColor': '#FFFFFF', 'headsign': 'Government Center', 'shortName': 'C', 'longName': 'Green Line C'}, 'agency': {'id': '14811_6b86b27', 'name': 'MBTA', 'website': 'http://www.mbta.com'}}, {'id': 'C0-S3', 'type': 'pedestrian', 'travelSummary': {'duration': 720, 'length': 740}, 'departure': {'time': '2022-09-29T14:35:00-04:00', 'place': {'name': 'Park Street', 'type': 'station', 'location': {'lat': 42.356395, 'lng': -71.062424}, 'wheelchairAccessible': 'yes', 'id': '419810624', 'code': '70200'}}, 'arrival': {'time': '2022-09-29T14:47:00-04:00', 'place': {'name': 'SouthStation', 'type': 'place', 'location': {'lat': 42.352593, 'lng': -71.055172}}}, 'transport': {'mode': 'pedestrian'}}]}]}"
177,Riverside,GREEN,MBTA_NODES,42.33739840813053,-71.25255434001781,POINT (-71.25255434001781 42.33739840813053),200.0,25823.0,"{'routes': [{'id': 'C0', 'sections': [{'id': 'C0-S0', 'type': 'transit', 'travelSummary': {'duration': 2940, 'length': 21976}, 'departure': {'time': '2022-09-29T13:40:00-04:00', 'place': {'name': 'Riverside', 'type': 'station', 'location': {'lat': 42.33721, 'lng': -71.252673}, 'wheelchairAccessible': 'yes', 'id': '419812076', 'code': '9070160'}}, 'arrival': {'time': '2022-09-29T14:29:00-04:00', 'place': {'name': 'Kenmore - 512 Commonwealth Ave', 'type': 'station', 'location': {'lat': 42.348712, 'lng': -71.095526}, 'wheelchairAccessible': 'yes', 'id': '419809551', 'code': '9070150'}}, 'transport': {'mode': 'bus', 'name': 'Green Line D Shuttle', 'category': 'Bus', 'color': '#FFC72C', 'textColor': '#000000', 'headsign': 'Kenmore (Shuttle)', 'shortName': 'Green Line D Shuttle', 'longName': 'Riverside - Kenmore'}, 'agency': {'id': '14811_6b86b27', 'name': 'MBTA', 'website': 'http://www.mbta.com'}}, {'id': 'C0-S1', 'type': 'transit', 'travelSummary': {'duration': 780, 'length': 3107}, 'departure': {'time': '2022-09-29T14:32:00-04:00', 'place': {'name': 'Kenmore', 'type': 'station', 'location': {'lat': 42.348949, 'lng': -71.095169}, 'wheelchairAccessible': 'yes', 'id': '419808146'}}, 'arrival': {'time': '2022-09-29T14:45:00-04:00', 'place': {'name': 'Park Street', 'type': 'station', 'location': {'lat': 42.356395, 'lng': -71.062424}, 'wheelchairAccessible': 'yes', 'id': '419810624', 'code': '70200'}}, 'transport': {'mode': 'lightRail', 'name': 'C', 'category': 'Tram, Streetcar, Light rail', 'color': '#00843D', 'textColor': '#FFFFFF', 'headsign': 'Government Center', 'shortName': 'C', 'longName': 'Green Line C'}, 'agency': {'id': '14811_6b86b27', 'name': 'MBTA', 'website': 'http://www.mbta.com'}}, {'id': 'C0-S2', 'type': 'pedestrian', 'travelSummary': {'duration': 720, 'length': 740}, 'departure': {'time': '2022-09-29T14:45:00-04:00', 'place': {'name': 'Park Street', 'type': 'station', 'location': {'lat': 42.356395, 'lng': -71.062424}, 'wheelchairAccessible': 'yes', 'id': '419810624', 'code': '70200'}}, 'arrival': {'time': '2022-09-29T14:57:00-04:00', 'place': {'name': 'SouthStation', 'type': 'place', 'location': {'lat': 42.352593, 'lng': -71.055172}}}, 'transport': {'mode': 'pedestrian'}}]}]}"
178,Downtown Crossing,ORANGE/RED,MBTA_NODES,42.35543397801344,-71.06051209466872,POINT (-71.06051209466872 42.35543397801344),200.0,527.0,"{'routes': [{'id': 'C0', 'sections': [{'id': 'C0-S1', 'type': 'transit', 'travelSummary': {'duration': 0, 'length': 527}, 'departure': {'time': '2022-09-29T13:37:00-04:00', 'place': {'name': 'Downtown Crossing', 'type': 'station', 'location': {'lat': 42.355518, 'lng': -71.060225}, 'wheelchairAccessible': 'yes', 'id': '419809874', 'code': '70020'}, 'delay': 900}, 'arrival': {'time': '2022-09-29T13:37:00-04:00', 'place': {'name': 'South Station', 'type': 'station', 'location': {'lat': 42.352271, 'lng': -71.055242}, 'wheelchairAccessible': 'yes', 'id': '419808186'}, 'delay': 780}, 'transport': {'mode': 'subway', 'name': 'Red Line', 'category': 'Subway, Metro', 'color': '#DA291C', 'textColor': '#FFFFFF', 'headsign': 'Ashmont', 'longName': 'Red Line'}, 'agency': {'id': '14811_6b86b27', 'name': 'MBTA', 'website': 'http://www.mbta.com'}}]}, {'id': '3d933778-26eb-4d7b-abdb-b63cff04548f', 'sections': [{'id': '7500510d-013f-40e2-a3f8-380c2b7e3399', 'type': 'pedestrian', 'travelSummary': {'duration': 552, 'length': 548}, 'departure': {'time': '2022-09-29T13:32:33-04:00', 'place': {'type': 'place', 'location': {'lat': 42.35545, 'lng': -71.0605}}}, 'arrival': {'time': '2022-09-29T13:41:45-04:00', 'place': {'type': 'place', 'location': {'lat': 42.3525543, 'lng': -71.0552033}}}, 'transport': {'mode': 'pedestrian'}}]}]}"
179,Park Street,GREEN/RED,MBTA_NODES,42.35620326817115,-71.06230983470068,POINT (-71.06230983470068 42.35620326817115),200.0,767.0,"{'routes': [{'id': 'C0', 'sections': [{'id': 'C0-S0', 'type': 'pedestrian', 'travelSummary': {'duration': 0, 'length': 29}, 'departure': {'time': '2022-09-29T13:35:00-04:00', 'place': {'name': 'ParkStreet', 'type': 'place', 'location': {'lat': 42.356203, 'lng': -71.06231}}}, 'arrival': {'time': '2022-09-29T13:35:00-04:00', 'place': {'name': 'Park Street - Tremont St to Lobby (Elevator 804)', 'type': 'accessPoint', 'location': {'lat': 42.356172, 'lng': -71.062239}, 'wheelchairAccessible': 'yes'}}, 'transport': {'mode': 'pedestrian'}}, {'id': 'C0-S0-arr', 'type': 'pedestrian', 'travelSummary': {'duration': 60, 'length': 29}, 'departure': {'time': '2022-09-29T13:35:00-04:00', 'place': {'name': 'Park Street - Tremont St to Lobby (Elevator 804)', 'type': 'accessPoint', 'location': {'lat': 42.356172, 'lng': -71.062239}, 'wheelchairAccessible': 'yes'}}, 'arrival': {'time': '2022-09-29T13:36:00-04:00', 'place': {'name': 'Park Street', 'type': 'station', 'location': {'lat': 42.356395, 'lng': -71.062424}, 'wheelchairAccessible': 'yes', 'id': '419810616', 'code': '70075'}}, 'spans': [{'walkAttributes': ['indoor']}], 'transport': {'mode': 'pedestrian'}}, {'id': 'C0-S1', 'type': 'transit', 'travelSummary': {'duration': 60, 'length': 709}, 'departure': {'time': '2022-09-29T13:36:00-04:00', 'place': {'name': 'Park Street', 'type': 'station', 'location': {'lat': 42.356395, 'lng': -71.062424}, 'wheelchairAccessible': 'yes', 'id': '419810616', 'code': '70075'}, 'delay': -420}, 'arrival': {'time': '2022-09-29T13:37:00-04:00', 'place': {'name': 'South Station', 'type': 'station', 'location': {'lat': 42.352271, 'lng': -71.055242}, 'wheelchairAccessible': 'yes', 'id': '419808186'}, 'delay': -540}, 'transport': {'mode': 'subway', 'name': 'Red Line', 'category': 'Subway, Metro', 'color': '#DA291C', 'textColor': '#FFFFFF', 'headsign': 'Braintree', 'longName': 'Red Line'}, 'agency': {'id': '14811_6b86b27', 'name': 'MBTA', 'website': 'http://www.mbta.com'}}]}, {'id': '6539f73d-019c-430d-8c9d-5f33213ea0bf', 'sections': [{'id': '46f13e78-5630-414b-bfdd-e0fa8d9646c8', 'type': 'pedestrian', 'travelSummary': {'duration': 728, 'length': 724}, 'departure': {'time': '2022-09-29T13:32:35-04:00', 'place': {'type': 'place', 'location': {'lat': 42.3561775, 'lng': -71.0622648}}}, 'arrival': {'time': '2022-09-29T13:44:43-04:00', 'place': {'type': 'place', 'location': {'lat': 42.3525543, 'lng': -71.0552033}}}, 'transport': {'mode': 'pedestrian'}}]}]}"
180,JFK/UMass,RED,MBTA_NODES,42.32063650945969,-71.05236076657424,POINT (-71.05236076657424 42.32063650945969),200.0,3981.0,"{'routes': [{'id': 'C0', 'sections': [{'id': 'C0-S0', 'type': 'pedestrian', 'travelSummary': {'duration': 0, 'length': 11}, 'departure': {'time': '2022-09-29T13:32:00-04:00', 'place': {'name': 'Jfk/Umass', 'type': 'place', 'location': {'lat': 42.320636, 'lng': -71.052361}}}, 'arrival': {'time': '2022-09-29T13:32:00-04:00', 'place': {'name': 'JFK/UMass - Sydney St (North)', 'type': 'accessPoint', 'location': {'lat': 42.320597, 'lng': -71.052713}, 'wheelchairAccessible': 'no'}}, 'transport': {'mode': 'pedestrian'}}, {'id': 'C0-S0-arr', 'type': 'pedestrian', 'travelSummary': {'duration': 60, 'length': 28}, 'departure': {'time': '2022-09-29T13:32:00-04:00', 'place': {'name': 'JFK/UMass - Sydney St (North)', 'type': 'accessPoint', 'location': {'lat': 42.320597, 'lng': -71.052713}, 'wheelchairAccessible': 'no'}}, 'arrival': {'time': '2022-09-29T13:33:00-04:00', 'place': {'name': 'JFK/UMass', 'type': 'station', 'location': {'lat': 42.320685, 'lng': -71.052391}, 'wheelchairAccessible': 'yes', 'id': '419808145'}}, 'spans': [{'walkAttributes': ['indoor']}], 'transport': {'mode': 'pedestrian'}}, {'id': 'C0-S1', 'type': 'transit', 'travelSummary': {'duration': 420, 'length': 3942}, 'departure': {'time': '2022-09-29T13:33:00-04:00', 'place': {'name': 'JFK/UMass', 'type': 'station', 'location': {'lat': 42.320685, 'lng': -71.052391}, 'wheelchairAccessible': 'yes', 'id': '419808145'}, 'delay': 780}, 'arrival': {'time': '2022-09-29T13:40:00-04:00', 'place': {'name': 'South Station', 'type': 'station', 'location': {'lat': 42.352271, 'lng': -71.055242}, 'wheelchairAccessible': 'yes', 'id': '419808186'}, 'delay': 720}, 'transport': {'mode': 'subway', 'name': 'Red Line', 'category': 'Subway, Metro', 'color': '#DA291C', 'textColor': '#FFFFFF', 'headsign': 'Alewife', 'longName': 'Red Line'}, 'agency': {'id': '14811_6b86b27', 'name': 'MBTA', 'website': 'http://www.mbta.com'}}]}]}"
181,State,BLUE/ORANGE,MBTA_NODES,42.35879934320049,-71.05781905424712,POINT (-71.05781905424712 42.35879934320049),200.0,1091.0,"{'routes': [{'id': 'C0', 'sections': [{'id': 'C0-S0', 'type': 'pedestrian', 'travelSummary': {'duration': 60, 'length': 74}, 'departure': {'time': '2022-09-29T13:34:00-04:00', 'place': {'name': 'State', 'type': 'place', 'location': {'lat': 42.358799, 'lng': -71.057819}}}, 'arrival': {'time': '2022-09-29T13:35:00-04:00', 'place': {'name': 'State - Old State House, State St', 'type': 'accessPoint', 'location': {'lat': 42.358735, 'lng': -71.057298}, 'wheelchairAccessible': 'no'}}, 'transport': {'mode': 'pedestrian'}}, {'id': 'C0-S0-arr', 'type': 'pedestrian', 'travelSummary': {'duration': 60, 'length': 37}, 'departure': {'time': '2022-09-29T13:35:00-04:00', 'place': {'name': 'State - Old State House, State St', 'type': 'accessPoint', 'location': {'lat': 42.358735, 'lng': -71.057298}, 'wheelchairAccessible': 'no'}}, 'arrival': {'time': '2022-09-29T13:36:00-04:00', 'place': {'name': 'State', 'type': 'station', 'location': {'lat': 42.358978, 'lng': -71.057598}, 'wheelchairAccessible': 'yes', 'id': '419809876', 'code': '70022'}}, 'spans': [{'walkAttributes': ['indoor']}], 'transport': {'mode': 'pedestrian'}}, {'id': 'C0-S1', 'type': 'transit', 'travelSummary': {'duration': 0, 'length': 453}, 'departure': {'time': '2022-09-29T13:36:00-04:00', 'place': {'name': 'State', 'type': 'station', 'location': {'lat': 42.358978, 'lng': -71.057598}, 'wheelchairAccessible': 'yes', 'id': '419809876', 'code': '70022'}, 'delay': 3900}, 'arrival': {'time': '2022-09-29T13:36:00-04:00', 'place': {'name': 'Downtown Crossing', 'type': 'station', 'location': {'lat': 42.355518, 'lng': -71.060225}, 'wheelchairAccessible': 'yes', 'id': '419809874', 'code': '70020'}, 'delay': 3840}, 'transport': {'mode': 'subway', 'name': 'Orange Line', 'category': 'Subway, Metro', 'color': '#ED8B00', 'textColor': '#FFFFFF', 'headsign': 'Forest Hills', 'longName': 'Orange Line'}, 'agency': {'id': '14811_6b86b27', 'name': 'MBTA', 'website': 'http://www.mbta.com'}}, {'id': 'C0-S2', 'type': 'transit', 'travelSummary': {'duration': 0, 'length': 527}, 'departure': {'time': '2022-09-29T13:38:00-04:00', 'place': {'name': 'Downtown Crossing', 'type': 'station', 'location': {'lat': 42.355518, 'lng': -71.060225}, 'wheelchairAccessible': 'yes', 'id': '419809874', 'code': '70020'}, 'delay': -780}, 'arrival': {'time': '2022-09-29T13:38:00-04:00', 'place': {'name': 'South Station', 'type': 'station', 'location': {'lat': 42.352271, 'lng': -71.055242}, 'wheelchairAccessible': 'yes', 'id': '419808186'}, 'delay': -900}, 'transport': {'mode': 'subway', 'name': 'Red Line', 'category': 'Subway, Metro', 'color': '#DA291C', 'textColor': '#FFFFFF', 'headsign': 'Ashmont', 'longName': 'Red Line'}, 'agency': {'id': '14811_6b86b27', 'name': 'MBTA', 'website': 'http://www.mbta.com'}}]}, {'id': 'd1a997d0-6a25-4d53-af13-2c982605b2df', 'sections': [{'id': '1b75a4e6-5f04-4b78-a152-6a3f153731db', 'type': 'pedestrian', 'travelSummary': {'duration': 955, 'length': 906}, 'departure': {'time': '2022-09-29T13:32:38-04:00', 'place': {'type': 'place', 'location': {'lat': 42.35884, 'lng': -71.05782}}}, 'arrival': {'time': '2022-09-29T13:48:33-04:00', 'place': {'type': 'place', 'location': {'lat': 42.3525543, 'lng': -71.0552033}}}, 'transport': {'mode': 'pedestrian'}}]}]}"
182,Roxbury Crossing,ORANGE,MBTA_NODES,42.33086764562735,-71.09600501912232,POINT (-71.09600501912232 42.33086764562735),200.0,5053.0,"{'routes': [{'id': 'C0', 'sections': [{'id': 'C0-S0', 'type': 'pedestrian', 'travelSummary': {'duration': 300, 'length': 303}, 'departure': {'time': '2022-09-29T13:35:00-04:00', 'place': {'name': 'RoxburyCrossing', 'type': 'place', 'location': {'lat': 42.330868, 'lng': -71.096005}}}, 'arrival': {'time': '2022-09-29T13:40:00-04:00', 'place': {'name': 'Malcolm X Blvd @ Tremont St', 'type': 'station', 'location': {'lat': 42.331345, 'lng': -71.093318}, 'wheelchairAccessible': 'yes', 'id': '419806686', 'code': '21148'}}, 'transport': {'mode': 'pedestrian'}}, {'id': 'C0-S1', 'type': 'transit', 'travelSummary': {'duration': 240, 'length': 887}, 'departure': {'time': '2022-09-29T13:40:00-04:00', 'place': {'name': 'Malcolm X Blvd @ Tremont St', 'type': 'station', 'location': {'lat': 42.331345, 'lng': -71.093318}, 'wheelchairAccessible': 'yes', 'id': '419806686', 'code': '21148'}, 'delay': 0}, 'arrival': {'time': '2022-09-29T13:44:00-04:00', 'place': {'name': 'Ruggles', 'type': 'station', 'location': {'lat': 42.336572, 'lng': -71.089616}, 'wheelchairAccessible': 'yes', 'id': '419809833', 'code': '17861'}, 'delay': -120}, 'transport': {'mode': 'bus', 'name': '15', 'category': 'Bus', 'color': '#FFC72C', 'textColor': '#000000', 'headsign': 'Ruggles', 'shortName': '15', 'longName': 'Fields Corner Station or Kane Square - Ruggles Station'}, 'agency': {'id': '14811_6b86b27', 'name': 'MBTA', 'website': 'http://www.mbta.com'}}, {'id': 'C0-S2', 'type': 'pedestrian', 'travelSummary': {'duration': 120, 'length': 116}, 'departure': {'time': '2022-09-29T13:44:00-04:00', 'place': {'name': 'Ruggles', 'type': 'station', 'location': {'lat': 42.336572, 'lng': -71.089616}, 'wheelchairAccessible': 'yes', 'id': '419809833', 'code': '17861'}}, 'arrival': {'time': '2022-09-29T13:46:00-04:00', 'place': {'name': 'Ruggles', 'type': 'station', 'location': {'lat': 42.336377, 'lng': -71.088961}, 'wheelchairAccessible': 'yes', 'id': '419808177'}}, 'transport': {'mode': 'pedestrian'}}, {'id': 'C0-S3', 'type': 'transit', 'travelSummary': {'duration': 480, 'length': 3747}, 'departure': {'time': '2022-09-29T13:47:00-04:00', 'place': {'name': 'Ruggles', 'type': 'station', 'location': {'lat': 42.336377, 'lng': -71.088961}, 'wheelchairAccessible': 'yes', 'id': '419808177'}, 'delay': -120}, 'arrival': {'time': '2022-09-29T13:55:00-04:00', 'place': {'name': 'South Station', 'type': 'station', 'location': {'lat': 42.352271, 'lng': -71.055242}, 'wheelchairAccessible': 'yes', 'id': '419808186'}, 'delay': -180}, 'transport': {'mode': 'regionalTrain', 'name': 'Providence/Stoughton Line', 'category': 'Rail', 'color': '#80276C', 'textColor': '#FFFFFF', 'headsign': 'South Station via Back Bay', 'longName': 'Providence/Stoughton Line'}, 'agency': {'id': '14811_6b86b27', 'name': 'MBTA', 'website': 'http://www.mbta.com'}}]}]}"
183,Airport Terminal B2,SILVER,MBTA_NODES,42.36307521090779,-71.01836771345887,POINT (-71.01836771345887 42.36307521090779),200.0,7856.0,"{'routes': [{'id': 'C0', 'sections': [{'id': 'C0-S0', 'type': 'pedestrian', 'travelSummary': {'duration': 180, 'length': 164}, 'departure': {'time': '2022-09-29T13:39:00-04:00', 'place': {'name': 'AirportTerminalB2', 'type': 'place', 'location': {'lat': 42.363075, 'lng': -71.018368}}}, 'arrival': {'time': '2022-09-29T13:42:00-04:00', 'place': {'name': 'Terminal B Stop 2 - Arrivals Level', 'type': 'station', 'location': {'lat': 42.361657, 'lng': -71.017833}, 'wheelchairAccessible': 'yes', 'id': '419808551', 'code': '17093'}}, 'transport': {'mode': 'pedestrian'}}, {'id': 'C0-S1', 'type': 'transit', 'travelSummary': {'duration': 1200, 'length': 7692}, 'departure': {'time': '2022-09-29T13:42:00-04:00', 'place': {'name': 'Terminal B Stop 2 - Arrivals Level', 'type': 'station', 'location': {'lat': 42.361657, 'lng': -71.017833}, 'wheelchairAccessible': 'yes', 'id': '419808551', 'code': '17093'}, 'delay': -60}, 'arrival': {'time': '2022-09-29T14:02:00-04:00', 'place': {'name': 'South Station', 'type': 'station', 'location': {'lat': 42.352271, 'lng': -71.055242}, 'wheelchairAccessible': 'yes', 'id': '419810105', 'code': '74611'}, 'delay': -240}, 'transport': {'mode': 'bus', 'name': 'SL1', 'category': 'Bus', 'color': '#7C878E', 'textColor': '#FFFFFF', 'headsign': 'South Station', 'shortName': 'SL1', 'longName': 'Logan Airport Terminals - South Station'}, 'agency': {'id': '14811_6b86b27', 'name': 'MBTA', 'website': 'http://www.mbta.com'}}]}]}"
184,Design Center,SILVER,MBTA_NODES,42.34458204262589,-71.03460702341447,POINT (-71.03460702341447 42.34458204262589),200.0,2507.0,"{'routes': [{'id': 'C0', 'sections': [{'id': 'C0-S0', 'type': 'pedestrian', 'travelSummary': {'duration': 780, 'length': 772}, 'departure': {'time': '2022-09-29T13:34:00-04:00', 'place': {'name': 'DesignCenter', 'type': 'place', 'location': {'lat': 42.344582, 'lng': -71.034607}}}, 'arrival': {'time': '2022-09-29T13:47:00-04:00', 'place': {'name': 'Silver Line Way', 'type': 'station', 'location': {'lat': 42.347154, 'lng': -71.038385}, 'wheelchairAccessible': 'yes', 'id': '419807437'}}, 'transport': {'mode': 'pedestrian'}}, {'id': 'C0-S1', 'type': 'transit', 'travelSummary': {'duration': 360, 'length': 1735}, 'departure': {'time': '2022-09-29T13:47:00-04:00', 'place': {'name': 'Silver Line Way', 'type': 'station', 'location': {'lat': 42.347154, 'lng': -71.038385}, 'wheelchairAccessible': 'yes', 'id': '419807437'}, 'delay': 300}, 'arrival': {'time': '2022-09-29T13:53:00-04:00', 'place': {'name': 'South Station', 'type': 'station', 'location': {'lat': 42.352271, 'lng': -71.055242}, 'wheelchairAccessible': 'yes', 'id': '419810105', 'code': '74611'}, 'delay': 360}, 'transport': {'mode': 'bus', 'name': 'SL3', 'category': 'Bus', 'color': '#7C878E', 'textColor': '#FFFFFF', 'headsign': 'South Station', 'shortName': 'SL3', 'longName': 'Chelsea Station - South Station'}, 'agency': {'id': '14811_6b86b27', 'name': 'MBTA', 'website': 'http://www.mbta.com'}}]}]}"
185,Lenox St,SILVER,MBTA_NODES,42.3351666595186,-71.07854226688733,POINT (-71.07854226688733 42.3351666595186),200.0,3097.0,"{'routes': [{'id': 'C0', 'sections': [{'id': 'C0-S0', 'type': 'transit', 'travelSummary': {'duration': 1020, 'length': 2968}, 'departure': {'time': '2022-09-29T13:32:00-04:00', 'place': {'name': 'Washington St @ Lenox St', 'type': 'station', 'location': {'lat': 42.335164, 'lng': -71.078518}, 'wheelchairAccessible': 'yes', 'id': '419800003', 'code': '4'}, 'delay': 540}, 'arrival': {'time': '2022-09-29T13:49:00-04:00', 'place': {'name': 'Essex St @ Atlantic Ave', 'type': 'station', 'location': {'lat': 42.35176, 'lng': -71.056003}, 'wheelchairAccessible': 'yes', 'id': '419804517', 'code': '6538'}, 'delay': 480}, 'transport': {'mode': 'bus', 'name': 'SL4', 'category': 'Bus', 'color': '#7C878E', 'textColor': '#FFFFFF', 'headsign': 'South Station', 'shortName': 'SL4', 'longName': 'Nubian Station - South Station'}, 'agency': {'id': '14811_6b86b27', 'name': 'MBTA', 'website': 'http://www.mbta.com'}}, {'id': 'C0-S1', 'type': 'pedestrian', 'travelSummary': {'duration': 120, 'length': 129}, 'departure': {'time': '2022-09-29T13:49:00-04:00', 'place': {'name': 'Essex St @ Atlantic Ave', 'type': 'station', 'location': {'lat': 42.35176, 'lng': -71.056003}, 'wheelchairAccessible': 'yes', 'id': '419804517', 'code': '6538'}}, 'arrival': {'time': '2022-09-29T13:51:00-04:00', 'place': {'name': 'SouthStation', 'type': 'place', 'location': {'lat': 42.352593, 'lng': -71.055172}}}, 'transport': {'mode': 'pedestrian'}}]}]}"
186,Massachusetts Ave,SILVER,MBTA_NODES,42.33624966790448,-71.07719975835843,POINT (-71.07719975835843 42.33624966790448),200.0,2921.0,"{'routes': [{'id': 'C0', 'sections': [{'id': 'C0-S1', 'type': 'transit', 'travelSummary': {'duration': 960, 'length': 2792}, 'departure': {'time': '2022-09-29T13:33:00-04:00', 'place': {'name': 'Washington St @ Massachusetts Ave', 'type': 'station', 'location': {'lat': 42.336339, 'lng': -71.07707}, 'wheelchairAccessible': 'yes', 'id': '419800004', 'code': '5'}, 'delay': 540}, 'arrival': {'time': '2022-09-29T13:49:00-04:00', 'place': {'name': 'Essex St @ Atlantic Ave', 'type': 'station', 'location': {'lat': 42.35176, 'lng': -71.056003}, 'wheelchairAccessible': 'yes', 'id': '419804517', 'code': '6538'}, 'delay': 480}, 'transport': {'mode': 'bus', 'name': 'SL4', 'category': 'Bus', 'color': '#7C878E', 'textColor': '#FFFFFF', 'headsign': 'South Station', 'shortName': 'SL4', 'longName': 'Nubian Station - South Station'}, 'agency': {'id': '14811_6b86b27', 'name': 'MBTA', 'website': 'http://www.mbta.com'}}, {'id': 'C0-S2', 'type': 'pedestrian', 'travelSummary': {'duration': 120, 'length': 129}, 'departure': {'time': '2022-09-29T13:49:00-04:00', 'place': {'name': 'Essex St @ Atlantic Ave', 'type': 'station', 'location': {'lat': 42.35176, 'lng': -71.056003}, 'wheelchairAccessible': 'yes', 'id': '419804517', 'code': '6538'}}, 'arrival': {'time': '2022-09-29T13:51:00-04:00', 'place': {'name': 'SouthStation', 'type': 'place', 'location': {'lat': 42.352593, 'lng': -71.055172}}}, 'transport': {'mode': 'pedestrian'}}]}]}"
187,Newton Street,SILVER,MBTA_NODES,42.33869085304909,-71.07375725814244,POINT (-71.07375725814244 42.33869085304909),200.0,2533.0,"{'routes': [{'id': 'C0', 'sections': [{'id': 'C0-S1', 'type': 'transit', 'travelSummary': {'duration': 720, 'length': 2404}, 'departure': {'time': '2022-09-29T13:37:00-04:00', 'place': {'name': 'Washington St @ E Newton St', 'type': 'station', 'location': {'lat': 42.338763, 'lng': -71.073677}, 'wheelchairAccessible': 'yes', 'id': '419801256', 'code': '1788'}, 'delay': 660}, 'arrival': {'time': '2022-09-29T13:49:00-04:00', 'place': {'name': 'Essex St @ Atlantic Ave', 'type': 'station', 'location': {'lat': 42.35176, 'lng': -71.056003}, 'wheelchairAccessible': 'yes', 'id': '419804517', 'code': '6538'}, 'delay': 480}, 'transport': {'mode': 'bus', 'name': 'SL4', 'category': 'Bus', 'color': '#7C878E', 'textColor': '#FFFFFF', 'headsign': 'South Station', 'shortName': 'SL4', 'longName': 'Nubian Station - South Station'}, 'agency': {'id': '14811_6b86b27', 'name': 'MBTA', 'website': 'http://www.mbta.com'}}, {'id': 'C0-S2', 'type': 'pedestrian', 'travelSummary': {'duration': 120, 'length': 129}, 'departure': {'time': '2022-09-29T13:49:00-04:00', 'place': {'name': 'Essex St @ Atlantic Ave', 'type': 'station', 'location': {'lat': 42.35176, 'lng': -71.056003}, 'wheelchairAccessible': 'yes', 'id': '419804517', 'code': '6538'}}, 'arrival': {'time': '2022-09-29T13:51:00-04:00', 'place': {'name': 'SouthStation', 'type': 'place', 'location': {'lat': 42.352593, 'lng': -71.055172}}}, 'transport': {'mode': 'pedestrian'}}]}]}"
188,Union Park Street,SILVER,MBTA_NODES,42.34143480440312,-71.06921600632411,POINT (-71.06921600632411 42.34143480440312),200.0,2079.0,"{'routes': [{'id': 'C0', 'sections': [{'id': 'C0-S1', 'type': 'transit', 'travelSummary': {'duration': 600, 'length': 1950}, 'departure': {'time': '2022-09-29T13:39:00-04:00', 'place': {'name': 'Washington St @ Union Pk', 'type': 'station', 'location': {'lat': 42.341308, 'lng': -71.069417}, 'wheelchairAccessible': 'yes', 'id': '419803634', 'code': '5093'}, 'delay': 660}, 'arrival': {'time': '2022-09-29T13:49:00-04:00', 'place': {'name': 'Essex St @ Atlantic Ave', 'type': 'station', 'location': {'lat': 42.35176, 'lng': -71.056003}, 'wheelchairAccessible': 'yes', 'id': '419804517', 'code': '6538'}, 'delay': 480}, 'transport': {'mode': 'bus', 'name': 'SL4', 'category': 'Bus', 'color': '#7C878E', 'textColor': '#FFFFFF', 'headsign': 'South Station', 'shortName': 'SL4', 'longName': 'Nubian Station - South Station'}, 'agency': {'id': '14811_6b86b27', 'name': 'MBTA', 'website': 'http://www.mbta.com'}}, {'id': 'C0-S2', 'type': 'pedestrian', 'travelSummary': {'duration': 120, 'length': 129}, 'departure': {'time': '2022-09-29T13:49:00-04:00', 'place': {'name': 'Essex St @ Atlantic Ave', 'type': 'station', 'location': {'lat': 42.35176, 'lng': -71.056003}, 'wheelchairAccessible': 'yes', 'id': '419804517', 'code': '6538'}}, 'arrival': {'time': '2022-09-29T13:51:00-04:00', 'place': {'name': 'SouthStation', 'type': 'place', 'location': {'lat': 42.352593, 'lng': -71.055172}}}, 'transport': {'mode': 'pedestrian'}}]}, {'id': '6b62cc0f-fda5-40c0-861f-e35e2017e139', 'sections': [{'id': 'e3be981e-c324-425d-a39f-32f461e26e08', 'type': 'pedestrian', 'travelSummary': {'duration': 2001, 'length': 1970}, 'departure': {'time': '2022-09-29T13:32:48-04:00', 'place': {'type': 'place', 'location': {'lat': 42.3414861, 'lng': -71.0692528}}}, 'arrival': {'time': '2022-09-29T14:06:09-04:00', 'place': {'type': 'place', 'location': {'lat': 42.3525543, 'lng': -71.0552033}}}, 'transport': {'mode': 'pedestrian'}}]}]}"
189,East Berkeley Street,SILVER,MBTA_NODES,42.3437744818671,-71.06619602685075,POINT (-71.06619602685075 42.3437744818671),200.0,1692.0,"{'routes': [{'id': 'C0', 'sections': [{'id': 'C0-S0', 'type': 'pedestrian', 'travelSummary': {'duration': 60, 'length': 58}, 'departure': {'time': '2022-09-29T13:39:00-04:00', 'place': {'name': 'EastBerkeleyStreet', 'type': 'place', 'location': {'lat': 42.343775, 'lng': -71.066196}}}, 'arrival': {'time': '2022-09-29T13:40:00-04:00', 'place': {'name': 'Washington St @ E Berkeley St', 'type': 'station', 'location': {'lat': 42.344189, 'lng': -71.065726}, 'wheelchairAccessible': 'yes', 'id': '419803636', 'code': '5095'}}, 'transport': {'mode': 'pedestrian'}}, {'id': 'C0-S1', 'type': 'transit', 'travelSummary': {'duration': 540, 'length': 1505}, 'departure': {'time': '2022-09-29T13:40:00-04:00', 'place': {'name': 'Washington St @ E Berkeley St', 'type': 'station', 'location': {'lat': 42.344189, 'lng': -71.065726}, 'wheelchairAccessible': 'yes', 'id': '419803636', 'code': '5095'}, 'delay': 600}, 'arrival': {'time': '2022-09-29T13:49:00-04:00', 'place': {'name': 'Essex St @ Atlantic Ave', 'type': 'station', 'location': {'lat': 42.35176, 'lng': -71.056003}, 'wheelchairAccessible': 'yes', 'id': '419804517', 'code': '6538'}, 'delay': 480}, 'transport': {'mode': 'bus', 'name': 'SL4', 'category': 'Bus', 'color': '#7C878E', 'textColor': '#FFFFFF', 'headsign': 'South Station', 'shortName': 'SL4', 'longName': 'Nubian Station - South Station'}, 'agency': {'id': '14811_6b86b27', 'name': 'MBTA', 'website': 'http://www.mbta.com'}}, {'id': 'C0-S2', 'type': 'pedestrian', 'travelSummary': {'duration': 120, 'length': 129}, 'departure': {'time': '2022-09-29T13:49:00-04:00', 'place': {'name': 'Essex St @ Atlantic Ave', 'type': 'station', 'location': {'lat': 42.35176, 'lng': -71.056003}, 'wheelchairAccessible': 'yes', 'id': '419804517', 'code': '6538'}}, 'arrival': {'time': '2022-09-29T13:51:00-04:00', 'place': {'name': 'SouthStation', 'type': 'place', 'location': {'lat': 42.352593, 'lng': -71.055172}}}, 'transport': {'mode': 'pedestrian'}}]}, {'id': '37306487-9ba9-4ec2-9c9d-6c516c2423f4', 'sections': [{'id': 'd100304f-c329-4f42-a982-7290ac2e6661', 'type': 'pedestrian', 'travelSummary': {'duration': 1636, 'length': 1605}, 'departure': {'time': '2022-09-29T13:32:49-04:00', 'place': {'type': 'place', 'location': {'lat': 42.3437373, 'lng': -71.0660871}}}, 'arrival': {'time': '2022-09-29T14:00:05-04:00', 'place': {'type': 'place', 'location': {'lat': 42.3525543, 'lng': -71.0552033}}}, 'transport': {'mode': 'pedestrian'}}]}]}"
190,Herald Street,SILVER,MBTA_NODES,42.34562558200228,-71.06489500040313,POINT (-71.06489500040313 42.34562558200228),200.0,1463.0,"{'routes': [{'id': 'C0', 'sections': [{'id': 'C0-S0', 'type': 'transit', 'travelSummary': {'duration': 480, 'length': 1334}, 'departure': {'time': '2022-09-29T13:41:00-04:00', 'place': {'name': 'Washington St @ Herald St', 'type': 'station', 'location': {'lat': 42.345582, 'lng': -71.064848}, 'wheelchairAccessible': 'yes', 'id': '419810587', 'code': '15095'}, 'delay': 600}, 'arrival': {'time': '2022-09-29T13:49:00-04:00', 'place': {'name': 'Essex St @ Atlantic Ave', 'type': 'station', 'location': {'lat': 42.35176, 'lng': -71.056003}, 'wheelchairAccessible': 'yes', 'id': '419804517', 'code': '6538'}, 'delay': 480}, 'transport': {'mode': 'bus', 'name': 'SL4', 'category': 'Bus', 'color': '#7C878E', 'textColor': '#FFFFFF', 'headsign': 'South Station', 'shortName': 'SL4', 'longName': 'Nubian Station - South Station'}, 'agency': {'id': '14811_6b86b27', 'name': 'MBTA', 'website': 'http://www.mbta.com'}}, {'id': 'C0-S1', 'type': 'pedestrian', 'travelSummary': {'duration': 120, 'length': 129}, 'departure': {'time': '2022-09-29T13:49:00-04:00', 'place': {'name': 'Essex St @ Atlantic Ave', 'type': 'station', 'location': {'lat': 42.35176, 'lng': -71.056003}, 'wheelchairAccessible': 'yes', 'id': '419804517', 'code': '6538'}}, 'arrival': {'time': '2022-09-29T13:51:00-04:00', 'place': {'name': 'SouthStation', 'type': 'place', 'location': {'lat': 42.352593, 'lng': -71.055172}}}, 'transport': {'mode': 'pedestrian'}}]}, {'id': 'eb8fa18c-13d7-4ce8-b713-48e400b030a0', 'sections': [{'id': 'a0949e90-7645-45aa-9306-6d9d32177e78', 'type': 'pedestrian', 'travelSummary': {'duration': 1405, 'length': 1374}, 'departure': {'time': '2022-09-29T13:32:51-04:00', 'place': {'type': 'place', 'location': {'lat': 42.3456394, 'lng': -71.0649426}}}, 'arrival': {'time': '2022-09-29T13:56:16-04:00', 'place': {'type': 'place', 'location': {'lat': 42.3525543, 'lng': -71.0552033}}}, 'transport': {'mode': 'pedestrian'}}]}]}"
191,Worcester Square,SILVER,MBTA_NODES,42.33755503470711,-71.07539890805542,POINT (-71.07539890805542 42.33755503470711),200.0,2736.0,"{'routes': [{'id': 'C0', 'sections': [{'id': 'C0-S1', 'type': 'transit', 'travelSummary': {'duration': 840, 'length': 2607}, 'departure': {'time': '2022-09-29T13:35:00-04:00', 'place': {'name': 'Washington St @ Worcester St', 'type': 'station', 'location': {'lat': 42.337524, 'lng': -71.075479}, 'wheelchairAccessible': 'yes', 'id': '419801255', 'code': '1787'}, 'delay': 600}, 'arrival': {'time': '2022-09-29T13:49:00-04:00', 'place': {'name': 'Essex St @ Atlantic Ave', 'type': 'station', 'location': {'lat': 42.35176, 'lng': -71.056003}, 'wheelchairAccessible': 'yes', 'id': '419804517', 'code': '6538'}, 'delay': 480}, 'transport': {'mode': 'bus', 'name': 'SL4', 'category': 'Bus', 'color': '#7C878E', 'textColor': '#FFFFFF', 'headsign': 'South Station', 'shortName': 'SL4', 'longName': 'Nubian Station - South Station'}, 'agency': {'id': '14811_6b86b27', 'name': 'MBTA', 'website': 'http://www.mbta.com'}}, {'id': 'C0-S2', 'type': 'pedestrian', 'travelSummary': {'duration': 120, 'length': 129}, 'departure': {'time': '2022-09-29T13:49:00-04:00', 'place': {'name': 'Essex St @ Atlantic Ave', 'type': 'station', 'location': {'lat': 42.35176, 'lng': -71.056003}, 'wheelchairAccessible': 'yes', 'id': '419804517', 'code': '6538'}}, 'arrival': {'time': '2022-09-29T13:51:00-04:00', 'place': {'name': 'SouthStation', 'type': 'place', 'location': {'lat': 42.352593, 'lng': -71.055172}}}, 'transport': {'mode': 'pedestrian'}}]}]}"
192,Melnea Cass Blvd,SILVER,MBTA_NODES,42.332701674108414,-71.08119881373594,POINT (-71.08119881373594 42.33270167410841),200.0,3447.0,"{'routes': [{'id': 'C0', 'sections': [{'id': 'C0-S0', 'type': 'pedestrian', 'travelSummary': {'duration': 60, 'length': 43}, 'departure': {'time': '2022-09-29T13:32:00-04:00', 'place': {'name': 'MelneaCassBlvd', 'type': 'place', 'location': {'lat': 42.332702, 'lng': -71.081199}}}, 'arrival': {'time': '2022-09-29T13:33:00-04:00', 'place': {'name': 'Washington St @ Melnea Cass Blvd - Silver Line', 'type': 'station', 'location': {'lat': 42.333021, 'lng': -71.080799}, 'wheelchairAccessible': 'yes', 'id': '419808466', 'code': '3'}}, 'transport': {'mode': 'pedestrian'}}, {'id': 'C0-S1', 'type': 'transit', 'travelSummary': {'duration': 1080, 'length': 3275}, 'departure': {'time': '2022-09-29T13:33:00-04:00', 'place': {'name': 'Washington St @ Melnea Cass Blvd - Silver Line', 'type': 'station', 'location': {'lat': 42.333021, 'lng': -71.080799}, 'wheelchairAccessible': 'yes', 'id': '419808466', 'code': '3'}, 'delay': -60}, 'arrival': {'time': '2022-09-29T13:51:00-04:00', 'place': {'name': 'Essex St @ Atlantic Ave', 'type': 'station', 'location': {'lat': 42.35176, 'lng': -71.056003}, 'wheelchairAccessible': 'yes', 'id': '419804517', 'code': '6538'}, 'delay': -180}, 'transport': {'mode': 'bus', 'name': 'SL4', 'category': 'Bus', 'color': '#7C878E', 'textColor': '#FFFFFF', 'headsign': 'South Station', 'shortName': 'SL4', 'longName': 'Nubian Station - South Station'}, 'agency': {'id': '14811_6b86b27', 'name': 'MBTA', 'website': 'http://www.mbta.com'}}, {'id': 'C0-S2', 'type': 'pedestrian', 'travelSummary': {'duration': 120, 'length': 129}, 'departure': {'time': '2022-09-29T13:51:00-04:00', 'place': {'name': 'Essex St @ Atlantic Ave', 'type': 'station', 'location': {'lat': 42.35176, 'lng': -71.056003}, 'wheelchairAccessible': 'yes', 'id': '419804517', 'code': '6538'}}, 'arrival': {'time': '2022-09-29T13:53:00-04:00', 'place': {'name': 'SouthStation', 'type': 'place', 'location': {'lat': 42.352593, 'lng': -71.055172}}}, 'transport': {'mode': 'pedestrian'}}]}]}"
193,Tuffs Medical Center,SILVER,MBTA_NODES,42.3496106302058,-71.06369205125215,POINT (-71.06369205125215 42.3496106302058),200.0,1043.0,"{'routes': [{'id': 'C0', 'sections': [{'id': 'C0-S0', 'type': 'pedestrian', 'travelSummary': {'duration': 180, 'length': 171}, 'departure': {'time': '2022-09-29T13:35:00-04:00', 'place': {'name': 'TuffsMedicalCenter', 'type': 'place', 'location': {'lat': 42.349611, 'lng': -71.063692}}}, 'arrival': {'time': '2022-09-29T13:38:00-04:00', 'place': {'name': 'Kneeland St @ Washington St', 'type': 'station', 'location': {'lat': 42.350845, 'lng': -71.062868}, 'wheelchairAccessible': 'yes', 'id': '419804519', 'code': '6542'}}, 'transport': {'mode': 'pedestrian'}}, {'id': 'C0-S1', 'type': 'transit', 'travelSummary': {'duration': 180, 'length': 604}, 'departure': {'time': '2022-09-29T13:38:00-04:00', 'place': {'name': 'Kneeland St @ Washington St', 'type': 'station', 'location': {'lat': 42.350845, 'lng': -71.062868}, 'wheelchairAccessible': 'yes', 'id': '419804519', 'code': '6542'}, 'delay': 480}, 'arrival': {'time': '2022-09-29T13:41:00-04:00', 'place': {'name': 'Lincoln St @ Essex St', 'type': 'station', 'location': {'lat': 42.352188, 'lng': -71.057992}, 'wheelchairAccessible': 'yes', 'id': '419804523', 'code': '6550'}, 'delay': 480}, 'transport': {'mode': 'bus', 'name': '504', 'category': 'Bus', 'color': '#FFC72C', 'textColor': '#000000', 'headsign': 'Downtown via Copley (Express)', 'shortName': '504', 'longName': 'Watertown Yard - Federal Street & Franklin Street'}, 'agency': {'id': '14811_6b86b27', 'name': 'MBTA', 'website': 'http://www.mbta.com'}}, {'id': 'C0-S2', 'type': 'pedestrian', 'travelSummary': {'duration': 240, 'length': 268}, 'departure': {'time': '2022-09-29T13:41:00-04:00', 'place': {'name': 'Lincoln St @ Essex St', 'type': 'station', 'location': {'lat': 42.352188, 'lng': -71.057992}, 'wheelchairAccessible': 'yes', 'id': '419804523', 'code': '6550'}}, 'arrival': {'time': '2022-09-29T13:45:00-04:00', 'place': {'name': 'SouthStation', 'type': 'place', 'location': {'lat': 42.352593, 'lng': -71.055172}}}, 'transport': {'mode': 'pedestrian'}}]}, {'id': '552753f3-7f46-47a4-aa04-c225cbd2a9e5', 'sections': [{'id': '8a5deef1-09dd-4b0d-9fea-1194d5d5c467', 'type': 'pedestrian', 'travelSummary': {'duration': 973, 'length': 950}, 'departure': {'time': '2022-09-29T13:32:55-04:00', 'place': {'type': 'place', 'location': {'lat': 42.3495996, 'lng': -71.0636415}}}, 'arrival': {'time': '2022-09-29T13:49:08-04:00', 'place': {'type': 'place', 'location': {'lat': 42.3525543, 'lng': -71.0552033}}}, 'transport': {'mode': 'pedestrian'}}]}]}"
194,Tide St,SILVER,MBTA_NODES,42.34521750186478,-71.03205071907388,POINT (-71.03205071907388 42.34521750186478),200.0,2456.0,"{'routes': [{'id': 'C0', 'sections': [{'id': 'C0-S0', 'type': 'transit', 'travelSummary': {'duration': 540, 'length': 2456}, 'departure': {'time': '2022-09-29T13:34:00-04:00', 'place': {'name': 'Northern Ave @ Tide St', 'type': 'station', 'location': {'lat': 42.345192, 'lng': -71.031996}, 'wheelchairAccessible': 'yes', 'id': '419806859', 'code': '31257'}, 'delay': 0}, 'arrival': {'time': '2022-09-29T13:43:00-04:00', 'place': {'name': 'South Station', 'type': 'station', 'location': {'lat': 42.352271, 'lng': -71.055242}, 'wheelchairAccessible': 'yes', 'id': '419810105', 'code': '74611'}, 'delay': -360}, 'transport': {'mode': 'bus', 'name': 'SL2', 'category': 'Bus', 'color': '#7C878E', 'textColor': '#FFFFFF', 'headsign': 'South Station', 'shortName': 'SL2', 'longName': 'Drydock Avenue - South Station'}, 'agency': {'id': '14811_6b86b27', 'name': 'MBTA', 'website': 'http://www.mbta.com'}}]}]}"
195,Harbor St,SILVER,MBTA_NODES,42.3465600173793,-71.03497768717902,POINT (-71.03497768717902 42.3465600173793),200.0,2177.0,"{'routes': [{'id': 'C0', 'sections': [{'id': 'C0-S1', 'type': 'transit', 'travelSummary': {'duration': 480, 'length': 2177}, 'departure': {'time': '2022-09-29T13:35:00-04:00', 'place': {'name': 'Northern Ave opp Harbor St', 'type': 'station', 'location': {'lat': 42.346538, 'lng': -71.034878}, 'wheelchairAccessible': 'yes', 'id': '419806858', 'code': '31256'}, 'delay': 0}, 'arrival': {'time': '2022-09-29T13:43:00-04:00', 'place': {'name': 'South Station', 'type': 'station', 'location': {'lat': 42.352271, 'lng': -71.055242}, 'wheelchairAccessible': 'yes', 'id': '419810105', 'code': '74611'}, 'delay': -360}, 'transport': {'mode': 'bus', 'name': 'SL2', 'category': 'Bus', 'color': '#7C878E', 'textColor': '#FFFFFF', 'headsign': 'South Station', 'shortName': 'SL2', 'longName': 'Drydock Avenue - South Station'}, 'agency': {'id': '14811_6b86b27', 'name': 'MBTA', 'website': 'http://www.mbta.com'}}]}]}"
196,Airport Terminal B1,SILVER,MBTA_NODES,42.36133964721221,-71.01854353610543,POINT (-71.01854353610543 42.36133964721221),200.0,7988.0,"{'routes': [{'id': 'C0', 'sections': [{'id': 'C0-S0', 'type': 'pedestrian', 'travelSummary': {'duration': 60, 'length': 87}, 'departure': {'time': '2022-09-29T13:40:00-04:00', 'place': {'name': 'AirportTerminalB1', 'type': 'place', 'location': {'lat': 42.36134, 'lng': -71.018544}}}, 'arrival': {'time': '2022-09-29T13:41:00-04:00', 'place': {'name': 'Terminal B Stop 1 - Arrivals Level', 'type': 'station', 'location': {'lat': 42.3621, 'lng': -71.01882}, 'wheelchairAccessible': 'yes', 'id': '419808564', 'code': '27092'}}, 'transport': {'mode': 'pedestrian'}}, {'id': 'C0-S1', 'type': 'transit', 'travelSummary': {'duration': 1260, 'length': 7901}, 'departure': {'time': '2022-09-29T13:41:00-04:00', 'place': {'name': 'Terminal B Stop 1 - Arrivals Level', 'type': 'station', 'location': {'lat': 42.3621, 'lng': -71.01882}, 'wheelchairAccessible': 'yes', 'id': '419808564', 'code': '27092'}, 'delay': -60}, 'arrival': {'time': '2022-09-29T14:02:00-04:00', 'place': {'name': 'South Station', 'type': 'station', 'location': {'lat': 42.352271, 'lng': -71.055242}, 'wheelchairAccessible': 'yes', 'id': '419810105', 'code': '74611'}, 'delay': -240}, 'transport': {'mode': 'bus', 'name': 'SL1', 'category': 'Bus', 'color': '#7C878E', 'textColor': '#FFFFFF', 'headsign': 'South Station', 'shortName': 'SL1', 'longName': 'Logan Airport Terminals - South Station'}, 'agency': {'id': '14811_6b86b27', 'name': 'MBTA', 'website': 'http://www.mbta.com'}}]}]}"
197,Airport Terminal A,SILVER,MBTA_NODES,42.36472556102154,-71.02115393308613,POINT (-71.02115393308613 42.36472556102154),200.0,8292.0,"{'routes': [{'id': 'C0', 'sections': [{'id': 'C0-S0', 'type': 'pedestrian', 'travelSummary': {'duration': 0, 'length': 28}, 'departure': {'time': '2022-09-29T13:41:00-04:00', 'place': {'name': 'AirportTerminalA', 'type': 'place', 'location': {'lat': 42.364726, 'lng': -71.021154}}}, 'arrival': {'time': '2022-09-29T13:41:00-04:00', 'place': {'name': 'Terminal A', 'type': 'station', 'location': {'lat': 42.364612, 'lng': -71.020862}, 'wheelchairAccessible': 'yes', 'id': '419806588', 'code': '17091'}}, 'transport': {'mode': 'pedestrian'}}, {'id': 'C0-S1', 'type': 'transit', 'travelSummary': {'duration': 1260, 'length': 8264}, 'departure': {'time': '2022-09-29T13:41:00-04:00', 'place': {'name': 'Terminal A', 'type': 'station', 'location': {'lat': 42.364612, 'lng': -71.020862}, 'wheelchairAccessible': 'yes', 'id': '419806588', 'code': '17091'}, 'delay': 0}, 'arrival': {'time': '2022-09-29T14:02:00-04:00', 'place': {'name': 'South Station', 'type': 'station', 'location': {'lat': 42.352271, 'lng': -71.055242}, 'wheelchairAccessible': 'yes', 'id': '419810105', 'code': '74611'}, 'delay': -240}, 'transport': {'mode': 'bus', 'name': 'SL1', 'category': 'Bus', 'color': '#7C878E', 'textColor': '#FFFFFF', 'headsign': 'South Station', 'shortName': 'SL1', 'longName': 'Logan Airport Terminals - South Station'}, 'agency': {'id': '14811_6b86b27', 'name': 'MBTA', 'website': 'http://www.mbta.com'}}]}]}"
198,Airport Terminal C,SILVER,MBTA_NODES,42.36723629639079,-71.01783243617507,POINT (-71.01783243617507 42.36723629639079),200.0,7003.0,"{'routes': [{'id': 'C0', 'sections': [{'id': 'C0-S0', 'type': 'pedestrian', 'travelSummary': {'duration': 300, 'length': 318}, 'departure': {'time': '2022-09-29T13:33:00-04:00', 'place': {'name': 'AirportTerminalC', 'type': 'place', 'location': {'lat': 42.367236, 'lng': -71.017832}}}, 'arrival': {'time': '2022-09-29T13:38:00-04:00', 'place': {'name': 'Terminal E - Arrivals Level', 'type': 'station', 'location': {'lat': 42.369344, 'lng': -71.020238}, 'wheelchairAccessible': 'yes', 'id': '419808553', 'code': '17095'}}, 'transport': {'mode': 'pedestrian'}}, {'id': 'C0-S1', 'type': 'transit', 'travelSummary': {'duration': 1020, 'length': 6685}, 'departure': {'time': '2022-09-29T13:38:00-04:00', 'place': {'name': 'Terminal E - Arrivals Level', 'type': 'station', 'location': {'lat': 42.369344, 'lng': -71.020238}, 'wheelchairAccessible': 'yes', 'id': '419808553', 'code': '17095'}, 'delay': 180}, 'arrival': {'time': '2022-09-29T13:55:00-04:00', 'place': {'name': 'South Station', 'type': 'station', 'location': {'lat': 42.352271, 'lng': -71.055242}, 'wheelchairAccessible': 'yes', 'id': '419810105', 'code': '74611'}, 'delay': 120}, 'transport': {'mode': 'bus', 'name': 'SL1', 'category': 'Bus', 'color': '#7C878E', 'textColor': '#FFFFFF', 'headsign': 'South Station', 'shortName': 'SL1', 'longName': 'Logan Airport Terminals - South Station'}, 'agency': {'id': '14811_6b86b27', 'name': 'MBTA', 'website': 'http://www.mbta.com'}}]}]}"
199,Airport Terminal E,SILVER,MBTA_NODES,42.36963803996327,-71.02102932415556,POINT (-71.02102932415556 42.36963803996327),200.0,6757.0,"{'routes': [{'id': 'C0', 'sections': [{'id': 'C0-S0', 'type': 'pedestrian', 'travelSummary': {'duration': 60, 'length': 72}, 'departure': {'time': '2022-09-29T13:37:00-04:00', 'place': {'name': 'AirportTerminalE', 'type': 'place', 'location': {'lat': 42.369638, 'lng': -71.021029}}}, 'arrival': {'time': '2022-09-29T13:38:00-04:00', 'place': {'name': 'Terminal E - Arrivals Level', 'type': 'station', 'location': {'lat': 42.369344, 'lng': -71.020238}, 'wheelchairAccessible': 'yes', 'id': '419808553', 'code': '17095'}}, 'transport': {'mode': 'pedestrian'}}, {'id': 'C0-S1', 'type': 'transit', 'travelSummary': {'duration': 1020, 'length': 6685}, 'departure': {'time': '2022-09-29T13:38:00-04:00', 'place': {'name': 'Terminal E - Arrivals Level', 'type': 'station', 'location': {'lat': 42.369344, 'lng': -71.020238}, 'wheelchairAccessible': 'yes', 'id': '419808553', 'code': '17095'}, 'delay': 180}, 'arrival': {'time': '2022-09-29T13:55:00-04:00', 'place': {'name': 'South Station', 'type': 'station', 'location': {'lat': 42.352271, 'lng': -71.055242}, 'wheelchairAccessible': 'yes', 'id': '419810105', 'code': '74611'}, 'delay': 120}, 'transport': {'mode': 'bus', 'name': 'SL1', 'category': 'Bus', 'color': '#7C878E', 'textColor': '#FFFFFF', 'headsign': 'South Station', 'shortName': 'SL1', 'longName': 'Logan Airport Terminals - South Station'}, 'agency': {'id': '14811_6b86b27', 'name': 'MBTA', 'website': 'http://www.mbta.com'}}]}]}"
200,Silver Line Way,SILVER,MBTA_NODES,42.34696988830071,-71.03803715091142,POINT (-71.03803715091142 42.34696988830071),200.0,1735.0,"{'routes': [{'id': 'C0', 'sections': [{'id': 'C0-S1', 'type': 'transit', 'travelSummary': {'duration': 300, 'length': 1735}, 'departure': {'time': '2022-09-29T13:38:00-04:00', 'place': {'name': 'Silver Line Way', 'type': 'station', 'location': {'lat': 42.347154, 'lng': -71.038385}, 'wheelchairAccessible': 'yes', 'id': '419807437'}, 'delay': 0}, 'arrival': {'time': '2022-09-29T13:43:00-04:00', 'place': {'name': 'South Station', 'type': 'station', 'location': {'lat': 42.352271, 'lng': -71.055242}, 'wheelchairAccessible': 'yes', 'id': '419810105', 'code': '74611'}, 'delay': 0}, 'transport': {'mode': 'bus', 'name': 'SLW', 'category': 'Bus', 'color': '#7C878E', 'textColor': '#FFFFFF', 'headsign': 'South Station', 'shortName': 'SLW', 'longName': 'Silver Line Way - South Station'}, 'agency': {'id': '14811_6b86b27', 'name': 'MBTA', 'website': 'http://www.mbta.com'}}]}, {'id': 'caa7ca2b-a164-4737-bda9-6ad87b01e053', 'sections': [{'id': '6b5c3052-777a-48fd-82a3-68f6c640da14', 'type': 'pedestrian', 'travelSummary': {'duration': 1705, 'length': 1687}, 'departure': {'time': '2022-09-29T13:33:05-04:00', 'place': {'type': 'place', 'location': {'lat': 42.34713, 'lng': -71.03809}}}, 'arrival': {'time': '2022-09-29T14:01:30-04:00', 'place': {'type': 'place', 'location': {'lat': 42.3525543, 'lng': -71.0552033}}}, 'transport': {'mode': 'pedestrian'}}]}]}"
201,World Trade Center,SILVER,MBTA_NODES,42.34834151514956,-71.04262947978535,POINT (-71.04262947978535 42.34834151514956),200.0,1392.0,"{'routes': [{'id': 'C0', 'sections': [{'id': 'C0-S0', 'type': 'pedestrian', 'travelSummary': {'duration': 0, 'length': 18}, 'departure': {'time': '2022-09-29T13:39:00-04:00', 'place': {'name': 'WorldTradeCenter', 'type': 'place', 'location': {'lat': 42.348341, 'lng': -71.04263}}}, 'arrival': {'time': '2022-09-29T13:39:00-04:00', 'place': {'name': 'World Trade Center - World Trade Center Ave', 'type': 'accessPoint', 'location': {'lat': 42.348484, 'lng': -71.042509}, 'wheelchairAccessible': 'yes'}}, 'transport': {'mode': 'pedestrian'}}, {'id': 'C0-S0-arr', 'type': 'pedestrian', 'travelSummary': {'duration': 60, 'length': 17}, 'departure': {'time': '2022-09-29T13:39:00-04:00', 'place': {'name': 'World Trade Center - World Trade Center Ave', 'type': 'accessPoint', 'location': {'lat': 42.348484, 'lng': -71.042509}, 'wheelchairAccessible': 'yes'}}, 'arrival': {'time': '2022-09-29T13:40:00-04:00', 'place': {'name': 'World Trade Center', 'type': 'station', 'location': {'lat': 42.34863, 'lng': -71.04246}, 'wheelchairAccessible': 'yes', 'id': '419810107', 'code': '74613'}}, 'spans': [{'walkAttributes': ['indoor']}], 'transport': {'mode': 'pedestrian'}}, {'id': 'C0-S1', 'type': 'transit', 'travelSummary': {'duration': 180, 'length': 1357}, 'departure': {'time': '2022-09-29T13:40:00-04:00', 'place': {'name': 'World Trade Center', 'type': 'station', 'location': {'lat': 42.34863, 'lng': -71.04246}, 'wheelchairAccessible': 'yes', 'id': '419810107', 'code': '74613'}, 'delay': 0}, 'arrival': {'time': '2022-09-29T13:43:00-04:00', 'place': {'name': 'South Station', 'type': 'station', 'location': {'lat': 42.352271, 'lng': -71.055242}, 'wheelchairAccessible': 'yes', 'id': '419810105', 'code': '74611'}, 'delay': 0}, 'transport': {'mode': 'bus', 'name': 'SLW', 'category': 'Bus', 'color': '#7C878E', 'textColor': '#FFFFFF', 'headsign': 'South Station', 'shortName': 'SLW', 'longName': 'Silver Line Way - South Station'}, 'agency': {'id': '14811_6b86b27', 'name': 'MBTA', 'website': 'http://www.mbta.com'}}]}, {'id': '2517fffa-5ecb-493f-b8da-4a7e524bba2a', 'sections': [{'id': '2b57d7a8-2f18-4a40-b684-b72d8f9e8866', 'type': 'pedestrian', 'travelSummary': {'duration': 1291, 'length': 1281}, 'departure': {'time': '2022-09-29T13:33:07-04:00', 'place': {'type': 'place', 'location': {'lat': 42.3484044, 'lng': -71.0427907}}}, 'arrival': {'time': '2022-09-29T13:54:38-04:00', 'place': {'type': 'place', 'location': {'lat': 42.3525543, 'lng': -71.0552033}}}, 'transport': {'mode': 'pedestrian'}}]}]}"
202,Courthouse,SILVER,MBTA_NODES,42.35238493736095,-71.04688863187424,POINT (-71.04688863187424 42.35238493736095),200.0,773.0,"{'routes': [{'id': 'C0', 'sections': [{'id': 'C0-S0', 'type': 'pedestrian', 'travelSummary': {'duration': 0, 'length': 7}, 'departure': {'time': '2022-09-29T13:34:00-04:00', 'place': {'name': 'Courthouse', 'type': 'place', 'location': {'lat': 42.352385, 'lng': -71.046889}}}, 'arrival': {'time': '2022-09-29T13:34:00-04:00', 'place': {'name': 'Courthouse - Thomson Pl, Seaport Blvd', 'type': 'accessPoint', 'location': {'lat': 42.352247, 'lng': -71.046901}, 'wheelchairAccessible': 'yes'}}, 'transport': {'mode': 'pedestrian'}}, {'id': 'C0-S0-arr', 'type': 'pedestrian', 'travelSummary': {'duration': 60, 'length': 23}, 'departure': {'time': '2022-09-29T13:34:00-04:00', 'place': {'name': 'Courthouse - Thomson Pl, Seaport Blvd', 'type': 'accessPoint', 'location': {'lat': 42.352247, 'lng': -71.046901}, 'wheelchairAccessible': 'yes'}}, 'arrival': {'time': '2022-09-29T13:35:00-04:00', 'place': {'name': 'Courthouse', 'type': 'station', 'location': {'lat': 42.35245, 'lng': -71.04685}, 'wheelchairAccessible': 'yes', 'id': '419810106', 'code': '74612'}}, 'spans': [{'walkAttributes': ['indoor']}], 'transport': {'mode': 'pedestrian'}}, {'id': 'C0-S1', 'type': 'transit', 'travelSummary': {'duration': 120, 'length': 743}, 'departure': {'time': '2022-09-29T13:35:00-04:00', 'place': {'name': 'Courthouse', 'type': 'station', 'location': {'lat': 42.35245, 'lng': -71.04685}, 'wheelchairAccessible': 'yes', 'id': '419810106', 'code': '74612'}, 'delay': 0}, 'arrival': {'time': '2022-09-29T13:37:00-04:00', 'place': {'name': 'South Station', 'type': 'station', 'location': {'lat': 42.352271, 'lng': -71.055242}, 'wheelchairAccessible': 'yes', 'id': '419810105', 'code': '74611'}, 'delay': -240}, 'transport': {'mode': 'bus', 'name': 'SL1', 'category': 'Bus', 'color': '#7C878E', 'textColor': '#FFFFFF', 'headsign': 'South Station', 'shortName': 'SL1', 'longName': 'Logan Airport Terminals - South Station'}, 'agency': {'id': '14811_6b86b27', 'name': 'MBTA', 'website': 'http://www.mbta.com'}}]}, {'id': '5f63df02-469f-43a0-b444-eff3dcdfff9d', 'sections': [{'id': 'ecc2521d-8bdb-4929-a8dd-f78f0c2d24ef', 'type': 'pedestrian', 'travelSummary': {'duration': 903, 'length': 884}, 'departure': {'time': '2022-09-29T13:33:09-04:00', 'place': {'type': 'place', 'location': {'lat': 42.3524105, 'lng': -71.0468671}}}, 'arrival': {'time': '2022-09-29T13:48:12-04:00', 'place': {'type': 'place', 'location': {'lat': 42.3525543, 'lng': -71.0552033}}}, 'transport': {'mode': 'pedestrian'}}]}]}"
203,South Station,SILVER,MBTA_NODES,42.35261630939931,-71.05527658270395,POINT (-71.05527658270395 42.35261630939931),200.0,9.0,"{'notices': [{'title': 'Departure and arrival locations are too close', 'code': 'departureArrivalTooClose'}, {'title': 'Transit route between origin and destination is not possible given current input parameters', 'code': 'noTransitRouteFound'}], 'routes': [{'id': 'd798ba42-4a61-48bf-b421-1566200e966a', 'sections': [{'id': '965f416f-b331-4ae5-9071-c43b05a513a5', 'type': 'pedestrian', 'travelSummary': {'duration': 9, 'length': 9}, 'departure': {'time': '2022-09-29T13:33:10-04:00', 'place': {'type': 'place', 'location': {'lat': 42.3525944, 'lng': -71.0552945}}}, 'arrival': {'time': '2022-09-29T13:33:19-04:00', 'place': {'type': 'place', 'location': {'lat': 42.3525543, 'lng': -71.0552033}}}, 'transport': {'mode': 'pedestrian'}}]}]}"
204,88 Black Falcon Ave,SILVER,MBTA_NODES,42.34366165465536,-71.0263257356854,POINT (-71.0263257356854 42.34366165465536),200.0,4001.0,"{'routes': [{'id': 'C0', 'sections': [{'id': 'C0-S0', 'type': 'pedestrian', 'travelSummary': {'duration': 180, 'length': 150}, 'departure': {'time': '2022-09-29T13:38:00-04:00', 'place': {'name': '88BlackFalconAve', 'type': 'place', 'location': {'lat': 42.343662, 'lng': -71.026326}}}, 'arrival': {'time': '2022-09-29T13:41:00-04:00', 'place': {'name': 'Drydock Ave @ Black Falcon Ave', 'type': 'station', 'location': {'lat': 42.344232, 'lng': -71.027213}, 'wheelchairAccessible': 'yes', 'id': '419810591', 'code': '31259'}}, 'transport': {'mode': 'pedestrian'}}, {'id': 'C0-S1', 'type': 'transit', 'travelSummary': {'duration': 840, 'length': 3851}, 'departure': {'time': '2022-09-29T13:41:00-04:00', 'place': {'name': 'Drydock Ave @ Black Falcon Ave', 'type': 'station', 'location': {'lat': 42.344232, 'lng': -71.027213}, 'wheelchairAccessible': 'yes', 'id': '419810591', 'code': '31259'}, 'delay': 60}, 'arrival': {'time': '2022-09-29T13:55:00-04:00', 'place': {'name': 'South Station', 'type': 'station', 'location': {'lat': 42.352271, 'lng': -71.055242}, 'wheelchairAccessible': 'yes', 'id': '419810105', 'code': '74611'}, 'delay': -480}, 'transport': {'mode': 'bus', 'name': 'SL2', 'category': 'Bus', 'color': '#7C878E', 'textColor': '#FFFFFF', 'headsign': 'South Station', 'shortName': 'SL2', 'longName': 'Drydock Avenue - South Station'}, 'agency': {'id': '14811_6b86b27', 'name': 'MBTA', 'website': 'http://www.mbta.com'}}]}]}"
205,23 Dry Dock Ave,SILVER,MBTA_NODES,42.34468632312191,-71.03039536915297,POINT (-71.03039536915297 42.34468632312191),200.0,2652.0,"{'routes': [{'id': 'C0', 'sections': [{'id': 'C0-S0', 'type': 'pedestrian', 'travelSummary': {'duration': 180, 'length': 196}, 'departure': {'time': '2022-09-29T13:44:00-04:00', 'place': {'name': '23DryDockAve', 'type': 'place', 'location': {'lat': 42.344686, 'lng': -71.030395}}}, 'arrival': {'time': '2022-09-29T13:47:00-04:00', 'place': {'name': 'Northern Ave @ Tide St', 'type': 'station', 'location': {'lat': 42.345192, 'lng': -71.031996}, 'wheelchairAccessible': 'yes', 'id': '419806859', 'code': '31257'}}, 'transport': {'mode': 'pedestrian'}}, {'id': 'C0-S1', 'type': 'transit', 'travelSummary': {'duration': 480, 'length': 2456}, 'departure': {'time': '2022-09-29T13:47:00-04:00', 'place': {'name': 'Northern Ave @ Tide St', 'type': 'station', 'location': {'lat': 42.345192, 'lng': -71.031996}, 'wheelchairAccessible': 'yes', 'id': '419806859', 'code': '31257'}, 'delay': -60}, 'arrival': {'time': '2022-09-29T13:55:00-04:00', 'place': {'name': 'South Station', 'type': 'station', 'location': {'lat': 42.352271, 'lng': -71.055242}, 'wheelchairAccessible': 'yes', 'id': '419810105', 'code': '74611'}, 'delay': -480}, 'transport': {'mode': 'bus', 'name': 'SL2', 'category': 'Bus', 'color': '#7C878E', 'textColor': '#FFFFFF', 'headsign': 'South Station', 'shortName': 'SL2', 'longName': 'Drydock Avenue - South Station'}, 'agency': {'id': '14811_6b86b27', 'name': 'MBTA', 'website': 'http://www.mbta.com'}}]}]}"
206,27 Dry Dock Ave,SILVER,MBTA_NODES,42.34472928524637,-71.02805998136152,POINT (-71.02805998136152 42.34472928524637),200.0,2844.0,"{'routes': [{'id': 'C0', 'sections': [{'id': 'C0-S0', 'type': 'pedestrian', 'travelSummary': {'duration': 360, 'length': 388}, 'departure': {'time': '2022-09-29T13:41:00-04:00', 'place': {'name': '27DryDockAve', 'type': 'place', 'location': {'lat': 42.344729, 'lng': -71.02806}}}, 'arrival': {'time': '2022-09-29T13:47:00-04:00', 'place': {'name': 'Northern Ave @ Tide St', 'type': 'station', 'location': {'lat': 42.345192, 'lng': -71.031996}, 'wheelchairAccessible': 'yes', 'id': '419806859', 'code': '31257'}}, 'transport': {'mode': 'pedestrian'}}, {'id': 'C0-S1', 'type': 'transit', 'travelSummary': {'duration': 480, 'length': 2456}, 'departure': {'time': '2022-09-29T13:47:00-04:00', 'place': {'name': 'Northern Ave @ Tide St', 'type': 'station', 'location': {'lat': 42.345192, 'lng': -71.031996}, 'wheelchairAccessible': 'yes', 'id': '419806859', 'code': '31257'}, 'delay': -60}, 'arrival': {'time': '2022-09-29T13:55:00-04:00', 'place': {'name': 'South Station', 'type': 'station', 'location': {'lat': 42.352271, 'lng': -71.055242}, 'wheelchairAccessible': 'yes', 'id': '419810105', 'code': '74611'}, 'delay': -480}, 'transport': {'mode': 'bus', 'name': 'SL2', 'category': 'Bus', 'color': '#7C878E', 'textColor': '#FFFFFF', 'headsign': 'South Station', 'shortName': 'SL2', 'longName': 'Drydock Avenue - South Station'}, 'agency': {'id': '14811_6b86b27', 'name': 'MBTA', 'website': 'http://www.mbta.com'}}]}]}"
207,Boylston,SILVER,MBTA_NODES,42.353370701809695,-71.06419884189829,POINT (-71.06419884189829 42.35337070180969),200.0,1096.0,"{'routes': [{'id': 'C0', 'sections': [{'id': 'C0-S0', 'type': 'pedestrian', 'travelSummary': {'duration': 240, 'length': 255}, 'departure': {'time': '2022-09-29T13:36:00-04:00', 'place': {'name': 'Boylston', 'type': 'place', 'location': {'lat': 42.353371, 'lng': -71.064199}}}, 'arrival': {'time': '2022-09-29T13:40:00-04:00', 'place': {'name': 'Park Street - Boston Common', 'type': 'accessPoint', 'location': {'lat': 42.355456, 'lng': -71.063402}, 'wheelchairAccessible': 'no'}}, 'transport': {'mode': 'pedestrian'}}, {'id': 'C0-S0-arr', 'type': 'pedestrian', 'travelSummary': {'duration': 120, 'length': 132}, 'departure': {'time': '2022-09-29T13:40:00-04:00', 'place': {'name': 'Park Street - Boston Common', 'type': 'accessPoint', 'location': {'lat': 42.355456, 'lng': -71.063402}, 'wheelchairAccessible': 'no'}}, 'arrival': {'time': '2022-09-29T13:42:00-04:00', 'place': {'name': 'Park Street', 'type': 'station', 'location': {'lat': 42.356395, 'lng': -71.062424}, 'wheelchairAccessible': 'yes', 'id': '419810616', 'code': '70075'}}, 'spans': [{'walkAttributes': ['indoor']}], 'transport': {'mode': 'pedestrian'}}, {'id': 'C0-S1', 'type': 'transit', 'travelSummary': {'duration': 180, 'length': 709}, 'departure': {'time': '2022-09-29T13:42:00-04:00', 'place': {'name': 'Park Street', 'type': 'station', 'location': {'lat': 42.356395, 'lng': -71.062424}, 'wheelchairAccessible': 'yes', 'id': '419810616', 'code': '70075'}, 'delay': 840}, 'arrival': {'time': '2022-09-29T13:45:00-04:00', 'place': {'name': 'South Station', 'type': 'station', 'location': {'lat': 42.352271, 'lng': -71.055242}, 'wheelchairAccessible': 'yes', 'id': '419808186'}, 'delay': 840}, 'transport': {'mode': 'subway', 'name': 'Red Line', 'category': 'Subway, Metro', 'color': '#DA291C', 'textColor': '#FFFFFF', 'headsign': 'Braintree', 'longName': 'Red Line'}, 'agency': {'id': '14811_6b86b27', 'name': 'MBTA', 'website': 'http://www.mbta.com'}}]}, {'id': '4c552542-76b7-41a1-b606-8542ad10ba27', 'sections': [{'id': '85014c96-1984-4cf7-a391-725926c56ffe', 'type': 'pedestrian', 'travelSummary': {'duration': 900, 'length': 847}, 'departure': {'time': '2022-09-29T13:33:15-04:00', 'place': {'type': 'place', 'location': {'lat': 42.35334, 'lng': -71.06427}}}, 'arrival': {'time': '2022-09-29T13:48:15-04:00', 'place': {'type': 'place', 'location': {'lat': 42.3525543, 'lng': -71.0552033}}}, 'transport': {'mode': 'pedestrian'}}]}]}"
208,Downtown Crossing,SILVER,MBTA_NODES,42.35480806226478,-71.0611627603346,POINT (-71.0611627603346 42.35480806226478),200.0,642.0,"{'routes': [{'id': 'C0', 'sections': [{'id': 'C0-S0', 'type': 'pedestrian', 'travelSummary': {'duration': 60, 'length': 77}, 'departure': {'time': '2022-09-29T13:35:00-04:00', 'place': {'name': 'DowntownCrossing', 'type': 'place', 'location': {'lat': 42.354808, 'lng': -71.061163}}}, 'arrival': {'time': '2022-09-29T13:36:00-04:00', 'place': {'name': ""Downtown Crossing - Macy's"", 'type': 'accessPoint', 'location': {'lat': 42.355253, 'lng': -71.060521}, 'wheelchairAccessible': 'yes'}}, 'transport': {'mode': 'pedestrian'}}, {'id': 'C0-S0-arr', 'type': 'pedestrian', 'travelSummary': {'duration': 60, 'length': 38}, 'departure': {'time': '2022-09-29T13:36:00-04:00', 'place': {'name': ""Downtown Crossing - Macy's"", 'type': 'accessPoint', 'location': {'lat': 42.355253, 'lng': -71.060521}, 'wheelchairAccessible': 'yes'}}, 'arrival': {'time': '2022-09-29T13:37:00-04:00', 'place': {'name': 'Downtown Crossing', 'type': 'station', 'location': {'lat': 42.355518, 'lng': -71.060225}, 'wheelchairAccessible': 'yes', 'id': '419809874', 'code': '70020'}}, 'spans': [{'walkAttributes': ['indoor']}], 'transport': {'mode': 'pedestrian'}}, {'id': 'C0-S1', 'type': 'transit', 'travelSummary': {'duration': 0, 'length': 527}, 'departure': {'time': '2022-09-29T13:37:00-04:00', 'place': {'name': 'Downtown Crossing', 'type': 'station', 'location': {'lat': 42.355518, 'lng': -71.060225}, 'wheelchairAccessible': 'yes', 'id': '419809874', 'code': '70020'}, 'delay': 900}, 'arrival': {'time': '2022-09-29T13:37:00-04:00', 'place': {'name': 'South Station', 'type': 'station', 'location': {'lat': 42.352271, 'lng': -71.055242}, 'wheelchairAccessible': 'yes', 'id': '419808186'}, 'delay': 780}, 'transport': {'mode': 'subway', 'name': 'Red Line', 'category': 'Subway, Metro', 'color': '#DA291C', 'textColor': '#FFFFFF', 'headsign': 'Ashmont', 'longName': 'Red Line'}, 'agency': {'id': '14811_6b86b27', 'name': 'MBTA', 'website': 'http://www.mbta.com'}}]}, {'id': 'c66bd142-0917-4a5a-ab96-5485bd20ea11', 'sections': [{'id': 'df7c456a-e7fc-4b63-8598-70e8c514897e', 'type': 'pedestrian', 'travelSummary': {'duration': 647, 'length': 643}, 'departure': {'time': '2022-09-29T13:33:17-04:00', 'place': {'type': 'place', 'location': {'lat': 42.35479, 'lng': -71.06123}}}, 'arrival': {'time': '2022-09-29T13:44:04-04:00', 'place': {'type': 'place', 'location': {'lat': 42.3525543, 'lng': -71.0552033}}}, 'transport': {'mode': 'pedestrian'}}]}]}"
209,Chinatown,SILVER,MBTA_NODES,42.35241526560655,-71.06256816840029,POINT (-71.06256816840029 42.35241526560655),200.0,943.0,"{'routes': [{'id': 'C0', 'sections': [{'id': 'C0-S0', 'type': 'pedestrian', 'travelSummary': {'duration': 360, 'length': 378}, 'departure': {'time': '2022-09-29T13:37:00-04:00', 'place': {'name': 'Chinatown', 'type': 'place', 'location': {'lat': 42.352415, 'lng': -71.062568}}}, 'arrival': {'time': '2022-09-29T13:43:00-04:00', 'place': {'name': ""Downtown Crossing - Macy's"", 'type': 'accessPoint', 'location': {'lat': 42.355253, 'lng': -71.060521}, 'wheelchairAccessible': 'yes'}}, 'transport': {'mode': 'pedestrian'}}, {'id': 'C0-S0-arr', 'type': 'pedestrian', 'travelSummary': {'duration': 60, 'length': 38}, 'departure': {'time': '2022-09-29T13:43:00-04:00', 'place': {'name': ""Downtown Crossing - Macy's"", 'type': 'accessPoint', 'location': {'lat': 42.355253, 'lng': -71.060521}, 'wheelchairAccessible': 'yes'}}, 'arrival': {'time': '2022-09-29T13:44:00-04:00', 'place': {'name': 'Downtown Crossing', 'type': 'station', 'location': {'lat': 42.355518, 'lng': -71.060225}, 'wheelchairAccessible': 'yes', 'id': '419809874', 'code': '70020'}}, 'spans': [{'walkAttributes': ['indoor']}], 'transport': {'mode': 'pedestrian'}}, {'id': 'C0-S1', 'type': 'transit', 'travelSummary': {'duration': 60, 'length': 527}, 'departure': {'time': '2022-09-29T13:44:00-04:00', 'place': {'name': 'Downtown Crossing', 'type': 'station', 'location': {'lat': 42.355518, 'lng': -71.060225}, 'wheelchairAccessible': 'yes', 'id': '419809874', 'code': '70020'}, 'delay': 900}, 'arrival': {'time': '2022-09-29T13:45:00-04:00', 'place': {'name': 'South Station', 'type': 'station', 'location': {'lat': 42.352271, 'lng': -71.055242}, 'wheelchairAccessible': 'yes', 'id': '419808186'}, 'delay': 840}, 'transport': {'mode': 'subway', 'name': 'Red Line', 'category': 'Subway, Metro', 'color': '#DA291C', 'textColor': '#FFFFFF', 'headsign': 'Braintree', 'longName': 'Red Line'}, 'agency': {'id': '14811_6b86b27', 'name': 'MBTA', 'website': 'http://www.mbta.com'}}]}, {'id': '250914c7-087b-4cd3-bfca-623a5055e9e3', 'sections': [{'id': 'f0aac814-6c69-4bb4-9dfa-59cb70081de4', 'type': 'pedestrian', 'travelSummary': {'duration': 644, 'length': 629}, 'departure': {'time': '2022-09-29T13:33:18-04:00', 'place': {'type': 'place', 'location': {'lat': 42.35237, 'lng': -71.0626}}}, 'arrival': {'time': '2022-09-29T13:44:02-04:00', 'place': {'type': 'place', 'location': {'lat': 42.3525543, 'lng': -71.0552033}}}, 'transport': {'mode': 'pedestrian'}}]}]}"
210,Nubian,SILVER,MBTA_NODES,42.3297039932669,-71.08371931372102,POINT (-71.08371931372102 42.3297039932669),200.0,4550.0,"{'routes': [{'id': 'C0', 'sections': [{'id': 'C0-S1', 'type': 'transit', 'travelSummary': {'duration': 840, 'length': 3217}, 'departure': {'time': '2022-09-29T13:33:00-04:00', 'place': {'name': 'Nubian', 'type': 'station', 'location': {'lat': 42.329544, 'lng': -71.083982}, 'wheelchairAccessible': 'yes', 'id': '419807388'}, 'delay': 1440}, 'arrival': {'time': '2022-09-29T13:47:00-04:00', 'place': {'name': 'Broadway Station - Red Line', 'type': 'station', 'location': {'lat': 42.342556, 'lng': -71.057015}, 'wheelchairAccessible': 'yes', 'id': '419809787', 'code': '150'}, 'delay': 960}, 'transport': {'mode': 'bus', 'name': '47', 'category': 'Bus', 'color': '#FFC72C', 'textColor': '#000000', 'headsign': 'Broadway', 'shortName': '47', 'longName': 'Central Square, Cambridge - Broadway Station'}, 'agency': {'id': '14811_6b86b27', 'name': 'MBTA', 'website': 'http://www.mbta.com'}}, {'id': 'C0-S2', 'type': 'transit', 'travelSummary': {'duration': 120, 'length': 1333}, 'departure': {'time': '2022-09-29T13:52:00-04:00', 'place': {'name': 'Broadway', 'type': 'station', 'location': {'lat': 42.342622, 'lng': -71.056967}, 'wheelchairAccessible': 'yes', 'id': '419809930', 'code': '70081'}, 'delay': 360}, 'arrival': {'time': '2022-09-29T13:54:00-04:00', 'place': {'name': 'South Station', 'type': 'station', 'location': {'lat': 42.352271, 'lng': -71.055242}, 'wheelchairAccessible': 'yes', 'id': '419808186'}, 'delay': 300}, 'transport': {'mode': 'subway', 'name': 'Red Line', 'category': 'Subway, Metro', 'color': '#DA291C', 'textColor': '#FFFFFF', 'headsign': 'Alewife', 'longName': 'Red Line'}, 'agency': {'id': '14811_6b86b27', 'name': 'MBTA', 'website': 'http://www.mbta.com'}}]}]}"
211,South Station Essex St,SILVER,MBTA_NODES,42.35189858731985,-71.0561270140368,POINT (-71.0561270140368 42.35189858731985),200.0,136.0,"{'notices': [{'title': 'Departure and arrival locations are too close', 'code': 'departureArrivalTooClose'}, {'title': 'Transit route between origin and destination is not possible given current input parameters', 'code': 'noTransitRouteFound'}], 'routes': [{'id': 'e5029dfb-0ebd-4fac-8e2d-30b6007ed11a', 'sections': [{'id': 'd68eeaca-09d8-4f61-9528-7af8897d5913', 'type': 'pedestrian', 'travelSummary': {'duration': 155, 'length': 136}, 'departure': {'time': '2022-09-29T13:33:21-04:00', 'place': {'type': 'place', 'location': {'lat': 42.3519037, 'lng': -71.056125}}}, 'arrival': {'time': '2022-09-29T13:35:56-04:00', 'place': {'type': 'place', 'location': {'lat': 42.3525543, 'lng': -71.0552033}}}, 'transport': {'mode': 'pedestrian'}}]}]}"
212,Northern Ave,SILVER,MBTA_NODES,42.347600648407706,-71.03635388555213,POINT (-71.03635388555213 42.34760064840771),200.0,1960.0,"{'routes': [{'id': 'C0', 'sections': [{'id': 'C0-S0', 'type': 'pedestrian', 'travelSummary': {'duration': 240, 'length': 225}, 'departure': {'time': '2022-09-29T13:34:00-04:00', 'place': {'name': 'NorthernAve', 'type': 'place', 'location': {'lat': 42.347601, 'lng': -71.036354}}}, 'arrival': {'time': '2022-09-29T13:38:00-04:00', 'place': {'name': 'Silver Line Way', 'type': 'station', 'location': {'lat': 42.347154, 'lng': -71.038385}, 'wheelchairAccessible': 'yes', 'id': '419807437'}}, 'transport': {'mode': 'pedestrian'}}, {'id': 'C0-S1', 'type': 'transit', 'travelSummary': {'duration': 300, 'length': 1735}, 'departure': {'time': '2022-09-29T13:38:00-04:00', 'place': {'name': 'Silver Line Way', 'type': 'station', 'location': {'lat': 42.347154, 'lng': -71.038385}, 'wheelchairAccessible': 'yes', 'id': '419807437'}, 'delay': 0}, 'arrival': {'time': '2022-09-29T13:43:00-04:00', 'place': {'name': 'South Station', 'type': 'station', 'location': {'lat': 42.352271, 'lng': -71.055242}, 'wheelchairAccessible': 'yes', 'id': '419810105', 'code': '74611'}, 'delay': 0}, 'transport': {'mode': 'bus', 'name': 'SLW', 'category': 'Bus', 'color': '#7C878E', 'textColor': '#FFFFFF', 'headsign': 'South Station', 'shortName': 'SLW', 'longName': 'Silver Line Way - South Station'}, 'agency': {'id': '14811_6b86b27', 'name': 'MBTA', 'website': 'http://www.mbta.com'}}]}, {'id': 'b209c4c8-3ac6-4c3d-b6ee-75e1fed004c6', 'sections': [{'id': 'bcfade16-b9b1-4f76-973f-9ad7203b107e', 'type': 'pedestrian', 'travelSummary': {'duration': 1906, 'length': 1888}, 'departure': {'time': '2022-09-29T13:33:22-04:00', 'place': {'type': 'place', 'location': {'lat': 42.34759, 'lng': -71.03631}}}, 'arrival': {'time': '2022-09-29T14:05:08-04:00', 'place': {'type': 'place', 'location': {'lat': 42.3525543, 'lng': -71.0552033}}}, 'transport': {'mode': 'pedestrian'}}]}]}"
213,Melnea Cass Blvd,SILVER,MBTA_NODES,42.33310536535542,-71.08080190135071,POINT (-71.08080190135071 42.33310536535542),200.0,3404.0,"{'routes': [{'id': 'C0', 'sections': [{'id': 'C0-S1', 'type': 'transit', 'travelSummary': {'duration': 1080, 'length': 3275}, 'departure': {'time': '2022-09-29T13:33:00-04:00', 'place': {'name': 'Washington St @ Melnea Cass Blvd - Silver Line', 'type': 'station', 'location': {'lat': 42.333021, 'lng': -71.080799}, 'wheelchairAccessible': 'yes', 'id': '419808466', 'code': '3'}, 'delay': -60}, 'arrival': {'time': '2022-09-29T13:51:00-04:00', 'place': {'name': 'Essex St @ Atlantic Ave', 'type': 'station', 'location': {'lat': 42.35176, 'lng': -71.056003}, 'wheelchairAccessible': 'yes', 'id': '419804517', 'code': '6538'}, 'delay': -180}, 'transport': {'mode': 'bus', 'name': 'SL4', 'category': 'Bus', 'color': '#7C878E', 'textColor': '#FFFFFF', 'headsign': 'South Station', 'shortName': 'SL4', 'longName': 'Nubian Station - South Station'}, 'agency': {'id': '14811_6b86b27', 'name': 'MBTA', 'website': 'http://www.mbta.com'}}, {'id': 'C0-S2', 'type': 'pedestrian', 'travelSummary': {'duration': 120, 'length': 129}, 'departure': {'time': '2022-09-29T13:51:00-04:00', 'place': {'name': 'Essex St @ Atlantic Ave', 'type': 'station', 'location': {'lat': 42.35176, 'lng': -71.056003}, 'wheelchairAccessible': 'yes', 'id': '419804517', 'code': '6538'}}, 'arrival': {'time': '2022-09-29T13:53:00-04:00', 'place': {'name': 'SouthStation', 'type': 'place', 'location': {'lat': 42.352593, 'lng': -71.055172}}}, 'transport': {'mode': 'pedestrian'}}]}]}"
214,Lenox St,SILVER,MBTA_NODES,42.33492922898615,-71.07906038119386,POINT (-71.07906038119386 42.33492922898615),200.0,3146.0,"{'routes': [{'id': 'C0', 'sections': [{'id': 'C0-S0', 'type': 'pedestrian', 'travelSummary': {'duration': 60, 'length': 49}, 'departure': {'time': '2022-09-29T13:33:00-04:00', 'place': {'name': 'LenoxSt', 'type': 'place', 'location': {'lat': 42.334929, 'lng': -71.07906}}}, 'arrival': {'time': '2022-09-29T13:34:00-04:00', 'place': {'name': 'Washington St @ Lenox St', 'type': 'station', 'location': {'lat': 42.335164, 'lng': -71.078518}, 'wheelchairAccessible': 'yes', 'id': '419800003', 'code': '4'}}, 'transport': {'mode': 'pedestrian'}}, {'id': 'C0-S1', 'type': 'transit', 'travelSummary': {'duration': 1020, 'length': 2968}, 'departure': {'time': '2022-09-29T13:34:00-04:00', 'place': {'name': 'Washington St @ Lenox St', 'type': 'station', 'location': {'lat': 42.335164, 'lng': -71.078518}, 'wheelchairAccessible': 'yes', 'id': '419800003', 'code': '4'}, 'delay': -120}, 'arrival': {'time': '2022-09-29T13:51:00-04:00', 'place': {'name': 'Essex St @ Atlantic Ave', 'type': 'station', 'location': {'lat': 42.35176, 'lng': -71.056003}, 'wheelchairAccessible': 'yes', 'id': '419804517', 'code': '6538'}, 'delay': -180}, 'transport': {'mode': 'bus', 'name': 'SL4', 'category': 'Bus', 'color': '#7C878E', 'textColor': '#FFFFFF', 'headsign': 'South Station', 'shortName': 'SL4', 'longName': 'Nubian Station - South Station'}, 'agency': {'id': '14811_6b86b27', 'name': 'MBTA', 'website': 'http://www.mbta.com'}}, {'id': 'C0-S2', 'type': 'pedestrian', 'travelSummary': {'duration': 120, 'length': 129}, 'departure': {'time': '2022-09-29T13:51:00-04:00', 'place': {'name': 'Essex St @ Atlantic Ave', 'type': 'station', 'location': {'lat': 42.35176, 'lng': -71.056003}, 'wheelchairAccessible': 'yes', 'id': '419804517', 'code': '6538'}}, 'arrival': {'time': '2022-09-29T13:53:00-04:00', 'place': {'name': 'SouthStation', 'type': 'place', 'location': {'lat': 42.352593, 'lng': -71.055172}}}, 'transport': {'mode': 'pedestrian'}}]}]}"
215,Massachusetts Ave,SILVER,MBTA_NODES,42.33632435497544,-71.07730467700864,POINT (-71.07730467700864 42.33632435497544),200.0,2921.0,"{'routes': [{'id': 'C0', 'sections': [{'id': 'C0-S1', 'type': 'transit', 'travelSummary': {'duration': 960, 'length': 2792}, 'departure': {'time': '2022-09-29T13:33:00-04:00', 'place': {'name': 'Washington St @ Massachusetts Ave', 'type': 'station', 'location': {'lat': 42.336339, 'lng': -71.07707}, 'wheelchairAccessible': 'yes', 'id': '419800004', 'code': '5'}, 'delay': 540}, 'arrival': {'time': '2022-09-29T13:49:00-04:00', 'place': {'name': 'Essex St @ Atlantic Ave', 'type': 'station', 'location': {'lat': 42.35176, 'lng': -71.056003}, 'wheelchairAccessible': 'yes', 'id': '419804517', 'code': '6538'}, 'delay': 480}, 'transport': {'mode': 'bus', 'name': 'SL4', 'category': 'Bus', 'color': '#7C878E', 'textColor': '#FFFFFF', 'headsign': 'South Station', 'shortName': 'SL4', 'longName': 'Nubian Station - South Station'}, 'agency': {'id': '14811_6b86b27', 'name': 'MBTA', 'website': 'http://www.mbta.com'}}, {'id': 'C0-S2', 'type': 'pedestrian', 'travelSummary': {'duration': 120, 'length': 129}, 'departure': {'time': '2022-09-29T13:49:00-04:00', 'place': {'name': 'Essex St @ Atlantic Ave', 'type': 'station', 'location': {'lat': 42.35176, 'lng': -71.056003}, 'wheelchairAccessible': 'yes', 'id': '419804517', 'code': '6538'}}, 'arrival': {'time': '2022-09-29T13:51:00-04:00', 'place': {'name': 'SouthStation', 'type': 'place', 'location': {'lat': 42.352593, 'lng': -71.055172}}}, 'transport': {'mode': 'pedestrian'}}]}]}"
216,Worcester Square,SILVER,MBTA_NODES,42.33737104690254,-71.07587716429592,POINT (-71.07587716429592 42.33737104690254),200.0,2771.0,"{'routes': [{'id': 'C0', 'sections': [{'id': 'C0-S0', 'type': 'pedestrian', 'travelSummary': {'duration': 60, 'length': 35}, 'departure': {'time': '2022-09-29T13:34:00-04:00', 'place': {'name': 'WorcesterSquare', 'type': 'place', 'location': {'lat': 42.337371, 'lng': -71.075877}}}, 'arrival': {'time': '2022-09-29T13:35:00-04:00', 'place': {'name': 'Washington St @ Worcester St', 'type': 'station', 'location': {'lat': 42.337524, 'lng': -71.075479}, 'wheelchairAccessible': 'yes', 'id': '419801255', 'code': '1787'}}, 'transport': {'mode': 'pedestrian'}}, {'id': 'C0-S1', 'type': 'transit', 'travelSummary': {'duration': 840, 'length': 2607}, 'departure': {'time': '2022-09-29T13:35:00-04:00', 'place': {'name': 'Washington St @ Worcester St', 'type': 'station', 'location': {'lat': 42.337524, 'lng': -71.075479}, 'wheelchairAccessible': 'yes', 'id': '419801255', 'code': '1787'}, 'delay': 600}, 'arrival': {'time': '2022-09-29T13:49:00-04:00', 'place': {'name': 'Essex St @ Atlantic Ave', 'type': 'station', 'location': {'lat': 42.35176, 'lng': -71.056003}, 'wheelchairAccessible': 'yes', 'id': '419804517', 'code': '6538'}, 'delay': 480}, 'transport': {'mode': 'bus', 'name': 'SL4', 'category': 'Bus', 'color': '#7C878E', 'textColor': '#FFFFFF', 'headsign': 'South Station', 'shortName': 'SL4', 'longName': 'Nubian Station - South Station'}, 'agency': {'id': '14811_6b86b27', 'name': 'MBTA', 'website': 'http://www.mbta.com'}}, {'id': 'C0-S2', 'type': 'pedestrian', 'travelSummary': {'duration': 120, 'length': 129}, 'departure': {'time': '2022-09-29T13:49:00-04:00', 'place': {'name': 'Essex St @ Atlantic Ave', 'type': 'station', 'location': {'lat': 42.35176, 'lng': -71.056003}, 'wheelchairAccessible': 'yes', 'id': '419804517', 'code': '6538'}}, 'arrival': {'time': '2022-09-29T13:51:00-04:00', 'place': {'name': 'SouthStation', 'type': 'place', 'location': {'lat': 42.352593, 'lng': -71.055172}}}, 'transport': {'mode': 'pedestrian'}}]}]}"
217,Newton Street,SILVER,MBTA_NODES,42.33875975519736,-71.07388329912776,POINT (-71.07388329912776 42.33875975519736),200.0,2533.0,"{'routes': [{'id': 'C0', 'sections': [{'id': 'C0-S1', 'type': 'transit', 'travelSummary': {'duration': 720, 'length': 2404}, 'departure': {'time': '2022-09-29T13:37:00-04:00', 'place': {'name': 'Washington St @ E Newton St', 'type': 'station', 'location': {'lat': 42.338763, 'lng': -71.073677}, 'wheelchairAccessible': 'yes', 'id': '419801256', 'code': '1788'}, 'delay': 660}, 'arrival': {'time': '2022-09-29T13:49:00-04:00', 'place': {'name': 'Essex St @ Atlantic Ave', 'type': 'station', 'location': {'lat': 42.35176, 'lng': -71.056003}, 'wheelchairAccessible': 'yes', 'id': '419804517', 'code': '6538'}, 'delay': 480}, 'transport': {'mode': 'bus', 'name': 'SL4', 'category': 'Bus', 'color': '#7C878E', 'textColor': '#FFFFFF', 'headsign': 'South Station', 'shortName': 'SL4', 'longName': 'Nubian Station - South Station'}, 'agency': {'id': '14811_6b86b27', 'name': 'MBTA', 'website': 'http://www.mbta.com'}}, {'id': 'C0-S2', 'type': 'pedestrian', 'travelSummary': {'duration': 120, 'length': 129}, 'departure': {'time': '2022-09-29T13:49:00-04:00', 'place': {'name': 'Essex St @ Atlantic Ave', 'type': 'station', 'location': {'lat': 42.35176, 'lng': -71.056003}, 'wheelchairAccessible': 'yes', 'id': '419804517', 'code': '6538'}}, 'arrival': {'time': '2022-09-29T13:51:00-04:00', 'place': {'name': 'SouthStation', 'type': 'place', 'location': {'lat': 42.352593, 'lng': -71.055172}}}, 'transport': {'mode': 'pedestrian'}}]}]}"
218,Union Park Street,SILVER,MBTA_NODES,42.34042085024221,-71.07136914622338,POINT (-71.07136914622338 42.3404208502422),200.0,2269.0,"{'routes': [{'id': 'C0', 'sections': [{'id': 'C0-S0', 'type': 'pedestrian', 'travelSummary': {'duration': 180, 'length': 190}, 'departure': {'time': '2022-09-29T13:36:00-04:00', 'place': {'name': 'UnionParkStreet', 'type': 'place', 'location': {'lat': 42.340421, 'lng': -71.071369}}}, 'arrival': {'time': '2022-09-29T13:39:00-04:00', 'place': {'name': 'Washington St @ Union Pk', 'type': 'station', 'location': {'lat': 42.341308, 'lng': -71.069417}, 'wheelchairAccessible': 'yes', 'id': '419803634', 'code': '5093'}}, 'transport': {'mode': 'pedestrian'}}, {'id': 'C0-S1', 'type': 'transit', 'travelSummary': {'duration': 660, 'length': 1950}, 'departure': {'time': '2022-09-29T13:39:00-04:00', 'place': {'name': 'Washington St @ Union Pk', 'type': 'station', 'location': {'lat': 42.341308, 'lng': -71.069417}, 'wheelchairAccessible': 'yes', 'id': '419803634', 'code': '5093'}, 'delay': 660}, 'arrival': {'time': '2022-09-29T13:50:00-04:00', 'place': {'name': 'Essex St @ Atlantic Ave', 'type': 'station', 'location': {'lat': 42.35176, 'lng': -71.056003}, 'wheelchairAccessible': 'yes', 'id': '419804517', 'code': '6538'}, 'delay': 540}, 'transport': {'mode': 'bus', 'name': 'SL4', 'category': 'Bus', 'color': '#7C878E', 'textColor': '#FFFFFF', 'headsign': 'South Station', 'shortName': 'SL4', 'longName': 'Nubian Station - South Station'}, 'agency': {'id': '14811_6b86b27', 'name': 'MBTA', 'website': 'http://www.mbta.com'}}, {'id': 'C0-S2', 'type': 'pedestrian', 'travelSummary': {'duration': 120, 'length': 129}, 'departure': {'time': '2022-09-29T13:50:00-04:00', 'place': {'name': 'Essex St @ Atlantic Ave', 'type': 'station', 'location': {'lat': 42.35176, 'lng': -71.056003}, 'wheelchairAccessible': 'yes', 'id': '419804517', 'code': '6538'}}, 'arrival': {'time': '2022-09-29T13:52:00-04:00', 'place': {'name': 'SouthStation', 'type': 'place', 'location': {'lat': 42.352593, 'lng': -71.055172}}}, 'transport': {'mode': 'pedestrian'}}]}]}"
219,East Berkeley Street,SILVER,MBTA_NODES,42.34413393024102,-71.06579486656833,POINT (-71.06579486656833 42.34413393024102),200.0,1634.0,"{'routes': [{'id': 'C0', 'sections': [{'id': 'C0-S1', 'type': 'transit', 'travelSummary': {'duration': 540, 'length': 1505}, 'departure': {'time': '2022-09-29T13:41:00-04:00', 'place': {'name': 'Washington St @ E Berkeley St', 'type': 'station', 'location': {'lat': 42.344189, 'lng': -71.065726}, 'wheelchairAccessible': 'yes', 'id': '419803636', 'code': '5095'}, 'delay': 660}, 'arrival': {'time': '2022-09-29T13:50:00-04:00', 'place': {'name': 'Essex St @ Atlantic Ave', 'type': 'station', 'location': {'lat': 42.35176, 'lng': -71.056003}, 'wheelchairAccessible': 'yes', 'id': '419804517', 'code': '6538'}, 'delay': 540}, 'transport': {'mode': 'bus', 'name': 'SL4', 'category': 'Bus', 'color': '#7C878E', 'textColor': '#FFFFFF', 'headsign': 'South Station', 'shortName': 'SL4', 'longName': 'Nubian Station - South Station'}, 'agency': {'id': '14811_6b86b27', 'name': 'MBTA', 'website': 'http://www.mbta.com'}}, {'id': 'C0-S2', 'type': 'pedestrian', 'travelSummary': {'duration': 120, 'length': 129}, 'departure': {'time': '2022-09-29T13:50:00-04:00', 'place': {'name': 'Essex St @ Atlantic Ave', 'type': 'station', 'location': {'lat': 42.35176, 'lng': -71.056003}, 'wheelchairAccessible': 'yes', 'id': '419804517', 'code': '6538'}}, 'arrival': {'time': '2022-09-29T13:52:00-04:00', 'place': {'name': 'SouthStation', 'type': 'place', 'location': {'lat': 42.352593, 'lng': -71.055172}}}, 'transport': {'mode': 'pedestrian'}}]}, {'id': 'e80d7026-ac1f-40bc-8f88-9ec7965d37b9', 'sections': [{'id': '7505a3b0-faf8-495b-b0c0-7e76f9124bf3', 'type': 'pedestrian', 'travelSummary': {'duration': 1586, 'length': 1555}, 'departure': {'time': '2022-09-29T13:33:33-04:00', 'place': {'type': 'place', 'location': {'lat': 42.3441414, 'lng': -71.0658172}}}, 'arrival': {'time': '2022-09-29T13:59:59-04:00', 'place': {'type': 'place', 'location': {'lat': 42.3525543, 'lng': -71.0552033}}}, 'transport': {'mode': 'pedestrian'}}]}]}"
220,Herald Street,SILVER,MBTA_NODES,42.34641169306133,-71.06471962184442,POINT (-71.06471962184442 42.34641169306133),200.0,1554.0,"{'routes': [{'id': 'C0', 'sections': [{'id': 'C0-S0', 'type': 'pedestrian', 'travelSummary': {'duration': 120, 'length': 91}, 'departure': {'time': '2022-09-29T13:40:00-04:00', 'place': {'name': 'HeraldStreet', 'type': 'place', 'location': {'lat': 42.346412, 'lng': -71.06472}}}, 'arrival': {'time': '2022-09-29T13:42:00-04:00', 'place': {'name': 'Washington St @ Herald St', 'type': 'station', 'location': {'lat': 42.345582, 'lng': -71.064848}, 'wheelchairAccessible': 'yes', 'id': '419810587', 'code': '15095'}}, 'transport': {'mode': 'pedestrian'}}, {'id': 'C0-S1', 'type': 'transit', 'travelSummary': {'duration': 480, 'length': 1334}, 'departure': {'time': '2022-09-29T13:42:00-04:00', 'place': {'name': 'Washington St @ Herald St', 'type': 'station', 'location': {'lat': 42.345582, 'lng': -71.064848}, 'wheelchairAccessible': 'yes', 'id': '419810587', 'code': '15095'}, 'delay': 660}, 'arrival': {'time': '2022-09-29T13:50:00-04:00', 'place': {'name': 'Essex St @ Atlantic Ave', 'type': 'station', 'location': {'lat': 42.35176, 'lng': -71.056003}, 'wheelchairAccessible': 'yes', 'id': '419804517', 'code': '6538'}, 'delay': 540}, 'transport': {'mode': 'bus', 'name': 'SL4', 'category': 'Bus', 'color': '#7C878E', 'textColor': '#FFFFFF', 'headsign': 'South Station', 'shortName': 'SL4', 'longName': 'Nubian Station - South Station'}, 'agency': {'id': '14811_6b86b27', 'name': 'MBTA', 'website': 'http://www.mbta.com'}}, {'id': 'C0-S2', 'type': 'pedestrian', 'travelSummary': {'duration': 120, 'length': 129}, 'departure': {'time': '2022-09-29T13:50:00-04:00', 'place': {'name': 'Essex St @ Atlantic Ave', 'type': 'station', 'location': {'lat': 42.35176, 'lng': -71.056003}, 'wheelchairAccessible': 'yes', 'id': '419804517', 'code': '6538'}}, 'arrival': {'time': '2022-09-29T13:52:00-04:00', 'place': {'name': 'SouthStation', 'type': 'place', 'location': {'lat': 42.352593, 'lng': -71.055172}}}, 'transport': {'mode': 'pedestrian'}}]}, {'id': 'e15e8d42-b996-4e69-bade-52183e269df1', 'sections': [{'id': '70f43e94-1b56-4ffa-b754-80ad2153661e', 'type': 'pedestrian', 'travelSummary': {'duration': 1317, 'length': 1286}, 'departure': {'time': '2022-09-29T13:33:35-04:00', 'place': {'type': 'place', 'location': {'lat': 42.3464021, 'lng': -71.0646528}}}, 'arrival': {'time': '2022-09-29T13:55:32-04:00', 'place': {'type': 'place', 'location': {'lat': 42.3525543, 'lng': -71.0552033}}}, 'transport': {'mode': 'pedestrian'}}]}]}"
221,Tuffs Medical Center,SILVER,MBTA_NODES,42.34963996318974,-71.0638070556149,POINT (-71.0638070556149 42.34963996318974),200.0,1043.0,"{'routes': [{'id': 'C0', 'sections': [{'id': 'C0-S0', 'type': 'pedestrian', 'travelSummary': {'duration': 180, 'length': 171}, 'departure': {'time': '2022-09-29T13:35:00-04:00', 'place': {'name': 'TuffsMedicalCenter', 'type': 'place', 'location': {'lat': 42.34964, 'lng': -71.063807}}}, 'arrival': {'time': '2022-09-29T13:38:00-04:00', 'place': {'name': 'Kneeland St @ Washington St', 'type': 'station', 'location': {'lat': 42.350845, 'lng': -71.062868}, 'wheelchairAccessible': 'yes', 'id': '419804519', 'code': '6542'}}, 'transport': {'mode': 'pedestrian'}}, {'id': 'C0-S1', 'type': 'transit', 'travelSummary': {'duration': 180, 'length': 604}, 'departure': {'time': '2022-09-29T13:38:00-04:00', 'place': {'name': 'Kneeland St @ Washington St', 'type': 'station', 'location': {'lat': 42.350845, 'lng': -71.062868}, 'wheelchairAccessible': 'yes', 'id': '419804519', 'code': '6542'}, 'delay': 480}, 'arrival': {'time': '2022-09-29T13:41:00-04:00', 'place': {'name': 'Lincoln St @ Essex St', 'type': 'station', 'location': {'lat': 42.352188, 'lng': -71.057992}, 'wheelchairAccessible': 'yes', 'id': '419804523', 'code': '6550'}, 'delay': 480}, 'transport': {'mode': 'bus', 'name': '504', 'category': 'Bus', 'color': '#FFC72C', 'textColor': '#000000', 'headsign': 'Downtown via Copley (Express)', 'shortName': '504', 'longName': 'Watertown Yard - Federal Street & Franklin Street'}, 'agency': {'id': '14811_6b86b27', 'name': 'MBTA', 'website': 'http://www.mbta.com'}}, {'id': 'C0-S2', 'type': 'pedestrian', 'travelSummary': {'duration': 240, 'length': 268}, 'departure': {'time': '2022-09-29T13:41:00-04:00', 'place': {'name': 'Lincoln St @ Essex St', 'type': 'station', 'location': {'lat': 42.352188, 'lng': -71.057992}, 'wheelchairAccessible': 'yes', 'id': '419804523', 'code': '6550'}}, 'arrival': {'time': '2022-09-29T13:45:00-04:00', 'place': {'name': 'SouthStation', 'type': 'place', 'location': {'lat': 42.352593, 'lng': -71.055172}}}, 'transport': {'mode': 'pedestrian'}}]}, {'id': '0240ead5-4fec-4cfd-8e78-9f6c18728cdc', 'sections': [{'id': '936269d8-9b58-4911-b3fc-aa11e2f0600c', 'type': 'pedestrian', 'travelSummary': {'duration': 972, 'length': 949}, 'departure': {'time': '2022-09-29T13:33:37-04:00', 'place': {'type': 'place', 'location': {'lat': 42.3496027, 'lng': -71.0636403}}}, 'arrival': {'time': '2022-09-29T13:49:49-04:00', 'place': {'type': 'place', 'location': {'lat': 42.3525543, 'lng': -71.0552033}}}, 'transport': {'mode': 'pedestrian'}}]}]}"
222,Black Falcon Ave,SILVER,MBTA_NODES,42.34417140501455,-71.02721502649673,POINT (-71.02721502649673 42.34417140501455),200.0,3851.0,"{'routes': [{'id': 'C0', 'sections': [{'id': 'C0-S1', 'type': 'transit', 'travelSummary': {'duration': 840, 'length': 3851}, 'departure': {'time': '2022-09-29T13:41:00-04:00', 'place': {'name': 'Drydock Ave @ Black Falcon Ave', 'type': 'station', 'location': {'lat': 42.344232, 'lng': -71.027213}, 'wheelchairAccessible': 'yes', 'id': '419810591', 'code': '31259'}, 'delay': 60}, 'arrival': {'time': '2022-09-29T13:55:00-04:00', 'place': {'name': 'South Station', 'type': 'station', 'location': {'lat': 42.352271, 'lng': -71.055242}, 'wheelchairAccessible': 'yes', 'id': '419810105', 'code': '74611'}, 'delay': -480}, 'transport': {'mode': 'bus', 'name': 'SL2', 'category': 'Bus', 'color': '#7C878E', 'textColor': '#FFFFFF', 'headsign': 'South Station', 'shortName': 'SL2', 'longName': 'Drydock Avenue - South Station'}, 'agency': {'id': '14811_6b86b27', 'name': 'MBTA', 'website': 'http://www.mbta.com'}}]}]}"
223,Assembly,ORANGE,MBTA_NODES,42.39215591309829,-71.0771253379968,POINT (-71.0771253379968 42.39215591309829),200.0,5439.0,"{'routes': [{'id': 'C0', 'sections': [{'id': 'C0-S0', 'type': 'pedestrian', 'travelSummary': {'duration': 0, 'length': 12}, 'departure': {'time': '2022-09-29T13:39:00-04:00', 'place': {'name': 'Assembly', 'type': 'place', 'location': {'lat': 42.392156, 'lng': -71.077125}}}, 'arrival': {'time': '2022-09-29T13:39:00-04:00', 'place': {'name': 'Assembly - Revolution Dr', 'type': 'accessPoint', 'location': {'lat': 42.392164, 'lng': -71.077559}, 'wheelchairAccessible': 'yes'}}, 'transport': {'mode': 'pedestrian'}}, {'id': 'C0-S0-arr', 'type': 'pedestrian', 'travelSummary': {'duration': 60, 'length': 76}, 'departure': {'time': '2022-09-29T13:39:00-04:00', 'place': {'name': 'Assembly - Revolution Dr', 'type': 'accessPoint', 'location': {'lat': 42.392164, 'lng': -71.077559}, 'wheelchairAccessible': 'yes'}}, 'arrival': {'time': '2022-09-29T13:40:00-04:00', 'place': {'name': 'Assembly', 'type': 'station', 'location': {'lat': 42.392811, 'lng': -71.077257}, 'wheelchairAccessible': 'yes', 'id': '419808090'}}, 'spans': [{'walkAttributes': ['indoor']}], 'transport': {'mode': 'pedestrian'}}, {'id': 'C0-S1', 'type': 'transit', 'travelSummary': {'duration': 0, 'length': 4811}, 'departure': {'time': '2022-09-29T13:40:00-04:00', 'place': {'name': 'Assembly', 'type': 'station', 'location': {'lat': 42.392811, 'lng': -71.077257}, 'wheelchairAccessible': 'yes', 'id': '419808090'}, 'delay': 2940}, 'arrival': {'time': '2022-09-29T13:40:00-04:00', 'place': {'name': 'Downtown Crossing', 'type': 'station', 'location': {'lat': 42.355518, 'lng': -71.060225}, 'wheelchairAccessible': 'yes', 'id': '419809874', 'code': '70020'}, 'delay': 2340}, 'transport': {'mode': 'subway', 'name': 'Orange Line', 'category': 'Subway, Metro', 'color': '#ED8B00', 'textColor': '#FFFFFF', 'headsign': 'Forest Hills', 'longName': 'Orange Line'}, 'agency': {'id': '14811_6b86b27', 'name': 'MBTA', 'website': 'http://www.mbta.com'}}, {'id': 'C0-S2-dep', 'type': 'pedestrian', 'travelSummary': {'duration': 120, 'length': 97}, 'departure': {'time': '2022-09-29T13:40:00-04:00', 'place': {'name': 'Downtown Crossing', 'type': 'station', 'location': {'lat': 42.355518, 'lng': -71.060225}, 'wheelchairAccessible': 'yes', 'id': '419809874', 'code': '70020'}}, 'arrival': {'time': '2022-09-29T13:42:00-04:00', 'place': {'name': 'Downtown Crossing - 101 Arch St, Summer St', 'type': 'accessPoint', 'location': {'lat': 42.354843, 'lng': -71.05948}, 'wheelchairAccessible': 'yes'}}, 'spans': [{'walkAttributes': ['indoor']}], 'transport': {'mode': 'pedestrian'}}, {'id': 'C0-S2', 'type': 'pedestrian', 'travelSummary': {'duration': 420, 'length': 443}, 'departure': {'time': '2022-09-29T13:42:00-04:00', 'place': {'name': 'Downtown Crossing - 101 Arch St, Summer St', 'type': 'accessPoint', 'location': {'lat': 42.354843, 'lng': -71.05948}, 'wheelchairAccessible': 'yes'}}, 'arrival': {'time': '2022-09-29T13:49:00-04:00', 'place': {'name': 'SouthStation', 'type': 'place', 'location': {'lat': 42.352593, 'lng': -71.055172}}}, 'transport': {'mode': 'pedestrian'}}]}]}"
224,Ashmont,RED,MBTA_NODES,42.28388354653573,-71.06343014428334,POINT (-71.06343014428334 42.28388354653573),200.0,8731.0,"{'routes': [{'id': 'C0', 'sections': [{'id': 'C0-S0', 'type': 'pedestrian', 'travelSummary': {'duration': 0, 'length': 67}, 'departure': {'time': '2022-09-29T13:49:00-04:00', 'place': {'name': 'Ashmont', 'type': 'place', 'location': {'lat': 42.283884, 'lng': -71.06343}}}, 'arrival': {'time': '2022-09-29T13:49:00-04:00', 'place': {'name': 'Ashmont - Mattapan Line (Lobby)', 'type': 'accessPoint', 'location': {'lat': 42.283928, 'lng': -71.063598}, 'wheelchairAccessible': 'yes'}}, 'transport': {'mode': 'pedestrian'}}, {'id': 'C0-S0-arr', 'type': 'pedestrian', 'travelSummary': {'duration': 60, 'length': 67}, 'departure': {'time': '2022-09-29T13:49:00-04:00', 'place': {'name': 'Ashmont - Mattapan Line (Lobby)', 'type': 'accessPoint', 'location': {'lat': 42.283928, 'lng': -71.063598}, 'wheelchairAccessible': 'yes'}}, 'arrival': {'time': '2022-09-29T13:50:00-04:00', 'place': {'name': 'Ashmont', 'type': 'station', 'location': {'lat': 42.28452, 'lng': -71.063777}, 'wheelchairAccessible': 'yes', 'id': '419808089'}}, 'spans': [{'walkAttributes': ['indoor']}], 'transport': {'mode': 'pedestrian'}}, {'id': 'C0-S1', 'type': 'transit', 'travelSummary': {'duration': 1080, 'length': 8597}, 'departure': {'time': '2022-09-29T13:50:00-04:00', 'place': {'name': 'Ashmont', 'type': 'station', 'location': {'lat': 42.28452, 'lng': -71.063777}, 'wheelchairAccessible': 'yes', 'id': '419808089'}, 'delay': 780}, 'arrival': {'time': '2022-09-29T14:08:00-04:00', 'place': {'name': 'South Station', 'type': 'station', 'location': {'lat': 42.352271, 'lng': -71.055242}, 'wheelchairAccessible': 'yes', 'id': '419808186'}, 'delay': 720}, 'transport': {'mode': 'subway', 'name': 'Red Line', 'category': 'Subway, Metro', 'color': '#DA291C', 'textColor': '#FFFFFF', 'headsign': 'Alewife', 'longName': 'Red Line'}, 'agency': {'id': '14811_6b86b27', 'name': 'MBTA', 'website': 'http://www.mbta.com'}}]}]}"
225,Harvard,RED,MBTA_NODES,42.37402923084171,-71.11890607285167,POINT (-71.11890607285167 42.37402923084171),200.0,6015.0,"{'routes': [{'id': 'C0', 'sections': [{'id': 'C0-S0', 'type': 'pedestrian', 'travelSummary': {'duration': 60, 'length': 81}, 'departure': {'time': '2022-09-29T13:33:00-04:00', 'place': {'name': 'Harvard', 'type': 'place', 'location': {'lat': 42.374029, 'lng': -71.118906}}}, 'arrival': {'time': '2022-09-29T13:34:00-04:00', 'place': {'name': 'Harvard', 'type': 'station', 'location': {'lat': 42.373362, 'lng': -71.118956}, 'wheelchairAccessible': 'yes', 'id': '419809916', 'code': '70067'}}, 'transport': {'mode': 'pedestrian'}}, {'id': 'C0-S1', 'type': 'transit', 'travelSummary': {'duration': 240, 'length': 5934}, 'departure': {'time': '2022-09-29T13:34:00-04:00', 'place': {'name': 'Harvard', 'type': 'station', 'location': {'lat': 42.373362, 'lng': -71.118956}, 'wheelchairAccessible': 'yes', 'id': '419809916', 'code': '70067'}, 'delay': 120}, 'arrival': {'time': '2022-09-29T13:38:00-04:00', 'place': {'name': 'South Station', 'type': 'station', 'location': {'lat': 42.352271, 'lng': -71.055242}, 'wheelchairAccessible': 'yes', 'id': '419808186'}, 'delay': -480}, 'transport': {'mode': 'subway', 'name': 'Red Line', 'category': 'Subway, Metro', 'color': '#DA291C', 'textColor': '#FFFFFF', 'headsign': 'Braintree', 'longName': 'Red Line'}, 'agency': {'id': '14811_6b86b27', 'name': 'MBTA', 'website': 'http://www.mbta.com'}}]}]}"
226,Kendall/MIT,RED,MBTA_NODES,42.36241534494063,-71.08619149362897,POINT (-71.08619149362897 42.36241534494063),200.0,2862.0,"{'routes': [{'id': 'C0', 'sections': [{'id': 'C0-S1', 'type': 'transit', 'travelSummary': {'duration': 120, 'length': 2862}, 'departure': {'time': '2022-09-29T13:36:00-04:00', 'place': {'name': 'Kendall/Mit', 'type': 'station', 'location': {'lat': 42.362491, 'lng': -71.086176}, 'wheelchairAccessible': 'yes', 'id': '419808147'}, 'delay': -180}, 'arrival': {'time': '2022-09-29T13:38:00-04:00', 'place': {'name': 'South Station', 'type': 'station', 'location': {'lat': 42.352271, 'lng': -71.055242}, 'wheelchairAccessible': 'yes', 'id': '419808186'}, 'delay': -480}, 'transport': {'mode': 'subway', 'name': 'Red Line', 'category': 'Subway, Metro', 'color': '#DA291C', 'textColor': '#FFFFFF', 'headsign': 'Braintree', 'longName': 'Red Line'}, 'agency': {'id': '14811_6b86b27', 'name': 'MBTA', 'website': 'http://www.mbta.com'}}]}]}"
227,Capen Street,RED,MBTA_NODES,42.26755305645064,-71.08720482420884,POINT (-71.08720482420884 42.26755305645064),200.0,12356.0,"{'routes': [{'id': 'C0', 'sections': [{'id': 'C0-S1', 'type': 'transit', 'travelSummary': {'duration': 420, 'length': 3615}, 'departure': {'time': '2022-09-29T13:38:00-04:00', 'place': {'name': 'Capen Street', 'type': 'station', 'location': {'lat': 42.267589, 'lng': -71.087139}, 'wheelchairAccessible': 'yes', 'id': '419810486', 'code': '70273'}}, 'arrival': {'time': '2022-09-29T13:45:00-04:00', 'place': {'name': 'Ashmont', 'type': 'station', 'location': {'lat': 42.283768, 'lng': -71.063191}, 'wheelchairAccessible': 'yes', 'id': '419810087', 'code': '70261'}}, 'transport': {'mode': 'lightRail', 'name': 'Mattapan Trolley', 'category': 'Tram, Streetcar, Light rail', 'color': '#DA291C', 'textColor': '#FFFFFF', 'headsign': 'Ashmont', 'longName': 'Mattapan Trolley'}, 'agency': {'id': '14811_6b86b27', 'name': 'MBTA', 'website': 'http://www.mbta.com'}}, {'id': 'C0-S2', 'type': 'pedestrian', 'travelSummary': {'duration': 120, 'length': 144}, 'departure': {'time': '2022-09-29T13:45:00-04:00', 'place': {'name': 'Ashmont', 'type': 'station', 'location': {'lat': 42.283768, 'lng': -71.063191}, 'wheelchairAccessible': 'yes', 'id': '419810087', 'code': '70261'}}, 'arrival': {'time': '2022-09-29T13:47:00-04:00', 'place': {'name': 'Ashmont', 'type': 'station', 'location': {'lat': 42.28452, 'lng': -71.063777}, 'wheelchairAccessible': 'yes', 'id': '419808089'}}, 'transport': {'mode': 'pedestrian'}}, {'id': 'C0-S3', 'type': 'transit', 'travelSummary': {'duration': 1080, 'length': 8597}, 'departure': {'time': '2022-09-29T13:50:00-04:00', 'place': {'name': 'Ashmont', 'type': 'station', 'location': {'lat': 42.28452, 'lng': -71.063777}, 'wheelchairAccessible': 'yes', 'id': '419808089'}, 'delay': 780}, 'arrival': {'time': '2022-09-29T14:08:00-04:00', 'place': {'name': 'South Station', 'type': 'station', 'location': {'lat': 42.352271, 'lng': -71.055242}, 'wheelchairAccessible': 'yes', 'id': '419808186'}, 'delay': 720}, 'transport': {'mode': 'subway', 'name': 'Red Line', 'category': 'Subway, Metro', 'color': '#DA291C', 'textColor': '#FFFFFF', 'headsign': 'Alewife', 'longName': 'Red Line'}, 'agency': {'id': '14811_6b86b27', 'name': 'MBTA', 'website': 'http://www.mbta.com'}}]}]}"
228,Tufts Medical Center,ORANGE,MBTA_NODES,42.34908000685837,-71.06428155130087,POINT (-71.06428155130087 42.34908000685837),200.0,1134.0,"{'routes': [{'id': 'C0', 'sections': [{'id': 'C0-S0', 'type': 'pedestrian', 'travelSummary': {'duration': 240, 'length': 262}, 'departure': {'time': '2022-09-29T13:34:00-04:00', 'place': {'name': 'TuftsMedicalCenter', 'type': 'place', 'location': {'lat': 42.34908, 'lng': -71.064282}}}, 'arrival': {'time': '2022-09-29T13:38:00-04:00', 'place': {'name': 'Kneeland St @ Washington St', 'type': 'station', 'location': {'lat': 42.350845, 'lng': -71.062868}, 'wheelchairAccessible': 'yes', 'id': '419804519', 'code': '6542'}}, 'transport': {'mode': 'pedestrian'}}, {'id': 'C0-S1', 'type': 'transit', 'travelSummary': {'duration': 180, 'length': 604}, 'departure': {'time': '2022-09-29T13:38:00-04:00', 'place': {'name': 'Kneeland St @ Washington St', 'type': 'station', 'location': {'lat': 42.350845, 'lng': -71.062868}, 'wheelchairAccessible': 'yes', 'id': '419804519', 'code': '6542'}, 'delay': 480}, 'arrival': {'time': '2022-09-29T13:41:00-04:00', 'place': {'name': 'Lincoln St @ Essex St', 'type': 'station', 'location': {'lat': 42.352188, 'lng': -71.057992}, 'wheelchairAccessible': 'yes', 'id': '419804523', 'code': '6550'}, 'delay': 480}, 'transport': {'mode': 'bus', 'name': '504', 'category': 'Bus', 'color': '#FFC72C', 'textColor': '#000000', 'headsign': 'Downtown via Copley (Express)', 'shortName': '504', 'longName': 'Watertown Yard - Federal Street & Franklin Street'}, 'agency': {'id': '14811_6b86b27', 'name': 'MBTA', 'website': 'http://www.mbta.com'}}, {'id': 'C0-S2', 'type': 'pedestrian', 'travelSummary': {'duration': 240, 'length': 268}, 'departure': {'time': '2022-09-29T13:41:00-04:00', 'place': {'name': 'Lincoln St @ Essex St', 'type': 'station', 'location': {'lat': 42.352188, 'lng': -71.057992}, 'wheelchairAccessible': 'yes', 'id': '419804523', 'code': '6550'}}, 'arrival': {'time': '2022-09-29T13:45:00-04:00', 'place': {'name': 'SouthStation', 'type': 'place', 'location': {'lat': 42.352593, 'lng': -71.055172}}}, 'transport': {'mode': 'pedestrian'}}]}, {'id': '6c320e0c-9b82-4412-8ae1-8ce0eb943aba', 'sections': [{'id': '777c07f9-8de7-42d1-b47b-6ef83fdb45d1', 'type': 'pedestrian', 'travelSummary': {'duration': 1073, 'length': 1041}, 'departure': {'time': '2022-09-29T13:33:46-04:00', 'place': {'type': 'place', 'location': {'lat': 42.3491633, 'lng': -71.0642372}}}, 'arrival': {'time': '2022-09-29T13:51:39-04:00', 'place': {'type': 'place', 'location': {'lat': 42.3525543, 'lng': -71.0552033}}}, 'transport': {'mode': 'pedestrian'}}]}]}"
229,Waban,GREEN,MBTA_NODES,42.325877716768765,-71.23069341911206,POINT (-71.23069341911206 42.32587771676877),200.0,20852.0,"{'routes': [{'id': 'C0', 'sections': [{'id': 'C0-S0', 'type': 'pedestrian', 'travelSummary': {'duration': 300, 'length': 279}, 'departure': {'time': '2022-09-29T13:38:00-04:00', 'place': {'name': 'Waban', 'type': 'place', 'location': {'lat': 42.325878, 'lng': -71.230693}}}, 'arrival': {'time': '2022-09-29T13:43:00-04:00', 'place': {'name': 'Waban - Beacon St @ Waban', 'type': 'station', 'location': {'lat': 42.326268, 'lng': -71.231039}, 'wheelchairAccessible': 'yes', 'id': '419812895', 'code': '9070164'}}, 'transport': {'mode': 'pedestrian'}}, {'id': 'C0-S1', 'type': 'transit', 'travelSummary': {'duration': 2220, 'length': 16726}, 'departure': {'time': '2022-09-29T13:43:00-04:00', 'place': {'name': 'Waban - Beacon St @ Waban', 'type': 'station', 'location': {'lat': 42.326268, 'lng': -71.231039}, 'wheelchairAccessible': 'yes', 'id': '419812895', 'code': '9070164'}}, 'arrival': {'time': '2022-09-29T14:20:00-04:00', 'place': {'name': 'Kenmore - 512 Commonwealth Ave', 'type': 'station', 'location': {'lat': 42.348712, 'lng': -71.095526}, 'wheelchairAccessible': 'yes', 'id': '419809551', 'code': '9070150'}}, 'transport': {'mode': 'bus', 'name': 'Green Line D Shuttle', 'category': 'Bus', 'color': '#FFC72C', 'textColor': '#000000', 'headsign': 'Kenmore (Shuttle)', 'shortName': 'Green Line D Shuttle', 'longName': 'Riverside - Kenmore'}, 'agency': {'id': '14811_6b86b27', 'name': 'MBTA', 'website': 'http://www.mbta.com'}}, {'id': 'C0-S2', 'type': 'transit', 'travelSummary': {'duration': 780, 'length': 3107}, 'departure': {'time': '2022-09-29T14:22:00-04:00', 'place': {'name': 'Kenmore', 'type': 'station', 'location': {'lat': 42.348949, 'lng': -71.095169}, 'wheelchairAccessible': 'yes', 'id': '419808146'}}, 'arrival': {'time': '2022-09-29T14:35:00-04:00', 'place': {'name': 'Park Street', 'type': 'station', 'location': {'lat': 42.356395, 'lng': -71.062424}, 'wheelchairAccessible': 'yes', 'id': '419810624', 'code': '70200'}}, 'transport': {'mode': 'lightRail', 'name': 'C', 'category': 'Tram, Streetcar, Light rail', 'color': '#00843D', 'textColor': '#FFFFFF', 'headsign': 'Government Center', 'shortName': 'C', 'longName': 'Green Line C'}, 'agency': {'id': '14811_6b86b27', 'name': 'MBTA', 'website': 'http://www.mbta.com'}}, {'id': 'C0-S3', 'type': 'pedestrian', 'travelSummary': {'duration': 720, 'length': 740}, 'departure': {'time': '2022-09-29T14:35:00-04:00', 'place': {'name': 'Park Street', 'type': 'station', 'location': {'lat': 42.356395, 'lng': -71.062424}, 'wheelchairAccessible': 'yes', 'id': '419810624', 'code': '70200'}}, 'arrival': {'time': '2022-09-29T14:47:00-04:00', 'place': {'name': 'SouthStation', 'type': 'place', 'location': {'lat': 42.352593, 'lng': -71.055172}}}, 'transport': {'mode': 'pedestrian'}}]}]}"
230,Kenmore,GREEN,MBTA_NODES,42.34899686543046,-71.09554476667113,POINT (-71.09554476667113 42.34899686543046),200.0,3879.0,"{'routes': [{'id': 'C0', 'sections': [{'id': 'C0-S0', 'type': 'pedestrian', 'travelSummary': {'duration': 0, 'length': 10}, 'departure': {'time': '2022-09-29T13:36:00-04:00', 'place': {'name': 'Kenmore', 'type': 'place', 'location': {'lat': 42.348997, 'lng': -71.095545}}}, 'arrival': {'time': '2022-09-29T13:36:00-04:00', 'place': {'name': 'Kenmore - Busway, Commonwealth Ave', 'type': 'accessPoint', 'location': {'lat': 42.348882, 'lng': -71.09542}, 'wheelchairAccessible': 'yes'}}, 'transport': {'mode': 'pedestrian'}}, {'id': 'C0-S0-arr', 'type': 'pedestrian', 'travelSummary': {'duration': 60, 'length': 22}, 'departure': {'time': '2022-09-29T13:36:00-04:00', 'place': {'name': 'Kenmore - Busway, Commonwealth Ave', 'type': 'accessPoint', 'location': {'lat': 42.348882, 'lng': -71.09542}, 'wheelchairAccessible': 'yes'}}, 'arrival': {'time': '2022-09-29T13:37:00-04:00', 'place': {'name': 'Kenmore', 'type': 'station', 'location': {'lat': 42.348949, 'lng': -71.095169}, 'wheelchairAccessible': 'yes', 'id': '419808146'}}, 'spans': [{'walkAttributes': ['indoor']}], 'transport': {'mode': 'pedestrian'}}, {'id': 'C0-S1', 'type': 'transit', 'travelSummary': {'duration': 540, 'length': 3107}, 'departure': {'time': '2022-09-29T13:37:00-04:00', 'place': {'name': 'Kenmore', 'type': 'station', 'location': {'lat': 42.348949, 'lng': -71.095169}, 'wheelchairAccessible': 'yes', 'id': '419808146'}, 'delay': 0}, 'arrival': {'time': '2022-09-29T13:46:00-04:00', 'place': {'name': 'Park Street', 'type': 'station', 'location': {'lat': 42.356395, 'lng': -71.062424}, 'wheelchairAccessible': 'yes', 'id': '419810624', 'code': '70200'}, 'delay': -240}, 'transport': {'mode': 'lightRail', 'name': 'B', 'category': 'Tram, Streetcar, Light rail', 'color': '#00843D', 'textColor': '#FFFFFF', 'headsign': 'Government Center', 'shortName': 'B', 'longName': 'Green Line B'}, 'agency': {'id': '14811_6b86b27', 'name': 'MBTA', 'website': 'http://www.mbta.com'}}, {'id': 'C0-S2', 'type': 'pedestrian', 'travelSummary': {'duration': 720, 'length': 740}, 'departure': {'time': '2022-09-29T13:46:00-04:00', 'place': {'name': 'Park Street', 'type': 'station', 'location': {'lat': 42.356395, 'lng': -71.062424}, 'wheelchairAccessible': 'yes', 'id': '419810624', 'code': '70200'}}, 'arrival': {'time': '2022-09-29T13:58:00-04:00', 'place': {'name': 'SouthStation', 'type': 'place', 'location': {'lat': 42.352593, 'lng': -71.055172}}}, 'transport': {'mode': 'pedestrian'}}]}]}"
231,Arlington,GREEN,MBTA_NODES,42.35176844680471,-71.07098957216165,POINT (-71.07098957216165 42.35176844680471),200.0,1884.0,"{'routes': [{'id': 'C0', 'sections': [{'id': 'C0-S0', 'type': 'pedestrian', 'travelSummary': {'duration': 0, 'length': 22}, 'departure': {'time': '2022-09-29T13:33:00-04:00', 'place': {'name': 'Arlington', 'type': 'place', 'location': {'lat': 42.351768, 'lng': -71.07099}}}, 'arrival': {'time': '2022-09-29T13:33:00-04:00', 'place': {'name': 'Arlington - Elevator, Boylston St', 'type': 'accessPoint', 'location': {'lat': 42.351796, 'lng': -71.07128}, 'wheelchairAccessible': 'yes'}}, 'transport': {'mode': 'pedestrian'}}, {'id': 'C0-S0-arr', 'type': 'pedestrian', 'travelSummary': {'duration': 60, 'length': 34}, 'departure': {'time': '2022-09-29T13:33:00-04:00', 'place': {'name': 'Arlington - Elevator, Boylston St', 'type': 'accessPoint', 'location': {'lat': 42.351796, 'lng': -71.07128}, 'wheelchairAccessible': 'yes'}}, 'arrival': {'time': '2022-09-29T13:34:00-04:00', 'place': {'name': 'Arlington', 'type': 'station', 'location': {'lat': 42.351902, 'lng': -71.070893}, 'wheelchairAccessible': 'yes', 'id': '419809995', 'code': '70156'}}, 'spans': [{'walkAttributes': ['indoor']}], 'transport': {'mode': 'pedestrian'}}, {'id': 'C0-S1', 'type': 'transit', 'travelSummary': {'duration': 180, 'length': 986}, 'departure': {'time': '2022-09-29T13:34:00-04:00', 'place': {'name': 'Arlington', 'type': 'station', 'location': {'lat': 42.351902, 'lng': -71.070893}, 'wheelchairAccessible': 'yes', 'id': '419809995', 'code': '70156'}, 'delay': 360}, 'arrival': {'time': '2022-09-29T13:37:00-04:00', 'place': {'name': 'Park Street', 'type': 'station', 'location': {'lat': 42.356395, 'lng': -71.062424}, 'wheelchairAccessible': 'yes', 'id': '419810624', 'code': '70200'}, 'delay': 240}, 'transport': {'mode': 'lightRail', 'name': 'C', 'category': 'Tram, Streetcar, Light rail', 'color': '#00843D', 'textColor': '#FFFFFF', 'headsign': 'Government Center', 'shortName': 'C', 'longName': 'Green Line C'}, 'agency': {'id': '14811_6b86b27', 'name': 'MBTA', 'website': 'http://www.mbta.com'}}, {'id': 'C0-S2', 'type': 'pedestrian', 'travelSummary': {'duration': 120, 'length': 133}, 'departure': {'time': '2022-09-29T13:37:00-04:00', 'place': {'name': 'Park Street', 'type': 'station', 'location': {'lat': 42.356395, 'lng': -71.062424}, 'wheelchairAccessible': 'yes', 'id': '419810624', 'code': '70200'}}, 'arrival': {'time': '2022-09-29T13:39:00-04:00', 'place': {'name': 'Park Street', 'type': 'station', 'location': {'lat': 42.356395, 'lng': -71.062424}, 'wheelchairAccessible': 'yes', 'id': '419810616', 'code': '70075'}}, 'transport': {'mode': 'pedestrian'}}, {'id': 'C0-S3', 'type': 'transit', 'travelSummary': {'duration': 60, 'length': 709}, 'departure': {'time': '2022-09-29T13:39:00-04:00', 'place': {'name': 'Park Street', 'type': 'station', 'location': {'lat': 42.356395, 'lng': -71.062424}, 'wheelchairAccessible': 'yes', 'id': '419810616', 'code': '70075'}, 'delay': -660}, 'arrival': {'time': '2022-09-29T13:40:00-04:00', 'place': {'name': 'South Station', 'type': 'station', 'location': {'lat': 42.352271, 'lng': -71.055242}, 'wheelchairAccessible': 'yes', 'id': '419808186'}, 'delay': -780}, 'transport': {'mode': 'subway', 'name': 'Red Line', 'category': 'Subway, Metro', 'color': '#DA291C', 'textColor': '#FFFFFF', 'headsign': 'Ashmont', 'longName': 'Red Line'}, 'agency': {'id': '14811_6b86b27', 'name': 'MBTA', 'website': 'http://www.mbta.com'}}]}, {'id': '4eeed7b1-eac1-4f50-8c95-13a970615119', 'sections': [{'id': 'b678583f-dcb7-4b01-be83-280017b9dcf8', 'type': 'pedestrian', 'travelSummary': {'duration': 1350, 'length': 1333}, 'departure': {'time': '2022-09-29T13:33:50-04:00', 'place': {'type': 'place', 'location': {'lat': 42.3518, 'lng': -71.071}}}, 'arrival': {'time': '2022-09-29T13:56:20-04:00', 'place': {'type': 'place', 'location': {'lat': 42.3525543, 'lng': -71.0552033}}}, 'transport': {'mode': 'pedestrian'}}]}]}"
232,Copley,GREEN,MBTA_NODES,42.349907595828256,-71.07797545349253,POINT (-71.07797545349253 42.34990759582826),200.0,2501.0,"{'routes': [{'id': 'C0', 'sections': [{'id': 'C0-S0', 'type': 'pedestrian', 'travelSummary': {'duration': 360, 'length': 384}, 'departure': {'time': '2022-09-29T13:33:00-04:00', 'place': {'name': 'Copley', 'type': 'place', 'location': {'lat': 42.349908, 'lng': -71.077975}}}, 'arrival': {'time': '2022-09-29T13:39:00-04:00', 'place': {'name': 'Back Bay', 'type': 'station', 'location': {'lat': 42.34735, 'lng': -71.075727}, 'wheelchairAccessible': 'yes', 'id': '419808092'}}, 'transport': {'mode': 'pedestrian'}}, {'id': 'C0-S1', 'type': 'transit', 'travelSummary': {'duration': 360, 'length': 2117}, 'departure': {'time': '2022-09-29T13:39:00-04:00', 'place': {'name': 'Back Bay', 'type': 'station', 'location': {'lat': 42.34735, 'lng': -71.075727}, 'wheelchairAccessible': 'yes', 'id': '419808092'}, 'delay': -60}, 'arrival': {'time': '2022-09-29T13:45:00-04:00', 'place': {'name': 'South Station', 'type': 'station', 'location': {'lat': 42.352271, 'lng': -71.055242}, 'wheelchairAccessible': 'yes', 'id': '419808186'}, 'delay': 0}, 'transport': {'mode': 'regionalTrain', 'name': 'Needham Line', 'category': 'Rail', 'color': '#80276C', 'textColor': '#FFFFFF', 'headsign': 'South Station via Back Bay', 'longName': 'Needham Line'}, 'agency': {'id': '14811_6b86b27', 'name': 'MBTA', 'website': 'http://www.mbta.com'}}]}, {'id': '97e4f5b4-f51b-469d-b9b1-a752a4c13fb3', 'sections': [{'id': 'c92e2e9e-d342-4f5f-b383-397c276c9959', 'type': 'pedestrian', 'travelSummary': {'duration': 1961, 'length': 1944}, 'departure': {'time': '2022-09-29T13:33:52-04:00', 'place': {'type': 'place', 'location': {'lat': 42.3499096, 'lng': -71.0779759}}}, 'arrival': {'time': '2022-09-29T14:06:33-04:00', 'place': {'type': 'place', 'location': {'lat': 42.3525543, 'lng': -71.0552033}}}, 'transport': {'mode': 'pedestrian'}}]}]}"
233,Boylston,GREEN,MBTA_NODES,42.35302131572675,-71.06460214049746,POINT (-71.06460214049746 42.35302131572675),200.0,1234.0,"{'routes': [{'id': 'C0', 'sections': [{'id': 'C0-S1', 'type': 'transit', 'travelSummary': {'duration': 60, 'length': 392}, 'departure': {'time': '2022-09-29T13:33:00-04:00', 'place': {'name': 'Boylston', 'type': 'station', 'location': {'lat': 42.353214, 'lng': -71.064545}, 'wheelchairAccessible': 'no', 'id': '419809998', 'code': '70159'}, 'delay': 0, 'status': 'additional'}, 'arrival': {'time': '2022-09-29T13:34:00-04:00', 'place': {'name': 'Park Street', 'type': 'station', 'location': {'lat': 42.356395, 'lng': -71.062424}, 'wheelchairAccessible': 'yes', 'id': '419810624', 'code': '70200'}, 'delay': 0, 'status': 'additional'}, 'transport': {'mode': 'lightRail', 'name': 'B', 'category': 'Tram, Streetcar, Light rail', 'color': '#00843D', 'textColor': '#FFFFFF', 'headsign': 'Government Center', 'shortName': 'B', 'longName': 'Green Line B'}, 'agency': {'id': '14811_6b86b27', 'name': 'MBTA', 'website': 'http://www.mbta.com'}}, {'id': 'C0-S2', 'type': 'pedestrian', 'travelSummary': {'duration': 120, 'length': 133}, 'departure': {'time': '2022-09-29T13:34:00-04:00', 'place': {'name': 'Park Street', 'type': 'station', 'location': {'lat': 42.356395, 'lng': -71.062424}, 'wheelchairAccessible': 'yes', 'id': '419810624', 'code': '70200'}}, 'arrival': {'time': '2022-09-29T13:36:00-04:00', 'place': {'name': 'Park Street', 'type': 'station', 'location': {'lat': 42.356395, 'lng': -71.062424}, 'wheelchairAccessible': 'yes', 'id': '419810616', 'code': '70075'}}, 'transport': {'mode': 'pedestrian'}}, {'id': 'C0-S3', 'type': 'transit', 'travelSummary': {'duration': 60, 'length': 709}, 'departure': {'time': '2022-09-29T13:37:00-04:00', 'place': {'name': 'Park Street', 'type': 'station', 'location': {'lat': 42.356395, 'lng': -71.062424}, 'wheelchairAccessible': 'yes', 'id': '419810616', 'code': '70075'}, 'delay': -360}, 'arrival': {'time': '2022-09-29T13:38:00-04:00', 'place': {'name': 'South Station', 'type': 'station', 'location': {'lat': 42.352271, 'lng': -71.055242}, 'wheelchairAccessible': 'yes', 'id': '419808186'}, 'delay': -480}, 'transport': {'mode': 'subway', 'name': 'Red Line', 'category': 'Subway, Metro', 'color': '#DA291C', 'textColor': '#FFFFFF', 'headsign': 'Braintree', 'longName': 'Red Line'}, 'agency': {'id': '14811_6b86b27', 'name': 'MBTA', 'website': 'http://www.mbta.com'}}]}, {'id': '973a42e0-863b-4a91-aa16-21a028f0380b', 'sections': [{'id': '6eddd54a-dc2b-40c6-87f9-90cde6139544', 'type': 'pedestrian', 'travelSummary': {'duration': 884, 'length': 866}, 'departure': {'time': '2022-09-29T13:33:53-04:00', 'place': {'type': 'place', 'location': {'lat': 42.35297, 'lng': -71.0647}}}, 'arrival': {'time': '2022-09-29T13:48:37-04:00', 'place': {'type': 'place', 'location': {'lat': 42.3525543, 'lng': -71.0552033}}}, 'transport': {'mode': 'pedestrian'}}]}]}"
234,Chinatown,ORANGE,MBTA_NODES,42.35247413411853,-71.06258053989707,POINT (-71.06258053989707 42.35247413411853),200.0,931.0,"{'routes': [{'id': 'C0', 'sections': [{'id': 'C0-S0', 'type': 'pedestrian', 'travelSummary': {'duration': 360, 'length': 366}, 'departure': {'time': '2022-09-29T13:37:00-04:00', 'place': {'name': 'Chinatown', 'type': 'place', 'location': {'lat': 42.352474, 'lng': -71.06258}}}, 'arrival': {'time': '2022-09-29T13:43:00-04:00', 'place': {'name': ""Downtown Crossing - Macy's"", 'type': 'accessPoint', 'location': {'lat': 42.355253, 'lng': -71.060521}, 'wheelchairAccessible': 'yes'}}, 'transport': {'mode': 'pedestrian'}}, {'id': 'C0-S0-arr', 'type': 'pedestrian', 'travelSummary': {'duration': 60, 'length': 38}, 'departure': {'time': '2022-09-29T13:43:00-04:00', 'place': {'name': ""Downtown Crossing - Macy's"", 'type': 'accessPoint', 'location': {'lat': 42.355253, 'lng': -71.060521}, 'wheelchairAccessible': 'yes'}}, 'arrival': {'time': '2022-09-29T13:44:00-04:00', 'place': {'name': 'Downtown Crossing', 'type': 'station', 'location': {'lat': 42.355518, 'lng': -71.060225}, 'wheelchairAccessible': 'yes', 'id': '419809874', 'code': '70020'}}, 'spans': [{'walkAttributes': ['indoor']}], 'transport': {'mode': 'pedestrian'}}, {'id': 'C0-S1', 'type': 'transit', 'travelSummary': {'duration': 60, 'length': 527}, 'departure': {'time': '2022-09-29T13:44:00-04:00', 'place': {'name': 'Downtown Crossing', 'type': 'station', 'location': {'lat': 42.355518, 'lng': -71.060225}, 'wheelchairAccessible': 'yes', 'id': '419809874', 'code': '70020'}, 'delay': 900}, 'arrival': {'time': '2022-09-29T13:45:00-04:00', 'place': {'name': 'South Station', 'type': 'station', 'location': {'lat': 42.352271, 'lng': -71.055242}, 'wheelchairAccessible': 'yes', 'id': '419808186'}, 'delay': 840}, 'transport': {'mode': 'subway', 'name': 'Red Line', 'category': 'Subway, Metro', 'color': '#DA291C', 'textColor': '#FFFFFF', 'headsign': 'Braintree', 'longName': 'Red Line'}, 'agency': {'id': '14811_6b86b27', 'name': 'MBTA', 'website': 'http://www.mbta.com'}}]}, {'id': '8ec8ca8e-aa7d-4aef-b49a-c782fdf8c655', 'sections': [{'id': '31f03439-15c2-49d9-9bfc-a906f80a95ed', 'type': 'pedestrian', 'travelSummary': {'duration': 666, 'length': 641}, 'departure': {'time': '2022-09-29T13:33:54-04:00', 'place': {'type': 'place', 'location': {'lat': 42.3524745, 'lng': -71.062593}}}, 'arrival': {'time': '2022-09-29T13:45:00-04:00', 'place': {'type': 'place', 'location': {'lat': 42.3525543, 'lng': -71.0552033}}}, 'transport': {'mode': 'pedestrian'}}]}]}"
235,Haymarket,GREEN/ORANGE,MBTA_NODES,42.36247252030301,-71.05785165728992,POINT (-71.05785165728992 42.36247252030301),200.0,1573.0,"{'routes': [{'id': 'C0', 'sections': [{'id': 'C0-S0', 'type': 'pedestrian', 'travelSummary': {'duration': 120, 'length': 94}, 'departure': {'time': '2022-09-29T13:37:00-04:00', 'place': {'name': 'Haymarket', 'type': 'place', 'location': {'lat': 42.362473, 'lng': -71.057852}}}, 'arrival': {'time': '2022-09-29T13:39:00-04:00', 'place': {'name': 'Haymarket - Rmv, Sudbury St, New Chardon St', 'type': 'accessPoint', 'location': {'lat': 42.3629, 'lng': -71.058138}, 'wheelchairAccessible': 'yes'}}, 'transport': {'mode': 'pedestrian'}}, {'id': 'C0-S0-arr', 'type': 'pedestrian', 'travelSummary': {'duration': 60, 'length': 18}, 'departure': {'time': '2022-09-29T13:39:00-04:00', 'place': {'name': 'Haymarket - Rmv, Sudbury St, New Chardon St', 'type': 'accessPoint', 'location': {'lat': 42.3629, 'lng': -71.058138}, 'wheelchairAccessible': 'yes'}}, 'arrival': {'time': '2022-09-29T13:40:00-04:00', 'place': {'name': 'Haymarket', 'type': 'station', 'location': {'lat': 42.363021, 'lng': -71.05829}, 'wheelchairAccessible': 'yes', 'id': '419809878', 'code': '70024'}}, 'spans': [{'walkAttributes': ['indoor']}], 'transport': {'mode': 'pedestrian'}}, {'id': 'C0-S1', 'type': 'transit', 'travelSummary': {'duration': 0, 'length': 921}, 'departure': {'time': '2022-09-29T13:40:00-04:00', 'place': {'name': 'Haymarket', 'type': 'station', 'location': {'lat': 42.363021, 'lng': -71.05829}, 'wheelchairAccessible': 'yes', 'id': '419809878', 'code': '70024'}, 'delay': 2520}, 'arrival': {'time': '2022-09-29T13:40:00-04:00', 'place': {'name': 'Downtown Crossing', 'type': 'station', 'location': {'lat': 42.355518, 'lng': -71.060225}, 'wheelchairAccessible': 'yes', 'id': '419809874', 'code': '70020'}, 'delay': 2340}, 'transport': {'mode': 'subway', 'name': 'Orange Line', 'category': 'Subway, Metro', 'color': '#ED8B00', 'textColor': '#FFFFFF', 'headsign': 'Forest Hills', 'longName': 'Orange Line'}, 'agency': {'id': '14811_6b86b27', 'name': 'MBTA', 'website': 'http://www.mbta.com'}}, {'id': 'C0-S2-dep', 'type': 'pedestrian', 'travelSummary': {'duration': 120, 'length': 97}, 'departure': {'time': '2022-09-29T13:40:00-04:00', 'place': {'name': 'Downtown Crossing', 'type': 'station', 'location': {'lat': 42.355518, 'lng': -71.060225}, 'wheelchairAccessible': 'yes', 'id': '419809874', 'code': '70020'}}, 'arrival': {'time': '2022-09-29T13:42:00-04:00', 'place': {'name': 'Downtown Crossing - 101 Arch St, Summer St', 'type': 'accessPoint', 'location': {'lat': 42.354843, 'lng': -71.05948}, 'wheelchairAccessible': 'yes'}}, 'spans': [{'walkAttributes': ['indoor']}], 'transport': {'mode': 'pedestrian'}}, {'id': 'C0-S2', 'type': 'pedestrian', 'travelSummary': {'duration': 420, 'length': 443}, 'departure': {'time': '2022-09-29T13:42:00-04:00', 'place': {'name': 'Downtown Crossing - 101 Arch St, Summer St', 'type': 'accessPoint', 'location': {'lat': 42.354843, 'lng': -71.05948}, 'wheelchairAccessible': 'yes'}}, 'arrival': {'time': '2022-09-29T13:49:00-04:00', 'place': {'name': 'SouthStation', 'type': 'place', 'location': {'lat': 42.352593, 'lng': -71.055172}}}, 'transport': {'mode': 'pedestrian'}}]}, {'id': 'a5540541-d17a-448b-89c8-8135bd1619cf', 'sections': [{'id': '928ad91a-64b6-47ba-bd05-05bb784866f9', 'type': 'pedestrian', 'travelSummary': {'duration': 1335, 'length': 1283}, 'departure': {'time': '2022-09-29T13:33:56-04:00', 'place': {'type': 'place', 'location': {'lat': 42.362605, 'lng': -71.0579412}}}, 'arrival': {'time': '2022-09-29T13:56:11-04:00', 'place': {'type': 'place', 'location': {'lat': 42.3525543, 'lng': -71.0552033}}}, 'transport': {'mode': 'pedestrian'}}]}]}"
236,North Station,GREEN/ORANGE,MBTA_NODES,42.36514376184872,-71.05998293491109,POINT (-71.05998293491109 42.36514376184872),200.0,1944.0,"{'routes': [{'id': 'C0', 'sections': [{'id': 'C0-S0', 'type': 'pedestrian', 'travelSummary': {'duration': 60, 'length': 57}, 'departure': {'time': '2022-09-29T13:38:00-04:00', 'place': {'name': 'NorthStation', 'type': 'place', 'location': {'lat': 42.365144, 'lng': -71.059983}}}, 'arrival': {'time': '2022-09-29T13:39:00-04:00', 'place': {'name': 'North Station - Causeway St, Haverhill St', 'type': 'accessPoint', 'location': {'lat': 42.365496, 'lng': -71.06049}, 'wheelchairAccessible': 'no'}}, 'transport': {'mode': 'pedestrian'}}, {'id': 'C0-S0-arr', 'type': 'pedestrian', 'travelSummary': {'duration': 60, 'length': 66}, 'departure': {'time': '2022-09-29T13:39:00-04:00', 'place': {'name': 'North Station - Causeway St, Haverhill St', 'type': 'accessPoint', 'location': {'lat': 42.365496, 'lng': -71.06049}, 'wheelchairAccessible': 'no'}}, 'arrival': {'time': '2022-09-29T13:40:00-04:00', 'place': {'name': 'North Station', 'type': 'station', 'location': {'lat': 42.365577, 'lng': -71.06129}, 'wheelchairAccessible': 'yes', 'id': '419808162'}}, 'spans': [{'walkAttributes': ['indoor']}], 'transport': {'mode': 'pedestrian'}}, {'id': 'C0-S1', 'type': 'transit', 'travelSummary': {'duration': 0, 'length': 1281}, 'departure': {'time': '2022-09-29T13:40:00-04:00', 'place': {'name': 'North Station', 'type': 'station', 'location': {'lat': 42.365577, 'lng': -71.06129}, 'wheelchairAccessible': 'yes', 'id': '419808162'}, 'delay': 2580}, 'arrival': {'time': '2022-09-29T13:40:00-04:00', 'place': {'name': 'Downtown Crossing', 'type': 'station', 'location': {'lat': 42.355518, 'lng': -71.060225}, 'wheelchairAccessible': 'yes', 'id': '419809874', 'code': '70020'}, 'delay': 2340}, 'transport': {'mode': 'subway', 'name': 'Orange Line', 'category': 'Subway, Metro', 'color': '#ED8B00', 'textColor': '#FFFFFF', 'headsign': 'Forest Hills', 'longName': 'Orange Line'}, 'agency': {'id': '14811_6b86b27', 'name': 'MBTA', 'website': 'http://www.mbta.com'}}, {'id': 'C0-S2-dep', 'type': 'pedestrian', 'travelSummary': {'duration': 120, 'length': 97}, 'departure': {'time': '2022-09-29T13:40:00-04:00', 'place': {'name': 'Downtown Crossing', 'type': 'station', 'location': {'lat': 42.355518, 'lng': -71.060225}, 'wheelchairAccessible': 'yes', 'id': '419809874', 'code': '70020'}}, 'arrival': {'time': '2022-09-29T13:42:00-04:00', 'place': {'name': 'Downtown Crossing - 101 Arch St, Summer St', 'type': 'accessPoint', 'location': {'lat': 42.354843, 'lng': -71.05948}, 'wheelchairAccessible': 'yes'}}, 'spans': [{'walkAttributes': ['indoor']}], 'transport': {'mode': 'pedestrian'}}, {'id': 'C0-S2', 'type': 'pedestrian', 'travelSummary': {'duration': 420, 'length': 443}, 'departure': {'time': '2022-09-29T13:42:00-04:00', 'place': {'name': 'Downtown Crossing - 101 Arch St, Summer St', 'type': 'accessPoint', 'location': {'lat': 42.354843, 'lng': -71.05948}, 'wheelchairAccessible': 'yes'}}, 'arrival': {'time': '2022-09-29T13:49:00-04:00', 'place': {'name': 'SouthStation', 'type': 'place', 'location': {'lat': 42.352593, 'lng': -71.055172}}}, 'transport': {'mode': 'pedestrian'}}]}, {'id': '93efe64e-8d65-40cf-a0a3-d8ad51c72d93', 'sections': [{'id': 'ab221aab-1395-4dd3-8621-a2fec6e92dc1', 'type': 'pedestrian', 'travelSummary': {'duration': 1728, 'length': 1645}, 'departure': {'time': '2022-09-29T13:33:57-04:00', 'place': {'type': 'place', 'location': {'lat': 42.3651353, 'lng': -71.0599975}}}, 'arrival': {'time': '2022-09-29T14:02:45-04:00', 'place': {'type': 'place', 'location': {'lat': 42.3525543, 'lng': -71.0552033}}}, 'transport': {'mode': 'pedestrian'}}]}]}"
237,Davis,RED,MBTA_NODES,42.39675185636227,-71.12223401928372,POINT (-71.12223401928372 42.39675185636227),200.0,8673.0,"{'routes': [{'id': 'C0', 'sections': [{'id': 'C0-S1', 'type': 'transit', 'travelSummary': {'duration': 300, 'length': 8673}, 'departure': {'time': '2022-09-29T13:35:00-04:00', 'place': {'name': 'Davis', 'type': 'station', 'location': {'lat': 42.39674, 'lng': -71.121815}, 'wheelchairAccessible': 'yes', 'id': '419809912', 'code': '70063'}, 'delay': 60}, 'arrival': {'time': '2022-09-29T13:40:00-04:00', 'place': {'name': 'South Station', 'type': 'station', 'location': {'lat': 42.352271, 'lng': -71.055242}, 'wheelchairAccessible': 'yes', 'id': '419808186'}, 'delay': -780}, 'transport': {'mode': 'subway', 'name': 'Red Line', 'category': 'Subway, Metro', 'color': '#DA291C', 'textColor': '#FFFFFF', 'headsign': 'Ashmont', 'longName': 'Red Line'}, 'agency': {'id': '14811_6b86b27', 'name': 'MBTA', 'website': 'http://www.mbta.com'}}]}]}"
238,South Station,RED,MBTA_NODES,42.35259298206998,-71.05517164043283,POINT (-71.05517164043283 42.35259298206998),200.0,,"{'notices': [{'title': 'Departure and arrival locations are too close', 'code': 'departureArrivalTooClose'}, {'title': 'Route between origin and destination is not possible given current input parameters', 'code': 'noRouteFound'}, {'title': 'This notice is deprecated, see noRouteFound', 'code': 'noRoutesFound'}], 'routes': []}"
239,Oak Grove,ORANGE,MBTA_NODES,42.43750459735951,-71.07082632876849,POINT (-71.07082632876849 42.43750459735951),200.0,10773.0,"{'routes': [{'id': 'C0', 'sections': [{'id': 'C0-S0', 'type': 'pedestrian', 'travelSummary': {'duration': 420, 'length': 420}, 'departure': {'time': '2022-09-29T13:42:00-04:00', 'place': {'name': 'OakGrove', 'type': 'place', 'location': {'lat': 42.437505, 'lng': -71.070826}}}, 'arrival': {'time': '2022-09-29T13:49:00-04:00', 'place': {'name': 'Oak Grove - Banks Place', 'type': 'accessPoint', 'location': {'lat': 42.436859, 'lng': -71.070343}, 'wheelchairAccessible': 'yes'}}, 'transport': {'mode': 'pedestrian'}}, {'id': 'C0-S0-arr', 'type': 'pedestrian', 'travelSummary': {'duration': 60, 'length': 65}, 'departure': {'time': '2022-09-29T13:49:00-04:00', 'place': {'name': 'Oak Grove - Banks Place', 'type': 'accessPoint', 'location': {'lat': 42.436859, 'lng': -71.070343}, 'wheelchairAccessible': 'yes'}}, 'arrival': {'time': '2022-09-29T13:50:00-04:00', 'place': {'name': 'Oak Grove', 'type': 'station', 'location': {'lat': 42.43668, 'lng': -71.071097}, 'wheelchairAccessible': 'yes', 'id': '419808165'}}, 'spans': [{'walkAttributes': ['indoor']}], 'transport': {'mode': 'pedestrian'}}, {'id': 'C0-S1', 'type': 'transit', 'travelSummary': {'duration': 120, 'length': 9748}, 'departure': {'time': '2022-09-29T13:50:00-04:00', 'place': {'name': 'Oak Grove', 'type': 'station', 'location': {'lat': 42.43668, 'lng': -71.071097}, 'wheelchairAccessible': 'yes', 'id': '419808165'}, 'delay': 3360}, 'arrival': {'time': '2022-09-29T13:52:00-04:00', 'place': {'name': 'Downtown Crossing', 'type': 'station', 'location': {'lat': 42.355518, 'lng': -71.060225}, 'wheelchairAccessible': 'yes', 'id': '419809874', 'code': '70020'}, 'delay': 2460}, 'transport': {'mode': 'subway', 'name': 'Orange Line', 'category': 'Subway, Metro', 'color': '#ED8B00', 'textColor': '#FFFFFF', 'headsign': 'Forest Hills', 'longName': 'Orange Line'}, 'agency': {'id': '14811_6b86b27', 'name': 'MBTA', 'website': 'http://www.mbta.com'}}, {'id': 'C0-S2-dep', 'type': 'pedestrian', 'travelSummary': {'duration': 120, 'length': 97}, 'departure': {'time': '2022-09-29T13:52:00-04:00', 'place': {'name': 'Downtown Crossing', 'type': 'station', 'location': {'lat': 42.355518, 'lng': -71.060225}, 'wheelchairAccessible': 'yes', 'id': '419809874', 'code': '70020'}}, 'arrival': {'time': '2022-09-29T13:54:00-04:00', 'place': {'name': 'Downtown Crossing - 101 Arch St, Summer St', 'type': 'accessPoint', 'location': {'lat': 42.354843, 'lng': -71.05948}, 'wheelchairAccessible': 'yes'}}, 'spans': [{'walkAttributes': ['indoor']}], 'transport': {'mode': 'pedestrian'}}, {'id': 'C0-S2', 'type': 'pedestrian', 'travelSummary': {'duration': 420, 'length': 443}, 'departure': {'time': '2022-09-29T13:54:00-04:00', 'place': {'name': 'Downtown Crossing - 101 Arch St, Summer St', 'type': 'accessPoint', 'location': {'lat': 42.354843, 'lng': -71.05948}, 'wheelchairAccessible': 'yes'}}, 'arrival': {'time': '2022-09-29T14:01:00-04:00', 'place': {'name': 'SouthStation', 'type': 'place', 'location': {'lat': 42.352593, 'lng': -71.055172}}}, 'transport': {'mode': 'pedestrian'}}]}]}"
240,Malden Center,ORANGE,MBTA_NODES,42.42658098096967,-71.07431521595218,POINT (-71.07431521595218 42.42658098096967),200.0,9208.0,"{'routes': [{'id': 'C0', 'sections': [{'id': 'C0-S0', 'type': 'pedestrian', 'travelSummary': {'duration': 60, 'length': 39}, 'departure': {'time': '2022-09-29T13:37:00-04:00', 'place': {'name': 'MaldenCenter', 'type': 'place', 'location': {'lat': 42.426581, 'lng': -71.074315}}}, 'arrival': {'time': '2022-09-29T13:38:00-04:00', 'place': {'name': 'Malden Center - Commercial St, Malden Government Center', 'type': 'accessPoint', 'location': {'lat': 42.426814, 'lng': -71.073983}, 'wheelchairAccessible': 'no'}}, 'transport': {'mode': 'pedestrian'}}, {'id': 'C0-S0-arr', 'type': 'pedestrian', 'travelSummary': {'duration': 60, 'length': 23}, 'departure': {'time': '2022-09-29T13:38:00-04:00', 'place': {'name': 'Malden Center - Commercial St, Malden Government Center', 'type': 'accessPoint', 'location': {'lat': 42.426814, 'lng': -71.073983}, 'wheelchairAccessible': 'no'}}, 'arrival': {'time': '2022-09-29T13:39:00-04:00', 'place': {'name': 'Malden Center', 'type': 'station', 'location': {'lat': 42.426632, 'lng': -71.07411}, 'wheelchairAccessible': 'yes', 'id': '419808158'}}, 'spans': [{'walkAttributes': ['indoor']}], 'transport': {'mode': 'pedestrian'}}, {'id': 'C0-S1', 'type': 'transit', 'travelSummary': {'duration': 60, 'length': 8606}, 'departure': {'time': '2022-09-29T13:39:00-04:00', 'place': {'name': 'Malden Center', 'type': 'station', 'location': {'lat': 42.426632, 'lng': -71.07411}, 'wheelchairAccessible': 'yes', 'id': '419808158'}, 'delay': 3240}, 'arrival': {'time': '2022-09-29T13:40:00-04:00', 'place': {'name': 'Downtown Crossing', 'type': 'station', 'location': {'lat': 42.355518, 'lng': -71.060225}, 'wheelchairAccessible': 'yes', 'id': '419809874', 'code': '70020'}, 'delay': 2340}, 'transport': {'mode': 'subway', 'name': 'Orange Line', 'category': 'Subway, Metro', 'color': '#ED8B00', 'textColor': '#FFFFFF', 'headsign': 'Forest Hills', 'longName': 'Orange Line'}, 'agency': {'id': '14811_6b86b27', 'name': 'MBTA', 'website': 'http://www.mbta.com'}}, {'id': 'C0-S2-dep', 'type': 'pedestrian', 'travelSummary': {'duration': 120, 'length': 97}, 'departure': {'time': '2022-09-29T13:40:00-04:00', 'place': {'name': 'Downtown Crossing', 'type': 'station', 'location': {'lat': 42.355518, 'lng': -71.060225}, 'wheelchairAccessible': 'yes', 'id': '419809874', 'code': '70020'}}, 'arrival': {'time': '2022-09-29T13:42:00-04:00', 'place': {'name': 'Downtown Crossing - 101 Arch St, Summer St', 'type': 'accessPoint', 'location': {'lat': 42.354843, 'lng': -71.05948}, 'wheelchairAccessible': 'yes'}}, 'spans': [{'walkAttributes': ['indoor']}], 'transport': {'mode': 'pedestrian'}}, {'id': 'C0-S2', 'type': 'pedestrian', 'travelSummary': {'duration': 420, 'length': 443}, 'departure': {'time': '2022-09-29T13:42:00-04:00', 'place': {'name': 'Downtown Crossing - 101 Arch St, Summer St', 'type': 'accessPoint', 'location': {'lat': 42.354843, 'lng': -71.05948}, 'wheelchairAccessible': 'yes'}}, 'arrival': {'time': '2022-09-29T13:49:00-04:00', 'place': {'name': 'SouthStation', 'type': 'place', 'location': {'lat': 42.352593, 'lng': -71.055172}}}, 'transport': {'mode': 'pedestrian'}}]}]}"
241,Wellington,ORANGE,MBTA_NODES,42.40174005251536,-71.07711743873362,POINT (-71.07711743873362 42.40174005251536),200.0,7190.0,"{'routes': [{'id': 'C0', 'sections': [{'id': 'C0-S0', 'type': 'pedestrian', 'travelSummary': {'duration': 540, 'length': 529}, 'departure': {'time': '2022-09-29T13:38:00-04:00', 'place': {'name': 'Wellington', 'type': 'place', 'location': {'lat': 42.40174, 'lng': -71.077117}}}, 'arrival': {'time': '2022-09-29T13:47:00-04:00', 'place': {'name': 'Wellington - Station Landing, Garage', 'type': 'accessPoint', 'location': {'lat': 42.402461, 'lng': -71.080092}, 'wheelchairAccessible': 'yes'}}, 'transport': {'mode': 'pedestrian'}}, {'id': 'C0-S0-arr', 'type': 'pedestrian', 'travelSummary': {'duration': 240, 'length': 247}, 'departure': {'time': '2022-09-29T13:47:00-04:00', 'place': {'name': 'Wellington - Station Landing, Garage', 'type': 'accessPoint', 'location': {'lat': 42.402461, 'lng': -71.080092}, 'wheelchairAccessible': 'yes'}}, 'arrival': {'time': '2022-09-29T13:51:00-04:00', 'place': {'name': 'Wellington', 'type': 'station', 'location': {'lat': 42.40237, 'lng': -71.077082}, 'wheelchairAccessible': 'yes', 'id': '419808199'}}, 'spans': [{'walkAttributes': ['indoor']}], 'transport': {'mode': 'pedestrian'}}, {'id': 'C0-S1', 'type': 'transit', 'travelSummary': {'duration': 60, 'length': 5874}, 'departure': {'time': '2022-09-29T13:51:00-04:00', 'place': {'name': 'Wellington', 'type': 'station', 'location': {'lat': 42.40237, 'lng': -71.077082}, 'wheelchairAccessible': 'yes', 'id': '419808199', 'platform': '1'}, 'delay': 3120}, 'arrival': {'time': '2022-09-29T13:52:00-04:00', 'place': {'name': 'Downtown Crossing', 'type': 'station', 'location': {'lat': 42.355518, 'lng': -71.060225}, 'wheelchairAccessible': 'yes', 'id': '419809874', 'code': '70020'}, 'delay': 2460}, 'transport': {'mode': 'subway', 'name': 'Orange Line', 'category': 'Subway, Metro', 'color': '#ED8B00', 'textColor': '#FFFFFF', 'headsign': 'Forest Hills', 'longName': 'Orange Line'}, 'agency': {'id': '14811_6b86b27', 'name': 'MBTA', 'website': 'http://www.mbta.com'}}, {'id': 'C0-S2-dep', 'type': 'pedestrian', 'travelSummary': {'duration': 120, 'length': 97}, 'departure': {'time': '2022-09-29T13:52:00-04:00', 'place': {'name': 'Downtown Crossing', 'type': 'station', 'location': {'lat': 42.355518, 'lng': -71.060225}, 'wheelchairAccessible': 'yes', 'id': '419809874', 'code': '70020'}}, 'arrival': {'time': '2022-09-29T13:54:00-04:00', 'place': {'name': 'Downtown Crossing - 101 Arch St, Summer St', 'type': 'accessPoint', 'location': {'lat': 42.354843, 'lng': -71.05948}, 'wheelchairAccessible': 'yes'}}, 'spans': [{'walkAttributes': ['indoor']}], 'transport': {'mode': 'pedestrian'}}, {'id': 'C0-S2', 'type': 'pedestrian', 'travelSummary': {'duration': 420, 'length': 443}, 'departure': {'time': '2022-09-29T13:54:00-04:00', 'place': {'name': 'Downtown Crossing - 101 Arch St, Summer St', 'type': 'accessPoint', 'location': {'lat': 42.354843, 'lng': -71.05948}, 'wheelchairAccessible': 'yes'}}, 'arrival': {'time': '2022-09-29T14:01:00-04:00', 'place': {'name': 'SouthStation', 'type': 'place', 'location': {'lat': 42.352593, 'lng': -71.055172}}}, 'transport': {'mode': 'pedestrian'}}]}]}"
242,Sullivan Square,ORANGE,MBTA_NODES,42.38429741810078,-71.07693157345818,POINT (-71.07693157345818 42.38429741810078),200.0,4461.0,"{'routes': [{'id': 'C0', 'sections': [{'id': 'C0-S0', 'type': 'pedestrian', 'travelSummary': {'duration': 0, 'length': 47}, 'departure': {'time': '2022-09-29T13:39:00-04:00', 'place': {'name': 'SullivanSquare', 'type': 'place', 'location': {'lat': 42.384297, 'lng': -71.076932}}}, 'arrival': {'time': '2022-09-29T13:39:00-04:00', 'place': {'name': 'Sullivan Square - Buses, Parking, Street', 'type': 'accessPoint', 'location': {'lat': 42.384309, 'lng': -71.076635}, 'wheelchairAccessible': 'yes'}}, 'transport': {'mode': 'pedestrian'}}, {'id': 'C0-S0-arr', 'type': 'pedestrian', 'travelSummary': {'duration': 60, 'length': 47}, 'departure': {'time': '2022-09-29T13:39:00-04:00', 'place': {'name': 'Sullivan Square - Buses, Parking, Street', 'type': 'accessPoint', 'location': {'lat': 42.384309, 'lng': -71.076635}, 'wheelchairAccessible': 'yes'}}, 'arrival': {'time': '2022-09-29T13:40:00-04:00', 'place': {'name': 'Sullivan Square', 'type': 'station', 'location': {'lat': 42.383975, 'lng': -71.076994}, 'wheelchairAccessible': 'yes', 'id': '419808191'}}, 'spans': [{'walkAttributes': ['indoor']}], 'transport': {'mode': 'pedestrian'}}, {'id': 'C0-S1', 'type': 'transit', 'travelSummary': {'duration': 0, 'length': 3827}, 'departure': {'time': '2022-09-29T13:40:00-04:00', 'place': {'name': 'Sullivan Square', 'type': 'station', 'location': {'lat': 42.383975, 'lng': -71.076994}, 'wheelchairAccessible': 'yes', 'id': '419808191', 'platform': '1'}, 'delay': 2820}, 'arrival': {'time': '2022-09-29T13:40:00-04:00', 'place': {'name': 'Downtown Crossing', 'type': 'station', 'location': {'lat': 42.355518, 'lng': -71.060225}, 'wheelchairAccessible': 'yes', 'id': '419809874', 'code': '70020'}, 'delay': 2340}, 'transport': {'mode': 'subway', 'name': 'Orange Line', 'category': 'Subway, Metro', 'color': '#ED8B00', 'textColor': '#FFFFFF', 'headsign': 'Forest Hills', 'longName': 'Orange Line'}, 'agency': {'id': '14811_6b86b27', 'name': 'MBTA', 'website': 'http://www.mbta.com'}}, {'id': 'C0-S2-dep', 'type': 'pedestrian', 'travelSummary': {'duration': 120, 'length': 97}, 'departure': {'time': '2022-09-29T13:40:00-04:00', 'place': {'name': 'Downtown Crossing', 'type': 'station', 'location': {'lat': 42.355518, 'lng': -71.060225}, 'wheelchairAccessible': 'yes', 'id': '419809874', 'code': '70020'}}, 'arrival': {'time': '2022-09-29T13:42:00-04:00', 'place': {'name': 'Downtown Crossing - 101 Arch St, Summer St', 'type': 'accessPoint', 'location': {'lat': 42.354843, 'lng': -71.05948}, 'wheelchairAccessible': 'yes'}}, 'spans': [{'walkAttributes': ['indoor']}], 'transport': {'mode': 'pedestrian'}}, {'id': 'C0-S2', 'type': 'pedestrian', 'travelSummary': {'duration': 420, 'length': 443}, 'departure': {'time': '2022-09-29T13:42:00-04:00', 'place': {'name': 'Downtown Crossing - 101 Arch St, Summer St', 'type': 'accessPoint', 'location': {'lat': 42.354843, 'lng': -71.05948}, 'wheelchairAccessible': 'yes'}}, 'arrival': {'time': '2022-09-29T13:49:00-04:00', 'place': {'name': 'SouthStation', 'type': 'place', 'location': {'lat': 42.352593, 'lng': -71.055172}}}, 'transport': {'mode': 'pedestrian'}}]}]}"
243,Community College,ORANGE,MBTA_NODES,42.37390813278834,-71.07033821609618,POINT (-71.07033821609618 42.37390813278834),200.0,3539.0,"{'routes': [{'id': 'C0', 'sections': [{'id': 'C0-S0', 'type': 'pedestrian', 'travelSummary': {'duration': 540, 'length': 555}, 'departure': {'time': '2022-09-29T13:41:00-04:00', 'place': {'name': 'CommunityCollege', 'type': 'place', 'location': {'lat': 42.373908, 'lng': -71.070338}}}, 'arrival': {'time': '2022-09-29T13:50:00-04:00', 'place': {'name': 'Community College - Community College, Rutherford Ave', 'type': 'accessPoint', 'location': {'lat': 42.373719, 'lng': -71.0696}, 'wheelchairAccessible': 'yes'}}, 'transport': {'mode': 'pedestrian'}}, {'id': 'C0-S0-arr', 'type': 'pedestrian', 'travelSummary': {'duration': 60, 'length': 12}, 'departure': {'time': '2022-09-29T13:50:00-04:00', 'place': {'name': 'Community College - Community College, Rutherford Ave', 'type': 'accessPoint', 'location': {'lat': 42.373719, 'lng': -71.0696}, 'wheelchairAccessible': 'yes'}}, 'arrival': {'time': '2022-09-29T13:51:00-04:00', 'place': {'name': 'Community College', 'type': 'station', 'location': {'lat': 42.373622, 'lng': -71.069533}, 'wheelchairAccessible': 'yes', 'id': '419809882', 'code': '70028'}}, 'spans': [{'walkAttributes': ['indoor']}], 'transport': {'mode': 'pedestrian'}}, {'id': 'C0-S1', 'type': 'transit', 'travelSummary': {'duration': 60, 'length': 2432}, 'departure': {'time': '2022-09-29T13:51:00-04:00', 'place': {'name': 'Community College', 'type': 'station', 'location': {'lat': 42.373622, 'lng': -71.069533}, 'wheelchairAccessible': 'yes', 'id': '419809882', 'code': '70028'}, 'delay': 2760}, 'arrival': {'time': '2022-09-29T13:52:00-04:00', 'place': {'name': 'Downtown Crossing', 'type': 'station', 'location': {'lat': 42.355518, 'lng': -71.060225}, 'wheelchairAccessible': 'yes', 'id': '419809874', 'code': '70020'}, 'delay': 2460}, 'transport': {'mode': 'subway', 'name': 'Orange Line', 'category': 'Subway, Metro', 'color': '#ED8B00', 'textColor': '#FFFFFF', 'headsign': 'Forest Hills', 'longName': 'Orange Line'}, 'agency': {'id': '14811_6b86b27', 'name': 'MBTA', 'website': 'http://www.mbta.com'}}, {'id': 'C0-S2-dep', 'type': 'pedestrian', 'travelSummary': {'duration': 120, 'length': 97}, 'departure': {'time': '2022-09-29T13:52:00-04:00', 'place': {'name': 'Downtown Crossing', 'type': 'station', 'location': {'lat': 42.355518, 'lng': -71.060225}, 'wheelchairAccessible': 'yes', 'id': '419809874', 'code': '70020'}}, 'arrival': {'time': '2022-09-29T13:54:00-04:00', 'place': {'name': 'Downtown Crossing - 101 Arch St, Summer St', 'type': 'accessPoint', 'location': {'lat': 42.354843, 'lng': -71.05948}, 'wheelchairAccessible': 'yes'}}, 'spans': [{'walkAttributes': ['indoor']}], 'transport': {'mode': 'pedestrian'}}, {'id': 'C0-S2', 'type': 'pedestrian', 'travelSummary': {'duration': 420, 'length': 443}, 'departure': {'time': '2022-09-29T13:54:00-04:00', 'place': {'name': 'Downtown Crossing - 101 Arch St, Summer St', 'type': 'accessPoint', 'location': {'lat': 42.354843, 'lng': -71.05948}, 'wheelchairAccessible': 'yes'}}, 'arrival': {'time': '2022-09-29T14:01:00-04:00', 'place': {'name': 'SouthStation', 'type': 'place', 'location': {'lat': 42.352593, 'lng': -71.055172}}}, 'transport': {'mode': 'pedestrian'}}]}]}"
244,Lechmere,GREEN,MBTA_NODES,42.37091787252423,-71.07715770709238,POINT (-71.07715770709238 42.37091787252423),200.0,3791.0,"{'routes': [{'id': 'C0', 'sections': [{'id': 'C0-S0', 'type': 'pedestrian', 'travelSummary': {'duration': 240, 'length': 228}, 'departure': {'time': '2022-09-29T13:36:00-04:00', 'place': {'name': 'Lechmere', 'type': 'place', 'location': {'lat': 42.370918, 'lng': -71.077158}}}, 'arrival': {'time': '2022-09-29T13:40:00-04:00', 'place': {'name': 'Lechmere', 'type': 'station', 'location': {'lat': 42.371572, 'lng': -71.076584}, 'wheelchairAccessible': 'yes', 'id': '419808150'}}, 'transport': {'mode': 'pedestrian'}}, {'id': 'C0-S1', 'type': 'transit', 'travelSummary': {'duration': 660, 'length': 2823}, 'departure': {'time': '2022-09-29T13:40:00-04:00', 'place': {'name': 'Lechmere', 'type': 'station', 'location': {'lat': 42.371572, 'lng': -71.076584}, 'wheelchairAccessible': 'yes', 'id': '419808150'}}, 'arrival': {'time': '2022-09-29T13:51:00-04:00', 'place': {'name': 'Park Street', 'type': 'station', 'location': {'lat': 42.356395, 'lng': -71.062424}, 'wheelchairAccessible': 'yes', 'id': '419810623', 'platform': 'E', 'code': '70199'}}, 'transport': {'mode': 'lightRail', 'name': 'E', 'category': 'Tram, Streetcar, Light rail', 'color': '#00843D', 'textColor': '#FFFFFF', 'headsign': 'Heath Street', 'shortName': 'E', 'longName': 'Green Line E'}, 'agency': {'id': '14811_6b86b27', 'name': 'MBTA', 'website': 'http://www.mbta.com'}}, {'id': 'C0-S2', 'type': 'pedestrian', 'travelSummary': {'duration': 720, 'length': 740}, 'departure': {'time': '2022-09-29T13:51:00-04:00', 'place': {'name': 'Park Street', 'type': 'station', 'location': {'lat': 42.356395, 'lng': -71.062424}, 'wheelchairAccessible': 'yes', 'id': '419810623', 'code': '70199'}}, 'arrival': {'time': '2022-09-29T14:03:00-04:00', 'place': {'name': 'SouthStation', 'type': 'place', 'location': {'lat': 42.352593, 'lng': -71.055172}}}, 'transport': {'mode': 'pedestrian'}}]}]}"
245,Science Park/West End,GREEN,MBTA_NODES,42.366742433699294,-71.0677439879553,POINT (-71.0677439879553 42.36674243369929),200.0,2375.0,"{'routes': [{'id': 'C0', 'sections': [{'id': 'C0-S0', 'type': 'pedestrian', 'travelSummary': {'duration': 780, 'length': 792}, 'departure': {'time': '2022-09-29T13:35:00-04:00', 'place': {'name': 'SciencePark/WestEnd', 'type': 'place', 'location': {'lat': 42.366742, 'lng': -71.067744}}}, 'arrival': {'time': '2022-09-29T13:48:00-04:00', 'place': {'name': 'Charles/Mgh - Beacon Hill, Esplanade, Hospitals', 'type': 'accessPoint', 'location': {'lat': 42.361117, 'lng': -71.07057}, 'wheelchairAccessible': 'yes'}}, 'transport': {'mode': 'pedestrian'}}, {'id': 'C0-S0-arr', 'type': 'pedestrian', 'travelSummary': {'duration': 60, 'length': 7}, 'departure': {'time': '2022-09-29T13:48:00-04:00', 'place': {'name': 'Charles/Mgh - Beacon Hill, Esplanade, Hospitals', 'type': 'accessPoint', 'location': {'lat': 42.361117, 'lng': -71.07057}, 'wheelchairAccessible': 'yes'}}, 'arrival': {'time': '2022-09-29T13:49:00-04:00', 'place': {'name': 'Charles/Mgh', 'type': 'station', 'location': {'lat': 42.361166, 'lng': -71.070628}, 'wheelchairAccessible': 'yes', 'id': '419808117'}}, 'spans': [{'walkAttributes': ['indoor']}], 'transport': {'mode': 'pedestrian'}}, {'id': 'C0-S1', 'type': 'transit', 'travelSummary': {'duration': 60, 'length': 1576}, 'departure': {'time': '2022-09-29T13:49:00-04:00', 'place': {'name': 'Charles/Mgh', 'type': 'station', 'location': {'lat': 42.361166, 'lng': -71.070628}, 'wheelchairAccessible': 'yes', 'id': '419808117'}, 'delay': -360}, 'arrival': {'time': '2022-09-29T13:50:00-04:00', 'place': {'name': 'South Station', 'type': 'station', 'location': {'lat': 42.352271, 'lng': -71.055242}, 'wheelchairAccessible': 'yes', 'id': '419808186'}, 'delay': -600}, 'transport': {'mode': 'subway', 'name': 'Red Line', 'category': 'Subway, Metro', 'color': '#DA291C', 'textColor': '#FFFFFF', 'headsign': 'Braintree', 'longName': 'Red Line'}, 'agency': {'id': '14811_6b86b27', 'name': 'MBTA', 'website': 'http://www.mbta.com'}}]}]}"
246,Bowdoin,BLUE,MBTA_NODES,42.36116074813548,-71.06183707177904,POINT (-71.06183707177904 42.36116074813548),200.0,1409.0,"{'routes': [{'id': 'C0', 'sections': [{'id': 'C0-S0', 'type': 'pedestrian', 'travelSummary': {'duration': 660, 'length': 666}, 'departure': {'time': '2022-09-29T13:38:00-04:00', 'place': {'name': 'Bowdoin', 'type': 'place', 'location': {'lat': 42.361161, 'lng': -71.061837}}}, 'arrival': {'time': '2022-09-29T13:49:00-04:00', 'place': {'name': 'Park Street - Tremont St, Winter St', 'type': 'accessPoint', 'location': {'lat': 42.356397, 'lng': -71.062008}, 'wheelchairAccessible': 'no'}}, 'transport': {'mode': 'pedestrian'}}, {'id': 'C0-S0-arr', 'type': 'pedestrian', 'travelSummary': {'duration': 60, 'length': 34}, 'departure': {'time': '2022-09-29T13:49:00-04:00', 'place': {'name': 'Park Street - Tremont St, Winter St', 'type': 'accessPoint', 'location': {'lat': 42.356397, 'lng': -71.062008}, 'wheelchairAccessible': 'no'}}, 'arrival': {'time': '2022-09-29T13:50:00-04:00', 'place': {'name': 'Park Street', 'type': 'station', 'location': {'lat': 42.356395, 'lng': -71.062424}, 'wheelchairAccessible': 'yes', 'id': '419810616', 'code': '70075'}}, 'spans': [{'walkAttributes': ['indoor']}], 'transport': {'mode': 'pedestrian'}}, {'id': 'C0-S1', 'type': 'transit', 'travelSummary': {'duration': 0, 'length': 709}, 'departure': {'time': '2022-09-29T13:50:00-04:00', 'place': {'name': 'Park Street', 'type': 'station', 'location': {'lat': 42.356395, 'lng': -71.062424}, 'wheelchairAccessible': 'yes', 'id': '419810616', 'code': '70075'}, 'delay': -420}, 'arrival': {'time': '2022-09-29T13:50:00-04:00', 'place': {'name': 'South Station', 'type': 'station', 'location': {'lat': 42.352271, 'lng': -71.055242}, 'wheelchairAccessible': 'yes', 'id': '419808186'}, 'delay': -600}, 'transport': {'mode': 'subway', 'name': 'Red Line', 'category': 'Subway, Metro', 'color': '#DA291C', 'textColor': '#FFFFFF', 'headsign': 'Braintree', 'longName': 'Red Line'}, 'agency': {'id': '14811_6b86b27', 'name': 'MBTA', 'website': 'http://www.mbta.com'}}]}, {'id': 'b9275adb-fc8d-4dcd-aafb-9ff047be861c', 'sections': [{'id': 'a77bb5d3-03c0-4094-a4e2-a05e3a7fc874', 'type': 'pedestrian', 'travelSummary': {'duration': 1403, 'length': 1351}, 'departure': {'time': '2022-09-29T13:34:11-04:00', 'place': {'type': 'place', 'location': {'lat': 42.3611965, 'lng': -71.0618201}}}, 'arrival': {'time': '2022-09-29T13:57:34-04:00', 'place': {'type': 'place', 'location': {'lat': 42.3525543, 'lng': -71.0552033}}}, 'transport': {'mode': 'pedestrian'}}]}]}"
247,Government Center,BLUE/GREEN,MBTA_NODES,42.35929659818077,-71.05945866865088,POINT (-71.05945866865088 42.35929659818077),200.0,1131.0,"{'routes': [{'id': 'C0', 'sections': [{'id': 'C0-S0', 'type': 'pedestrian', 'travelSummary': {'duration': 360, 'length': 388}, 'departure': {'time': '2022-09-29T13:35:00-04:00', 'place': {'name': 'GovernmentCenter', 'type': 'place', 'location': {'lat': 42.359297, 'lng': -71.059459}}}, 'arrival': {'time': '2022-09-29T13:41:00-04:00', 'place': {'name': 'Park Street - Tremont St, Winter St', 'type': 'accessPoint', 'location': {'lat': 42.356397, 'lng': -71.062008}, 'wheelchairAccessible': 'no'}}, 'transport': {'mode': 'pedestrian'}}, {'id': 'C0-S0-arr', 'type': 'pedestrian', 'travelSummary': {'duration': 60, 'length': 34}, 'departure': {'time': '2022-09-29T13:41:00-04:00', 'place': {'name': 'Park Street - Tremont St, Winter St', 'type': 'accessPoint', 'location': {'lat': 42.356397, 'lng': -71.062008}, 'wheelchairAccessible': 'no'}}, 'arrival': {'time': '2022-09-29T13:42:00-04:00', 'place': {'name': 'Park Street', 'type': 'station', 'location': {'lat': 42.356395, 'lng': -71.062424}, 'wheelchairAccessible': 'yes', 'id': '419810616', 'code': '70075'}}, 'spans': [{'walkAttributes': ['indoor']}], 'transport': {'mode': 'pedestrian'}}, {'id': 'C0-S1', 'type': 'transit', 'travelSummary': {'duration': 180, 'length': 709}, 'departure': {'time': '2022-09-29T13:42:00-04:00', 'place': {'name': 'Park Street', 'type': 'station', 'location': {'lat': 42.356395, 'lng': -71.062424}, 'wheelchairAccessible': 'yes', 'id': '419810616', 'code': '70075'}, 'delay': 840}, 'arrival': {'time': '2022-09-29T13:45:00-04:00', 'place': {'name': 'South Station', 'type': 'station', 'location': {'lat': 42.352271, 'lng': -71.055242}, 'wheelchairAccessible': 'yes', 'id': '419808186'}, 'delay': 840}, 'transport': {'mode': 'subway', 'name': 'Red Line', 'category': 'Subway, Metro', 'color': '#DA291C', 'textColor': '#FFFFFF', 'headsign': 'Braintree', 'longName': 'Red Line'}, 'agency': {'id': '14811_6b86b27', 'name': 'MBTA', 'website': 'http://www.mbta.com'}}]}, {'id': '40d5e37b-9c7d-4dea-802b-ab246a7a6a10', 'sections': [{'id': 'f20ce3e8-ce77-4676-aa5e-f00e39409293', 'type': 'pedestrian', 'travelSummary': {'duration': 1103, 'length': 1052}, 'departure': {'time': '2022-09-29T13:34:12-04:00', 'place': {'type': 'place', 'location': {'lat': 42.35931, 'lng': -71.05946}}}, 'arrival': {'time': '2022-09-29T13:52:35-04:00', 'place': {'type': 'place', 'location': {'lat': 42.3525543, 'lng': -71.0552033}}}, 'transport': {'mode': 'pedestrian'}}]}]}"
248,Aquarium,BLUE,MBTA_NODES,42.35951696211828,-71.05193843452263,POINT (-71.05193843452263 42.35951696211828),200.0,1472.0,"{'routes': [{'id': 'C0', 'sections': [{'id': 'C0-S0', 'type': 'pedestrian', 'travelSummary': {'duration': 840, 'length': 849}, 'departure': {'time': '2022-09-29T13:34:00-04:00', 'place': {'name': 'Aquarium', 'type': 'place', 'location': {'lat': 42.359517, 'lng': -71.051938}}}, 'arrival': {'time': '2022-09-29T13:48:00-04:00', 'place': {'name': 'Downtown Crossing - Franklin St', 'type': 'accessPoint', 'location': {'lat': 42.356064, 'lng': -71.059326}, 'wheelchairAccessible': 'yes'}}, 'transport': {'mode': 'pedestrian'}}, {'id': 'C0-S0-arr', 'type': 'pedestrian', 'travelSummary': {'duration': 120, 'length': 96}, 'departure': {'time': '2022-09-29T13:48:00-04:00', 'place': {'name': 'Downtown Crossing - Franklin St', 'type': 'accessPoint', 'location': {'lat': 42.356064, 'lng': -71.059326}, 'wheelchairAccessible': 'yes'}}, 'arrival': {'time': '2022-09-29T13:50:00-04:00', 'place': {'name': 'Downtown Crossing', 'type': 'station', 'location': {'lat': 42.355518, 'lng': -71.060225}, 'wheelchairAccessible': 'yes', 'id': '419809874', 'code': '70020'}}, 'spans': [{'walkAttributes': ['indoor']}], 'transport': {'mode': 'pedestrian'}}, {'id': 'C0-S1', 'type': 'transit', 'travelSummary': {'duration': 0, 'length': 527}, 'departure': {'time': '2022-09-29T13:50:00-04:00', 'place': {'name': 'Downtown Crossing', 'type': 'station', 'location': {'lat': 42.355518, 'lng': -71.060225}, 'wheelchairAccessible': 'yes', 'id': '419809874', 'code': '70020'}, 'delay': -480}, 'arrival': {'time': '2022-09-29T13:50:00-04:00', 'place': {'name': 'South Station', 'type': 'station', 'location': {'lat': 42.352271, 'lng': -71.055242}, 'wheelchairAccessible': 'yes', 'id': '419808186'}, 'delay': -600}, 'transport': {'mode': 'subway', 'name': 'Red Line', 'category': 'Subway, Metro', 'color': '#DA291C', 'textColor': '#FFFFFF', 'headsign': 'Braintree', 'longName': 'Red Line'}, 'agency': {'id': '14811_6b86b27', 'name': 'MBTA', 'website': 'http://www.mbta.com'}}]}, {'id': '557babeb-9ced-4333-8228-b7bdc84ab3fb', 'sections': [{'id': '4a2ecfc0-9b64-4db5-ba37-d3d04ca595a0', 'type': 'pedestrian', 'travelSummary': {'duration': 1027, 'length': 991}, 'departure': {'time': '2022-09-29T13:34:14-04:00', 'place': {'type': 'place', 'location': {'lat': 42.3595098, 'lng': -71.0519684}}}, 'arrival': {'time': '2022-09-29T13:51:21-04:00', 'place': {'type': 'place', 'location': {'lat': 42.3525543, 'lng': -71.0552033}}}, 'transport': {'mode': 'pedestrian'}}]}]}"
249,Maverick,BLUE,MBTA_NODES,42.36899298085758,-71.03957976452097,POINT (-71.03957976452097 42.36899298085758),200.0,2930.0,"{'routes': [{'id': 'C0', 'sections': [{'id': 'C0-S0', 'type': 'pedestrian', 'travelSummary': {'duration': 0, 'length': 25}, 'departure': {'time': '2022-09-29T13:35:00-04:00', 'place': {'name': 'Maverick', 'type': 'place', 'location': {'lat': 42.368993, 'lng': -71.03958}}}, 'arrival': {'time': '2022-09-29T13:35:00-04:00', 'place': {'name': 'Maverick - Sumner St, Maverick Square', 'type': 'accessPoint', 'location': {'lat': 42.369193, 'lng': -71.0395}, 'wheelchairAccessible': 'yes'}}, 'transport': {'mode': 'pedestrian'}}, {'id': 'C0-S0-arr', 'type': 'pedestrian', 'travelSummary': {'duration': 60, 'length': 9}, 'departure': {'time': '2022-09-29T13:35:00-04:00', 'place': {'name': 'Maverick - Sumner St, Maverick Square', 'type': 'accessPoint', 'location': {'lat': 42.369193, 'lng': -71.0395}, 'wheelchairAccessible': 'yes'}}, 'arrival': {'time': '2022-09-29T13:36:00-04:00', 'place': {'name': 'Maverick', 'type': 'station', 'location': {'lat': 42.369119, 'lng': -71.03953}, 'wheelchairAccessible': 'yes', 'id': '419810606', 'code': '70045'}}, 'spans': [{'walkAttributes': ['indoor']}], 'transport': {'mode': 'pedestrian'}}, {'id': 'C0-S1', 'type': 'transit', 'travelSummary': {'duration': 0, 'length': 2030}, 'departure': {'time': '2022-09-29T13:36:00-04:00', 'place': {'name': 'Maverick', 'type': 'station', 'location': {'lat': 42.369119, 'lng': -71.03953}, 'wheelchairAccessible': 'yes', 'id': '419810606', 'code': '70045'}, 'delay': -600}, 'arrival': {'time': '2022-09-29T13:36:00-04:00', 'place': {'name': 'State', 'type': 'station', 'location': {'lat': 42.358978, 'lng': -71.057598}, 'wheelchairAccessible': 'yes', 'id': '419809876', 'code': '70022'}, 'delay': -780}, 'transport': {'mode': 'subway', 'name': 'Blue Line', 'category': 'Subway, Metro', 'color': '#003DA5', 'textColor': '#FFFFFF', 'headsign': 'Bowdoin', 'longName': 'Blue Line'}, 'agency': {'id': '14811_6b86b27', 'name': 'MBTA', 'website': 'http://www.mbta.com'}}, {'id': 'C0-S2-dep', 'type': 'pedestrian', 'travelSummary': {'duration': 180, 'length': 166}, 'departure': {'time': '2022-09-29T13:36:00-04:00', 'place': {'name': 'State', 'type': 'station', 'location': {'lat': 42.358978, 'lng': -71.057598}, 'wheelchairAccessible': 'yes', 'id': '419809876', 'code': '70022'}}, 'arrival': {'time': '2022-09-29T13:39:00-04:00', 'place': {'name': 'State - Devonshire St, Water St', 'type': 'accessPoint', 'location': {'lat': 42.357487, 'lng': -71.057412}, 'wheelchairAccessible': 'no'}}, 'spans': [{'walkAttributes': ['indoor']}], 'transport': {'mode': 'pedestrian'}}, {'id': 'C0-S2', 'type': 'pedestrian', 'travelSummary': {'duration': 720, 'length': 700}, 'departure': {'time': '2022-09-29T13:39:00-04:00', 'place': {'name': 'State - Devonshire St, Water St', 'type': 'accessPoint', 'location': {'lat': 42.357487, 'lng': -71.057412}, 'wheelchairAccessible': 'no'}}, 'arrival': {'time': '2022-09-29T13:51:00-04:00', 'place': {'name': 'SouthStation', 'type': 'place', 'location': {'lat': 42.352593, 'lng': -71.055172}}}, 'transport': {'mode': 'pedestrian'}}]}]}"
250,Airport,BLUE,MBTA_NODES,42.37436270182934,-71.0302245052148,POINT (-71.0302245052148 42.37436270182934),200.0,3968.0,"{'routes': [{'id': 'C0', 'sections': [{'id': 'C0-S0', 'type': 'pedestrian', 'travelSummary': {'duration': 0, 'length': 33}, 'departure': {'time': '2022-09-29T13:35:00-04:00', 'place': {'name': 'Airport', 'type': 'place', 'location': {'lat': 42.374363, 'lng': -71.030225}}}, 'arrival': {'time': '2022-09-29T13:35:00-04:00', 'place': {'name': 'Airport - Bremen St', 'type': 'accessPoint', 'location': {'lat': 42.374553, 'lng': -71.030306}, 'wheelchairAccessible': 'yes'}}, 'transport': {'mode': 'pedestrian'}}, {'id': 'C0-S0-arr', 'type': 'pedestrian', 'travelSummary': {'duration': 60, 'length': 33}, 'departure': {'time': '2022-09-29T13:35:00-04:00', 'place': {'name': 'Airport - Bremen St', 'type': 'accessPoint', 'location': {'lat': 42.374553, 'lng': -71.030306}, 'wheelchairAccessible': 'yes'}}, 'arrival': {'time': '2022-09-29T13:36:00-04:00', 'place': {'name': 'Airport', 'type': 'station', 'location': {'lat': 42.374262, 'lng': -71.030395}, 'wheelchairAccessible': 'yes', 'id': '419809898', 'code': '70047'}}, 'spans': [{'walkAttributes': ['indoor']}], 'transport': {'mode': 'pedestrian'}}, {'id': 'C0-S1', 'type': 'transit', 'travelSummary': {'duration': 0, 'length': 3036}, 'departure': {'time': '2022-09-29T13:36:00-04:00', 'place': {'name': 'Airport', 'type': 'station', 'location': {'lat': 42.374262, 'lng': -71.030395}, 'wheelchairAccessible': 'yes', 'id': '419809898', 'code': '70047'}, 'delay': -480}, 'arrival': {'time': '2022-09-29T13:36:00-04:00', 'place': {'name': 'State', 'type': 'station', 'location': {'lat': 42.358978, 'lng': -71.057598}, 'wheelchairAccessible': 'yes', 'id': '419809876', 'code': '70022'}, 'delay': -780}, 'transport': {'mode': 'subway', 'name': 'Blue Line', 'category': 'Subway, Metro', 'color': '#003DA5', 'textColor': '#FFFFFF', 'headsign': 'Bowdoin', 'longName': 'Blue Line'}, 'agency': {'id': '14811_6b86b27', 'name': 'MBTA', 'website': 'http://www.mbta.com'}}, {'id': 'C0-S2-dep', 'type': 'pedestrian', 'travelSummary': {'duration': 180, 'length': 166}, 'departure': {'time': '2022-09-29T13:36:00-04:00', 'place': {'name': 'State', 'type': 'station', 'location': {'lat': 42.358978, 'lng': -71.057598}, 'wheelchairAccessible': 'yes', 'id': '419809876', 'code': '70022'}}, 'arrival': {'time': '2022-09-29T13:39:00-04:00', 'place': {'name': 'State - Devonshire St, Water St', 'type': 'accessPoint', 'location': {'lat': 42.357487, 'lng': -71.057412}, 'wheelchairAccessible': 'no'}}, 'spans': [{'walkAttributes': ['indoor']}], 'transport': {'mode': 'pedestrian'}}, {'id': 'C0-S2', 'type': 'pedestrian', 'travelSummary': {'duration': 720, 'length': 700}, 'departure': {'time': '2022-09-29T13:39:00-04:00', 'place': {'name': 'State - Devonshire St, Water St', 'type': 'accessPoint', 'location': {'lat': 42.357487, 'lng': -71.057412}, 'wheelchairAccessible': 'no'}}, 'arrival': {'time': '2022-09-29T13:51:00-04:00', 'place': {'name': 'SouthStation', 'type': 'place', 'location': {'lat': 42.352593, 'lng': -71.055172}}}, 'transport': {'mode': 'pedestrian'}}]}]}"
251,Wood Island,BLUE,MBTA_NODES,42.3796474354202,-71.02291228775546,POINT (-71.02291228775546 42.3796474354202),200.0,4777.0,"{'routes': [{'id': 'C0', 'sections': [{'id': 'C0-S0', 'type': 'transit', 'travelSummary': {'duration': 0, 'length': 3911}, 'departure': {'time': '2022-09-29T13:36:00-04:00', 'place': {'name': 'Wood Island', 'type': 'station', 'location': {'lat': 42.37964, 'lng': -71.022865}, 'wheelchairAccessible': 'yes', 'id': '419808200', 'platform': '1'}, 'delay': -360}, 'arrival': {'time': '2022-09-29T13:36:00-04:00', 'place': {'name': 'State', 'type': 'station', 'location': {'lat': 42.358978, 'lng': -71.057598}, 'wheelchairAccessible': 'yes', 'id': '419809876', 'code': '70022'}, 'delay': -780}, 'transport': {'mode': 'subway', 'name': 'Blue Line', 'category': 'Subway, Metro', 'color': '#003DA5', 'textColor': '#FFFFFF', 'headsign': 'Bowdoin', 'longName': 'Blue Line'}, 'agency': {'id': '14811_6b86b27', 'name': 'MBTA', 'website': 'http://www.mbta.com'}}, {'id': 'C0-S1-dep', 'type': 'pedestrian', 'travelSummary': {'duration': 180, 'length': 166}, 'departure': {'time': '2022-09-29T13:36:00-04:00', 'place': {'name': 'State', 'type': 'station', 'location': {'lat': 42.358978, 'lng': -71.057598}, 'wheelchairAccessible': 'yes', 'id': '419809876', 'code': '70022'}}, 'arrival': {'time': '2022-09-29T13:39:00-04:00', 'place': {'name': 'State - Devonshire St, Water St', 'type': 'accessPoint', 'location': {'lat': 42.357487, 'lng': -71.057412}, 'wheelchairAccessible': 'no'}}, 'spans': [{'walkAttributes': ['indoor']}], 'transport': {'mode': 'pedestrian'}}, {'id': 'C0-S1', 'type': 'pedestrian', 'travelSummary': {'duration': 720, 'length': 700}, 'departure': {'time': '2022-09-29T13:39:00-04:00', 'place': {'name': 'State - Devonshire St, Water St', 'type': 'accessPoint', 'location': {'lat': 42.357487, 'lng': -71.057412}, 'wheelchairAccessible': 'no'}}, 'arrival': {'time': '2022-09-29T13:51:00-04:00', 'place': {'name': 'SouthStation', 'type': 'place', 'location': {'lat': 42.352593, 'lng': -71.055172}}}, 'transport': {'mode': 'pedestrian'}}]}]}"
252,Orient Heights,BLUE,MBTA_NODES,42.38684164362619,-71.00479639613563,POINT (-71.00479639613563 42.38684164362619),200.0,6594.0,"{'routes': [{'id': 'C0', 'sections': [{'id': 'C0-S0', 'type': 'pedestrian', 'travelSummary': {'duration': 60, 'length': 34}, 'departure': {'time': '2022-09-29T13:34:00-04:00', 'place': {'name': 'OrientHeights', 'type': 'place', 'location': {'lat': 42.386842, 'lng': -71.004796}}}, 'arrival': {'time': '2022-09-29T13:35:00-04:00', 'place': {'name': 'Orient Heights - Saratoga St, Barnes Ave', 'type': 'accessPoint', 'location': {'lat': 42.386862, 'lng': -71.004364}, 'wheelchairAccessible': 'yes'}}, 'transport': {'mode': 'pedestrian'}}, {'id': 'C0-S0-arr', 'type': 'pedestrian', 'travelSummary': {'duration': 60, 'length': 31}, 'departure': {'time': '2022-09-29T13:35:00-04:00', 'place': {'name': 'Orient Heights - Saratoga St, Barnes Ave', 'type': 'accessPoint', 'location': {'lat': 42.386862, 'lng': -71.004364}, 'wheelchairAccessible': 'yes'}}, 'arrival': {'time': '2022-09-29T13:36:00-04:00', 'place': {'name': 'Orient Heights', 'type': 'station', 'location': {'lat': 42.386867, 'lng': -71.004736}, 'wheelchairAccessible': 'yes', 'id': '419808166'}}, 'spans': [{'walkAttributes': ['indoor']}], 'transport': {'mode': 'pedestrian'}}, {'id': 'C0-S1', 'type': 'transit', 'travelSummary': {'duration': 0, 'length': 5663}, 'departure': {'time': '2022-09-29T13:36:00-04:00', 'place': {'name': 'Orient Heights', 'type': 'station', 'location': {'lat': 42.386867, 'lng': -71.004736}, 'wheelchairAccessible': 'yes', 'id': '419808166'}, 'delay': -240}, 'arrival': {'time': '2022-09-29T13:36:00-04:00', 'place': {'name': 'State', 'type': 'station', 'location': {'lat': 42.358978, 'lng': -71.057598}, 'wheelchairAccessible': 'yes', 'id': '419809876', 'code': '70022'}, 'delay': -780}, 'transport': {'mode': 'subway', 'name': 'Blue Line', 'category': 'Subway, Metro', 'color': '#003DA5', 'textColor': '#FFFFFF', 'headsign': 'Bowdoin', 'longName': 'Blue Line'}, 'agency': {'id': '14811_6b86b27', 'name': 'MBTA', 'website': 'http://www.mbta.com'}}, {'id': 'C0-S2-dep', 'type': 'pedestrian', 'travelSummary': {'duration': 180, 'length': 166}, 'departure': {'time': '2022-09-29T13:36:00-04:00', 'place': {'name': 'State', 'type': 'station', 'location': {'lat': 42.358978, 'lng': -71.057598}, 'wheelchairAccessible': 'yes', 'id': '419809876', 'code': '70022'}}, 'arrival': {'time': '2022-09-29T13:39:00-04:00', 'place': {'name': 'State - Devonshire St, Water St', 'type': 'accessPoint', 'location': {'lat': 42.357487, 'lng': -71.057412}, 'wheelchairAccessible': 'no'}}, 'spans': [{'walkAttributes': ['indoor']}], 'transport': {'mode': 'pedestrian'}}, {'id': 'C0-S2', 'type': 'pedestrian', 'travelSummary': {'duration': 720, 'length': 700}, 'departure': {'time': '2022-09-29T13:39:00-04:00', 'place': {'name': 'State - Devonshire St, Water St', 'type': 'accessPoint', 'location': {'lat': 42.357487, 'lng': -71.057412}, 'wheelchairAccessible': 'no'}}, 'arrival': {'time': '2022-09-29T13:51:00-04:00', 'place': {'name': 'SouthStation', 'type': 'place', 'location': {'lat': 42.352593, 'lng': -71.055172}}}, 'transport': {'mode': 'pedestrian'}}]}]}"
253,Suffolk Downs,BLUE,MBTA_NODES,42.390496463343545,-70.99714972550416,POINT (-70.99714972550416 42.39049646334355),200.0,7287.0,"{'routes': [{'id': 'C0', 'sections': [{'id': 'C0-S0', 'type': 'transit', 'travelSummary': {'duration': 0, 'length': 6421}, 'departure': {'time': '2022-09-29T13:36:00-04:00', 'place': {'name': 'Suffolk Downs', 'type': 'station', 'location': {'lat': 42.390501, 'lng': -70.997123}, 'wheelchairAccessible': 'yes', 'id': '419808180', 'platform': '1'}, 'delay': -120}, 'arrival': {'time': '2022-09-29T13:36:00-04:00', 'place': {'name': 'State', 'type': 'station', 'location': {'lat': 42.358978, 'lng': -71.057598}, 'wheelchairAccessible': 'yes', 'id': '419809876', 'code': '70022'}, 'delay': -780}, 'transport': {'mode': 'subway', 'name': 'Blue Line', 'category': 'Subway, Metro', 'color': '#003DA5', 'textColor': '#FFFFFF', 'headsign': 'Bowdoin', 'longName': 'Blue Line'}, 'agency': {'id': '14811_6b86b27', 'name': 'MBTA', 'website': 'http://www.mbta.com'}}, {'id': 'C0-S1-dep', 'type': 'pedestrian', 'travelSummary': {'duration': 180, 'length': 166}, 'departure': {'time': '2022-09-29T13:36:00-04:00', 'place': {'name': 'State', 'type': 'station', 'location': {'lat': 42.358978, 'lng': -71.057598}, 'wheelchairAccessible': 'yes', 'id': '419809876', 'code': '70022'}}, 'arrival': {'time': '2022-09-29T13:39:00-04:00', 'place': {'name': 'State - Devonshire St, Water St', 'type': 'accessPoint', 'location': {'lat': 42.357487, 'lng': -71.057412}, 'wheelchairAccessible': 'no'}}, 'spans': [{'walkAttributes': ['indoor']}], 'transport': {'mode': 'pedestrian'}}, {'id': 'C0-S1', 'type': 'pedestrian', 'travelSummary': {'duration': 720, 'length': 700}, 'departure': {'time': '2022-09-29T13:39:00-04:00', 'place': {'name': 'State - Devonshire St, Water St', 'type': 'accessPoint', 'location': {'lat': 42.357487, 'lng': -71.057412}, 'wheelchairAccessible': 'no'}}, 'arrival': {'time': '2022-09-29T13:51:00-04:00', 'place': {'name': 'SouthStation', 'type': 'place', 'location': {'lat': 42.352593, 'lng': -71.055172}}}, 'transport': {'mode': 'pedestrian'}}]}]}"
254,Beachmont,BLUE,MBTA_NODES,42.39725164596775,-70.99253225084686,POINT (-70.99253225084686 42.39725164596775),200.0,8264.0,"{'routes': [{'id': 'C0', 'sections': [{'id': 'C0-S0', 'type': 'pedestrian', 'travelSummary': {'duration': 120, 'length': 99}, 'departure': {'time': '2022-09-29T13:34:00-04:00', 'place': {'name': 'Beachmont', 'type': 'place', 'location': {'lat': 42.397252, 'lng': -70.992532}}}, 'arrival': {'time': '2022-09-29T13:36:00-04:00', 'place': {'name': 'Beachmont', 'type': 'station', 'location': {'lat': 42.397542, 'lng': -70.992319}, 'wheelchairAccessible': 'yes', 'id': '419808097'}}, 'transport': {'mode': 'pedestrian'}}, {'id': 'C0-S1', 'type': 'transit', 'travelSummary': {'duration': 0, 'length': 7299}, 'departure': {'time': '2022-09-29T13:36:00-04:00', 'place': {'name': 'Beachmont', 'type': 'station', 'location': {'lat': 42.397542, 'lng': -70.992319}, 'wheelchairAccessible': 'yes', 'id': '419808097', 'platform': '1'}, 'delay': -60}, 'arrival': {'time': '2022-09-29T13:36:00-04:00', 'place': {'name': 'State', 'type': 'station', 'location': {'lat': 42.358978, 'lng': -71.057598}, 'wheelchairAccessible': 'yes', 'id': '419809876', 'code': '70022'}, 'delay': -780}, 'transport': {'mode': 'subway', 'name': 'Blue Line', 'category': 'Subway, Metro', 'color': '#003DA5', 'textColor': '#FFFFFF', 'headsign': 'Bowdoin', 'longName': 'Blue Line'}, 'agency': {'id': '14811_6b86b27', 'name': 'MBTA', 'website': 'http://www.mbta.com'}}, {'id': 'C0-S2-dep', 'type': 'pedestrian', 'travelSummary': {'duration': 180, 'length': 166}, 'departure': {'time': '2022-09-29T13:36:00-04:00', 'place': {'name': 'State', 'type': 'station', 'location': {'lat': 42.358978, 'lng': -71.057598}, 'wheelchairAccessible': 'yes', 'id': '419809876', 'code': '70022'}}, 'arrival': {'time': '2022-09-29T13:39:00-04:00', 'place': {'name': 'State - Devonshire St, Water St', 'type': 'accessPoint', 'location': {'lat': 42.357487, 'lng': -71.057412}, 'wheelchairAccessible': 'no'}}, 'spans': [{'walkAttributes': ['indoor']}], 'transport': {'mode': 'pedestrian'}}, {'id': 'C0-S2', 'type': 'pedestrian', 'travelSummary': {'duration': 720, 'length': 700}, 'departure': {'time': '2022-09-29T13:39:00-04:00', 'place': {'name': 'State - Devonshire St, Water St', 'type': 'accessPoint', 'location': {'lat': 42.357487, 'lng': -71.057412}, 'wheelchairAccessible': 'no'}}, 'arrival': {'time': '2022-09-29T13:51:00-04:00', 'place': {'name': 'SouthStation', 'type': 'place', 'location': {'lat': 42.352593, 'lng': -71.055172}}}, 'transport': {'mode': 'pedestrian'}}]}]}"
255,Revere Beach,BLUE,MBTA_NODES,42.40784240427718,-70.99250348685123,POINT (-70.99250348685123 42.40784240427718),200.0,9328.0,"{'routes': [{'id': 'C0', 'sections': [{'id': 'C0-S0', 'type': 'transit', 'travelSummary': {'duration': 60, 'length': 8462}, 'departure': {'time': '2022-09-29T13:35:00-04:00', 'place': {'name': 'Revere Beach', 'type': 'station', 'location': {'lat': 42.407843, 'lng': -70.992533}, 'wheelchairAccessible': 'yes', 'id': '419808173', 'platform': '1'}, 'delay': 0}, 'arrival': {'time': '2022-09-29T13:36:00-04:00', 'place': {'name': 'State', 'type': 'station', 'location': {'lat': 42.358978, 'lng': -71.057598}, 'wheelchairAccessible': 'yes', 'id': '419809876', 'code': '70022'}, 'delay': -780}, 'transport': {'mode': 'subway', 'name': 'Blue Line', 'category': 'Subway, Metro', 'color': '#003DA5', 'textColor': '#FFFFFF', 'headsign': 'Bowdoin', 'longName': 'Blue Line'}, 'agency': {'id': '14811_6b86b27', 'name': 'MBTA', 'website': 'http://www.mbta.com'}}, {'id': 'C0-S1-dep', 'type': 'pedestrian', 'travelSummary': {'duration': 180, 'length': 166}, 'departure': {'time': '2022-09-29T13:36:00-04:00', 'place': {'name': 'State', 'type': 'station', 'location': {'lat': 42.358978, 'lng': -71.057598}, 'wheelchairAccessible': 'yes', 'id': '419809876', 'code': '70022'}}, 'arrival': {'time': '2022-09-29T13:39:00-04:00', 'place': {'name': 'State - Devonshire St, Water St', 'type': 'accessPoint', 'location': {'lat': 42.357487, 'lng': -71.057412}, 'wheelchairAccessible': 'no'}}, 'spans': [{'walkAttributes': ['indoor']}], 'transport': {'mode': 'pedestrian'}}, {'id': 'C0-S1', 'type': 'pedestrian', 'travelSummary': {'duration': 720, 'length': 700}, 'departure': {'time': '2022-09-29T13:39:00-04:00', 'place': {'name': 'State - Devonshire St, Water St', 'type': 'accessPoint', 'location': {'lat': 42.357487, 'lng': -71.057412}, 'wheelchairAccessible': 'no'}}, 'arrival': {'time': '2022-09-29T13:51:00-04:00', 'place': {'name': 'SouthStation', 'type': 'place', 'location': {'lat': 42.352593, 'lng': -71.055172}}}, 'transport': {'mode': 'pedestrian'}}]}]}"
256,Wonderland,BLUE,MBTA_NODES,42.41343348615965,-70.99166451390964,POINT (-70.99166451390964 42.41343348615965),200.0,10048.0,"{'routes': [{'id': 'C0', 'sections': [{'id': 'C0-S0', 'type': 'pedestrian', 'travelSummary': {'duration': 0, 'length': 17}, 'departure': {'time': '2022-09-29T13:34:00-04:00', 'place': {'name': 'Wonderland', 'type': 'place', 'location': {'lat': 42.413433, 'lng': -70.991664}}}, 'arrival': {'time': '2022-09-29T13:34:00-04:00', 'place': {'name': 'Wonderland - Ocean Ave', 'type': 'accessPoint', 'location': {'lat': 42.413295, 'lng': -70.99155}, 'wheelchairAccessible': 'yes'}}, 'transport': {'mode': 'pedestrian'}}, {'id': 'C0-S0-arr', 'type': 'pedestrian', 'travelSummary': {'duration': 60, 'length': 44}, 'departure': {'time': '2022-09-29T13:34:00-04:00', 'place': {'name': 'Wonderland - Ocean Ave', 'type': 'accessPoint', 'location': {'lat': 42.413295, 'lng': -70.99155}, 'wheelchairAccessible': 'yes'}}, 'arrival': {'time': '2022-09-29T13:35:00-04:00', 'place': {'name': 'Wonderland', 'type': 'station', 'location': {'lat': 42.413691, 'lng': -70.991591}, 'wheelchairAccessible': 'yes', 'id': '419808202'}}, 'spans': [{'walkAttributes': ['indoor']}], 'transport': {'mode': 'pedestrian'}}, {'id': 'C0-S1', 'type': 'transit', 'travelSummary': {'duration': 60, 'length': 9121}, 'departure': {'time': '2022-09-29T13:35:00-04:00', 'place': {'name': 'Wonderland', 'type': 'station', 'location': {'lat': 42.413691, 'lng': -70.991591}, 'wheelchairAccessible': 'yes', 'id': '419808202', 'platform': '1'}, 'delay': 60}, 'arrival': {'time': '2022-09-29T13:36:00-04:00', 'place': {'name': 'State', 'type': 'station', 'location': {'lat': 42.358978, 'lng': -71.057598}, 'wheelchairAccessible': 'yes', 'id': '419809876', 'code': '70022'}, 'delay': -780}, 'transport': {'mode': 'subway', 'name': 'Blue Line', 'category': 'Subway, Metro', 'color': '#003DA5', 'textColor': '#FFFFFF', 'headsign': 'Bowdoin', 'longName': 'Blue Line'}, 'agency': {'id': '14811_6b86b27', 'name': 'MBTA', 'website': 'http://www.mbta.com'}}, {'id': 'C0-S2-dep', 'type': 'pedestrian', 'travelSummary': {'duration': 180, 'length': 166}, 'departure': {'time': '2022-09-29T13:36:00-04:00', 'place': {'name': 'State', 'type': 'station', 'location': {'lat': 42.358978, 'lng': -71.057598}, 'wheelchairAccessible': 'yes', 'id': '419809876', 'code': '70022'}}, 'arrival': {'time': '2022-09-29T13:39:00-04:00', 'place': {'name': 'State - Devonshire St, Water St', 'type': 'accessPoint', 'location': {'lat': 42.357487, 'lng': -71.057412}, 'wheelchairAccessible': 'no'}}, 'spans': [{'walkAttributes': ['indoor']}], 'transport': {'mode': 'pedestrian'}}, {'id': 'C0-S2', 'type': 'pedestrian', 'travelSummary': {'duration': 720, 'length': 700}, 'departure': {'time': '2022-09-29T13:39:00-04:00', 'place': {'name': 'State - Devonshire St, Water St', 'type': 'accessPoint', 'location': {'lat': 42.357487, 'lng': -71.057412}, 'wheelchairAccessible': 'no'}}, 'arrival': {'time': '2022-09-29T13:51:00-04:00', 'place': {'name': 'SouthStation', 'type': 'place', 'location': {'lat': 42.352593, 'lng': -71.055172}}}, 'transport': {'mode': 'pedestrian'}}]}]}"
257,Alewife,RED,MBTA_NODES,42.39612102791664,-71.1420773119539,POINT (-71.1420773119539 42.39612102791664),200.0,10610.0,"{'routes': [{'id': 'C0', 'sections': [{'id': 'C0-S0', 'type': 'pedestrian', 'travelSummary': {'duration': 180, 'length': 155}, 'departure': {'time': '2022-09-29T13:41:00-04:00', 'place': {'name': 'Alewife', 'type': 'place', 'location': {'lat': 42.396121, 'lng': -71.142077}}}, 'arrival': {'time': '2022-09-29T13:44:00-04:00', 'place': {'name': 'Alewife - Steel Place, Alewife Brook Reserve', 'type': 'accessPoint', 'location': {'lat': 42.395578, 'lng': -71.142469}, 'wheelchairAccessible': 'yes'}}, 'transport': {'mode': 'pedestrian'}}, {'id': 'C0-S0-arr', 'type': 'pedestrian', 'travelSummary': {'duration': 60, 'length': 17}, 'departure': {'time': '2022-09-29T13:44:00-04:00', 'place': {'name': 'Alewife - Steel Place, Alewife Brook Reserve', 'type': 'accessPoint', 'location': {'lat': 42.395578, 'lng': -71.142469}, 'wheelchairAccessible': 'yes'}}, 'arrival': {'time': '2022-09-29T13:45:00-04:00', 'place': {'name': 'Alewife', 'type': 'station', 'location': {'lat': 42.395428, 'lng': -71.142483}, 'wheelchairAccessible': 'yes', 'id': '419808083'}}, 'spans': [{'walkAttributes': ['indoor']}], 'transport': {'mode': 'pedestrian'}}, {'id': 'C0-S1', 'type': 'transit', 'travelSummary': {'duration': 300, 'length': 10438}, 'departure': {'time': '2022-09-29T13:45:00-04:00', 'place': {'name': 'Alewife', 'type': 'station', 'location': {'lat': 42.395428, 'lng': -71.142483}, 'wheelchairAccessible': 'yes', 'id': '419808083'}, 'delay': 420}, 'arrival': {'time': '2022-09-29T13:50:00-04:00', 'place': {'name': 'South Station', 'type': 'station', 'location': {'lat': 42.352271, 'lng': -71.055242}, 'wheelchairAccessible': 'yes', 'id': '419808186'}, 'delay': -600}, 'transport': {'mode': 'subway', 'name': 'Red Line', 'category': 'Subway, Metro', 'color': '#DA291C', 'textColor': '#FFFFFF', 'headsign': 'Braintree', 'longName': 'Red Line'}, 'agency': {'id': '14811_6b86b27', 'name': 'MBTA', 'website': 'http://www.mbta.com'}}]}]}"
258,Porter,RED,MBTA_NODES,42.3883204798638,-71.11911421896355,POINT (-71.11911421896355 42.3883204798638),200.0,7647.0,"{'routes': [{'id': 'C0', 'sections': [{'id': 'C0-S1', 'type': 'transit', 'travelSummary': {'duration': 300, 'length': 7647}, 'departure': {'time': '2022-09-29T13:36:00-04:00', 'place': {'name': 'Porter', 'type': 'station', 'location': {'lat': 42.3884, 'lng': -71.119149}, 'wheelchairAccessible': 'yes', 'id': '419808169'}, 'delay': 0}, 'arrival': {'time': '2022-09-29T13:41:00-04:00', 'place': {'name': 'South Station', 'type': 'station', 'location': {'lat': 42.352271, 'lng': -71.055242}, 'wheelchairAccessible': 'yes', 'id': '419808186'}, 'delay': -720}, 'transport': {'mode': 'subway', 'name': 'Red Line', 'category': 'Subway, Metro', 'color': '#DA291C', 'textColor': '#FFFFFF', 'headsign': 'Ashmont', 'longName': 'Red Line'}, 'agency': {'id': '14811_6b86b27', 'name': 'MBTA', 'website': 'http://www.mbta.com'}}]}]}"
259,Central,RED,MBTA_NODES,42.365439939109,-71.10382518006278,POINT (-71.10382518006278 42.365439939109),200.0,4390.0,"{'routes': [{'id': 'C0', 'sections': [{'id': 'C0-S0', 'type': 'transit', 'travelSummary': {'duration': 120, 'length': 4390}, 'departure': {'time': '2022-09-29T13:37:00-04:00', 'place': {'name': 'Central', 'type': 'station', 'location': {'lat': 42.365486, 'lng': -71.103802}, 'wheelchairAccessible': 'yes', 'id': '419808121'}, 'delay': 0}, 'arrival': {'time': '2022-09-29T13:39:00-04:00', 'place': {'name': 'South Station', 'type': 'station', 'location': {'lat': 42.352271, 'lng': -71.055242}, 'wheelchairAccessible': 'yes', 'id': '419808186'}, 'delay': -420}, 'transport': {'mode': 'subway', 'name': 'Red Line', 'category': 'Subway, Metro', 'color': '#DA291C', 'textColor': '#FFFFFF', 'headsign': 'Braintree', 'longName': 'Red Line'}, 'agency': {'id': '14811_6b86b27', 'name': 'MBTA', 'website': 'http://www.mbta.com'}}]}]}"
260,Charles/MGH,RED,MBTA_NODES,42.36116762221243,-71.07108060736338,POINT (-71.07108060736338 42.36116762221243),200.0,1649.0,"{'routes': [{'id': 'C0', 'sections': [{'id': 'C0-S0', 'type': 'pedestrian', 'travelSummary': {'duration': 60, 'length': 66}, 'departure': {'time': '2022-09-29T13:36:00-04:00', 'place': {'name': 'Charles/Mgh', 'type': 'place', 'location': {'lat': 42.361168, 'lng': -71.071081}}}, 'arrival': {'time': '2022-09-29T13:37:00-04:00', 'place': {'name': 'Charles/Mgh - Beacon Hill, Esplanade, Hospitals', 'type': 'accessPoint', 'location': {'lat': 42.361117, 'lng': -71.07057}, 'wheelchairAccessible': 'yes'}}, 'transport': {'mode': 'pedestrian'}}, {'id': 'C0-S0-arr', 'type': 'pedestrian', 'travelSummary': {'duration': 60, 'length': 7}, 'departure': {'time': '2022-09-29T13:37:00-04:00', 'place': {'name': 'Charles/Mgh - Beacon Hill, Esplanade, Hospitals', 'type': 'accessPoint', 'location': {'lat': 42.361117, 'lng': -71.07057}, 'wheelchairAccessible': 'yes'}}, 'arrival': {'time': '2022-09-29T13:38:00-04:00', 'place': {'name': 'Charles/Mgh', 'type': 'station', 'location': {'lat': 42.361166, 'lng': -71.070628}, 'wheelchairAccessible': 'yes', 'id': '419808117'}}, 'spans': [{'walkAttributes': ['indoor']}], 'transport': {'mode': 'pedestrian'}}, {'id': 'C0-S1', 'type': 'transit', 'travelSummary': {'duration': 60, 'length': 1576}, 'departure': {'time': '2022-09-29T13:38:00-04:00', 'place': {'name': 'Charles/Mgh', 'type': 'station', 'location': {'lat': 42.361166, 'lng': -71.070628}, 'wheelchairAccessible': 'yes', 'id': '419808117'}, 'delay': -180}, 'arrival': {'time': '2022-09-29T13:39:00-04:00', 'place': {'name': 'South Station', 'type': 'station', 'location': {'lat': 42.352271, 'lng': -71.055242}, 'wheelchairAccessible': 'yes', 'id': '419808186'}, 'delay': -420}, 'transport': {'mode': 'subway', 'name': 'Red Line', 'category': 'Subway, Metro', 'color': '#DA291C', 'textColor': '#FFFFFF', 'headsign': 'Braintree', 'longName': 'Red Line'}, 'agency': {'id': '14811_6b86b27', 'name': 'MBTA', 'website': 'http://www.mbta.com'}}]}, {'id': '329d6ee8-500d-40c9-9042-6603ef0fe68c', 'sections': [{'id': 'c6638fd6-16a6-418f-90f6-ea4e0fad1999', 'type': 'pedestrian', 'travelSummary': {'duration': 1932, 'length': 1906}, 'departure': {'time': '2022-09-29T13:34:30-04:00', 'place': {'type': 'place', 'location': {'lat': 42.3611574, 'lng': -71.0711058}}}, 'arrival': {'time': '2022-09-29T14:06:42-04:00', 'place': {'type': 'place', 'location': {'lat': 42.3525543, 'lng': -71.0552033}}}, 'transport': {'mode': 'pedestrian'}}]}]}"
261,Broadway,RED,MBTA_NODES,42.34258168600741,-71.05717003941312,POINT (-71.05717003941312 42.34258168600741),200.0,1403.0,"{'routes': [{'id': 'C0', 'sections': [{'id': 'C0-S0', 'type': 'pedestrian', 'travelSummary': {'duration': 60, 'length': 63}, 'departure': {'time': '2022-09-29T13:36:00-04:00', 'place': {'name': 'Broadway', 'type': 'place', 'location': {'lat': 42.342582, 'lng': -71.05717}}}, 'arrival': {'time': '2022-09-29T13:37:00-04:00', 'place': {'name': 'Broadway - Broadway', 'type': 'accessPoint', 'location': {'lat': 42.34256, 'lng': -71.056944}, 'wheelchairAccessible': 'yes'}}, 'transport': {'mode': 'pedestrian'}}, {'id': 'C0-S0-arr', 'type': 'pedestrian', 'travelSummary': {'duration': 60, 'length': 7}, 'departure': {'time': '2022-09-29T13:37:00-04:00', 'place': {'name': 'Broadway - Broadway', 'type': 'accessPoint', 'location': {'lat': 42.34256, 'lng': -71.056944}, 'wheelchairAccessible': 'yes'}}, 'arrival': {'time': '2022-09-29T13:38:00-04:00', 'place': {'name': 'Broadway', 'type': 'station', 'location': {'lat': 42.342622, 'lng': -71.056967}, 'wheelchairAccessible': 'yes', 'id': '419809930', 'code': '70081'}}, 'spans': [{'walkAttributes': ['indoor']}], 'transport': {'mode': 'pedestrian'}}, {'id': 'C0-S1', 'type': 'transit', 'travelSummary': {'duration': 120, 'length': 1333}, 'departure': {'time': '2022-09-29T13:38:00-04:00', 'place': {'name': 'Broadway', 'type': 'station', 'location': {'lat': 42.342622, 'lng': -71.056967}, 'wheelchairAccessible': 'yes', 'id': '419809930', 'code': '70081'}, 'delay': 780}, 'arrival': {'time': '2022-09-29T13:40:00-04:00', 'place': {'name': 'South Station', 'type': 'station', 'location': {'lat': 42.352271, 'lng': -71.055242}, 'wheelchairAccessible': 'yes', 'id': '419808186'}, 'delay': 720}, 'transport': {'mode': 'subway', 'name': 'Red Line', 'category': 'Subway, Metro', 'color': '#DA291C', 'textColor': '#FFFFFF', 'headsign': 'Alewife', 'longName': 'Red Line'}, 'agency': {'id': '14811_6b86b27', 'name': 'MBTA', 'website': 'http://www.mbta.com'}}]}, {'id': 'c10ca689-0251-427f-9d95-cd2874adb2b0', 'sections': [{'id': 'd7084c44-810e-4062-8a7d-f470bb3245d7', 'type': 'pedestrian', 'travelSummary': {'duration': 1743, 'length': 1716}, 'departure': {'time': '2022-09-29T13:34:31-04:00', 'place': {'type': 'place', 'location': {'lat': 42.34256, 'lng': -71.05718}}}, 'arrival': {'time': '2022-09-29T14:03:34-04:00', 'place': {'type': 'place', 'location': {'lat': 42.3525543, 'lng': -71.0552033}}}, 'transport': {'mode': 'pedestrian'}}]}]}"
262,Andrew,RED,MBTA_NODES,42.33011322520393,-71.05697754578115,POINT (-71.05697754578115 42.33011322520393),200.0,2775.0,"{'routes': [{'id': 'C0', 'sections': [{'id': 'C0-S0', 'type': 'pedestrian', 'travelSummary': {'duration': 60, 'length': 57}, 'departure': {'time': '2022-09-29T13:34:00-04:00', 'place': {'name': 'Andrew', 'type': 'place', 'location': {'lat': 42.330113, 'lng': -71.056978}}}, 'arrival': {'time': '2022-09-29T13:35:00-04:00', 'place': {'name': 'Andrew', 'type': 'station', 'location': {'lat': 42.330154, 'lng': -71.057655}, 'wheelchairAccessible': 'yes', 'id': '419808085'}}, 'transport': {'mode': 'pedestrian'}}, {'id': 'C0-S1', 'type': 'transit', 'travelSummary': {'duration': 300, 'length': 2718}, 'departure': {'time': '2022-09-29T13:35:00-04:00', 'place': {'name': 'Andrew', 'type': 'station', 'location': {'lat': 42.330154, 'lng': -71.057655}, 'wheelchairAccessible': 'yes', 'id': '419808085', 'platform': '2'}, 'delay': 720}, 'arrival': {'time': '2022-09-29T13:40:00-04:00', 'place': {'name': 'South Station', 'type': 'station', 'location': {'lat': 42.352271, 'lng': -71.055242}, 'wheelchairAccessible': 'yes', 'id': '419808186'}, 'delay': 720}, 'transport': {'mode': 'subway', 'name': 'Red Line', 'category': 'Subway, Metro', 'color': '#DA291C', 'textColor': '#FFFFFF', 'headsign': 'Alewife', 'longName': 'Red Line'}, 'agency': {'id': '14811_6b86b27', 'name': 'MBTA', 'website': 'http://www.mbta.com'}}]}]}"
263,Savin Hill,RED,MBTA_NODES,42.3107478247505,-71.05364006133503,POINT (-71.05364006133503 42.3107478247505),200.0,5058.0,"{'routes': [{'id': 'C0', 'sections': [{'id': 'C0-S0', 'type': 'pedestrian', 'travelSummary': {'duration': 1020, 'length': 1026}, 'departure': {'time': '2022-09-29T13:38:00-04:00', 'place': {'name': 'SavinHill', 'type': 'place', 'location': {'lat': 42.310748, 'lng': -71.05364}}}, 'arrival': {'time': '2022-09-29T13:55:00-04:00', 'place': {'name': 'JFK/UMass - Sydney St (South)', 'type': 'accessPoint', 'location': {'lat': 42.319895, 'lng': -71.052602}, 'wheelchairAccessible': 'no'}}, 'transport': {'mode': 'pedestrian'}}, {'id': 'C0-S0-arr', 'type': 'pedestrian', 'travelSummary': {'duration': 120, 'length': 90}, 'departure': {'time': '2022-09-29T13:55:00-04:00', 'place': {'name': 'JFK/UMass - Sydney St (South)', 'type': 'accessPoint', 'location': {'lat': 42.319895, 'lng': -71.052602}, 'wheelchairAccessible': 'no'}}, 'arrival': {'time': '2022-09-29T13:57:00-04:00', 'place': {'name': 'JFK/UMass', 'type': 'station', 'location': {'lat': 42.320685, 'lng': -71.052391}, 'wheelchairAccessible': 'yes', 'id': '419808145'}}, 'spans': [{'walkAttributes': ['indoor']}], 'transport': {'mode': 'pedestrian'}}, {'id': 'C0-S1', 'type': 'transit', 'travelSummary': {'duration': 60, 'length': 3942}, 'departure': {'time': '2022-09-29T13:57:00-04:00', 'place': {'name': 'JFK/UMass', 'type': 'station', 'location': {'lat': 42.320685, 'lng': -71.052391}, 'wheelchairAccessible': 'yes', 'id': '419808145'}, 'delay': -780}, 'arrival': {'time': '2022-09-29T13:58:00-04:00', 'place': {'name': 'South Station', 'type': 'station', 'location': {'lat': 42.352271, 'lng': -71.055242}, 'wheelchairAccessible': 'yes', 'id': '419808186'}, 'delay': -1200}, 'transport': {'mode': 'subway', 'name': 'Red Line', 'category': 'Subway, Metro', 'color': '#DA291C', 'textColor': '#FFFFFF', 'headsign': 'Alewife', 'longName': 'Red Line'}, 'agency': {'id': '14811_6b86b27', 'name': 'MBTA', 'website': 'http://www.mbta.com'}}]}]}"
264,Fields Corner,RED,MBTA_NODES,42.30000162265039,-71.06192392219717,POINT (-71.06192392219717 42.30000162265038),200.0,6707.0,"{'routes': [{'id': 'C0', 'sections': [{'id': 'C0-S0', 'type': 'pedestrian', 'travelSummary': {'duration': 60, 'length': 36}, 'departure': {'time': '2022-09-29T13:52:00-04:00', 'place': {'name': 'FieldsCorner', 'type': 'place', 'location': {'lat': 42.300002, 'lng': -71.061924}}}, 'arrival': {'time': '2022-09-29T13:53:00-04:00', 'place': {'name': 'Fields Corner - Busway, Street', 'type': 'accessPoint', 'location': {'lat': 42.300019, 'lng': -71.061475}, 'wheelchairAccessible': 'yes'}}, 'transport': {'mode': 'pedestrian'}}, {'id': 'C0-S0-arr', 'type': 'pedestrian', 'travelSummary': {'duration': 60, 'length': 18}, 'departure': {'time': '2022-09-29T13:53:00-04:00', 'place': {'name': 'Fields Corner - Busway, Street', 'type': 'accessPoint', 'location': {'lat': 42.300019, 'lng': -71.061475}, 'wheelchairAccessible': 'yes'}}, 'arrival': {'time': '2022-09-29T13:54:00-04:00', 'place': {'name': 'Fields Corner', 'type': 'station', 'location': {'lat': 42.300093, 'lng': -71.061667}, 'wheelchairAccessible': 'yes', 'id': '419808133'}}, 'spans': [{'walkAttributes': ['indoor']}], 'transport': {'mode': 'pedestrian'}}, {'id': 'C0-S1', 'type': 'transit', 'travelSummary': {'duration': 840, 'length': 6653}, 'departure': {'time': '2022-09-29T13:54:00-04:00', 'place': {'name': 'Fields Corner', 'type': 'station', 'location': {'lat': 42.300093, 'lng': -71.061667}, 'wheelchairAccessible': 'yes', 'id': '419808133'}, 'delay': 660}, 'arrival': {'time': '2022-09-29T14:08:00-04:00', 'place': {'name': 'South Station', 'type': 'station', 'location': {'lat': 42.352271, 'lng': -71.055242}, 'wheelchairAccessible': 'yes', 'id': '419808186'}, 'delay': 720}, 'transport': {'mode': 'subway', 'name': 'Red Line', 'category': 'Subway, Metro', 'color': '#DA291C', 'textColor': '#FFFFFF', 'headsign': 'Alewife', 'longName': 'Red Line'}, 'agency': {'id': '14811_6b86b27', 'name': 'MBTA', 'website': 'http://www.mbta.com'}}]}]}"
265,Shawmut,RED,MBTA_NODES,42.29310744989648,-71.06582888832982,POINT (-71.06582888832982 42.29310744989647),200.0,7669.0,"{'routes': [{'id': 'C0', 'sections': [{'id': 'C0-S0', 'type': 'pedestrian', 'travelSummary': {'duration': 60, 'length': 36}, 'departure': {'time': '2022-09-29T13:50:00-04:00', 'place': {'name': 'Shawmut', 'type': 'place', 'location': {'lat': 42.293107, 'lng': -71.065829}}}, 'arrival': {'time': '2022-09-29T13:51:00-04:00', 'place': {'name': 'Shawmut - Clementine Park, Centre St', 'type': 'accessPoint', 'location': {'lat': 42.293067, 'lng': -71.065784}, 'wheelchairAccessible': 'yes'}}, 'transport': {'mode': 'pedestrian'}}, {'id': 'C0-S0-arr', 'type': 'pedestrian', 'travelSummary': {'duration': 60, 'length': 8}, 'departure': {'time': '2022-09-29T13:51:00-04:00', 'place': {'name': 'Shawmut - Clementine Park, Centre St', 'type': 'accessPoint', 'location': {'lat': 42.293067, 'lng': -71.065784}, 'wheelchairAccessible': 'yes'}}, 'arrival': {'time': '2022-09-29T13:52:00-04:00', 'place': {'name': 'Shawmut', 'type': 'station', 'location': {'lat': 42.293126, 'lng': -71.065738}, 'wheelchairAccessible': 'yes', 'id': '419810618', 'code': '70091'}}, 'spans': [{'walkAttributes': ['indoor']}], 'transport': {'mode': 'pedestrian'}}, {'id': 'C0-S1', 'type': 'transit', 'travelSummary': {'duration': 960, 'length': 7625}, 'departure': {'time': '2022-09-29T13:52:00-04:00', 'place': {'name': 'Shawmut', 'type': 'station', 'location': {'lat': 42.293126, 'lng': -71.065738}, 'wheelchairAccessible': 'yes', 'id': '419810618', 'code': '70091'}, 'delay': 720}, 'arrival': {'time': '2022-09-29T14:08:00-04:00', 'place': {'name': 'South Station', 'type': 'station', 'location': {'lat': 42.352271, 'lng': -71.055242}, 'wheelchairAccessible': 'yes', 'id': '419808186'}, 'delay': 720}, 'transport': {'mode': 'subway', 'name': 'Red Line', 'category': 'Subway, Metro', 'color': '#DA291C', 'textColor': '#FFFFFF', 'headsign': 'Alewife', 'longName': 'Red Line'}, 'agency': {'id': '14811_6b86b27', 'name': 'MBTA', 'website': 'http://www.mbta.com'}}]}]}"
266,Cedar Grove,RED,MBTA_NODES,42.27953956675925,-71.06031736232977,POINT (-71.06031736232977 42.27953956675925),200.0,9330.0,"{'routes': [{'id': 'C0', 'sections': [{'id': 'C0-S0', 'type': 'pedestrian', 'travelSummary': {'duration': 600, 'length': 610}, 'departure': {'time': '2022-09-29T13:38:00-04:00', 'place': {'name': 'CedarGrove', 'type': 'place', 'location': {'lat': 42.27954, 'lng': -71.060317}}}, 'arrival': {'time': '2022-09-29T13:48:00-04:00', 'place': {'name': 'Ashmont - Radford Lane', 'type': 'accessPoint', 'location': {'lat': 42.283587, 'lng': -71.062983}, 'wheelchairAccessible': 'yes'}}, 'transport': {'mode': 'pedestrian'}}, {'id': 'C0-S0-arr', 'type': 'pedestrian', 'travelSummary': {'duration': 120, 'length': 123}, 'departure': {'time': '2022-09-29T13:48:00-04:00', 'place': {'name': 'Ashmont - Radford Lane', 'type': 'accessPoint', 'location': {'lat': 42.283587, 'lng': -71.062983}, 'wheelchairAccessible': 'yes'}}, 'arrival': {'time': '2022-09-29T13:50:00-04:00', 'place': {'name': 'Ashmont', 'type': 'station', 'location': {'lat': 42.28452, 'lng': -71.063777}, 'wheelchairAccessible': 'yes', 'id': '419808089'}}, 'spans': [{'walkAttributes': ['indoor']}], 'transport': {'mode': 'pedestrian'}}, {'id': 'C0-S1', 'type': 'transit', 'travelSummary': {'duration': 1080, 'length': 8597}, 'departure': {'time': '2022-09-29T13:50:00-04:00', 'place': {'name': 'Ashmont', 'type': 'station', 'location': {'lat': 42.28452, 'lng': -71.063777}, 'wheelchairAccessible': 'yes', 'id': '419808089'}, 'delay': 780}, 'arrival': {'time': '2022-09-29T14:08:00-04:00', 'place': {'name': 'South Station', 'type': 'station', 'location': {'lat': 42.352271, 'lng': -71.055242}, 'wheelchairAccessible': 'yes', 'id': '419808186'}, 'delay': 720}, 'transport': {'mode': 'subway', 'name': 'Red Line', 'category': 'Subway, Metro', 'color': '#DA291C', 'textColor': '#FFFFFF', 'headsign': 'Alewife', 'longName': 'Red Line'}, 'agency': {'id': '14811_6b86b27', 'name': 'MBTA', 'website': 'http://www.mbta.com'}}]}]}"
267,Butler,RED,MBTA_NODES,42.27241637622499,-71.06246996995522,POINT (-71.06246996995522 42.27241637622499),200.0,10198.0,"{'routes': [{'id': 'C0', 'sections': [{'id': 'C0-S1', 'type': 'transit', 'travelSummary': {'duration': 180, 'length': 1457}, 'departure': {'time': '2022-09-29T13:42:00-04:00', 'place': {'name': 'Butler', 'type': 'station', 'location': {'lat': 42.272477, 'lng': -71.062438}, 'wheelchairAccessible': 'yes', 'id': '419810479', 'code': '70266'}}, 'arrival': {'time': '2022-09-29T13:45:00-04:00', 'place': {'name': 'Ashmont', 'type': 'station', 'location': {'lat': 42.283768, 'lng': -71.063191}, 'wheelchairAccessible': 'yes', 'id': '419810087', 'code': '70261'}}, 'transport': {'mode': 'lightRail', 'name': 'Mattapan Trolley', 'category': 'Tram, Streetcar, Light rail', 'color': '#DA291C', 'textColor': '#FFFFFF', 'headsign': 'Ashmont', 'longName': 'Mattapan Trolley'}, 'agency': {'id': '14811_6b86b27', 'name': 'MBTA', 'website': 'http://www.mbta.com'}}, {'id': 'C0-S2', 'type': 'pedestrian', 'travelSummary': {'duration': 120, 'length': 144}, 'departure': {'time': '2022-09-29T13:45:00-04:00', 'place': {'name': 'Ashmont', 'type': 'station', 'location': {'lat': 42.283768, 'lng': -71.063191}, 'wheelchairAccessible': 'yes', 'id': '419810087', 'code': '70261'}}, 'arrival': {'time': '2022-09-29T13:47:00-04:00', 'place': {'name': 'Ashmont', 'type': 'station', 'location': {'lat': 42.28452, 'lng': -71.063777}, 'wheelchairAccessible': 'yes', 'id': '419808089'}}, 'transport': {'mode': 'pedestrian'}}, {'id': 'C0-S3', 'type': 'transit', 'travelSummary': {'duration': 1080, 'length': 8597}, 'departure': {'time': '2022-09-29T13:50:00-04:00', 'place': {'name': 'Ashmont', 'type': 'station', 'location': {'lat': 42.28452, 'lng': -71.063777}, 'wheelchairAccessible': 'yes', 'id': '419808089'}, 'delay': 780}, 'arrival': {'time': '2022-09-29T14:08:00-04:00', 'place': {'name': 'South Station', 'type': 'station', 'location': {'lat': 42.352271, 'lng': -71.055242}, 'wheelchairAccessible': 'yes', 'id': '419808186'}, 'delay': 720}, 'transport': {'mode': 'subway', 'name': 'Red Line', 'category': 'Subway, Metro', 'color': '#DA291C', 'textColor': '#FFFFFF', 'headsign': 'Alewife', 'longName': 'Red Line'}, 'agency': {'id': '14811_6b86b27', 'name': 'MBTA', 'website': 'http://www.mbta.com'}}]}]}"
268,Milton,RED,MBTA_NODES,42.270327108956735,-71.06724190338717,POINT (-71.06724190338717 42.27032710895674),200.0,10669.0,"{'routes': [{'id': 'C0', 'sections': [{'id': 'C0-S1', 'type': 'transit', 'travelSummary': {'duration': 240, 'length': 1928}, 'departure': {'time': '2022-09-29T13:41:00-04:00', 'place': {'name': 'Milton', 'type': 'station', 'location': {'lat': 42.270388, 'lng': -71.067253}, 'wheelchairAccessible': 'yes', 'id': '419810480', 'code': '70267'}}, 'arrival': {'time': '2022-09-29T13:45:00-04:00', 'place': {'name': 'Ashmont', 'type': 'station', 'location': {'lat': 42.283768, 'lng': -71.063191}, 'wheelchairAccessible': 'yes', 'id': '419810087', 'code': '70261'}}, 'transport': {'mode': 'lightRail', 'name': 'Mattapan Trolley', 'category': 'Tram, Streetcar, Light rail', 'color': '#DA291C', 'textColor': '#FFFFFF', 'headsign': 'Ashmont', 'longName': 'Mattapan Trolley'}, 'agency': {'id': '14811_6b86b27', 'name': 'MBTA', 'website': 'http://www.mbta.com'}}, {'id': 'C0-S2', 'type': 'pedestrian', 'travelSummary': {'duration': 120, 'length': 144}, 'departure': {'time': '2022-09-29T13:45:00-04:00', 'place': {'name': 'Ashmont', 'type': 'station', 'location': {'lat': 42.283768, 'lng': -71.063191}, 'wheelchairAccessible': 'yes', 'id': '419810087', 'code': '70261'}}, 'arrival': {'time': '2022-09-29T13:47:00-04:00', 'place': {'name': 'Ashmont', 'type': 'station', 'location': {'lat': 42.28452, 'lng': -71.063777}, 'wheelchairAccessible': 'yes', 'id': '419808089'}}, 'transport': {'mode': 'pedestrian'}}, {'id': 'C0-S3', 'type': 'transit', 'travelSummary': {'duration': 1080, 'length': 8597}, 'departure': {'time': '2022-09-29T13:50:00-04:00', 'place': {'name': 'Ashmont', 'type': 'station', 'location': {'lat': 42.28452, 'lng': -71.063777}, 'wheelchairAccessible': 'yes', 'id': '419808089'}, 'delay': 780}, 'arrival': {'time': '2022-09-29T14:08:00-04:00', 'place': {'name': 'South Station', 'type': 'station', 'location': {'lat': 42.352271, 'lng': -71.055242}, 'wheelchairAccessible': 'yes', 'id': '419808186'}, 'delay': 720}, 'transport': {'mode': 'subway', 'name': 'Red Line', 'category': 'Subway, Metro', 'color': '#DA291C', 'textColor': '#FFFFFF', 'headsign': 'Alewife', 'longName': 'Red Line'}, 'agency': {'id': '14811_6b86b27', 'name': 'MBTA', 'website': 'http://www.mbta.com'}}]}]}"
269,Central Avenue,RED,MBTA_NODES,42.26998517356769,-71.07360913867316,POINT (-71.07360913867316 42.26998517356769),200.0,11188.0,"{'routes': [{'id': 'C0', 'sections': [{'id': 'C0-S1', 'type': 'transit', 'travelSummary': {'duration': 300, 'length': 2447}, 'departure': {'time': '2022-09-29T13:40:00-04:00', 'place': {'name': 'Central Avenue', 'type': 'station', 'location': {'lat': 42.270054, 'lng': -71.073523}, 'wheelchairAccessible': 'yes', 'id': '419810482', 'code': '70269'}}, 'arrival': {'time': '2022-09-29T13:45:00-04:00', 'place': {'name': 'Ashmont', 'type': 'station', 'location': {'lat': 42.283768, 'lng': -71.063191}, 'wheelchairAccessible': 'yes', 'id': '419810087', 'code': '70261'}}, 'transport': {'mode': 'lightRail', 'name': 'Mattapan Trolley', 'category': 'Tram, Streetcar, Light rail', 'color': '#DA291C', 'textColor': '#FFFFFF', 'headsign': 'Ashmont', 'longName': 'Mattapan Trolley'}, 'agency': {'id': '14811_6b86b27', 'name': 'MBTA', 'website': 'http://www.mbta.com'}}, {'id': 'C0-S2', 'type': 'pedestrian', 'travelSummary': {'duration': 120, 'length': 144}, 'departure': {'time': '2022-09-29T13:45:00-04:00', 'place': {'name': 'Ashmont', 'type': 'station', 'location': {'lat': 42.283768, 'lng': -71.063191}, 'wheelchairAccessible': 'yes', 'id': '419810087', 'code': '70261'}}, 'arrival': {'time': '2022-09-29T13:47:00-04:00', 'place': {'name': 'Ashmont', 'type': 'station', 'location': {'lat': 42.28452, 'lng': -71.063777}, 'wheelchairAccessible': 'yes', 'id': '419808089'}}, 'transport': {'mode': 'pedestrian'}}, {'id': 'C0-S3', 'type': 'transit', 'travelSummary': {'duration': 1080, 'length': 8597}, 'departure': {'time': '2022-09-29T13:50:00-04:00', 'place': {'name': 'Ashmont', 'type': 'station', 'location': {'lat': 42.28452, 'lng': -71.063777}, 'wheelchairAccessible': 'yes', 'id': '419808089'}, 'delay': 780}, 'arrival': {'time': '2022-09-29T14:08:00-04:00', 'place': {'name': 'South Station', 'type': 'station', 'location': {'lat': 42.352271, 'lng': -71.055242}, 'wheelchairAccessible': 'yes', 'id': '419808186'}, 'delay': 720}, 'transport': {'mode': 'subway', 'name': 'Red Line', 'category': 'Subway, Metro', 'color': '#DA291C', 'textColor': '#FFFFFF', 'headsign': 'Alewife', 'longName': 'Red Line'}, 'agency': {'id': '14811_6b86b27', 'name': 'MBTA', 'website': 'http://www.mbta.com'}}]}]}"
270,Valley Road,RED,MBTA_NODES,42.26832588779538,-71.08150365095204,POINT (-71.08150365095204 42.26832588779538),200.0,11941.0,"{'routes': [{'id': 'C0', 'sections': [{'id': 'C0-S0', 'type': 'pedestrian', 'travelSummary': {'duration': 0, 'length': 10}, 'departure': {'time': '2022-09-29T13:38:00-04:00', 'place': {'name': 'ValleyRoad', 'type': 'place', 'location': {'lat': 42.268326, 'lng': -71.081504}}}, 'arrival': {'time': '2022-09-29T13:38:00-04:00', 'place': {'name': 'Valley Road - Eliot St', 'type': 'accessPoint', 'location': {'lat': 42.267932, 'lng': -71.081125}, 'wheelchairAccessible': 'no'}}, 'transport': {'mode': 'pedestrian'}}, {'id': 'C0-S0-arr', 'type': 'pedestrian', 'travelSummary': {'duration': 60, 'length': 60}, 'departure': {'time': '2022-09-29T13:38:00-04:00', 'place': {'name': 'Valley Road - Eliot St', 'type': 'accessPoint', 'location': {'lat': 42.267932, 'lng': -71.081125}, 'wheelchairAccessible': 'no'}}, 'arrival': {'time': '2022-09-29T13:39:00-04:00', 'place': {'name': 'Valley Road', 'type': 'station', 'location': {'lat': 42.268389, 'lng': -71.081504}, 'wheelchairAccessible': 'no', 'id': '419810096', 'code': '70271'}}, 'spans': [{'walkAttributes': ['indoor']}], 'transport': {'mode': 'pedestrian'}}, {'id': 'C0-S1', 'type': 'transit', 'travelSummary': {'duration': 360, 'length': 3130}, 'departure': {'time': '2022-09-29T13:39:00-04:00', 'place': {'name': 'Valley Road', 'type': 'station', 'location': {'lat': 42.268389, 'lng': -71.081504}, 'wheelchairAccessible': 'no', 'id': '419810096', 'code': '70271'}}, 'arrival': {'time': '2022-09-29T13:45:00-04:00', 'place': {'name': 'Ashmont', 'type': 'station', 'location': {'lat': 42.283768, 'lng': -71.063191}, 'wheelchairAccessible': 'yes', 'id': '419810087', 'code': '70261'}}, 'transport': {'mode': 'lightRail', 'name': 'Mattapan Trolley', 'category': 'Tram, Streetcar, Light rail', 'color': '#DA291C', 'textColor': '#FFFFFF', 'headsign': 'Ashmont', 'longName': 'Mattapan Trolley'}, 'agency': {'id': '14811_6b86b27', 'name': 'MBTA', 'website': 'http://www.mbta.com'}}, {'id': 'C0-S2', 'type': 'pedestrian', 'travelSummary': {'duration': 120, 'length': 144}, 'departure': {'time': '2022-09-29T13:45:00-04:00', 'place': {'name': 'Ashmont', 'type': 'station', 'location': {'lat': 42.283768, 'lng': -71.063191}, 'wheelchairAccessible': 'yes', 'id': '419810087', 'code': '70261'}}, 'arrival': {'time': '2022-09-29T13:47:00-04:00', 'place': {'name': 'Ashmont', 'type': 'station', 'location': {'lat': 42.28452, 'lng': -71.063777}, 'wheelchairAccessible': 'yes', 'id': '419808089'}}, 'transport': {'mode': 'pedestrian'}}, {'id': 'C0-S3', 'type': 'transit', 'travelSummary': {'duration': 1080, 'length': 8597}, 'departure': {'time': '2022-09-29T13:50:00-04:00', 'place': {'name': 'Ashmont', 'type': 'station', 'location': {'lat': 42.28452, 'lng': -71.063777}, 'wheelchairAccessible': 'yes', 'id': '419808089'}, 'delay': 780}, 'arrival': {'time': '2022-09-29T14:08:00-04:00', 'place': {'name': 'South Station', 'type': 'station', 'location': {'lat': 42.352271, 'lng': -71.055242}, 'wheelchairAccessible': 'yes', 'id': '419808186'}, 'delay': 720}, 'transport': {'mode': 'subway', 'name': 'Red Line', 'category': 'Subway, Metro', 'color': '#DA291C', 'textColor': '#FFFFFF', 'headsign': 'Alewife', 'longName': 'Red Line'}, 'agency': {'id': '14811_6b86b27', 'name': 'MBTA', 'website': 'http://www.mbta.com'}}]}]}"
271,Mattapan,RED,MBTA_NODES,42.26751187982788,-71.0925123638194,POINT (-71.0925123638194 42.26751187982788),200.0,12767.0,"{'routes': [{'id': 'C0', 'sections': [{'id': 'C0-S1', 'type': 'transit', 'travelSummary': {'duration': 480, 'length': 4026}, 'departure': {'time': '2022-09-29T13:37:00-04:00', 'place': {'name': 'Mattapan', 'type': 'station', 'location': {'lat': 42.26762, 'lng': -71.092486}, 'wheelchairAccessible': 'yes', 'id': '419808154'}}, 'arrival': {'time': '2022-09-29T13:45:00-04:00', 'place': {'name': 'Ashmont', 'type': 'station', 'location': {'lat': 42.283768, 'lng': -71.063191}, 'wheelchairAccessible': 'yes', 'id': '419810087', 'code': '70261'}}, 'transport': {'mode': 'lightRail', 'name': 'Mattapan Trolley', 'category': 'Tram, Streetcar, Light rail', 'color': '#DA291C', 'textColor': '#FFFFFF', 'headsign': 'Ashmont', 'longName': 'Mattapan Trolley'}, 'agency': {'id': '14811_6b86b27', 'name': 'MBTA', 'website': 'http://www.mbta.com'}}, {'id': 'C0-S2', 'type': 'pedestrian', 'travelSummary': {'duration': 120, 'length': 144}, 'departure': {'time': '2022-09-29T13:45:00-04:00', 'place': {'name': 'Ashmont', 'type': 'station', 'location': {'lat': 42.283768, 'lng': -71.063191}, 'wheelchairAccessible': 'yes', 'id': '419810087', 'code': '70261'}}, 'arrival': {'time': '2022-09-29T13:47:00-04:00', 'place': {'name': 'Ashmont', 'type': 'station', 'location': {'lat': 42.28452, 'lng': -71.063777}, 'wheelchairAccessible': 'yes', 'id': '419808089'}}, 'transport': {'mode': 'pedestrian'}}, {'id': 'C0-S3', 'type': 'transit', 'travelSummary': {'duration': 1080, 'length': 8597}, 'departure': {'time': '2022-09-29T13:50:00-04:00', 'place': {'name': 'Ashmont', 'type': 'station', 'location': {'lat': 42.28452, 'lng': -71.063777}, 'wheelchairAccessible': 'yes', 'id': '419808089'}, 'delay': 780}, 'arrival': {'time': '2022-09-29T14:08:00-04:00', 'place': {'name': 'South Station', 'type': 'station', 'location': {'lat': 42.352271, 'lng': -71.055242}, 'wheelchairAccessible': 'yes', 'id': '419808186'}, 'delay': 720}, 'transport': {'mode': 'subway', 'name': 'Red Line', 'category': 'Subway, Metro', 'color': '#DA291C', 'textColor': '#FFFFFF', 'headsign': 'Alewife', 'longName': 'Red Line'}, 'agency': {'id': '14811_6b86b27', 'name': 'MBTA', 'website': 'http://www.mbta.com'}}]}]}"
272,North Quincy,RED,MBTA_NODES,42.27597638029729,-71.03044263936602,POINT (-71.03044263936602 42.27597638029729),200.0,10031.0,"{'routes': [{'id': 'C0', 'sections': [{'id': 'C0-S0', 'type': 'pedestrian', 'travelSummary': {'duration': 60, 'length': 89}, 'departure': {'time': '2022-09-29T13:38:00-04:00', 'place': {'name': 'NorthQuincy', 'type': 'place', 'location': {'lat': 42.275976, 'lng': -71.030443}}}, 'arrival': {'time': '2022-09-29T13:39:00-04:00', 'place': {'name': 'North Quincy - Hancock St', 'type': 'accessPoint', 'location': {'lat': 42.276631, 'lng': -71.030922}, 'wheelchairAccessible': 'yes'}}, 'transport': {'mode': 'pedestrian'}}, {'id': 'C0-S0-arr', 'type': 'pedestrian', 'travelSummary': {'duration': 180, 'length': 187}, 'departure': {'time': '2022-09-29T13:39:00-04:00', 'place': {'name': 'North Quincy - Hancock St', 'type': 'accessPoint', 'location': {'lat': 42.276631, 'lng': -71.030922}, 'wheelchairAccessible': 'yes'}}, 'arrival': {'time': '2022-09-29T13:42:00-04:00', 'place': {'name': 'North Quincy', 'type': 'station', 'location': {'lat': 42.275275, 'lng': -71.029583}, 'wheelchairAccessible': 'yes', 'id': '419808163'}}, 'spans': [{'walkAttributes': ['indoor']}], 'transport': {'mode': 'pedestrian'}}, {'id': 'C0-S1', 'type': 'transit', 'travelSummary': {'duration': 120, 'length': 9755}, 'departure': {'time': '2022-09-29T13:42:00-04:00', 'place': {'name': 'North Quincy', 'type': 'station', 'location': {'lat': 42.275275, 'lng': -71.029583}, 'wheelchairAccessible': 'yes', 'id': '419808163', 'platform': '1'}, 'delay': -240}, 'arrival': {'time': '2022-09-29T13:44:00-04:00', 'place': {'name': 'South Station', 'type': 'station', 'location': {'lat': 42.352271, 'lng': -71.055242}, 'wheelchairAccessible': 'yes', 'id': '419808186'}, 'delay': -1140}, 'transport': {'mode': 'subway', 'name': 'Red Line', 'category': 'Subway, Metro', 'color': '#DA291C', 'textColor': '#FFFFFF', 'headsign': 'Alewife', 'longName': 'Red Line'}, 'agency': {'id': '14811_6b86b27', 'name': 'MBTA', 'website': 'http://www.mbta.com'}}]}]}"
273,Wollaston,RED,MBTA_NODES,42.266709771858245,-71.02054283814307,POINT (-71.02054283814307 42.26670977185825),200.0,11128.0,"{'routes': [{'id': 'C0', 'sections': [{'id': 'C0-S0', 'type': 'pedestrian', 'travelSummary': {'duration': 120, 'length': 105}, 'departure': {'time': '2022-09-29T13:39:00-04:00', 'place': {'name': 'Wollaston', 'type': 'place', 'location': {'lat': 42.26671, 'lng': -71.020543}}}, 'arrival': {'time': '2022-09-29T13:41:00-04:00', 'place': {'name': 'Wollaston - Parking, drop-off/pick-up', 'type': 'accessPoint', 'location': {'lat': 42.266783, 'lng': -71.020104}, 'wheelchairAccessible': 'yes'}}, 'transport': {'mode': 'pedestrian'}}, {'id': 'C0-S0-arr', 'type': 'pedestrian', 'travelSummary': {'duration': 60, 'length': 36}, 'departure': {'time': '2022-09-29T13:41:00-04:00', 'place': {'name': 'Wollaston - Parking, drop-off/pick-up', 'type': 'accessPoint', 'location': {'lat': 42.266783, 'lng': -71.020104}, 'wheelchairAccessible': 'yes'}}, 'arrival': {'time': '2022-09-29T13:42:00-04:00', 'place': {'name': 'Wollaston', 'type': 'station', 'location': {'lat': 42.266514, 'lng': -71.020337}, 'wheelchairAccessible': 'yes', 'id': '419808201'}}, 'spans': [{'walkAttributes': ['indoor']}], 'transport': {'mode': 'pedestrian'}}, {'id': 'C0-S1', 'type': 'transit', 'travelSummary': {'duration': 120, 'length': 10987}, 'departure': {'time': '2022-09-29T13:42:00-04:00', 'place': {'name': 'Wollaston', 'type': 'station', 'location': {'lat': 42.266514, 'lng': -71.020337}, 'wheelchairAccessible': 'yes', 'id': '419808201'}, 'delay': -60}, 'arrival': {'time': '2022-09-29T13:44:00-04:00', 'place': {'name': 'South Station', 'type': 'station', 'location': {'lat': 42.352271, 'lng': -71.055242}, 'wheelchairAccessible': 'yes', 'id': '419808186'}, 'delay': -1140}, 'transport': {'mode': 'subway', 'name': 'Red Line', 'category': 'Subway, Metro', 'color': '#DA291C', 'textColor': '#FFFFFF', 'headsign': 'Alewife', 'longName': 'Red Line'}, 'agency': {'id': '14811_6b86b27', 'name': 'MBTA', 'website': 'http://www.mbta.com'}}]}]}"
274,Quincy Center,RED,MBTA_NODES,42.25208702635992,-71.00564054323864,POINT (-71.00564054323864 42.25208702635992),200.0,13154.0,"{'routes': [{'id': 'C0', 'sections': [{'id': 'C0-S0', 'type': 'pedestrian', 'travelSummary': {'duration': 60, 'length': 73}, 'departure': {'time': '2022-09-29T13:38:00-04:00', 'place': {'name': 'QuincyCenter', 'type': 'place', 'location': {'lat': 42.252087, 'lng': -71.00564}}}, 'arrival': {'time': '2022-09-29T13:39:00-04:00', 'place': {'name': 'Quincy Center - Hancock St', 'type': 'accessPoint', 'location': {'lat': 42.251586, 'lng': -71.005003}, 'wheelchairAccessible': 'yes'}}, 'transport': {'mode': 'pedestrian'}}, {'id': 'C0-S0-arr', 'type': 'pedestrian', 'travelSummary': {'duration': 60, 'length': 42}, 'departure': {'time': '2022-09-29T13:39:00-04:00', 'place': {'name': 'Quincy Center - Hancock St', 'type': 'accessPoint', 'location': {'lat': 42.251586, 'lng': -71.005003}, 'wheelchairAccessible': 'yes'}}, 'arrival': {'time': '2022-09-29T13:40:00-04:00', 'place': {'name': 'Quincy Center', 'type': 'station', 'location': {'lat': 42.251809, 'lng': -71.005409}, 'wheelchairAccessible': 'yes', 'id': '419808172'}}, 'spans': [{'walkAttributes': ['indoor']}], 'transport': {'mode': 'pedestrian'}}, {'id': 'C0-S1', 'type': 'transit', 'travelSummary': {'duration': 240, 'length': 13039}, 'departure': {'time': '2022-09-29T13:40:00-04:00', 'place': {'name': 'Quincy Center', 'type': 'station', 'location': {'lat': 42.251809, 'lng': -71.005409}, 'wheelchairAccessible': 'yes', 'id': '419808172', 'platform': '1'}, 'delay': 0}, 'arrival': {'time': '2022-09-29T13:44:00-04:00', 'place': {'name': 'South Station', 'type': 'station', 'location': {'lat': 42.352271, 'lng': -71.055242}, 'wheelchairAccessible': 'yes', 'id': '419808186'}, 'delay': -1140}, 'transport': {'mode': 'subway', 'name': 'Red Line', 'category': 'Subway, Metro', 'color': '#DA291C', 'textColor': '#FFFFFF', 'headsign': 'Alewife', 'longName': 'Red Line'}, 'agency': {'id': '14811_6b86b27', 'name': 'MBTA', 'website': 'http://www.mbta.com'}}]}]}"
275,Quincy Adams,RED,MBTA_NODES,42.23329368973368,-71.00694130297018,POINT (-71.00694130297018 42.23329368973368),200.0,15297.0,"{'routes': [{'id': 'C0', 'sections': [{'id': 'C0-S0', 'type': 'pedestrian', 'travelSummary': {'duration': 60, 'length': 59}, 'departure': {'time': '2022-09-29T13:38:00-04:00', 'place': {'name': 'QuincyAdams', 'type': 'place', 'location': {'lat': 42.233294, 'lng': -71.006941}}}, 'arrival': {'time': '2022-09-29T13:39:00-04:00', 'place': {'name': 'Quincy Adams - Independence Avenue', 'type': 'accessPoint', 'location': {'lat': 42.233436, 'lng': -71.006137}, 'wheelchairAccessible': 'yes'}}, 'transport': {'mode': 'pedestrian'}}, {'id': 'C0-S0-arr', 'type': 'pedestrian', 'travelSummary': {'duration': 60, 'length': 84}, 'departure': {'time': '2022-09-29T13:39:00-04:00', 'place': {'name': 'Quincy Adams - Independence Avenue', 'type': 'accessPoint', 'location': {'lat': 42.233436, 'lng': -71.006137}, 'wheelchairAccessible': 'yes'}}, 'arrival': {'time': '2022-09-29T13:40:00-04:00', 'place': {'name': 'Quincy Adams', 'type': 'station', 'location': {'lat': 42.233391, 'lng': -71.007153}, 'wheelchairAccessible': 'yes', 'id': '419809950', 'code': '70103'}}, 'spans': [{'walkAttributes': ['indoor']}], 'transport': {'mode': 'pedestrian'}}, {'id': 'C0-S1', 'type': 'transit', 'travelSummary': {'duration': 240, 'length': 15154}, 'departure': {'time': '2022-09-29T13:40:00-04:00', 'place': {'name': 'Quincy Adams', 'type': 'station', 'location': {'lat': 42.233391, 'lng': -71.007153}, 'wheelchairAccessible': 'yes', 'id': '419809950', 'code': '70103'}, 'delay': 180}, 'arrival': {'time': '2022-09-29T13:44:00-04:00', 'place': {'name': 'South Station', 'type': 'station', 'location': {'lat': 42.352271, 'lng': -71.055242}, 'wheelchairAccessible': 'yes', 'id': '419808186'}, 'delay': -1140}, 'transport': {'mode': 'subway', 'name': 'Red Line', 'category': 'Subway, Metro', 'color': '#DA291C', 'textColor': '#FFFFFF', 'headsign': 'Alewife', 'longName': 'Red Line'}, 'agency': {'id': '14811_6b86b27', 'name': 'MBTA', 'website': 'http://www.mbta.com'}}]}]}"
276,Braintree,RED,MBTA_NODES,42.20753725735121,-71.0017025430377,POINT (-71.00170254303769 42.20753725735121),200.0,19209.0,"{'routes': [{'id': 'C0', 'sections': [{'id': 'C0-S0', 'type': 'pedestrian', 'travelSummary': {'duration': 1080, 'length': 1096}, 'departure': {'time': '2022-09-29T13:35:00-04:00', 'place': {'name': 'Braintree', 'type': 'place', 'location': {'lat': 42.207537, 'lng': -71.001702}}}, 'arrival': {'time': '2022-09-29T13:53:00-04:00', 'place': {'name': 'Braintree - Garage, Buses, Ivory St', 'type': 'accessPoint', 'location': {'lat': 42.207352, 'lng': -71.001361}, 'wheelchairAccessible': 'yes'}}, 'transport': {'mode': 'pedestrian'}}, {'id': 'C0-S0-arr', 'type': 'pedestrian', 'travelSummary': {'duration': 60, 'length': 59}, 'departure': {'time': '2022-09-29T13:53:00-04:00', 'place': {'name': 'Braintree - Garage, Buses, Ivory St', 'type': 'accessPoint', 'location': {'lat': 42.207352, 'lng': -71.001361}, 'wheelchairAccessible': 'yes'}}, 'arrival': {'time': '2022-09-29T13:54:00-04:00', 'place': {'name': 'Braintree', 'type': 'station', 'location': {'lat': 42.207854, 'lng': -71.001138}, 'wheelchairAccessible': 'yes', 'id': '419808105'}}, 'spans': [{'walkAttributes': ['indoor']}], 'transport': {'mode': 'pedestrian'}}, {'id': 'C0-S1', 'type': 'transit', 'travelSummary': {'duration': 240, 'length': 18054}, 'departure': {'time': '2022-09-29T13:54:00-04:00', 'place': {'name': 'Braintree', 'type': 'station', 'location': {'lat': 42.207854, 'lng': -71.001138}, 'wheelchairAccessible': 'yes', 'id': '419808105'}, 'delay': 360}, 'arrival': {'time': '2022-09-29T13:58:00-04:00', 'place': {'name': 'South Station', 'type': 'station', 'location': {'lat': 42.352271, 'lng': -71.055242}, 'wheelchairAccessible': 'yes', 'id': '419808186'}, 'delay': -1200}, 'transport': {'mode': 'subway', 'name': 'Red Line', 'category': 'Subway, Metro', 'color': '#DA291C', 'textColor': '#FFFFFF', 'headsign': 'Alewife', 'longName': 'Red Line'}, 'agency': {'id': '14811_6b86b27', 'name': 'MBTA', 'website': 'http://www.mbta.com'}}]}]}"
277,Forest Hills,ORANGE,MBTA_NODES,42.30077124174296,-71.11419142947183,POINT (-71.11419142947183 42.30077124174296),200.0,8594.0,"{'routes': [{'id': 'C0', 'sections': [{'id': 'C0-S0', 'type': 'pedestrian', 'travelSummary': {'duration': 0, 'length': 29}, 'departure': {'time': '2022-09-29T13:39:00-04:00', 'place': {'name': 'ForestHills', 'type': 'place', 'location': {'lat': 42.300771, 'lng': -71.114191}}}, 'arrival': {'time': '2022-09-29T13:39:00-04:00', 'place': {'name': 'Forest Hills - Washington St', 'type': 'accessPoint', 'location': {'lat': 42.300466, 'lng': -71.114149}, 'wheelchairAccessible': 'yes'}}, 'transport': {'mode': 'pedestrian'}}, {'id': 'C0-S0-arr', 'type': 'pedestrian', 'travelSummary': {'duration': 60, 'length': 39}, 'departure': {'time': '2022-09-29T13:39:00-04:00', 'place': {'name': 'Forest Hills - Washington St', 'type': 'accessPoint', 'location': {'lat': 42.300466, 'lng': -71.114149}, 'wheelchairAccessible': 'yes'}}, 'arrival': {'time': '2022-09-29T13:40:00-04:00', 'place': {'name': 'Forest Hills', 'type': 'station', 'location': {'lat': 42.300523, 'lng': -71.113686}, 'wheelchairAccessible': 'yes', 'id': '419808134'}}, 'spans': [{'walkAttributes': ['indoor']}], 'transport': {'mode': 'pedestrian'}}, {'id': 'C0-S1', 'type': 'transit', 'travelSummary': {'duration': 1200, 'length': 7986}, 'departure': {'time': '2022-09-29T13:40:00-04:00', 'place': {'name': 'Forest Hills', 'type': 'station', 'location': {'lat': 42.300523, 'lng': -71.113686}, 'wheelchairAccessible': 'yes', 'id': '419808134'}, 'delay': 0, 'status': 'additional'}, 'arrival': {'time': '2022-09-29T14:00:00-04:00', 'place': {'name': 'Downtown Crossing', 'type': 'station', 'location': {'lat': 42.355518, 'lng': -71.060225}, 'wheelchairAccessible': 'yes', 'id': '419809874', 'code': '70020'}, 'delay': 0, 'status': 'additional'}, 'transport': {'mode': 'subway', 'name': 'Orange Line', 'category': 'Subway, Metro', 'color': '#ED8B00', 'textColor': '#FFFFFF', 'headsign': 'Oak Grove', 'longName': 'Orange Line'}, 'agency': {'id': '14811_6b86b27', 'name': 'MBTA', 'website': 'http://www.mbta.com'}}, {'id': 'C0-S2-dep', 'type': 'pedestrian', 'travelSummary': {'duration': 120, 'length': 97}, 'departure': {'time': '2022-09-29T14:00:00-04:00', 'place': {'name': 'Downtown Crossing', 'type': 'station', 'location': {'lat': 42.355518, 'lng': -71.060225}, 'wheelchairAccessible': 'yes', 'id': '419809874', 'code': '70020'}}, 'arrival': {'time': '2022-09-29T14:02:00-04:00', 'place': {'name': 'Downtown Crossing - 101 Arch St, Summer St', 'type': 'accessPoint', 'location': {'lat': 42.354843, 'lng': -71.05948}, 'wheelchairAccessible': 'yes'}}, 'spans': [{'walkAttributes': ['indoor']}], 'transport': {'mode': 'pedestrian'}}, {'id': 'C0-S2', 'type': 'pedestrian', 'travelSummary': {'duration': 420, 'length': 443}, 'departure': {'time': '2022-09-29T14:02:00-04:00', 'place': {'name': 'Downtown Crossing - 101 Arch St, Summer St', 'type': 'accessPoint', 'location': {'lat': 42.354843, 'lng': -71.05948}, 'wheelchairAccessible': 'yes'}}, 'arrival': {'time': '2022-09-29T14:09:00-04:00', 'place': {'name': 'SouthStation', 'type': 'place', 'location': {'lat': 42.352593, 'lng': -71.055172}}}, 'transport': {'mode': 'pedestrian'}}]}]}"
278,Green Street,ORANGE,MBTA_NODES,42.30989874359757,-71.1080593951544,POINT (-71.1080593951544 42.30989874359756),200.0,7417.0,"{'routes': [{'id': 'C0', 'sections': [{'id': 'C0-S0', 'type': 'pedestrian', 'travelSummary': {'duration': 120, 'length': 104}, 'departure': {'time': '2022-09-29T13:38:00-04:00', 'place': {'name': 'GreenStreet', 'type': 'place', 'location': {'lat': 42.309899, 'lng': -71.108059}}}, 'arrival': {'time': '2022-09-29T13:40:00-04:00', 'place': {'name': 'Green Street - Woolsey Sq, Green St, Amory St', 'type': 'accessPoint', 'location': {'lat': 42.310556, 'lng': -71.107519}, 'wheelchairAccessible': 'yes'}}, 'transport': {'mode': 'pedestrian'}}, {'id': 'C0-S0-arr', 'type': 'pedestrian', 'travelSummary': {'duration': 60, 'length': 9}, 'departure': {'time': '2022-09-29T13:40:00-04:00', 'place': {'name': 'Green Street - Woolsey Sq, Green St, Amory St', 'type': 'accessPoint', 'location': {'lat': 42.310556, 'lng': -71.107519}, 'wheelchairAccessible': 'yes'}}, 'arrival': {'time': '2022-09-29T13:41:00-04:00', 'place': {'name': 'Green Street', 'type': 'station', 'location': {'lat': 42.310525, 'lng': -71.107414}, 'wheelchairAccessible': 'yes', 'id': '419808137'}}, 'spans': [{'walkAttributes': ['indoor']}], 'transport': {'mode': 'pedestrian'}}, {'id': 'C0-S1', 'type': 'transit', 'travelSummary': {'duration': 1140, 'length': 6764}, 'departure': {'time': '2022-09-29T13:41:00-04:00', 'place': {'name': 'Green Street', 'type': 'station', 'location': {'lat': 42.310525, 'lng': -71.107414}, 'wheelchairAccessible': 'yes', 'id': '419808137'}, 'delay': 0, 'status': 'additional'}, 'arrival': {'time': '2022-09-29T14:00:00-04:00', 'place': {'name': 'Downtown Crossing', 'type': 'station', 'location': {'lat': 42.355518, 'lng': -71.060225}, 'wheelchairAccessible': 'yes', 'id': '419809874', 'code': '70020'}, 'delay': 0, 'status': 'additional'}, 'transport': {'mode': 'subway', 'name': 'Orange Line', 'category': 'Subway, Metro', 'color': '#ED8B00', 'textColor': '#FFFFFF', 'headsign': 'Oak Grove', 'longName': 'Orange Line'}, 'agency': {'id': '14811_6b86b27', 'name': 'MBTA', 'website': 'http://www.mbta.com'}}, {'id': 'C0-S2-dep', 'type': 'pedestrian', 'travelSummary': {'duration': 120, 'length': 97}, 'departure': {'time': '2022-09-29T14:00:00-04:00', 'place': {'name': 'Downtown Crossing', 'type': 'station', 'location': {'lat': 42.355518, 'lng': -71.060225}, 'wheelchairAccessible': 'yes', 'id': '419809874', 'code': '70020'}}, 'arrival': {'time': '2022-09-29T14:02:00-04:00', 'place': {'name': 'Downtown Crossing - 101 Arch St, Summer St', 'type': 'accessPoint', 'location': {'lat': 42.354843, 'lng': -71.05948}, 'wheelchairAccessible': 'yes'}}, 'spans': [{'walkAttributes': ['indoor']}], 'transport': {'mode': 'pedestrian'}}, {'id': 'C0-S2', 'type': 'pedestrian', 'travelSummary': {'duration': 420, 'length': 443}, 'departure': {'time': '2022-09-29T14:02:00-04:00', 'place': {'name': 'Downtown Crossing - 101 Arch St, Summer St', 'type': 'accessPoint', 'location': {'lat': 42.354843, 'lng': -71.05948}, 'wheelchairAccessible': 'yes'}}, 'arrival': {'time': '2022-09-29T14:09:00-04:00', 'place': {'name': 'SouthStation', 'type': 'place', 'location': {'lat': 42.352593, 'lng': -71.055172}}}, 'transport': {'mode': 'pedestrian'}}]}]}"
279,Stony Brook,ORANGE,MBTA_NODES,42.31709979960877,-71.10444126782416,POINT (-71.10444126782416 42.31709979960877),200.0,6566.0,"{'routes': [{'id': 'C0', 'sections': [{'id': 'C0-S0', 'type': 'pedestrian', 'travelSummary': {'duration': 60, 'length': 36}, 'departure': {'time': '2022-09-29T13:43:00-04:00', 'place': {'name': 'StonyBrook', 'type': 'place', 'location': {'lat': 42.3171, 'lng': -71.104441}}}, 'arrival': {'time': '2022-09-29T13:44:00-04:00', 'place': {'name': 'Stony Brook', 'type': 'station', 'location': {'lat': 42.317062, 'lng': -71.104248}, 'wheelchairAccessible': 'yes', 'id': '419809858', 'code': '70004'}}, 'transport': {'mode': 'pedestrian'}}, {'id': 'C0-S1', 'type': 'transit', 'travelSummary': {'duration': 960, 'length': 5990}, 'departure': {'time': '2022-09-29T13:44:00-04:00', 'place': {'name': 'Stony Brook', 'type': 'station', 'location': {'lat': 42.317062, 'lng': -71.104248}, 'wheelchairAccessible': 'yes', 'id': '419809858', 'code': '70004'}, 'delay': 0, 'status': 'additional'}, 'arrival': {'time': '2022-09-29T14:00:00-04:00', 'place': {'name': 'Downtown Crossing', 'type': 'station', 'location': {'lat': 42.355518, 'lng': -71.060225}, 'wheelchairAccessible': 'yes', 'id': '419809874', 'code': '70020'}, 'delay': 0, 'status': 'additional'}, 'transport': {'mode': 'subway', 'name': 'Orange Line', 'category': 'Subway, Metro', 'color': '#ED8B00', 'textColor': '#FFFFFF', 'headsign': 'Oak Grove', 'longName': 'Orange Line'}, 'agency': {'id': '14811_6b86b27', 'name': 'MBTA', 'website': 'http://www.mbta.com'}}, {'id': 'C0-S2-dep', 'type': 'pedestrian', 'travelSummary': {'duration': 120, 'length': 97}, 'departure': {'time': '2022-09-29T14:00:00-04:00', 'place': {'name': 'Downtown Crossing', 'type': 'station', 'location': {'lat': 42.355518, 'lng': -71.060225}, 'wheelchairAccessible': 'yes', 'id': '419809874', 'code': '70020'}}, 'arrival': {'time': '2022-09-29T14:02:00-04:00', 'place': {'name': 'Downtown Crossing - 101 Arch St, Summer St', 'type': 'accessPoint', 'location': {'lat': 42.354843, 'lng': -71.05948}, 'wheelchairAccessible': 'yes'}}, 'spans': [{'walkAttributes': ['indoor']}], 'transport': {'mode': 'pedestrian'}}, {'id': 'C0-S2', 'type': 'pedestrian', 'travelSummary': {'duration': 420, 'length': 443}, 'departure': {'time': '2022-09-29T14:02:00-04:00', 'place': {'name': 'Downtown Crossing - 101 Arch St, Summer St', 'type': 'accessPoint', 'location': {'lat': 42.354843, 'lng': -71.05948}, 'wheelchairAccessible': 'yes'}}, 'arrival': {'time': '2022-09-29T14:09:00-04:00', 'place': {'name': 'SouthStation', 'type': 'place', 'location': {'lat': 42.352593, 'lng': -71.055172}}}, 'transport': {'mode': 'pedestrian'}}]}]}"
280,Jackson Square,ORANGE,MBTA_NODES,42.323171621557584,-71.09993247620687,POINT (-71.09993247620687 42.32317162155758),200.0,5912.0,"{'routes': [{'id': 'C0', 'sections': [{'id': 'C0-S0', 'type': 'pedestrian', 'travelSummary': {'duration': 120, 'length': 134}, 'departure': {'time': '2022-09-29T13:42:00-04:00', 'place': {'name': 'JacksonSquare', 'type': 'place', 'location': {'lat': 42.323172, 'lng': -71.099932}}}, 'arrival': {'time': '2022-09-29T13:44:00-04:00', 'place': {'name': 'Jackson Square - Centre St, Busway, Park', 'type': 'accessPoint', 'location': {'lat': 42.323014, 'lng': -71.099879}, 'wheelchairAccessible': 'yes'}}, 'transport': {'mode': 'pedestrian'}}, {'id': 'C0-S0-arr', 'type': 'pedestrian', 'travelSummary': {'duration': 60, 'length': 27}, 'departure': {'time': '2022-09-29T13:44:00-04:00', 'place': {'name': 'Jackson Square - Centre St, Busway, Park', 'type': 'accessPoint', 'location': {'lat': 42.323014, 'lng': -71.099879}, 'wheelchairAccessible': 'yes'}}, 'arrival': {'time': '2022-09-29T13:45:00-04:00', 'place': {'name': 'Jackson Square', 'type': 'station', 'location': {'lat': 42.323132, 'lng': -71.099592}, 'wheelchairAccessible': 'yes', 'id': '419809860', 'code': '70006'}}, 'spans': [{'walkAttributes': ['indoor']}], 'transport': {'mode': 'pedestrian'}}, {'id': 'C0-S1', 'type': 'transit', 'travelSummary': {'duration': 900, 'length': 5211}, 'departure': {'time': '2022-09-29T13:45:00-04:00', 'place': {'name': 'Jackson Square', 'type': 'station', 'location': {'lat': 42.323132, 'lng': -71.099592}, 'wheelchairAccessible': 'yes', 'id': '419809860', 'code': '70006'}, 'delay': 0, 'status': 'additional'}, 'arrival': {'time': '2022-09-29T14:00:00-04:00', 'place': {'name': 'Downtown Crossing', 'type': 'station', 'location': {'lat': 42.355518, 'lng': -71.060225}, 'wheelchairAccessible': 'yes', 'id': '419809874', 'code': '70020'}, 'delay': 0, 'status': 'additional'}, 'transport': {'mode': 'subway', 'name': 'Orange Line', 'category': 'Subway, Metro', 'color': '#ED8B00', 'textColor': '#FFFFFF', 'headsign': 'Oak Grove', 'longName': 'Orange Line'}, 'agency': {'id': '14811_6b86b27', 'name': 'MBTA', 'website': 'http://www.mbta.com'}}, {'id': 'C0-S2-dep', 'type': 'pedestrian', 'travelSummary': {'duration': 120, 'length': 97}, 'departure': {'time': '2022-09-29T14:00:00-04:00', 'place': {'name': 'Downtown Crossing', 'type': 'station', 'location': {'lat': 42.355518, 'lng': -71.060225}, 'wheelchairAccessible': 'yes', 'id': '419809874', 'code': '70020'}}, 'arrival': {'time': '2022-09-29T14:02:00-04:00', 'place': {'name': 'Downtown Crossing - 101 Arch St, Summer St', 'type': 'accessPoint', 'location': {'lat': 42.354843, 'lng': -71.05948}, 'wheelchairAccessible': 'yes'}}, 'spans': [{'walkAttributes': ['indoor']}], 'transport': {'mode': 'pedestrian'}}, {'id': 'C0-S2', 'type': 'pedestrian', 'travelSummary': {'duration': 420, 'length': 443}, 'departure': {'time': '2022-09-29T14:02:00-04:00', 'place': {'name': 'Downtown Crossing - 101 Arch St, Summer St', 'type': 'accessPoint', 'location': {'lat': 42.354843, 'lng': -71.05948}, 'wheelchairAccessible': 'yes'}}, 'arrival': {'time': '2022-09-29T14:09:00-04:00', 'place': {'name': 'SouthStation', 'type': 'place', 'location': {'lat': 42.352593, 'lng': -71.055172}}}, 'transport': {'mode': 'pedestrian'}}]}]}"
281,Ruggles,ORANGE,MBTA_NODES,42.336666151708094,-71.08950957454593,POINT (-71.08950957454593 42.33666615170809),200.0,3826.0,"{'routes': [{'id': 'C0', 'sections': [{'id': 'C0-S0', 'type': 'pedestrian', 'travelSummary': {'duration': 0, 'length': 13}, 'departure': {'time': '2022-09-29T13:35:00-04:00', 'place': {'name': 'Ruggles', 'type': 'place', 'location': {'lat': 42.336666, 'lng': -71.08951}}}, 'arrival': {'time': '2022-09-29T13:35:00-04:00', 'place': {'name': 'Ruggles - Upper Busway', 'type': 'accessPoint', 'location': {'lat': 42.336821, 'lng': -71.089501}, 'wheelchairAccessible': 'yes'}}, 'transport': {'mode': 'pedestrian'}}, {'id': 'C0-S0-arr', 'type': 'pedestrian', 'travelSummary': {'duration': 60, 'length': 66}, 'departure': {'time': '2022-09-29T13:35:00-04:00', 'place': {'name': 'Ruggles - Upper Busway', 'type': 'accessPoint', 'location': {'lat': 42.336821, 'lng': -71.089501}, 'wheelchairAccessible': 'yes'}}, 'arrival': {'time': '2022-09-29T13:36:00-04:00', 'place': {'name': 'Ruggles', 'type': 'station', 'location': {'lat': 42.336377, 'lng': -71.088961}, 'wheelchairAccessible': 'yes', 'id': '419808177'}}, 'spans': [{'walkAttributes': ['indoor']}], 'transport': {'mode': 'pedestrian'}}, {'id': 'C0-S1', 'type': 'transit', 'travelSummary': {'duration': 540, 'length': 3747}, 'departure': {'time': '2022-09-29T13:36:00-04:00', 'place': {'name': 'Ruggles', 'type': 'station', 'location': {'lat': 42.336377, 'lng': -71.088961}, 'wheelchairAccessible': 'yes', 'id': '419808177'}, 'delay': -60}, 'arrival': {'time': '2022-09-29T13:45:00-04:00', 'place': {'name': 'South Station', 'type': 'station', 'location': {'lat': 42.352271, 'lng': -71.055242}, 'wheelchairAccessible': 'yes', 'id': '419808186'}, 'delay': 0}, 'transport': {'mode': 'regionalTrain', 'name': 'Needham Line', 'category': 'Rail', 'color': '#80276C', 'textColor': '#FFFFFF', 'headsign': 'South Station via Back Bay', 'longName': 'Needham Line'}, 'agency': {'id': '14811_6b86b27', 'name': 'MBTA', 'website': 'http://www.mbta.com'}}]}]}"
282,Massachusetts Ave,ORANGE,MBTA_NODES,42.34100638647216,-71.08415064979037,POINT (-71.08415064979037 42.34100638647216),200.0,4745.0,"{'routes': [{'id': 'C0', 'sections': [{'id': 'C0-S0', 'type': 'pedestrian', 'travelSummary': {'duration': 300, 'length': 284}, 'departure': {'time': '2022-09-29T13:38:00-04:00', 'place': {'name': 'MassachusettsAve', 'type': 'place', 'location': {'lat': 42.341006, 'lng': -71.084151}}}, 'arrival': {'time': '2022-09-29T13:43:00-04:00', 'place': {'name': 'Massachusetts Avenue', 'type': 'station', 'location': {'lat': 42.341512, 'lng': -71.083423}, 'wheelchairAccessible': 'yes', 'id': '419810394'}}, 'transport': {'mode': 'pedestrian'}}, {'id': 'C0-S1', 'type': 'transit', 'travelSummary': {'duration': 0, 'length': 714}, 'departure': {'time': '2022-09-29T13:43:00-04:00', 'place': {'name': 'Massachusetts Avenue', 'type': 'station', 'location': {'lat': 42.341512, 'lng': -71.083423}, 'wheelchairAccessible': 'yes', 'id': '419810394'}, 'delay': 1860}, 'arrival': {'time': '2022-09-29T13:43:00-04:00', 'place': {'name': 'Ruggles', 'type': 'station', 'location': {'lat': 42.336377, 'lng': -71.088961}, 'wheelchairAccessible': 'yes', 'id': '419808177'}, 'delay': 1740}, 'transport': {'mode': 'subway', 'name': 'Orange Line', 'category': 'Subway, Metro', 'color': '#ED8B00', 'textColor': '#FFFFFF', 'headsign': 'Forest Hills', 'longName': 'Orange Line'}, 'agency': {'id': '14811_6b86b27', 'name': 'MBTA', 'website': 'http://www.mbta.com'}}, {'id': 'C0-S2', 'type': 'transit', 'travelSummary': {'duration': 480, 'length': 3747}, 'departure': {'time': '2022-09-29T13:47:00-04:00', 'place': {'name': 'Ruggles', 'type': 'station', 'location': {'lat': 42.336377, 'lng': -71.088961}, 'wheelchairAccessible': 'yes', 'id': '419808177'}, 'delay': -120}, 'arrival': {'time': '2022-09-29T13:55:00-04:00', 'place': {'name': 'South Station', 'type': 'station', 'location': {'lat': 42.352271, 'lng': -71.055242}, 'wheelchairAccessible': 'yes', 'id': '419808186'}, 'delay': -180}, 'transport': {'mode': 'regionalTrain', 'name': 'Providence/Stoughton Line', 'category': 'Rail', 'color': '#80276C', 'textColor': '#FFFFFF', 'headsign': 'South Station via Back Bay', 'longName': 'Providence/Stoughton Line'}, 'agency': {'id': '14811_6b86b27', 'name': 'MBTA', 'website': 'http://www.mbta.com'}}]}]}"
283,Back Bay,ORANGE,MBTA_NODES,42.34755909573938,-71.07510604132653,POINT (-71.07510604132653 42.34755909573938),200.0,2293.0,"{'routes': [{'id': 'C0', 'sections': [{'id': 'C0-S0', 'type': 'pedestrian', 'travelSummary': {'duration': 0, 'length': 88}, 'departure': {'time': '2022-09-29T13:38:00-04:00', 'place': {'name': 'BackBay', 'type': 'place', 'location': {'lat': 42.347559, 'lng': -71.075106}}}, 'arrival': {'time': '2022-09-29T13:38:00-04:00', 'place': {'name': 'Back Bay - Clarendon St, Buses (South)', 'type': 'accessPoint', 'location': {'lat': 42.347445, 'lng': -71.07467}, 'wheelchairAccessible': 'yes'}}, 'transport': {'mode': 'pedestrian'}}, {'id': 'C0-S0-arr', 'type': 'pedestrian', 'travelSummary': {'duration': 60, 'length': 88}, 'departure': {'time': '2022-09-29T13:38:00-04:00', 'place': {'name': 'Back Bay - Clarendon St, Buses (South)', 'type': 'accessPoint', 'location': {'lat': 42.347445, 'lng': -71.07467}, 'wheelchairAccessible': 'yes'}}, 'arrival': {'time': '2022-09-29T13:39:00-04:00', 'place': {'name': 'Back Bay', 'type': 'station', 'location': {'lat': 42.34735, 'lng': -71.075727}, 'wheelchairAccessible': 'yes', 'id': '419808092'}}, 'spans': [{'walkAttributes': ['indoor']}], 'transport': {'mode': 'pedestrian'}}, {'id': 'C0-S1', 'type': 'transit', 'travelSummary': {'duration': 360, 'length': 2117}, 'departure': {'time': '2022-09-29T13:39:00-04:00', 'place': {'name': 'Back Bay', 'type': 'station', 'location': {'lat': 42.34735, 'lng': -71.075727}, 'wheelchairAccessible': 'yes', 'id': '419808092'}, 'delay': -60}, 'arrival': {'time': '2022-09-29T13:45:00-04:00', 'place': {'name': 'South Station', 'type': 'station', 'location': {'lat': 42.352271, 'lng': -71.055242}, 'wheelchairAccessible': 'yes', 'id': '419808186'}, 'delay': 0}, 'transport': {'mode': 'regionalTrain', 'name': 'Needham Line', 'category': 'Rail', 'color': '#80276C', 'textColor': '#FFFFFF', 'headsign': 'South Station via Back Bay', 'longName': 'Needham Line'}, 'agency': {'id': '14811_6b86b27', 'name': 'MBTA', 'website': 'http://www.mbta.com'}}]}, {'id': 'c93fdaeb-6005-481e-9fd8-884b2be0b0a4', 'sections': [{'id': '2349c447-5251-4784-b4dd-44cf46a6f860', 'type': 'pedestrian', 'travelSummary': {'duration': 1987, 'length': 1929}, 'departure': {'time': '2022-09-29T13:35:01-04:00', 'place': {'type': 'place', 'location': {'lat': 42.34751, 'lng': -71.0746}}}, 'arrival': {'time': '2022-09-29T14:08:08-04:00', 'place': {'type': 'place', 'location': {'lat': 42.3525543, 'lng': -71.0552033}}}, 'transport': {'mode': 'pedestrian'}}]}]}"
284,Prudential,GREEN,MBTA_NODES,42.34576811139235,-71.08119909208664,POINT (-71.08119909208664 42.34576811139235),200.0,2719.0,"{'routes': [{'id': 'C0', 'sections': [{'id': 'C0-S0', 'type': 'pedestrian', 'travelSummary': {'duration': 600, 'length': 602}, 'departure': {'time': '2022-09-29T13:40:00-04:00', 'place': {'name': 'Prudential', 'type': 'place', 'location': {'lat': 42.345768, 'lng': -71.081199}}}, 'arrival': {'time': '2022-09-29T13:50:00-04:00', 'place': {'name': 'Back Bay', 'type': 'station', 'location': {'lat': 42.34735, 'lng': -71.075727}, 'wheelchairAccessible': 'yes', 'id': '419808092'}}, 'transport': {'mode': 'pedestrian'}}, {'id': 'C0-S1', 'type': 'transit', 'travelSummary': {'duration': 300, 'length': 2117}, 'departure': {'time': '2022-09-29T13:50:00-04:00', 'place': {'name': 'Back Bay', 'type': 'station', 'location': {'lat': 42.34735, 'lng': -71.075727}, 'wheelchairAccessible': 'yes', 'id': '419808092'}, 'delay': -180}, 'arrival': {'time': '2022-09-29T13:55:00-04:00', 'place': {'name': 'South Station', 'type': 'station', 'location': {'lat': 42.352271, 'lng': -71.055242}, 'wheelchairAccessible': 'yes', 'id': '419808186'}, 'delay': -180}, 'transport': {'mode': 'regionalTrain', 'name': 'Providence/Stoughton Line', 'category': 'Rail', 'color': '#80276C', 'textColor': '#FFFFFF', 'headsign': 'South Station via Back Bay', 'longName': 'Providence/Stoughton Line'}, 'agency': {'id': '14811_6b86b27', 'name': 'MBTA', 'website': 'http://www.mbta.com'}}]}]}"
285,Symphony,GREEN,MBTA_NODES,42.34272033782988,-71.08494060848427,POINT (-71.08494060848427 42.34272033782988),200.0,4662.0,"{'routes': [{'id': 'C0', 'sections': [{'id': 'C0-S0', 'type': 'pedestrian', 'travelSummary': {'duration': 180, 'length': 201}, 'departure': {'time': '2022-09-29T13:40:00-04:00', 'place': {'name': 'Symphony', 'type': 'place', 'location': {'lat': 42.34272, 'lng': -71.084941}}}, 'arrival': {'time': '2022-09-29T13:43:00-04:00', 'place': {'name': 'Massachusetts Avenue', 'type': 'station', 'location': {'lat': 42.341512, 'lng': -71.083423}, 'wheelchairAccessible': 'yes', 'id': '419810394'}}, 'transport': {'mode': 'pedestrian'}}, {'id': 'C0-S1', 'type': 'transit', 'travelSummary': {'duration': 0, 'length': 714}, 'departure': {'time': '2022-09-29T13:43:00-04:00', 'place': {'name': 'Massachusetts Avenue', 'type': 'station', 'location': {'lat': 42.341512, 'lng': -71.083423}, 'wheelchairAccessible': 'yes', 'id': '419810394'}, 'delay': 1860}, 'arrival': {'time': '2022-09-29T13:43:00-04:00', 'place': {'name': 'Ruggles', 'type': 'station', 'location': {'lat': 42.336377, 'lng': -71.088961}, 'wheelchairAccessible': 'yes', 'id': '419808177'}, 'delay': 1740}, 'transport': {'mode': 'subway', 'name': 'Orange Line', 'category': 'Subway, Metro', 'color': '#ED8B00', 'textColor': '#FFFFFF', 'headsign': 'Forest Hills', 'longName': 'Orange Line'}, 'agency': {'id': '14811_6b86b27', 'name': 'MBTA', 'website': 'http://www.mbta.com'}}, {'id': 'C0-S2', 'type': 'transit', 'travelSummary': {'duration': 480, 'length': 3747}, 'departure': {'time': '2022-09-29T13:47:00-04:00', 'place': {'name': 'Ruggles', 'type': 'station', 'location': {'lat': 42.336377, 'lng': -71.088961}, 'wheelchairAccessible': 'yes', 'id': '419808177'}, 'delay': -120}, 'arrival': {'time': '2022-09-29T13:55:00-04:00', 'place': {'name': 'South Station', 'type': 'station', 'location': {'lat': 42.352271, 'lng': -71.055242}, 'wheelchairAccessible': 'yes', 'id': '419808186'}, 'delay': -180}, 'transport': {'mode': 'regionalTrain', 'name': 'Providence/Stoughton Line', 'category': 'Rail', 'color': '#80276C', 'textColor': '#FFFFFF', 'headsign': 'South Station via Back Bay', 'longName': 'Providence/Stoughton Line'}, 'agency': {'id': '14811_6b86b27', 'name': 'MBTA', 'website': 'http://www.mbta.com'}}]}]}"
286,Northeastern,GREEN,MBTA_NODES,42.34005063291582,-71.08965205455883,POINT (-71.08965205455883 42.34005063291582),200.0,4368.0,"{'routes': [{'id': 'C0', 'sections': [{'id': 'C0-S0', 'type': 'pedestrian', 'travelSummary': {'duration': 360, 'length': 367}, 'departure': {'time': '2022-09-29T13:37:00-04:00', 'place': {'name': 'Northeastern', 'type': 'place', 'location': {'lat': 42.340051, 'lng': -71.089652}}}, 'arrival': {'time': '2022-09-29T13:43:00-04:00', 'place': {'name': 'Ruggles - Columbus Ave (Commuter Rail - Track 2)', 'type': 'accessPoint', 'location': {'lat': 42.338187, 'lng': -71.087078}, 'wheelchairAccessible': 'yes'}}, 'transport': {'mode': 'pedestrian'}}, {'id': 'C0-S0-arr', 'type': 'pedestrian', 'travelSummary': {'duration': 240, 'length': 254}, 'departure': {'time': '2022-09-29T13:43:00-04:00', 'place': {'name': 'Ruggles - Columbus Ave (Commuter Rail - Track 2)', 'type': 'accessPoint', 'location': {'lat': 42.338187, 'lng': -71.087078}, 'wheelchairAccessible': 'yes'}}, 'arrival': {'time': '2022-09-29T13:47:00-04:00', 'place': {'name': 'Ruggles', 'type': 'station', 'location': {'lat': 42.336377, 'lng': -71.088961}, 'wheelchairAccessible': 'yes', 'id': '419808177'}}, 'spans': [{'walkAttributes': ['indoor']}], 'transport': {'mode': 'pedestrian'}}, {'id': 'C0-S1', 'type': 'transit', 'travelSummary': {'duration': 480, 'length': 3747}, 'departure': {'time': '2022-09-29T13:47:00-04:00', 'place': {'name': 'Ruggles', 'type': 'station', 'location': {'lat': 42.336377, 'lng': -71.088961}, 'wheelchairAccessible': 'yes', 'id': '419808177'}, 'delay': -120}, 'arrival': {'time': '2022-09-29T13:55:00-04:00', 'place': {'name': 'South Station', 'type': 'station', 'location': {'lat': 42.352271, 'lng': -71.055242}, 'wheelchairAccessible': 'yes', 'id': '419808186'}, 'delay': -180}, 'transport': {'mode': 'regionalTrain', 'name': 'Providence/Stoughton Line', 'category': 'Rail', 'color': '#80276C', 'textColor': '#FFFFFF', 'headsign': 'South Station via Back Bay', 'longName': 'Providence/Stoughton Line'}, 'agency': {'id': '14811_6b86b27', 'name': 'MBTA', 'website': 'http://www.mbta.com'}}]}]}"
287,Museum Of Fine Arts,GREEN,MBTA_NODES,42.3379251389995,-71.09497605113634,POINT (-71.09497605113634 42.3379251389995),200.0,4341.0,"{'routes': [{'id': 'C0', 'sections': [{'id': 'C0-S0', 'type': 'pedestrian', 'travelSummary': {'duration': 480, 'length': 467}, 'departure': {'time': '2022-09-29T13:37:00-04:00', 'place': {'name': 'MuseumOfFineArts', 'type': 'place', 'location': {'lat': 42.337925, 'lng': -71.094976}}}, 'arrival': {'time': '2022-09-29T13:45:00-04:00', 'place': {'name': 'Ruggles - Ruggles St', 'type': 'accessPoint', 'location': {'lat': 42.335891, 'lng': -71.090358}, 'wheelchairAccessible': 'no'}}, 'transport': {'mode': 'pedestrian'}}, {'id': 'C0-S0-arr', 'type': 'pedestrian', 'travelSummary': {'duration': 120, 'length': 127}, 'departure': {'time': '2022-09-29T13:45:00-04:00', 'place': {'name': 'Ruggles - Ruggles St', 'type': 'accessPoint', 'location': {'lat': 42.335891, 'lng': -71.090358}, 'wheelchairAccessible': 'no'}}, 'arrival': {'time': '2022-09-29T13:47:00-04:00', 'place': {'name': 'Ruggles', 'type': 'station', 'location': {'lat': 42.336377, 'lng': -71.088961}, 'wheelchairAccessible': 'yes', 'id': '419808177'}}, 'spans': [{'walkAttributes': ['indoor']}], 'transport': {'mode': 'pedestrian'}}, {'id': 'C0-S1', 'type': 'transit', 'travelSummary': {'duration': 480, 'length': 3747}, 'departure': {'time': '2022-09-29T13:47:00-04:00', 'place': {'name': 'Ruggles', 'type': 'station', 'location': {'lat': 42.336377, 'lng': -71.088961}, 'wheelchairAccessible': 'yes', 'id': '419808177'}, 'delay': -120}, 'arrival': {'time': '2022-09-29T13:55:00-04:00', 'place': {'name': 'South Station', 'type': 'station', 'location': {'lat': 42.352271, 'lng': -71.055242}, 'wheelchairAccessible': 'yes', 'id': '419808186'}, 'delay': -180}, 'transport': {'mode': 'regionalTrain', 'name': 'Providence/Stoughton Line', 'category': 'Rail', 'color': '#80276C', 'textColor': '#FFFFFF', 'headsign': 'South Station via Back Bay', 'longName': 'Providence/Stoughton Line'}, 'agency': {'id': '14811_6b86b27', 'name': 'MBTA', 'website': 'http://www.mbta.com'}}]}]}"
288,Longwood Medical Area,GREEN,MBTA_NODES,42.33614100894464,-71.09956099897516,POINT (-71.09956099897516 42.33614100894464),200.0,4788.0,"{'routes': [{'id': 'C0', 'sections': [{'id': 'C0-S1', 'type': 'transit', 'travelSummary': {'duration': 900, 'length': 4048}, 'departure': {'time': '2022-09-29T13:37:00-04:00', 'place': {'name': 'Longwood Medical Area', 'type': 'station', 'location': {'lat': 42.336217, 'lng': -71.099328}, 'wheelchairAccessible': 'yes', 'id': '419810075', 'code': '70248'}, 'delay': 0, 'status': 'additional'}, 'arrival': {'time': '2022-09-29T13:52:00-04:00', 'place': {'name': 'Park Street', 'type': 'station', 'location': {'lat': 42.356395, 'lng': -71.062424}, 'wheelchairAccessible': 'yes', 'id': '419810624', 'code': '70200'}, 'delay': 0, 'status': 'additional'}, 'transport': {'mode': 'lightRail', 'name': 'E', 'category': 'Tram, Streetcar, Light rail', 'color': '#00843D', 'textColor': '#FFFFFF', 'headsign': 'Union Square', 'shortName': 'E', 'longName': 'Green Line E'}, 'agency': {'id': '14811_6b86b27', 'name': 'MBTA', 'website': 'http://www.mbta.com'}}, {'id': 'C0-S2', 'type': 'pedestrian', 'travelSummary': {'duration': 720, 'length': 740}, 'departure': {'time': '2022-09-29T13:52:00-04:00', 'place': {'name': 'Park Street', 'type': 'station', 'location': {'lat': 42.356395, 'lng': -71.062424}, 'wheelchairAccessible': 'yes', 'id': '419810624', 'code': '70200'}}, 'arrival': {'time': '2022-09-29T14:04:00-04:00', 'place': {'name': 'SouthStation', 'type': 'place', 'location': {'lat': 42.352593, 'lng': -71.055172}}}, 'transport': {'mode': 'pedestrian'}}]}]}"
289,Brigham Circle,GREEN,MBTA_NODES,42.33457104973988,-71.10372418778329,POINT (-71.10372418778329 42.33457104973988),200.0,5358.0,"{'routes': [{'id': 'C0', 'sections': [{'id': 'C0-S0', 'type': 'pedestrian', 'travelSummary': {'duration': 60, 'length': 82}, 'departure': {'time': '2022-09-29T13:47:00-04:00', 'place': {'name': 'BrighamCircle', 'type': 'place', 'location': {'lat': 42.334571, 'lng': -71.103724}}}, 'arrival': {'time': '2022-09-29T13:48:00-04:00', 'place': {'name': 'Brigham Circle', 'type': 'station', 'location': {'lat': 42.334229, 'lng': -71.104609}, 'wheelchairAccessible': 'yes', 'id': '419808104'}}, 'transport': {'mode': 'pedestrian'}}, {'id': 'C0-S1', 'type': 'transit', 'travelSummary': {'duration': 960, 'length': 4536}, 'departure': {'time': '2022-09-29T13:48:00-04:00', 'place': {'name': 'Brigham Circle', 'type': 'station', 'location': {'lat': 42.334229, 'lng': -71.104609}, 'wheelchairAccessible': 'yes', 'id': '419808104'}, 'delay': 0, 'status': 'additional'}, 'arrival': {'time': '2022-09-29T14:04:00-04:00', 'place': {'name': 'Park Street', 'type': 'station', 'location': {'lat': 42.356395, 'lng': -71.062424}, 'wheelchairAccessible': 'yes', 'id': '419810624', 'code': '70200'}, 'delay': 0, 'status': 'additional'}, 'transport': {'mode': 'lightRail', 'name': 'E', 'category': 'Tram, Streetcar, Light rail', 'color': '#00843D', 'textColor': '#FFFFFF', 'headsign': 'Union Square', 'shortName': 'E', 'longName': 'Green Line E'}, 'agency': {'id': '14811_6b86b27', 'name': 'MBTA', 'website': 'http://www.mbta.com'}}, {'id': 'C0-S2', 'type': 'pedestrian', 'travelSummary': {'duration': 720, 'length': 740}, 'departure': {'time': '2022-09-29T14:04:00-04:00', 'place': {'name': 'Park Street', 'type': 'station', 'location': {'lat': 42.356395, 'lng': -71.062424}, 'wheelchairAccessible': 'yes', 'id': '419810624', 'code': '70200'}}, 'arrival': {'time': '2022-09-29T14:16:00-04:00', 'place': {'name': 'SouthStation', 'type': 'place', 'location': {'lat': 42.352593, 'lng': -71.055172}}}, 'transport': {'mode': 'pedestrian'}}]}]}"
290,Eastern Ave,SILVER,MBTA_NODES,42.388458099705495,-71.02393379279997,POINT (-71.02393379279997 42.3884580997055),200.0,8751.0,"{'routes': [{'id': 'C0', 'sections': [{'id': 'C0-S0', 'type': 'pedestrian', 'travelSummary': {'duration': 120, 'length': 128}, 'departure': {'time': '2022-09-29T13:38:00-04:00', 'place': {'name': 'EasternAve', 'type': 'place', 'location': {'lat': 42.388458, 'lng': -71.023934}}}, 'arrival': {'time': '2022-09-29T13:40:00-04:00', 'place': {'name': 'Eastern Avenue', 'type': 'station', 'location': {'lat': 42.388374, 'lng': -71.023859}, 'wheelchairAccessible': 'yes', 'id': '419809752'}}, 'transport': {'mode': 'pedestrian'}}, {'id': 'C0-S1', 'type': 'transit', 'travelSummary': {'duration': 1260, 'length': 8623}, 'departure': {'time': '2022-09-29T13:40:00-04:00', 'place': {'name': 'Eastern Avenue', 'type': 'station', 'location': {'lat': 42.388374, 'lng': -71.023859}, 'wheelchairAccessible': 'yes', 'id': '419809752'}, 'delay': 0}, 'arrival': {'time': '2022-09-29T14:01:00-04:00', 'place': {'name': 'South Station', 'type': 'station', 'location': {'lat': 42.352271, 'lng': -71.055242}, 'wheelchairAccessible': 'yes', 'id': '419810105', 'code': '74611'}, 'delay': -60}, 'transport': {'mode': 'bus', 'name': 'SL3', 'category': 'Bus', 'color': '#7C878E', 'textColor': '#FFFFFF', 'headsign': 'South Station', 'shortName': 'SL3', 'longName': 'Chelsea Station - South Station'}, 'agency': {'id': '14811_6b86b27', 'name': 'MBTA', 'website': 'http://www.mbta.com'}}]}]}"
291,Box District,SILVER,MBTA_NODES,42.39411670592333,-71.02846597923909,POINT (-71.02846597923909 42.39411670592333),200.0,9373.0,"{'routes': [{'id': 'C0', 'sections': [{'id': 'C0-S0', 'type': 'transit', 'travelSummary': {'duration': 1380, 'length': 9373}, 'departure': {'time': '2022-09-29T13:38:00-04:00', 'place': {'name': 'Box District', 'type': 'station', 'location': {'lat': 42.394049, 'lng': -71.028365}, 'wheelchairAccessible': 'yes', 'id': '419810385'}, 'delay': 0}, 'arrival': {'time': '2022-09-29T14:01:00-04:00', 'place': {'name': 'South Station', 'type': 'station', 'location': {'lat': 42.352271, 'lng': -71.055242}, 'wheelchairAccessible': 'yes', 'id': '419810105', 'code': '74611'}, 'delay': -60}, 'transport': {'mode': 'bus', 'name': 'SL3', 'category': 'Bus', 'color': '#7C878E', 'textColor': '#FFFFFF', 'headsign': 'South Station', 'shortName': 'SL3', 'longName': 'Chelsea Station - South Station'}, 'agency': {'id': '14811_6b86b27', 'name': 'MBTA', 'website': 'http://www.mbta.com'}}]}]}"
292,Bellingham Sq,SILVER,MBTA_NODES,42.39540238816468,-71.03346704417102,POINT (-71.03346704417102 42.39540238816468),200.0,9922.0,"{'routes': [{'id': 'C0', 'sections': [{'id': 'C0-S0', 'type': 'pedestrian', 'travelSummary': {'duration': 0, 'length': 7}, 'departure': {'time': '2022-09-29T13:36:00-04:00', 'place': {'name': 'BellinghamSq', 'type': 'place', 'location': {'lat': 42.395402, 'lng': -71.033467}}}, 'arrival': {'time': '2022-09-29T13:36:00-04:00', 'place': {'name': 'Bellingham Square - Washington Avenue', 'type': 'accessPoint', 'location': {'lat': 42.395247, 'lng': -71.033173}, 'wheelchairAccessible': 'yes'}}, 'transport': {'mode': 'pedestrian'}}, {'id': 'C0-S0-arr', 'type': 'pedestrian', 'travelSummary': {'duration': 60, 'length': 62}, 'departure': {'time': '2022-09-29T13:36:00-04:00', 'place': {'name': 'Bellingham Square - Washington Avenue', 'type': 'accessPoint', 'location': {'lat': 42.395247, 'lng': -71.033173}, 'wheelchairAccessible': 'yes'}}, 'arrival': {'time': '2022-09-29T13:37:00-04:00', 'place': {'name': 'Bellingham Square', 'type': 'station', 'location': {'lat': 42.395438, 'lng': -71.033884}, 'wheelchairAccessible': 'yes', 'id': '419809749'}}, 'spans': [{'walkAttributes': ['indoor']}], 'transport': {'mode': 'pedestrian'}}, {'id': 'C0-S1', 'type': 'transit', 'travelSummary': {'duration': 1440, 'length': 9853}, 'departure': {'time': '2022-09-29T13:37:00-04:00', 'place': {'name': 'Bellingham Square', 'type': 'station', 'location': {'lat': 42.395438, 'lng': -71.033884}, 'wheelchairAccessible': 'yes', 'id': '419809749'}, 'delay': 0}, 'arrival': {'time': '2022-09-29T14:01:00-04:00', 'place': {'name': 'South Station', 'type': 'station', 'location': {'lat': 42.352271, 'lng': -71.055242}, 'wheelchairAccessible': 'yes', 'id': '419810105', 'code': '74611'}, 'delay': -60}, 'transport': {'mode': 'bus', 'name': 'SL3', 'category': 'Bus', 'color': '#7C878E', 'textColor': '#FFFFFF', 'headsign': 'South Station', 'shortName': 'SL3', 'longName': 'Chelsea Station - South Station'}, 'agency': {'id': '14811_6b86b27', 'name': 'MBTA', 'website': 'http://www.mbta.com'}}]}]}"
293,Chelsea,SILVER,MBTA_NODES,42.39680216827558,-71.04039297669804,POINT (-71.04039297669804 42.39680216827558),200.0,10393.0,"{'routes': [{'id': 'C0', 'sections': [{'id': 'C0-S1', 'type': 'transit', 'travelSummary': {'duration': 1500, 'length': 10393}, 'departure': {'time': '2022-09-29T13:36:00-04:00', 'place': {'name': 'Chelsea', 'type': 'station', 'location': {'lat': 42.396661, 'lng': -71.04029}, 'wheelchairAccessible': 'yes', 'id': '419810111', 'code': '74630'}, 'delay': 0}, 'arrival': {'time': '2022-09-29T14:01:00-04:00', 'place': {'name': 'South Station', 'type': 'station', 'location': {'lat': 42.352271, 'lng': -71.055242}, 'wheelchairAccessible': 'yes', 'id': '419810105', 'code': '74611'}, 'delay': -60}, 'transport': {'mode': 'bus', 'name': 'SL3', 'category': 'Bus', 'color': '#7C878E', 'textColor': '#FFFFFF', 'headsign': 'South Station', 'shortName': 'SL3', 'longName': 'Chelsea Station - South Station'}, 'agency': {'id': '14811_6b86b27', 'name': 'MBTA', 'website': 'http://www.mbta.com'}}]}]}"
294,Airport,SILVER,MBTA_NODES,42.37415257731831,-71.0298063287467,POINT (-71.0298063287467 42.37415257731831),200.0,6772.0,"{'routes': [{'id': 'C0', 'sections': [{'id': 'C0-S0', 'type': 'pedestrian', 'travelSummary': {'duration': 60, 'length': 47}, 'departure': {'time': '2022-09-29T13:35:00-04:00', 'place': {'name': 'Airport', 'type': 'place', 'location': {'lat': 42.374153, 'lng': -71.029806}}}, 'arrival': {'time': '2022-09-29T13:36:00-04:00', 'place': {'name': 'Airport', 'type': 'station', 'location': {'lat': 42.374518, 'lng': -71.029532}, 'wheelchairAccessible': 'yes', 'id': '419810523', 'code': '7097'}}, 'transport': {'mode': 'pedestrian'}}, {'id': 'C0-S1', 'type': 'transit', 'travelSummary': {'duration': 960, 'length': 6725}, 'departure': {'time': '2022-09-29T13:36:00-04:00', 'place': {'name': 'Airport', 'type': 'station', 'location': {'lat': 42.374518, 'lng': -71.029532}, 'wheelchairAccessible': 'yes', 'id': '419810523', 'platform': 'A', 'code': '7097'}, 'delay': 480}, 'arrival': {'time': '2022-09-29T13:52:00-04:00', 'place': {'name': 'South Station', 'type': 'station', 'location': {'lat': 42.352271, 'lng': -71.055242}, 'wheelchairAccessible': 'yes', 'id': '419810105', 'code': '74611'}, 'delay': 300}, 'transport': {'mode': 'bus', 'name': 'SL3', 'category': 'Bus', 'color': '#7C878E', 'textColor': '#FFFFFF', 'headsign': 'South Station', 'shortName': 'SL3', 'longName': 'Chelsea Station - South Station'}, 'agency': {'id': '14811_6b86b27', 'name': 'MBTA', 'website': 'http://www.mbta.com'}}]}]}"
295,Fenwood Road,GREEN,MBTA_NODES,42.33374540645179,-71.10564567075349,POINT (-71.10564567075349 42.33374540645179),200.0,5383.0,"{'routes': [{'id': 'C0', 'sections': [{'id': 'C0-S1', 'type': 'transit', 'travelSummary': {'duration': 1080, 'length': 4643}, 'departure': {'time': '2022-09-29T13:46:00-04:00', 'place': {'name': 'Fenwood Road', 'type': 'station', 'location': {'lat': 42.33374, 'lng': -71.105721}, 'wheelchairAccessible': 'no', 'id': '419810078', 'code': '70251'}, 'delay': 0, 'status': 'additional'}, 'arrival': {'time': '2022-09-29T14:04:00-04:00', 'place': {'name': 'Park Street', 'type': 'station', 'location': {'lat': 42.356395, 'lng': -71.062424}, 'wheelchairAccessible': 'yes', 'id': '419810624', 'code': '70200'}, 'delay': 0, 'status': 'additional'}, 'transport': {'mode': 'lightRail', 'name': 'E', 'category': 'Tram, Streetcar, Light rail', 'color': '#00843D', 'textColor': '#FFFFFF', 'headsign': 'Union Square', 'shortName': 'E', 'longName': 'Green Line E'}, 'agency': {'id': '14811_6b86b27', 'name': 'MBTA', 'website': 'http://www.mbta.com'}}, {'id': 'C0-S2', 'type': 'pedestrian', 'travelSummary': {'duration': 720, 'length': 740}, 'departure': {'time': '2022-09-29T14:04:00-04:00', 'place': {'name': 'Park Street', 'type': 'station', 'location': {'lat': 42.356395, 'lng': -71.062424}, 'wheelchairAccessible': 'yes', 'id': '419810624', 'code': '70200'}}, 'arrival': {'time': '2022-09-29T14:16:00-04:00', 'place': {'name': 'SouthStation', 'type': 'place', 'location': {'lat': 42.352593, 'lng': -71.055172}}}, 'transport': {'mode': 'pedestrian'}}]}]}"
296,Mission Park,GREEN,MBTA_NODES,42.33317940922027,-71.1095849635522,POINT (-71.10958496355219 42.33317940922027),200.0,5690.0,"{'routes': [{'id': 'C0', 'sections': [{'id': 'C0-S1', 'type': 'transit', 'travelSummary': {'duration': 1200, 'length': 4950}, 'departure': {'time': '2022-09-29T13:44:00-04:00', 'place': {'name': 'Mission Park', 'type': 'station', 'location': {'lat': 42.333279, 'lng': -71.109276}, 'wheelchairAccessible': 'no', 'id': '419810080', 'code': '70253'}, 'delay': 0, 'status': 'additional'}, 'arrival': {'time': '2022-09-29T14:04:00-04:00', 'place': {'name': 'Park Street', 'type': 'station', 'location': {'lat': 42.356395, 'lng': -71.062424}, 'wheelchairAccessible': 'yes', 'id': '419810624', 'code': '70200'}, 'delay': 0, 'status': 'additional'}, 'transport': {'mode': 'lightRail', 'name': 'E', 'category': 'Tram, Streetcar, Light rail', 'color': '#00843D', 'textColor': '#FFFFFF', 'headsign': 'Union Square', 'shortName': 'E', 'longName': 'Green Line E'}, 'agency': {'id': '14811_6b86b27', 'name': 'MBTA', 'website': 'http://www.mbta.com'}}, {'id': 'C0-S2', 'type': 'pedestrian', 'travelSummary': {'duration': 720, 'length': 740}, 'departure': {'time': '2022-09-29T14:04:00-04:00', 'place': {'name': 'Park Street', 'type': 'station', 'location': {'lat': 42.356395, 'lng': -71.062424}, 'wheelchairAccessible': 'yes', 'id': '419810624', 'code': '70200'}}, 'arrival': {'time': '2022-09-29T14:16:00-04:00', 'place': {'name': 'SouthStation', 'type': 'place', 'location': {'lat': 42.352593, 'lng': -71.055172}}}, 'transport': {'mode': 'pedestrian'}}]}]}"
297,Riverway,GREEN,MBTA_NODES,42.33197800782085,-71.1119506665,POINT (-71.11195066649999 42.33197800782085),200.0,5966.0,"{'routes': [{'id': 'C0', 'sections': [{'id': 'C0-S1', 'type': 'transit', 'travelSummary': {'duration': 1260, 'length': 5226}, 'departure': {'time': '2022-09-29T13:43:00-04:00', 'place': {'name': 'Riverway', 'type': 'station', 'location': {'lat': 42.331871, 'lng': -71.111961}, 'wheelchairAccessible': 'no', 'id': '419810083', 'code': '70256'}, 'delay': 0, 'status': 'additional'}, 'arrival': {'time': '2022-09-29T14:04:00-04:00', 'place': {'name': 'Park Street', 'type': 'station', 'location': {'lat': 42.356395, 'lng': -71.062424}, 'wheelchairAccessible': 'yes', 'id': '419810624', 'code': '70200'}, 'delay': 0, 'status': 'additional'}, 'transport': {'mode': 'lightRail', 'name': 'E', 'category': 'Tram, Streetcar, Light rail', 'color': '#00843D', 'textColor': '#FFFFFF', 'headsign': 'Union Square', 'shortName': 'E', 'longName': 'Green Line E'}, 'agency': {'id': '14811_6b86b27', 'name': 'MBTA', 'website': 'http://www.mbta.com'}}, {'id': 'C0-S2', 'type': 'pedestrian', 'travelSummary': {'duration': 720, 'length': 740}, 'departure': {'time': '2022-09-29T14:04:00-04:00', 'place': {'name': 'Park Street', 'type': 'station', 'location': {'lat': 42.356395, 'lng': -71.062424}, 'wheelchairAccessible': 'yes', 'id': '419810624', 'code': '70200'}}, 'arrival': {'time': '2022-09-29T14:16:00-04:00', 'place': {'name': 'SouthStation', 'type': 'place', 'location': {'lat': 42.352593, 'lng': -71.055172}}}, 'transport': {'mode': 'pedestrian'}}]}]}"
298,Back Of The Hill,GREEN,MBTA_NODES,42.32963825048141,-71.11107040791865,POINT (-71.11107040791865 42.32963825048141),200.0,6284.0,"{'routes': [{'id': 'C0', 'sections': [{'id': 'C0-S0', 'type': 'pedestrian', 'travelSummary': {'duration': 0, 'length': 29}, 'departure': {'time': '2022-09-29T13:41:00-04:00', 'place': {'name': 'BackOfTheHill', 'type': 'place', 'location': {'lat': 42.329638, 'lng': -71.11107}}}, 'arrival': {'time': '2022-09-29T13:41:00-04:00', 'place': {'name': 'Back of the Hill', 'type': 'station', 'location': {'lat': 42.329399, 'lng': -71.110931}, 'wheelchairAccessible': 'no', 'id': '419810085', 'code': '70258'}}, 'transport': {'mode': 'pedestrian'}}, {'id': 'C0-S1', 'type': 'transit', 'travelSummary': {'duration': 1380, 'length': 5515}, 'departure': {'time': '2022-09-29T13:41:00-04:00', 'place': {'name': 'Back of the Hill', 'type': 'station', 'location': {'lat': 42.329399, 'lng': -71.110931}, 'wheelchairAccessible': 'no', 'id': '419810085', 'code': '70258'}, 'delay': 0, 'status': 'additional'}, 'arrival': {'time': '2022-09-29T14:04:00-04:00', 'place': {'name': 'Park Street', 'type': 'station', 'location': {'lat': 42.356395, 'lng': -71.062424}, 'wheelchairAccessible': 'yes', 'id': '419810624', 'code': '70200'}, 'delay': 0, 'status': 'additional'}, 'transport': {'mode': 'lightRail', 'name': 'E', 'category': 'Tram, Streetcar, Light rail', 'color': '#00843D', 'textColor': '#FFFFFF', 'headsign': 'Union Square', 'shortName': 'E', 'longName': 'Green Line E'}, 'agency': {'id': '14811_6b86b27', 'name': 'MBTA', 'website': 'http://www.mbta.com'}}, {'id': 'C0-S2', 'type': 'pedestrian', 'travelSummary': {'duration': 720, 'length': 740}, 'departure': {'time': '2022-09-29T14:04:00-04:00', 'place': {'name': 'Park Street', 'type': 'station', 'location': {'lat': 42.356395, 'lng': -71.062424}, 'wheelchairAccessible': 'yes', 'id': '419810624', 'code': '70200'}}, 'arrival': {'time': '2022-09-29T14:16:00-04:00', 'place': {'name': 'SouthStation', 'type': 'place', 'location': {'lat': 42.352593, 'lng': -71.055172}}}, 'transport': {'mode': 'pedestrian'}}]}]}"
299,Heath Street,GREEN,MBTA_NODES,42.32831128444417,-71.11028101742203,POINT (-71.11028101742203 42.32831128444417),200.0,6396.0,"{'routes': [{'id': 'C0', 'sections': [{'id': 'C0-S0', 'type': 'transit', 'travelSummary': {'duration': 1440, 'length': 5656}, 'departure': {'time': '2022-09-29T13:40:00-04:00', 'place': {'name': 'Heath Street', 'type': 'station', 'location': {'lat': 42.328316, 'lng': -71.110252}, 'wheelchairAccessible': 'yes', 'id': '419810086', 'code': '70260'}, 'delay': 0, 'status': 'additional'}, 'arrival': {'time': '2022-09-29T14:04:00-04:00', 'place': {'name': 'Park Street', 'type': 'station', 'location': {'lat': 42.356395, 'lng': -71.062424}, 'wheelchairAccessible': 'yes', 'id': '419810624', 'code': '70200'}, 'delay': 0, 'status': 'additional'}, 'transport': {'mode': 'lightRail', 'name': 'E', 'category': 'Tram, Streetcar, Light rail', 'color': '#00843D', 'textColor': '#FFFFFF', 'headsign': 'Union Square', 'shortName': 'E', 'longName': 'Green Line E'}, 'agency': {'id': '14811_6b86b27', 'name': 'MBTA', 'website': 'http://www.mbta.com'}}, {'id': 'C0-S1', 'type': 'pedestrian', 'travelSummary': {'duration': 720, 'length': 740}, 'departure': {'time': '2022-09-29T14:04:00-04:00', 'place': {'name': 'Park Street', 'type': 'station', 'location': {'lat': 42.356395, 'lng': -71.062424}, 'wheelchairAccessible': 'yes', 'id': '419810624', 'code': '70200'}}, 'arrival': {'time': '2022-09-29T14:16:00-04:00', 'place': {'name': 'SouthStation', 'type': 'place', 'location': {'lat': 42.352593, 'lng': -71.055172}}}, 'transport': {'mode': 'pedestrian'}}]}]}"
300,Hynes Convention Center,GREEN,MBTA_NODES,42.34798228513085,-71.0873145576371,POINT (-71.0873145576371 42.34798228513085),200.0,3257.0,"{'routes': [{'id': 'C0', 'sections': [{'id': 'C0-S0', 'type': 'pedestrian', 'travelSummary': {'duration': 0, 'length': 12}, 'departure': {'time': '2022-09-29T13:39:00-04:00', 'place': {'name': 'HynesConventionCenter', 'type': 'place', 'location': {'lat': 42.347982, 'lng': -71.087315}}}, 'arrival': {'time': '2022-09-29T13:39:00-04:00', 'place': {'name': 'Hynes Convention Center - Newbury St', 'type': 'accessPoint', 'location': {'lat': 42.348151, 'lng': -71.087555}, 'wheelchairAccessible': 'no'}}, 'transport': {'mode': 'pedestrian'}}, {'id': 'C0-S0-arr', 'type': 'pedestrian', 'travelSummary': {'duration': 60, 'length': 41}, 'departure': {'time': '2022-09-29T13:39:00-04:00', 'place': {'name': 'Hynes Convention Center - Newbury St', 'type': 'accessPoint', 'location': {'lat': 42.348151, 'lng': -71.087555}, 'wheelchairAccessible': 'no'}}, 'arrival': {'time': '2022-09-29T13:40:00-04:00', 'place': {'name': 'Hynes Convention Center', 'type': 'station', 'location': {'lat': 42.347888, 'lng': -71.087903}, 'wheelchairAccessible': 'no', 'id': '419809991', 'code': '70152'}}, 'spans': [{'walkAttributes': ['indoor']}], 'transport': {'mode': 'pedestrian'}}, {'id': 'C0-S1', 'type': 'transit', 'travelSummary': {'duration': 420, 'length': 2464}, 'departure': {'time': '2022-09-29T13:40:00-04:00', 'place': {'name': 'Hynes Convention Center', 'type': 'station', 'location': {'lat': 42.347888, 'lng': -71.087903}, 'wheelchairAccessible': 'no', 'id': '419809991', 'code': '70152'}, 'delay': 0}, 'arrival': {'time': '2022-09-29T13:47:00-04:00', 'place': {'name': 'Park Street', 'type': 'station', 'location': {'lat': 42.356395, 'lng': -71.062424}, 'wheelchairAccessible': 'yes', 'id': '419810624', 'code': '70200'}, 'delay': -180}, 'transport': {'mode': 'lightRail', 'name': 'B', 'category': 'Tram, Streetcar, Light rail', 'color': '#00843D', 'textColor': '#FFFFFF', 'headsign': 'Government Center', 'shortName': 'B', 'longName': 'Green Line B'}, 'agency': {'id': '14811_6b86b27', 'name': 'MBTA', 'website': 'http://www.mbta.com'}}, {'id': 'C0-S2', 'type': 'pedestrian', 'travelSummary': {'duration': 720, 'length': 740}, 'departure': {'time': '2022-09-29T13:47:00-04:00', 'place': {'name': 'Park Street', 'type': 'station', 'location': {'lat': 42.356395, 'lng': -71.062424}, 'wheelchairAccessible': 'yes', 'id': '419810624', 'code': '70200'}}, 'arrival': {'time': '2022-09-29T13:59:00-04:00', 'place': {'name': 'SouthStation', 'type': 'place', 'location': {'lat': 42.352593, 'lng': -71.055172}}}, 'transport': {'mode': 'pedestrian'}}]}]}"
301,Blandford Street,GREEN,MBTA_NODES,42.34919807685945,-71.1000555872087,POINT (-71.1000555872087 42.34919807685945),200.0,4369.0,"{'routes': [{'id': 'C0', 'sections': [{'id': 'C0-S0', 'type': 'pedestrian', 'travelSummary': {'duration': 120, 'length': 104}, 'departure': {'time': '2022-09-29T13:41:00-04:00', 'place': {'name': 'BlandfordStreet', 'type': 'place', 'location': {'lat': 42.349198, 'lng': -71.100056}}}, 'arrival': {'time': '2022-09-29T13:43:00-04:00', 'place': {'name': 'Blandford Street', 'type': 'station', 'location': {'lat': 42.349276, 'lng': -71.100213}, 'wheelchairAccessible': 'no', 'id': '419809988', 'code': '70149'}}, 'transport': {'mode': 'pedestrian'}}, {'id': 'C0-S1', 'type': 'transit', 'travelSummary': {'duration': 660, 'length': 3525}, 'departure': {'time': '2022-09-29T13:43:00-04:00', 'place': {'name': 'Blandford Street', 'type': 'station', 'location': {'lat': 42.349276, 'lng': -71.100213}, 'wheelchairAccessible': 'no', 'id': '419809988', 'code': '70149'}, 'delay': 0}, 'arrival': {'time': '2022-09-29T13:54:00-04:00', 'place': {'name': 'Park Street', 'type': 'station', 'location': {'lat': 42.356395, 'lng': -71.062424}, 'wheelchairAccessible': 'yes', 'id': '419810624', 'code': '70200'}, 'delay': -240}, 'transport': {'mode': 'lightRail', 'name': 'B', 'category': 'Tram, Streetcar, Light rail', 'color': '#00843D', 'textColor': '#FFFFFF', 'headsign': 'Government Center', 'shortName': 'B', 'longName': 'Green Line B'}, 'agency': {'id': '14811_6b86b27', 'name': 'MBTA', 'website': 'http://www.mbta.com'}}, {'id': 'C0-S2', 'type': 'pedestrian', 'travelSummary': {'duration': 720, 'length': 740}, 'departure': {'time': '2022-09-29T13:54:00-04:00', 'place': {'name': 'Park Street', 'type': 'station', 'location': {'lat': 42.356395, 'lng': -71.062424}, 'wheelchairAccessible': 'yes', 'id': '419810624', 'code': '70200'}}, 'arrival': {'time': '2022-09-29T14:06:00-04:00', 'place': {'name': 'SouthStation', 'type': 'place', 'location': {'lat': 42.352593, 'lng': -71.055172}}}, 'transport': {'mode': 'pedestrian'}}]}]}"
302,Boston University East,GREEN,MBTA_NODES,42.34972114226152,-71.10442793966416,POINT (-71.10442793966416 42.34972114226152),200.0,4731.0,"{'routes': [{'id': 'C0', 'sections': [{'id': 'C0-S0', 'type': 'pedestrian', 'travelSummary': {'duration': 120, 'length': 96}, 'departure': {'time': '2022-09-29T13:39:00-04:00', 'place': {'name': 'BostonUniversityEast', 'type': 'place', 'location': {'lat': 42.349721, 'lng': -71.104428}}}, 'arrival': {'time': '2022-09-29T13:41:00-04:00', 'place': {'name': 'Boston University East', 'type': 'station', 'location': {'lat': 42.349811, 'lng': -71.104657}, 'wheelchairAccessible': 'yes', 'id': '419809986', 'code': '70147'}}, 'transport': {'mode': 'pedestrian'}}, {'id': 'C0-S1', 'type': 'transit', 'travelSummary': {'duration': 780, 'length': 3895}, 'departure': {'time': '2022-09-29T13:41:00-04:00', 'place': {'name': 'Boston University East', 'type': 'station', 'location': {'lat': 42.349811, 'lng': -71.104657}, 'wheelchairAccessible': 'yes', 'id': '419809986', 'code': '70147'}, 'delay': 0}, 'arrival': {'time': '2022-09-29T13:54:00-04:00', 'place': {'name': 'Park Street', 'type': 'station', 'location': {'lat': 42.356395, 'lng': -71.062424}, 'wheelchairAccessible': 'yes', 'id': '419810624', 'code': '70200'}, 'delay': -240}, 'transport': {'mode': 'lightRail', 'name': 'B', 'category': 'Tram, Streetcar, Light rail', 'color': '#00843D', 'textColor': '#FFFFFF', 'headsign': 'Government Center', 'shortName': 'B', 'longName': 'Green Line B'}, 'agency': {'id': '14811_6b86b27', 'name': 'MBTA', 'website': 'http://www.mbta.com'}}, {'id': 'C0-S2', 'type': 'pedestrian', 'travelSummary': {'duration': 720, 'length': 740}, 'departure': {'time': '2022-09-29T13:54:00-04:00', 'place': {'name': 'Park Street', 'type': 'station', 'location': {'lat': 42.356395, 'lng': -71.062424}, 'wheelchairAccessible': 'yes', 'id': '419810624', 'code': '70200'}}, 'arrival': {'time': '2022-09-29T14:06:00-04:00', 'place': {'name': 'SouthStation', 'type': 'place', 'location': {'lat': 42.352593, 'lng': -71.055172}}}, 'transport': {'mode': 'pedestrian'}}]}]}"
