YEAR,NAME,MED_OWN_SHARE,MED_RENT_SHARE,STATEFP,COUNTYFP,TRACTFP
2018,"Census Tract 2059, Essex County, Massachusetts",26.7,33.9,25,009,205900
2018,"Census Tract 2068, Essex County, Massachusetts",23.2,31.9,25,009,206800
2018,"Census Tract 2103, Essex County, Massachusetts",22.8,41.6,25,009,210300
2018,"Census Tract 2176, Essex County, Massachusetts",22.7,28.5,25,009,217600
2018,"Census Tract 2233, Essex County, Massachusetts",24.0,18.4,25,009,223300
2018,"Census Tract 2503, Essex County, Massachusetts",48.3,34.2,25,009,250300
2018,"Census Tract 2524, Essex County, Massachusetts",30.7,39.3,25,009,252400
2018,"Census Tract 2514, Essex County, Massachusetts",35.5,33.4,25,009,251400
2018,"Census Tract 2521.02, Essex County, Massachusetts",21.6,26.0,25,009,252102
2018,"Census Tract 202, Suffolk County, Massachusetts",18.7,27.6,25,025,020200
2018,"Census Tract 303, Suffolk County, Massachusetts",26.1,25.0,25,025,030300
2018,"Census Tract 610, Suffolk County, Massachusetts",27.0,25.9,25,025,061000
2018,"Census Tract 612, Suffolk County, Massachusetts",21.8,23.3,25,025,061200
2018,"Census Tract 901, Suffolk County, Massachusetts",33.0,33.7,25,025,090100
2018,"Census Tract 902, Suffolk County, Massachusetts",51.0,31.8,25,025,090200
2018,"Census Tract 907, Suffolk County, Massachusetts",28.5,28.2,25,025,090700
2018,"Census Tract 912, Suffolk County, Massachusetts",24.2,30.4,25,025,091200
2018,"Census Tract 1003, Suffolk County, Massachusetts",31.3,42.4,25,025,100300
2018,"Census Tract 1011.01, Suffolk County, Massachusetts",28.3,38.2,25,025,101101
2018,"Census Tract 1303, Suffolk County, Massachusetts",18.7,40.8,25,025,130300
2018,"Census Tract 1401.02, Suffolk County, Massachusetts",22.7,29.2,25,025,140102
2018,"Census Tract 1403, Suffolk County, Massachusetts",33.0,40.3,25,025,140300
2018,"Census Tract 1804, Suffolk County, Massachusetts",26.9,28.7,25,025,180400
2018,"Census Tract 4001, Norfolk County, Massachusetts",22.1,29.5,25,021,400100
2018,"Census Tract 4007, Norfolk County, Massachusetts",18.0,28.8,25,021,400700
2018,"Census Tract 4025, Norfolk County, Massachusetts",20.0,28.8,25,021,402500
2018,"Census Tract 4104, Norfolk County, Massachusetts",19.8,30.3,25,021,410400
2018,"Census Tract 4152, Norfolk County, Massachusetts",23.5,37.3,25,021,415200
2018,"Census Tract 4171, Norfolk County, Massachusetts",21.6,21.0,25,021,417100
2018,"Census Tract 4178.02, Norfolk County, Massachusetts",25.1,32.2,25,021,417802
2018,"Census Tract 4179.02, Norfolk County, Massachusetts",27.4,29.3,25,021,417902
2018,"Census Tract 9816, Suffolk County, Massachusetts",-666666666.0,-666666666.0,25,025,981600
2018,"Census Tract 9817, Suffolk County, Massachusetts",-666666666.0,-666666666.0,25,025,981700
2018,"Census Tract 9818, Suffolk County, Massachusetts",-666666666.0,-666666666.0,25,025,981800
2018,"Census Tract 9901.01, Suffolk County, Massachusetts",-666666666.0,-666666666.0,25,025,990101
2018,"Census Tract 7310.01, Worcester County, Massachusetts",23.1,26.6,25,027,731001
2018,"Census Tract 7095.01, Worcester County, Massachusetts",21.2,34.6,25,027,709501
2018,"Census Tract 7095.02, Worcester County, Massachusetts",21.2,29.1,25,027,709502
2018,"Census Tract 7211.01, Worcester County, Massachusetts",22.6,31.7,25,027,721101
2018,"Census Tract 7211.02, Worcester County, Massachusetts",22.3,26.1,25,027,721102
2018,"Census Tract 7310.02, Worcester County, Massachusetts",23.5,32.7,25,027,731002
2018,"Census Tract 4113.02, Norfolk County, Massachusetts",25.1,37.4,25,021,411302
2018,"Census Tract 4134.02, Norfolk County, Massachusetts",26.8,24.8,25,021,413402
2018,"Census Tract 4161.02, Norfolk County, Massachusetts",25.1,38.3,25,021,416102
2018,"Census Tract 4177.01, Norfolk County, Massachusetts",27.4,27.9,25,021,417701
2018,"Census Tract 4177.02, Norfolk County, Massachusetts",24.2,29.8,25,021,417702
2018,"Census Tract 4180.03, Norfolk County, Massachusetts",25.6,29.8,25,021,418003
2018,"Census Tract 4180.04, Norfolk County, Massachusetts",32.5,32.2,25,021,418004
2018,"Census Tract 4181.01, Norfolk County, Massachusetts",26.8,33.4,25,021,418101
2018,"Census Tract 4181.02, Norfolk County, Massachusetts",30.7,29.0,25,021,418102
2018,"Census Tract 4412.03, Norfolk County, Massachusetts",22.0,36.6,25,021,441203
2018,"Census Tract 4412.04, Norfolk County, Massachusetts",18.9,34.3,25,021,441204
2018,"Census Tract 4422.01, Norfolk County, Massachusetts",18.9,20.6,25,021,442201
2018,"Census Tract 4422.02, Norfolk County, Massachusetts",19.3,27.1,25,021,442202
2018,"Census Tract 914, Suffolk County, Massachusetts",23.2,33.8,25,025,091400
2018,"Census Tract 4009, Norfolk County, Massachusetts",24.4,31.2,25,021,400900
2018,"Census Tract 4011, Norfolk County, Massachusetts",21.7,28.3,25,021,401100
2018,"Census Tract 4012, Norfolk County, Massachusetts",18.8,28.0,25,021,401200
2018,"Census Tract 4034, Norfolk County, Massachusetts",22.7,26.8,25,021,403400
2018,"Census Tract 4042.01, Norfolk County, Massachusetts",20.4,24.5,25,021,404201
2018,"Census Tract 4043.01, Norfolk County, Massachusetts",21.7,22.3,25,021,404301
2018,"Census Tract 4051, Norfolk County, Massachusetts",21.2,42.9,25,021,405100
2018,"Census Tract 4131, Norfolk County, Massachusetts",22.0,26.3,25,021,413100
2018,"Census Tract 4132, Norfolk County, Massachusetts",19.8,29.1,25,021,413200
2018,"Census Tract 4133, Norfolk County, Massachusetts",20.1,23.2,25,021,413300
2018,"Census Tract 4135, Norfolk County, Massachusetts",22.3,26.4,25,021,413500
2018,"Census Tract 4143, Norfolk County, Massachusetts",21.6,27.8,25,021,414300
2018,"Census Tract 4163, Norfolk County, Massachusetts",19.6,31.7,25,021,416300
2018,"Census Tract 4164, Norfolk County, Massachusetts",21.0,24.1,25,021,416400
2018,"Census Tract 4175.01, Norfolk County, Massachusetts",26.8,30.7,25,021,417501
2018,"Census Tract 4180.02, Norfolk County, Massachusetts",24.5,24.5,25,021,418002
2018,"Census Tract 3103, Middlesex County, Massachusetts",24.8,35.0,25,017,310300
2018,"Census Tract 3106.01, Middlesex County, Massachusetts",21.0,30.1,25,017,310601
2018,"Census Tract 3241.02, Middlesex County, Massachusetts",21.6,22.1,25,017,324102
2018,"Census Tract 3261.01, Middlesex County, Massachusetts",18.2,42.6,25,017,326101
2018,"Census Tract 3261.02, Middlesex County, Massachusetts",24.6,23.8,25,017,326102
2018,"Census Tract 3353.02, Middlesex County, Massachusetts",21.6,28.0,25,017,335302
2018,"Census Tract 3353.01, Middlesex County, Massachusetts",24.5,29.3,25,017,335301
2018,"Census Tract 3398.02, Middlesex County, Massachusetts",22.3,22.7,25,017,339802
2018,"Census Tract 3411.01, Middlesex County, Massachusetts",23.0,22.9,25,017,341101
2018,"Census Tract 3398.01, Middlesex County, Massachusetts",31.1,26.3,25,017,339801
2018,"Census Tract 3411.02, Middlesex County, Massachusetts",25.6,29.0,25,017,341102
2018,"Census Tract 3419.01, Middlesex County, Massachusetts",24.8,32.6,25,017,341901
2018,"Census Tract 3419.02, Middlesex County, Massachusetts",23.4,30.9,25,017,341902
2018,"Census Tract 3421.01, Middlesex County, Massachusetts",38.0,37.8,25,017,342101
2018,"Census Tract 3421.02, Middlesex County, Massachusetts",26.1,31.6,25,017,342102
2018,"Census Tract 3422.01, Middlesex County, Massachusetts",30.2,33.4,25,017,342201
2018,"Census Tract 3422.02, Middlesex County, Massachusetts",33.3,28.0,25,017,342202
2018,"Census Tract 3501.03, Middlesex County, Massachusetts",22.8,25.1,25,017,350103
2018,"Census Tract 3501.04, Middlesex County, Massachusetts",30.4,29.1,25,017,350104
2018,"Census Tract 3512.03, Middlesex County, Massachusetts",19.8,26.3,25,017,351203
2018,"Census Tract 3512.04, Middlesex County, Massachusetts",19.7,30.2,25,017,351204
2018,"Census Tract 3514.03, Middlesex County, Massachusetts",25.7,29.7,25,017,351403
2018,"Census Tract 3514.04, Middlesex County, Massachusetts",24.4,30.6,25,017,351404
2018,"Census Tract 3521.01, Middlesex County, Massachusetts",21.7,37.4,25,017,352101
2018,"Census Tract 3521.02, Middlesex County, Massachusetts",18.8,29.5,25,017,352102
2018,"Census Tract 2067, Essex County, Massachusetts",28.9,31.6,25,009,206700
2018,"Census Tract 2092, Essex County, Massachusetts",21.5,51.0,25,009,209200
2018,"Census Tract 2113, Essex County, Massachusetts",25.3,36.2,25,009,211300
2018,"Census Tract 2173, Essex County, Massachusetts",25.4,31.9,25,009,217300
2018,"Census Tract 2216, Essex County, Massachusetts",31.5,30.4,25,009,221600
2018,"Census Tract 2501, Essex County, Massachusetts",-666666666.0,29.3,25,009,250100
2018,"Census Tract 2502, Essex County, Massachusetts",30.9,38.9,25,009,250200
2018,"Census Tract 509.01, Suffolk County, Massachusetts",25.4,30.8,25,025,050901
2018,"Census Tract 511.01, Suffolk County, Massachusetts",36.3,24.1,25,025,051101
2018,"Census Tract 601.01, Suffolk County, Massachusetts",21.5,22.5,25,025,060101
2018,"Census Tract 603.01, Suffolk County, Massachusetts",21.3,22.1,25,025,060301
2018,"Census Tract 605.01, Suffolk County, Massachusetts",18.8,22.0,25,025,060501
2018,"Census Tract 611.01, Suffolk County, Massachusetts",-666666666.0,28.6,25,025,061101
2018,"Census Tract 701.01, Suffolk County, Massachusetts",28.3,28.2,25,025,070101
2018,"Census Tract 704.02, Suffolk County, Massachusetts",51.0,30.3,25,025,070402
2018,"Census Tract 711.01, Suffolk County, Massachusetts",20.9,32.5,25,025,071101
2018,"Census Tract 804.01, Suffolk County, Massachusetts",22.2,33.1,25,025,080401
2018,"Census Tract 712.01, Suffolk County, Massachusetts",19.8,28.9,25,025,071201
2018,"Census Tract 806.01, Suffolk County, Massachusetts",28.0,45.2,25,025,080601
2018,"Census Tract 808.01, Suffolk County, Massachusetts",-666666666.0,27.9,25,025,080801
2018,"Census Tract 810.01, Suffolk County, Massachusetts",20.3,32.5,25,025,081001
2018,"Census Tract 909.01, Suffolk County, Massachusetts",-666666666.0,38.5,25,025,090901
2018,"Census Tract 910.01, Suffolk County, Massachusetts",19.6,23.9,25,025,091001
2018,"Census Tract 921.01, Suffolk County, Massachusetts",26.4,36.7,25,025,092101
2018,"Census Tract 1006.03, Suffolk County, Massachusetts",23.7,26.3,25,025,100603
2018,"Census Tract 1101.03, Suffolk County, Massachusetts",24.2,27.1,25,025,110103
2018,"Census Tract 1102.01, Suffolk County, Massachusetts",28.7,34.6,25,025,110201
2018,"Census Tract 1103.01, Suffolk County, Massachusetts",25.8,36.6,25,025,110301
2018,"Census Tract 1104.03, Suffolk County, Massachusetts",21.8,32.3,25,025,110403
2018,"Census Tract 1201.03, Suffolk County, Massachusetts",20.1,23.5,25,025,120103
2018,"Census Tract 1201.05, Suffolk County, Massachusetts",18.5,22.5,25,025,120105
2018,"Census Tract 1202.01, Suffolk County, Massachusetts",20.4,29.6,25,025,120201
2018,"Census Tract 1106.07, Suffolk County, Massachusetts",19.9,23.9,25,025,110607
2018,"Census Tract 1201.04, Suffolk County, Massachusetts",23.0,27.8,25,025,120104
2018,"Census Tract 1203.01, Suffolk County, Massachusetts",21.9,27.6,25,025,120301
2018,"Census Tract 1304.04, Suffolk County, Massachusetts",22.1,39.3,25,025,130404
2018,"Census Tract 1304.06, Suffolk County, Massachusetts",22.8,32.2,25,025,130406
2018,"Census Tract 1401.06, Suffolk County, Massachusetts",19.8,33.2,25,025,140106
2018,"Census Tract 1401.07, Suffolk County, Massachusetts",24.6,28.7,25,025,140107
2018,"Census Tract 3612, Middlesex County, Massachusetts",21.2,32.5,25,017,361200
2018,"Census Tract 3565, Middlesex County, Massachusetts",19.7,24.4,25,017,356500
2018,"Census Tract 3602, Middlesex County, Massachusetts",22.1,30.6,25,017,360200
2018,"Census Tract 3744, Middlesex County, Massachusetts",18.9,31.0,25,017,374400
2018,"Census Tract 3747, Middlesex County, Massachusetts",24.2,21.2,25,017,374700
2018,"Census Tract 3833, Middlesex County, Massachusetts",31.8,31.0,25,017,383300
2018,"Census Tract 2105, Essex County, Massachusetts",24.6,18.0,25,009,210500
2018,"Census Tract 2131, Essex County, Massachusetts",21.9,23.3,25,009,213100
2018,"Census Tract 2171, Essex County, Massachusetts",20.4,41.0,25,009,217100
2018,"Census Tract 2232, Essex County, Massachusetts",24.7,30.5,25,009,223200
2018,"Census Tract 2504, Essex County, Massachusetts",51.0,40.7,25,009,250400
2018,"Census Tract 2509, Essex County, Massachusetts",31.0,33.7,25,009,250900
2018,"Census Tract 2512, Essex County, Massachusetts",23.5,40.3,25,009,251200
2018,"Census Tract 2525.02, Essex County, Massachusetts",24.1,45.7,25,009,252502
2018,"Census Tract 2543.02, Essex County, Massachusetts",20.7,14.7,25,009,254302
2018,"Census Tract 2544.02, Essex County, Massachusetts",20.5,24.0,25,009,254402
2018,"Census Tract 2603.01, Essex County, Massachusetts",22.0,31.8,25,009,260301
2018,"Census Tract 3531.01, Middlesex County, Massachusetts",17.0,26.1,25,017,353101
2018,"Census Tract 3531.02, Middlesex County, Massachusetts",-666666666.0,36.0,25,017,353102
2018,"Census Tract 3567.02, Middlesex County, Massachusetts",21.4,31.8,25,017,356702
2018,"Census Tract 3631.03, Middlesex County, Massachusetts",21.8,20.1,25,017,363103
2018,"Census Tract 3631.04, Middlesex County, Massachusetts",22.2,21.9,25,017,363104
2018,"Census Tract 3662.02, Middlesex County, Massachusetts",20.5,22.9,25,017,366202
2018,"Census Tract 3702.01, Middlesex County, Massachusetts",27.3,20.7,25,017,370201
2018,"Census Tract 3702.02, Middlesex County, Massachusetts",19.7,26.3,25,017,370202
2018,"Census Tract 3215, Middlesex County, Massachusetts",22.6,29.9,25,017,321500
2018,"Census Tract 3271.02, Middlesex County, Massachusetts",24.6,25.3,25,017,327102
2018,"Census Tract 3281, Middlesex County, Massachusetts",20.4,14.1,25,017,328100
2018,"Census Tract 3302, Middlesex County, Massachusetts",24.3,28.0,25,017,330200
2018,"Census Tract 3311.01, Middlesex County, Massachusetts",21.9,27.4,25,017,331101
2018,"Census Tract 3332, Middlesex County, Massachusetts",21.8,21.8,25,017,333200
2018,"Census Tract 3312, Middlesex County, Massachusetts",21.3,24.9,25,017,331200
2018,"Census Tract 3322, Middlesex County, Massachusetts",23.7,27.8,25,017,332200
2018,"Census Tract 7181, Worcester County, Massachusetts",22.9,28.1,25,027,718100
2018,"Census Tract 7283, Worcester County, Massachusetts",20.7,29.0,25,027,728300
2018,"Census Tract 7311.02, Worcester County, Massachusetts",18.2,29.6,25,027,731102
2018,"Census Tract 7313, Worcester County, Massachusetts",33.6,44.0,25,027,731300
2018,"Census Tract 7315, Worcester County, Massachusetts",44.9,43.7,25,027,731500
2018,"Census Tract 7461, Worcester County, Massachusetts",19.0,19.2,25,027,746100
2018,"Census Tract 7324, Worcester County, Massachusetts",24.4,39.1,25,027,732400
2018,"Census Tract 7329.02, Worcester County, Massachusetts",-666666666.0,-666666666.0,25,027,732902
2018,"Census Tract 7392, Worcester County, Massachusetts",20.5,27.7,25,027,739200
2018,"Census Tract 7451, Worcester County, Massachusetts",21.3,19.6,25,027,745100
2018,"Census Tract 7481, Worcester County, Massachusetts",22.9,30.5,25,027,748100
2018,"Census Tract 7521, Worcester County, Massachusetts",21.4,21.2,25,027,752100
2018,"Census Tract 7073, Worcester County, Massachusetts",26.7,23.0,25,027,707300
2018,"Census Tract 7121.01, Worcester County, Massachusetts",19.6,26.5,25,027,712101
2018,"Census Tract 7271, Worcester County, Massachusetts",18.4,29.6,25,027,727100
2018,"Census Tract 7282, Worcester County, Massachusetts",17.9,37.0,25,027,728200
2018,"Census Tract 7309.01, Worcester County, Massachusetts",23.6,33.0,25,027,730901
2018,"Census Tract 7317, Worcester County, Massachusetts",28.1,37.8,25,027,731700
2018,"Census Tract 809, Suffolk County, Massachusetts",18.6,31.7,25,025,080900
2018,"Census Tract 814, Suffolk County, Massachusetts",25.7,32.1,25,025,081400
2018,"Census Tract 818, Suffolk County, Massachusetts",45.2,45.0,25,025,081800
2018,"Census Tract 903, Suffolk County, Massachusetts",40.8,43.6,25,025,090300
2018,"Census Tract 923, Suffolk County, Massachusetts",24.8,38.8,25,025,092300
2018,"Census Tract 1604, Suffolk County, Massachusetts",19.7,32.5,25,025,160400
2018,"Census Tract 1602, Suffolk County, Massachusetts",22.2,31.0,25,025,160200
2018,"Census Tract 1704, Suffolk County, Massachusetts",31.8,30.5,25,025,170400
2018,"Census Tract 5.02, Suffolk County, Massachusetts",24.3,32.5,25,025,000502
2018,"Census Tract 406, Suffolk County, Massachusetts",19.3,27.8,25,025,040600
2018,"Census Tract 512, Suffolk County, Massachusetts",24.1,28.8,25,025,051200
2018,"Census Tract 608, Suffolk County, Massachusetts",19.1,24.6,25,025,060800
2018,"Census Tract 702, Suffolk County, Massachusetts",19.3,34.1,25,025,070200
2018,"Census Tract 820, Suffolk County, Massachusetts",31.1,37.7,25,025,082000
2018,"Census Tract 706, Suffolk County, Massachusetts",16.9,31.8,25,025,070600
2018,"Census Tract 813, Suffolk County, Massachusetts",40.0,31.8,25,025,081300
2018,"Census Tract 819, Suffolk County, Massachusetts",45.0,45.2,25,025,081900
2018,"Census Tract 911, Suffolk County, Massachusetts",24.5,29.2,25,025,091100
2018,"Census Tract 1004, Suffolk County, Massachusetts",32.4,34.8,25,025,100400
2018,"Census Tract 3.02, Suffolk County, Massachusetts",22.6,28.8,25,025,000302
2018,"Census Tract 7.01, Suffolk County, Massachusetts",24.8,32.2,25,025,000701
2018,"Census Tract 105, Suffolk County, Massachusetts",26.7,29.4,25,025,010500
2018,"Census Tract 304, Suffolk County, Massachusetts",19.8,24.8,25,025,030400
2018,"Census Tract 505, Suffolk County, Massachusetts",35.3,28.8,25,025,050500
2018,"Census Tract 707, Suffolk County, Massachusetts",18.0,26.4,25,025,070700
2018,"Census Tract 812, Suffolk County, Massachusetts",27.6,27.4,25,025,081200
2018,"Census Tract 817, Suffolk County, Massachusetts",27.5,32.7,25,025,081700
2018,"Census Tract 919, Suffolk County, Massachusetts",28.4,46.2,25,025,091900
2018,"Census Tract 1002, Suffolk County, Massachusetts",28.2,43.5,25,025,100200
2018,"Census Tract 1010.02, Suffolk County, Massachusetts",27.0,33.2,25,025,101002
2018,"Census Tract 1105.02, Suffolk County, Massachusetts",20.8,29.4,25,025,110502
2018,"Census Tract 1106.01, Suffolk County, Massachusetts",21.6,38.0,25,025,110601
2018,"Census Tract 1304.02, Suffolk County, Massachusetts",19.5,25.4,25,025,130402
2018,"Census Tract 1404, Suffolk County, Massachusetts",31.5,35.2,25,025,140400
2018,"Census Tract 2.01, Suffolk County, Massachusetts",24.2,25.5,25,025,000201
2018,"Census Tract 1, Suffolk County, Massachusetts",31.3,30.0,25,025,000100
2018,"Census Tract 2.02, Suffolk County, Massachusetts",22.2,24.9,25,025,000202
2018,"Census Tract 3.01, Suffolk County, Massachusetts",17.5,20.9,25,025,000301
2018,"Census Tract 8.02, Suffolk County, Massachusetts",25.6,42.2,25,025,000802
2018,"Census Tract 106, Suffolk County, Massachusetts",21.5,26.4,25,025,010600
2018,"Census Tract 401, Suffolk County, Massachusetts",21.4,25.3,25,025,040100
2018,"Census Tract 403, Suffolk County, Massachusetts",19.0,21.7,25,025,040300
2018,"Census Tract 504, Suffolk County, Massachusetts",22.0,29.5,25,025,050400
2018,"Census Tract 510, Suffolk County, Massachusetts",21.4,29.3,25,025,051000
2018,"Census Tract 3748, Middlesex County, Massachusetts",21.9,30.6,25,017,374800
2018,"Census Tract 3823, Middlesex County, Massachusetts",20.8,27.2,25,017,382300
2018,"Census Tract 3011.02, Middlesex County, Massachusetts",22.3,29.1,25,017,301102
2018,"Census Tract 3120, Middlesex County, Massachusetts",27.0,33.2,25,017,312000
2018,"Census Tract 3161.01, Middlesex County, Massachusetts",23.8,38.5,25,017,316101
2018,"Census Tract 3352, Middlesex County, Massachusetts",19.9,27.7,25,017,335200
2018,"Census Tract 3535, Middlesex County, Massachusetts",25.6,35.1,25,017,353500
2018,"Census Tract 3383, Middlesex County, Massachusetts",24.6,30.2,25,017,338300
2018,"Census Tract 3113, Middlesex County, Massachusetts",18.4,32.2,25,017,311300
2018,"Census Tract 3223, Middlesex County, Massachusetts",20.2,29.3,25,017,322300
2018,"Census Tract 3331, Middlesex County, Massachusetts",22.9,28.8,25,017,333100
2018,"Census Tract 3342, Middlesex County, Massachusetts",21.6,27.9,25,017,334200
2018,"Census Tract 3344, Middlesex County, Massachusetts",22.4,34.4,25,017,334400
2018,"Census Tract 3381, Middlesex County, Massachusetts",19.7,24.4,25,017,338100
2018,"Census Tract 3401, Middlesex County, Massachusetts",21.2,29.0,25,017,340100
2018,"Census Tract 3505, Middlesex County, Massachusetts",20.7,24.7,25,017,350500
2018,"Census Tract 3423, Middlesex County, Massachusetts",31.7,29.5,25,017,342300
2018,"Census Tract 3425, Middlesex County, Massachusetts",29.0,37.2,25,017,342500
2018,"Census Tract 3507, Middlesex County, Massachusetts",19.5,27.0,25,017,350700
2018,"Census Tract 3508, Middlesex County, Massachusetts",21.8,23.9,25,017,350800
2018,"Census Tract 3509, Middlesex County, Massachusetts",19.2,24.5,25,017,350900
2018,"Census Tract 3533, Middlesex County, Massachusetts",19.3,28.1,25,017,353300
2018,"Census Tract 3011.01, Middlesex County, Massachusetts",22.0,29.0,25,017,301101
2018,"Census Tract 3536, Middlesex County, Massachusetts",24.3,28.5,25,017,353600
2018,"Census Tract 5251.04, Plymouth County, Massachusetts",22.1,23.8,25,023,525104
2018,"Census Tract 5091.01, Plymouth County, Massachusetts",23.6,46.1,25,023,509101
2018,"Census Tract 5091.02, Plymouth County, Massachusetts",23.8,24.3,25,023,509102
2018,"Census Tract 5252.03, Plymouth County, Massachusetts",23.4,31.6,25,023,525203
2018,"Census Tract 5252.04, Plymouth County, Massachusetts",20.8,30.2,25,023,525204
2018,"Census Tract 5001.01, Plymouth County, Massachusetts",22.4,34.3,25,023,500101
2018,"Census Tract 5011.01, Plymouth County, Massachusetts",18.3,19.2,25,023,501101
2018,"Census Tract 5022, Plymouth County, Massachusetts",24.7,33.1,25,023,502200
2018,"Census Tract 5111, Plymouth County, Massachusetts",26.3,32.6,25,023,511100
2018,"Census Tract 5113.01, Plymouth County, Massachusetts",23.4,36.1,25,023,511301
2018,"Census Tract 5308.01, Plymouth County, Massachusetts",24.7,51.0,25,023,530801
2018,"Census Tract 5308.02, Plymouth County, Massachusetts",25.1,34.2,25,023,530802
2018,"Census Tract 5309.01, Plymouth County, Massachusetts",25.6,22.0,25,023,530901
2018,"Census Tract 5309.02, Plymouth County, Massachusetts",23.5,51.0,25,023,530902
2018,"Census Tract 5401.01, Plymouth County, Massachusetts",26.0,33.8,25,023,540101
2018,"Census Tract 5401.02, Plymouth County, Massachusetts",22.1,29.0,25,023,540102
2018,"Census Tract 5401.03, Plymouth County, Massachusetts",18.8,-666666666.0,25,023,540103
2018,"Census Tract 5421.01, Plymouth County, Massachusetts",22.4,24.0,25,023,542101
2018,"Census Tract 5421.02, Plymouth County, Massachusetts",22.5,27.7,25,023,542102
2018,"Census Tract 5612, Plymouth County, Massachusetts",23.1,51.0,25,023,561200
2018,"Census Tract 9900.03, Plymouth County, Massachusetts",-666666666.0,-666666666.0,25,023,990003
2018,"Census Tract 5.03, Suffolk County, Massachusetts",23.0,30.0,25,025,000503
2018,"Census Tract 5.04, Suffolk County, Massachusetts",22.5,30.8,25,025,000504
2018,"Census Tract 7.03, Suffolk County, Massachusetts",-666666666.0,41.5,25,025,000703
2018,"Census Tract 7.04, Suffolk County, Massachusetts",31.8,30.4,25,025,000704
2018,"Census Tract 4191, Norfolk County, Massachusetts",22.2,34.8,25,021,419100
2018,"Census Tract 4202.01, Norfolk County, Massachusetts",23.3,27.0,25,021,420201
2018,"Census Tract 4421.03, Norfolk County, Massachusetts",23.2,-666666666.0,25,021,442103
2018,"Census Tract 4564.01, Norfolk County, Massachusetts",24.3,32.1,25,021,456401
2018,"Census Tract 4564.02, Norfolk County, Massachusetts",22.5,51.0,25,021,456402
2018,"Census Tract 4033, Norfolk County, Massachusetts",19.4,24.0,25,021,403300
2018,"Census Tract 4041, Norfolk County, Massachusetts",23.9,27.1,25,021,404100
2018,"Census Tract 4141, Norfolk County, Massachusetts",21.1,29.5,25,021,414100
2018,"Census Tract 4151.01, Norfolk County, Massachusetts",21.5,21.4,25,021,415101
2018,"Census Tract 4162, Norfolk County, Massachusetts",21.3,38.2,25,021,416200
2018,"Census Tract 4195, Norfolk County, Massachusetts",21.5,30.1,25,021,419500
2018,"Census Tract 4196, Norfolk County, Massachusetts",25.5,27.8,25,021,419600
2018,"Census Tract 7312.03, Worcester County, Massachusetts",19.3,29.9,25,027,731203
2018,"Census Tract 7312.04, Worcester County, Massachusetts",46.4,34.3,25,027,731204
2018,"Census Tract 7323.02, Worcester County, Massachusetts",27.4,30.1,25,027,732302
2018,"Census Tract 8.03, Suffolk County, Massachusetts",-666666666.0,49.2,25,025,000803
2018,"Census Tract 101.03, Suffolk County, Massachusetts",26.3,51.0,25,025,010103
2018,"Census Tract 101.04, Suffolk County, Massachusetts",24.9,36.9,25,025,010104
2018,"Census Tract 102.04, Suffolk County, Massachusetts",16.4,38.7,25,025,010204
2018,"Census Tract 2505, Essex County, Massachusetts",34.4,33.6,25,009,250500
2018,"Census Tract 2506, Essex County, Massachusetts",28.0,31.7,25,009,250600
2018,"Census Tract 2510, Essex County, Massachusetts",39.3,36.2,25,009,251000
2018,"Census Tract 2511, Essex County, Massachusetts",49.2,31.6,25,009,251100
2018,"Census Tract 2525.01, Essex County, Massachusetts",27.1,44.4,25,009,252501
2018,"Census Tract 2532.04, Essex County, Massachusetts",22.4,46.6,25,009,253204
2018,"Census Tract 2603.02, Essex County, Massachusetts",23.6,30.7,25,009,260302
2018,"Census Tract 2671.01, Essex County, Massachusetts",25.1,31.3,25,009,267101
2018,"Census Tract 2671.02, Essex County, Massachusetts",24.2,25.0,25,009,267102
2018,"Census Tract 7411.01, Worcester County, Massachusetts",21.8,28.9,25,027,741101
2018,"Census Tract 7411.02, Worcester County, Massachusetts",23.7,28.5,25,027,741102
2018,"Census Tract 7424.01, Worcester County, Massachusetts",20.9,-666666666.0,25,027,742401
2018,"Census Tract 7424.02, Worcester County, Massachusetts",18.4,20.3,25,027,742402
2018,"Census Tract 7471.01, Worcester County, Massachusetts",22.0,21.5,25,027,747101
2018,"Census Tract 7471.02, Worcester County, Massachusetts",22.9,29.8,25,027,747102
2018,"Census Tract 7511.01, Worcester County, Massachusetts",25.7,25.2,25,027,751101
2018,"Census Tract 7511.02, Worcester County, Massachusetts",19.1,19.1,25,027,751102
2018,"Census Tract 7581.01, Worcester County, Massachusetts",24.7,28.9,25,027,758101
2018,"Census Tract 7581.02, Worcester County, Massachusetts",23.5,26.0,25,027,758102
2018,"Census Tract 7612, Worcester County, Massachusetts",21.8,36.2,25,027,761200
2018,"Census Tract 7613, Worcester County, Massachusetts",22.0,28.8,25,027,761300
2018,"Census Tract 7614, Worcester County, Massachusetts",20.3,26.4,25,027,761400
2018,"Census Tract 3400, Middlesex County, Massachusetts",24.3,27.7,25,017,340000
2018,"Census Tract 3412, Middlesex County, Massachusetts",24.4,28.7,25,017,341200
2018,"Census Tract 3502, Middlesex County, Massachusetts",24.2,25.7,25,017,350200
2018,"Census Tract 3504, Middlesex County, Massachusetts",21.2,21.9,25,017,350400
2018,"Census Tract 3510, Middlesex County, Massachusetts",22.6,23.3,25,017,351000
2018,"Census Tract 3530, Middlesex County, Massachusetts",27.3,29.2,25,017,353000
2018,"Census Tract 3537, Middlesex County, Massachusetts",17.7,36.9,25,017,353700
2018,"Census Tract 3539, Middlesex County, Massachusetts",25.0,40.8,25,017,353900
2018,"Census Tract 3540, Middlesex County, Massachusetts",31.6,32.8,25,017,354000
2018,"Census Tract 3546, Middlesex County, Massachusetts",20.5,29.2,25,017,354600
2018,"Census Tract 3563, Middlesex County, Massachusetts",24.2,26.1,25,017,356300
2018,"Census Tract 3632.01, Middlesex County, Massachusetts",20.0,28.5,25,017,363201
2018,"Census Tract 3641.02, Middlesex County, Massachusetts",24.9,22.5,25,017,364102
2018,"Census Tract 3652.01, Middlesex County, Massachusetts",20.2,20.9,25,017,365201
2018,"Census Tract 3661, Middlesex County, Massachusetts",19.9,24.4,25,017,366100
2018,"Census Tract 3685, Middlesex County, Massachusetts",31.7,29.9,25,017,368500
2018,"Census Tract 3688, Middlesex County, Massachusetts",27.6,26.5,25,017,368800
2018,"Census Tract 3689.02, Middlesex County, Massachusetts",24.7,29.1,25,017,368902
2018,"Census Tract 7322.01, Worcester County, Massachusetts",20.2,26.6,25,027,732201
2018,"Census Tract 7401.01, Worcester County, Massachusetts",22.0,31.7,25,027,740101
2018,"Census Tract 7441.02, Worcester County, Massachusetts",23.1,35.3,25,027,744102
2018,"Census Tract 7531, Worcester County, Massachusetts",19.6,27.9,25,027,753100
2018,"Census Tract 7561.02, Worcester County, Massachusetts",18.5,21.9,25,027,756102
2018,"Census Tract 7573, Worcester County, Massachusetts",38.4,30.4,25,027,757300
2018,"Census Tract 7121.02, Worcester County, Massachusetts",21.0,29.0,25,027,712102
2018,"Census Tract 7201, Worcester County, Massachusetts",19.2,18.8,25,027,720100
2018,"Census Tract 7291, Worcester County, Massachusetts",21.6,26.3,25,027,729100
2018,"Census Tract 7102, Worcester County, Massachusetts",21.4,24.1,25,027,710200
2018,"Census Tract 7105, Worcester County, Massachusetts",30.0,31.5,25,027,710500
2018,"Census Tract 7330, Worcester County, Massachusetts",19.1,37.4,25,027,733000
2018,"Census Tract 7308.01, Worcester County, Massachusetts",25.0,25.6,25,027,730801
2018,"Census Tract 7311.01, Worcester County, Massachusetts",27.3,36.6,25,027,731101
2018,"Census Tract 3361, Middlesex County, Massachusetts",20.5,30.8,25,017,336100
2018,"Census Tract 3526, Middlesex County, Massachusetts",22.5,28.2,25,017,352600
2018,"Census Tract 4061.01, Norfolk County, Massachusetts",18.7,33.4,25,021,406101
2018,"Census Tract 4071, Norfolk County, Massachusetts",21.3,34.7,25,021,407100
2018,"Census Tract 4103, Norfolk County, Massachusetts",23.5,27.3,25,021,410300
2018,"Census Tract 4211, Norfolk County, Massachusetts",24.7,31.3,25,021,421100
2018,"Census Tract 4212, Norfolk County, Massachusetts",23.2,32.5,25,021,421200
2018,"Census Tract 4421.02, Norfolk County, Massachusetts",18.9,24.6,25,021,442102
2018,"Census Tract 4431.02, Norfolk County, Massachusetts",22.9,21.8,25,021,443102
2018,"Census Tract 4010, Norfolk County, Massachusetts",27.2,26.2,25,021,401000
2018,"Census Tract 4061.02, Norfolk County, Massachusetts",20.8,51.0,25,021,406102
2018,"Census Tract 4223.01, Norfolk County, Massachusetts",21.4,27.5,25,021,422301
2018,"Census Tract 4023, Norfolk County, Massachusetts",22.5,47.8,25,021,402300
2018,"Census Tract 4173, Norfolk County, Massachusetts",24.9,32.4,25,021,417300
2018,"Census Tract 4198, Norfolk County, Massachusetts",23.6,25.9,25,021,419800
2018,"Census Tract 4175.02, Norfolk County, Massachusetts",23.0,25.5,25,021,417502
2018,"Census Tract 4231, Norfolk County, Massachusetts",20.5,34.8,25,021,423100
2018,"Census Tract 4043.02, Norfolk County, Massachusetts",21.2,23.9,25,021,404302
2018,"Census Tract 7611, Worcester County, Massachusetts",23.2,27.2,25,027,761100
2018,"Census Tract 7331.02, Worcester County, Massachusetts",26.6,31.8,25,027,733102
2018,"Census Tract 7371, Worcester County, Massachusetts",19.2,30.6,25,027,737100
2018,"Census Tract 7372, Worcester County, Massachusetts",21.9,29.8,25,027,737200
2018,"Census Tract 7322.03, Worcester County, Massachusetts",25.8,33.2,25,027,732203
2018,"Census Tract 7401.02, Worcester County, Massachusetts",23.9,26.9,25,027,740102
2018,"Census Tract 7491, Worcester County, Massachusetts",20.9,23.1,25,027,749100
2018,"Census Tract 7532, Worcester County, Massachusetts",24.1,25.1,25,027,753200
2018,"Census Tract 7552, Worcester County, Massachusetts",22.4,22.0,25,027,755200
2018,"Census Tract 3513, Middlesex County, Massachusetts",22.9,26.0,25,017,351300
2018,"Census Tract 3116, Middlesex County, Massachusetts",22.0,30.8,25,017,311600
2018,"Census Tract 3393, Middlesex County, Massachusetts",18.8,27.5,25,017,339300
2018,"Census Tract 3396, Middlesex County, Massachusetts",26.1,25.9,25,017,339600
2018,"Census Tract 3414, Middlesex County, Massachusetts",31.2,31.5,25,017,341400
2018,"Census Tract 3511, Middlesex County, Massachusetts",21.0,26.4,25,017,351100
2018,"Census Tract 3522, Middlesex County, Massachusetts",35.1,26.2,25,017,352200
2018,"Census Tract 3524, Middlesex County, Massachusetts",19.5,26.9,25,017,352400
2018,"Census Tract 3154.03, Middlesex County, Massachusetts",21.1,22.9,25,017,315403
2018,"Census Tract 3122, Middlesex County, Massachusetts",24.9,42.0,25,017,312200
2018,"Census Tract 3154.01, Middlesex County, Massachusetts",23.8,34.8,25,017,315401
2018,"Census Tract 3154.02, Middlesex County, Massachusetts",22.4,-666666666.0,25,017,315402
2018,"Census Tract 3001, Middlesex County, Massachusetts",19.5,23.1,25,017,300100
2018,"Census Tract 3105, Middlesex County, Massachusetts",28.2,35.5,25,017,310500
2018,"Census Tract 3106.02, Middlesex County, Massachusetts",26.3,33.8,25,017,310602
2018,"Census Tract 3107, Middlesex County, Massachusetts",27.2,35.8,25,017,310700
2018,"Census Tract 3112, Middlesex County, Massachusetts",32.2,32.1,25,017,311200
2018,"Census Tract 3143.02, Middlesex County, Massachusetts",19.8,31.5,25,017,314302
2018,"Census Tract 3162.02, Middlesex County, Massachusetts",24.1,30.2,25,017,316202
2018,"Census Tract 3164, Middlesex County, Massachusetts",23.5,35.8,25,017,316400
2018,"Census Tract 3172.02, Middlesex County, Massachusetts",23.9,19.9,25,017,317202
2018,"Census Tract 3221, Middlesex County, Massachusetts",19.0,28.6,25,017,322100
2018,"Census Tract 3231, Middlesex County, Massachusetts",19.9,28.6,25,017,323100
2018,"Census Tract 3334, Middlesex County, Massachusetts",24.0,31.5,25,017,333400
2018,"Census Tract 3341, Middlesex County, Massachusetts",21.7,32.6,25,017,334100
2018,"Census Tract 3671, Middlesex County, Massachusetts",23.1,21.8,25,017,367100
2018,"Census Tract 3343, Middlesex County, Massachusetts",21.0,26.2,25,017,334300
2018,"Census Tract 3371.02, Middlesex County, Massachusetts",22.9,25.8,25,017,337102
2018,"Census Tract 3587, Middlesex County, Massachusetts",20.5,23.6,25,017,358700
2018,"Census Tract 3682, Middlesex County, Massachusetts",20.8,29.2,25,017,368200
2018,"Census Tract 3689.01, Middlesex County, Massachusetts",23.3,30.3,25,017,368901
2018,"Census Tract 3703, Middlesex County, Massachusetts",24.0,28.3,25,017,370300
2018,"Census Tract 3741, Middlesex County, Massachusetts",23.8,26.7,25,017,374100
2018,"Census Tract 3824, Middlesex County, Massachusetts",21.5,29.2,25,017,382400
2018,"Census Tract 3839.01, Middlesex County, Massachusetts",21.9,17.6,25,017,383901
2018,"Census Tract 3839.02, Middlesex County, Massachusetts",21.6,27.9,25,017,383902
2018,"Census Tract 3336, Middlesex County, Massachusetts",19.5,26.4,25,017,333600
2018,"Census Tract 3362, Middlesex County, Massachusetts",19.5,32.6,25,017,336200
2018,"Census Tract 3371.01, Middlesex County, Massachusetts",20.8,28.6,25,017,337101
2018,"Census Tract 3392, Middlesex County, Massachusetts",18.5,19.5,25,017,339200
2018,"Census Tract 5117.01, Plymouth County, Massachusetts",25.9,24.5,25,023,511701
2018,"Census Tract 5041.01, Plymouth County, Massachusetts",22.9,32.4,25,023,504101
2018,"Census Tract 5041.02, Plymouth County, Massachusetts",22.7,-666666666.0,25,023,504102
2018,"Census Tract 3732, Middlesex County, Massachusetts",21.6,27.5,25,017,373200
2018,"Census Tract 3743, Middlesex County, Massachusetts",18.6,40.0,25,017,374300
2018,"Census Tract 3872.01, Middlesex County, Massachusetts",19.6,36.0,25,017,387201
2018,"Census Tract 7394, Worcester County, Massachusetts",18.7,31.3,25,027,739400
2018,"Census Tract 7061, Worcester County, Massachusetts",21.6,25.1,25,027,706100
2018,"Census Tract 7103, Worcester County, Massachusetts",18.9,26.2,25,027,710300
2018,"Census Tract 7091, Worcester County, Massachusetts",26.7,23.6,25,027,709100
2018,"Census Tract 7092.02, Worcester County, Massachusetts",26.2,32.9,25,027,709202
2018,"Census Tract 7097.02, Worcester County, Massachusetts",24.6,27.2,25,027,709702
2018,"Census Tract 7162, Worcester County, Massachusetts",25.3,27.3,25,027,716200
2018,"Census Tract 7163, Worcester County, Massachusetts",22.1,28.3,25,027,716300
2018,"Census Tract 7262, Worcester County, Massachusetts",22.7,32.4,25,027,726200
2018,"Census Tract 7281, Worcester County, Massachusetts",20.8,36.1,25,027,728100
2018,"Census Tract 7292, Worcester County, Massachusetts",19.5,30.3,25,027,729200
2018,"Census Tract 7301, Worcester County, Massachusetts",21.9,44.0,25,027,730100
2018,"Census Tract 7307, Worcester County, Massachusetts",23.2,32.5,25,027,730700
2018,"Census Tract 7442, Worcester County, Massachusetts",21.6,30.8,25,027,744200
2018,"Census Tract 7097.01, Worcester County, Massachusetts",23.4,27.3,25,027,709701
2018,"Census Tract 7351, Worcester County, Massachusetts",21.1,26.6,25,027,735100
2018,"Census Tract 7543, Worcester County, Massachusetts",31.5,33.8,25,027,754300
2018,"Census Tract 7308.02, Worcester County, Massachusetts",23.2,23.6,25,027,730802
2018,"Census Tract 7171, Worcester County, Massachusetts",24.5,26.1,25,027,717100
2018,"Census Tract 7326, Worcester County, Massachusetts",19.4,31.1,25,027,732600
2018,"Census Tract 7241, Worcester County, Massachusetts",20.0,33.7,25,027,724100
2018,"Census Tract 7304.01, Worcester County, Massachusetts",24.2,30.8,25,027,730401
2018,"Census Tract 7320.02, Worcester County, Massachusetts",28.9,26.6,25,027,732002
2018,"Census Tract 7441.01, Worcester County, Massachusetts",22.5,28.4,25,027,744101
2018,"Census Tract 7591, Worcester County, Massachusetts",20.9,22.6,25,027,759100
2018,"Census Tract 7072, Worcester County, Massachusetts",28.7,34.2,25,027,707200
2018,"Census Tract 7304.02, Worcester County, Massachusetts",24.3,26.8,25,027,730402
2018,"Census Tract 7391, Worcester County, Massachusetts",18.6,24.2,25,027,739100
2018,"Census Tract 604, Suffolk County, Massachusetts",18.9,25.9,25,025,060400
2018,"Census Tract 607, Suffolk County, Massachusetts",-666666666.0,30.1,25,025,060700
2018,"Census Tract 815, Suffolk County, Massachusetts",30.1,36.6,25,025,081500
2018,"Census Tract 7305, Worcester County, Massachusetts",26.9,33.6,25,027,730500
2018,"Census Tract 7318, Worcester County, Massachusetts",31.0,29.6,25,027,731800
2018,"Census Tract 7325, Worcester County, Massachusetts",30.0,34.9,25,027,732500
2018,"Census Tract 7352, Worcester County, Massachusetts",21.8,17.4,25,027,735200
2018,"Census Tract 7423, Worcester County, Massachusetts",20.0,24.3,25,027,742300
2018,"Census Tract 7443, Worcester County, Massachusetts",29.5,28.0,25,027,744300
2018,"Census Tract 7444, Worcester County, Massachusetts",24.9,27.5,25,027,744400
2018,"Census Tract 5103, Plymouth County, Massachusetts",28.4,28.8,25,023,510300
2018,"Census Tract 5105.02, Plymouth County, Massachusetts",26.7,28.4,25,023,510502
2018,"Census Tract 5105.03, Plymouth County, Massachusetts",25.9,35.5,25,023,510503
2018,"Census Tract 5305, Plymouth County, Massachusetts",31.5,34.1,25,023,530500
2018,"Census Tract 5431, Plymouth County, Massachusetts",24.8,32.4,25,023,543100
2018,"Census Tract 5021.02, Plymouth County, Massachusetts",21.8,16.8,25,023,502102
2018,"Census Tract 5062.03, Plymouth County, Massachusetts",21.5,51.0,25,023,506203
2018,"Census Tract 5082, Plymouth County, Massachusetts",22.2,18.8,25,023,508200
2018,"Census Tract 5101, Plymouth County, Massachusetts",24.6,18.6,25,023,510100
2018,"Census Tract 5105.01, Plymouth County, Massachusetts",27.4,41.2,25,023,510501
2018,"Census Tract 5107, Plymouth County, Massachusetts",24.7,39.8,25,023,510700
2018,"Census Tract 5112, Plymouth County, Massachusetts",27.4,29.5,25,023,511200
2018,"Census Tract 3593, Middlesex County, Massachusetts",20.6,27.3,25,017,359300
2018,"Census Tract 3611, Middlesex County, Massachusetts",27.0,27.3,25,017,361100
2018,"Census Tract 2684, Essex County, Massachusetts",21.8,29.4,25,009,268400
2018,"Census Tract 2701, Essex County, Massachusetts",21.3,29.2,25,009,270100
2018,"Census Tract 2543.01, Essex County, Massachusetts",19.9,24.3,25,009,254301
2018,"Census Tract 2604.01, Essex County, Massachusetts",25.3,17.5,25,009,260401
2018,"Census Tract 2054, Essex County, Massachusetts",21.8,22.3,25,009,205400
2018,"Census Tract 2072, Essex County, Massachusetts",22.0,26.4,25,009,207200
2018,"Census Tract 2102, Essex County, Massachusetts",19.7,21.6,25,009,210200
2018,"Census Tract 2111, Essex County, Massachusetts",21.6,33.1,25,009,211100
2018,"Census Tract 2181, Essex County, Massachusetts",21.9,28.3,25,009,218100
2018,"Census Tract 2161, Essex County, Massachusetts",22.2,23.3,25,009,216100
2018,"Census Tract 2172.01, Essex County, Massachusetts",22.4,27.3,25,009,217201
2018,"Census Tract 2174, Essex County, Massachusetts",24.9,29.3,25,009,217400
2018,"Census Tract 2508, Essex County, Massachusetts",21.5,46.5,25,009,250800
2018,"Census Tract 2517, Essex County, Massachusetts",21.8,32.8,25,009,251700
2018,"Census Tract 2518, Essex County, Massachusetts",24.8,30.0,25,009,251800
2018,"Census Tract 2522.02, Essex County, Massachusetts",22.1,-666666666.0,25,009,252202
2018,"Census Tract 2526.02, Essex County, Massachusetts",21.7,38.8,25,009,252602
2018,"Census Tract 2043, Essex County, Massachusetts",26.8,34.8,25,009,204300
2018,"Census Tract 2051, Essex County, Massachusetts",24.1,24.3,25,009,205100
2018,"Census Tract 2055, Essex County, Massachusetts",33.1,38.1,25,009,205500
2018,"Census Tract 2071, Essex County, Massachusetts",26.3,33.6,25,009,207100
2018,"Census Tract 2081.01, Essex County, Massachusetts",27.1,24.1,25,009,208101
2018,"Census Tract 2081.02, Essex County, Massachusetts",26.8,28.0,25,009,208102
2018,"Census Tract 2083, Essex County, Massachusetts",26.5,25.8,25,009,208300
2018,"Census Tract 2044, Essex County, Massachusetts",24.9,32.6,25,009,204400
2018,"Census Tract 2066, Essex County, Massachusetts",28.5,43.3,25,009,206600
2018,"Census Tract 2101, Essex County, Massachusetts",21.6,32.0,25,009,210100
2018,"Census Tract 2175, Essex County, Massachusetts",19.7,29.4,25,009,217500
2018,"Census Tract 2221, Essex County, Massachusetts",24.6,35.2,25,009,222100
2018,"Census Tract 2062, Essex County, Massachusetts",28.2,36.0,25,009,206200
2018,"Census Tract 2141, Essex County, Massachusetts",21.1,29.6,25,009,214100
2018,"Census Tract 2507, Essex County, Massachusetts",30.2,45.5,25,009,250700
2018,"Census Tract 2544.03, Essex County, Massachusetts",20.6,22.1,25,009,254403
2018,"Census Tract 2662, Essex County, Massachusetts",24.5,23.6,25,009,266200
2018,"Census Tract 2621, Essex County, Massachusetts",22.7,27.1,25,009,262100
2018,"Census Tract 2031, Essex County, Massachusetts",19.9,38.5,25,009,203100
2018,"Census Tract 906, Suffolk County, Massachusetts",36.7,40.8,25,025,090600
2018,"Census Tract 915, Suffolk County, Massachusetts",28.4,33.9,25,025,091500
2018,"Census Tract 1702, Suffolk County, Massachusetts",24.7,38.4,25,025,170200
2018,"Census Tract 1708, Suffolk County, Massachusetts",32.0,27.9,25,025,170800
2018,"Census Tract 1206, Suffolk County, Massachusetts",23.8,26.3,25,025,120600
2018,"Census Tract 1301, Suffolk County, Massachusetts",19.0,25.2,25,025,130100
2018,"Census Tract 1402.02, Suffolk County, Massachusetts",23.6,27.6,25,025,140202
2018,"Census Tract 1603, Suffolk County, Massachusetts",26.4,30.4,25,025,160300
2018,"Census Tract 1701, Suffolk County, Massachusetts",27.0,45.3,25,025,170100
2018,"Census Tract 1703, Suffolk County, Massachusetts",30.7,30.8,25,025,170300
2018,"Census Tract 1802, Suffolk County, Massachusetts",24.6,38.2,25,025,180200
2018,"Census Tract 1105.01, Suffolk County, Massachusetts",18.9,30.6,25,025,110501
2018,"Census Tract 1805, Suffolk County, Massachusetts",28.6,29.2,25,025,180500
2018,"Census Tract 922, Suffolk County, Massachusetts",24.2,29.6,25,025,092200
2018,"Census Tract 913, Suffolk County, Massachusetts",34.5,38.7,25,025,091300
2018,"Census Tract 917, Suffolk County, Massachusetts",36.3,51.0,25,025,091700
2018,"Census Tract 1008, Suffolk County, Massachusetts",20.6,30.9,25,025,100800
2018,"Census Tract 4.01, Suffolk County, Massachusetts",26.6,26.3,25,025,000401
2018,"Census Tract 2606, Essex County, Massachusetts",26.5,34.0,25,009,260600
2018,"Census Tract 2608, Essex County, Massachusetts",23.1,41.0,25,009,260800
2018,"Census Tract 2609, Essex County, Massachusetts",21.4,32.3,25,009,260900
2018,"Census Tract 2611.01, Essex County, Massachusetts",22.1,37.5,25,009,261101
2018,"Census Tract 2663, Essex County, Massachusetts",25.5,29.5,25,009,266300
2018,"Census Tract 2664, Essex County, Massachusetts",29.5,40.0,25,009,266400
2018,"Census Tract 2681, Essex County, Massachusetts",20.9,-666666666.0,25,009,268100
2018,"Census Tract 2047.02, Essex County, Massachusetts",27.0,28.9,25,009,204702
2018,"Census Tract 2011, Essex County, Massachusetts",26.3,28.6,25,009,201100
2018,"Census Tract 2060, Essex County, Massachusetts",37.9,35.4,25,009,206000
2018,"Census Tract 2063, Essex County, Massachusetts",25.9,41.7,25,009,206300
2018,"Census Tract 2065, Essex County, Massachusetts",32.9,31.4,25,009,206500
2018,"Census Tract 2082, Essex County, Massachusetts",24.9,33.4,25,009,208200
2018,"Census Tract 2091, Essex County, Massachusetts",24.5,51.0,25,009,209100
2018,"Census Tract 2108, Essex County, Massachusetts",30.0,30.6,25,009,210800
2018,"Census Tract 2112, Essex County, Massachusetts",22.8,29.8,25,009,211200
2018,"Census Tract 2121, Essex County, Massachusetts",23.9,42.0,25,009,212100
2018,"Census Tract 2211, Essex County, Massachusetts",27.2,43.3,25,009,221100
2018,"Census Tract 2213, Essex County, Massachusetts",28.1,35.8,25,009,221300
2018,"Census Tract 2513, Essex County, Massachusetts",20.4,31.4,25,009,251300
2018,"Census Tract 2516, Essex County, Massachusetts",21.3,34.2,25,009,251600
2018,"Census Tract 2531, Essex County, Massachusetts",32.5,28.3,25,009,253100
2018,"Census Tract 2532.03, Essex County, Massachusetts",17.9,29.9,25,009,253203
2018,"Census Tract 4221, Norfolk County, Massachusetts",21.0,31.5,25,021,422100
2018,"Census Tract 4222, Norfolk County, Massachusetts",22.3,27.5,25,021,422200
2018,"Census Tract 4561.01, Norfolk County, Massachusetts",22.5,19.0,25,021,456101
2018,"Census Tract 4002, Norfolk County, Massachusetts",19.5,42.1,25,021,400200
2018,"Census Tract 4111, Norfolk County, Massachusetts",21.9,32.9,25,021,411100
2018,"Census Tract 4112, Norfolk County, Massachusetts",21.9,29.6,25,021,411200
2018,"Census Tract 4122, Norfolk County, Massachusetts",20.6,29.1,25,021,412200
2018,"Census Tract 4172, Norfolk County, Massachusetts",30.1,27.2,25,021,417200
2018,"Census Tract 4176.01, Norfolk County, Massachusetts",24.1,28.3,25,021,417601
2018,"Census Tract 4193, Norfolk County, Massachusetts",21.0,33.0,25,021,419300
2018,"Census Tract 4197, Norfolk County, Massachusetts",22.0,23.2,25,021,419700
2018,"Census Tract 4201, Norfolk County, Massachusetts",27.3,39.1,25,021,420100
2018,"Census Tract 4202.02, Norfolk County, Massachusetts",29.0,26.6,25,021,420202
2018,"Census Tract 4563.01, Norfolk County, Massachusetts",30.6,30.6,25,021,456301
2018,"Census Tract 4563.02, Norfolk County, Massachusetts",21.8,44.9,25,021,456302
2018,"Census Tract 4572, Norfolk County, Massachusetts",20.7,33.5,25,021,457200
2018,"Census Tract 5001.03, Plymouth County, Massachusetts",24.9,38.1,25,023,500103
2018,"Census Tract 104.04, Suffolk County, Massachusetts",22.7,51.0,25,025,010404
2018,"Census Tract 104.05, Suffolk County, Massachusetts",47.5,32.2,25,025,010405
2018,"Census Tract 102.03, Suffolk County, Massachusetts",20.4,34.0,25,025,010203
2018,"Census Tract 104.08, Suffolk County, Massachusetts",20.9,33.6,25,025,010408
2018,"Census Tract 107.01, Suffolk County, Massachusetts",25.9,25.8,25,025,010701
2018,"Census Tract 104.03, Suffolk County, Massachusetts",22.1,31.8,25,025,010403
2018,"Census Tract 5001.04, Plymouth County, Massachusetts",26.4,28.9,25,023,500104
2018,"Census Tract 7329.01, Worcester County, Massachusetts",23.2,27.1,25,027,732901
2018,"Census Tract 7331.01, Worcester County, Massachusetts",23.1,38.3,25,027,733101
2018,"Census Tract 7101, Worcester County, Massachusetts",25.4,28.4,25,027,710100
2018,"Census Tract 7075, Worcester County, Massachusetts",19.9,30.9,25,027,707500
2018,"Census Tract 7561.01, Worcester County, Massachusetts",20.6,29.5,25,027,756101
2018,"Census Tract 7502, Worcester County, Massachusetts",20.4,24.4,25,027,750200
2018,"Census Tract 7541, Worcester County, Massachusetts",27.2,25.0,25,027,754100
2018,"Census Tract 7551, Worcester County, Massachusetts",24.5,29.8,25,027,755100
2018,"Census Tract 7571, Worcester County, Massachusetts",24.1,31.0,25,027,757100
2018,"Census Tract 7601, Worcester County, Massachusetts",24.3,18.2,25,027,760100
2018,"Census Tract 7071, Worcester County, Massachusetts",23.4,28.4,25,027,707100
2018,"Census Tract 7092.01, Worcester County, Massachusetts",22.9,27.9,25,027,709201
2018,"Census Tract 7104, Worcester County, Massachusetts",23.2,32.3,25,027,710400
2018,"Census Tract 7131, Worcester County, Massachusetts",23.8,17.1,25,027,713100
2018,"Census Tract 7161, Worcester County, Massachusetts",22.8,24.3,25,027,716100
2018,"Census Tract 7231, Worcester County, Massachusetts",20.6,38.4,25,027,723100
2018,"Census Tract 7309.02, Worcester County, Massachusetts",19.9,24.2,25,027,730902
2018,"Census Tract 7314, Worcester County, Massachusetts",36.3,32.1,25,027,731400
2018,"Census Tract 7316, Worcester County, Massachusetts",21.3,32.5,25,027,731600
2018,"Census Tract 7361, Worcester County, Massachusetts",19.6,34.8,25,027,736100
2018,"Census Tract 7373, Worcester County, Massachusetts",20.3,23.2,25,027,737300
2018,"Census Tract 7393, Worcester County, Massachusetts",22.7,22.9,25,027,739300
2018,"Census Tract 7110, Worcester County, Massachusetts",25.5,27.6,25,027,711000
2018,"Census Tract 7001, Worcester County, Massachusetts",21.9,21.1,25,027,700100
2018,"Census Tract 7022, Worcester County, Massachusetts",20.5,30.5,25,027,702200
2018,"Census Tract 7042, Worcester County, Massachusetts",22.8,21.8,25,027,704200
2018,"Census Tract 4223.02, Norfolk County, Massachusetts",24.6,27.8,25,021,422302
2018,"Census Tract 4224, Norfolk County, Massachusetts",24.8,30.3,25,021,422400
2018,"Census Tract 4225.01, Norfolk County, Massachusetts",19.2,35.9,25,021,422501
2018,"Census Tract 4225.02, Norfolk County, Massachusetts",20.5,32.5,25,021,422502
2018,"Census Tract 4562, Norfolk County, Massachusetts",23.1,29.1,25,021,456200
2018,"Census Tract 107.02, Suffolk County, Massachusetts",24.6,21.9,25,025,010702
2018,"Census Tract 108.01, Suffolk County, Massachusetts",22.0,31.4,25,025,010801
2018,"Census Tract 108.02, Suffolk County, Massachusetts",18.3,24.6,25,025,010802
2018,"Census Tract 201.01, Suffolk County, Massachusetts",23.4,30.0,25,025,020101
2018,"Census Tract 203.01, Suffolk County, Massachusetts",23.7,30.7,25,025,020301
2018,"Census Tract 203.02, Suffolk County, Massachusetts",19.8,24.1,25,025,020302
2018,"Census Tract 3566.02, Middlesex County, Massachusetts",19.4,27.0,25,017,356602
2018,"Census Tract 3573, Middlesex County, Massachusetts",20.8,22.5,25,017,357300
2018,"Census Tract 3652.02, Middlesex County, Massachusetts",23.7,29.7,25,017,365202
2018,"Census Tract 3574, Middlesex County, Massachusetts",20.3,20.2,25,017,357400
2018,"Census Tract 3601, Middlesex County, Massachusetts",-666666666.0,36.2,25,017,360100
2018,"Census Tract 3683, Middlesex County, Massachusetts",25.2,24.2,25,017,368300
2018,"Census Tract 3731, Middlesex County, Massachusetts",24.4,33.9,25,017,373100
2018,"Census Tract 3733, Middlesex County, Massachusetts",22.6,28.4,25,017,373300
2018,"Census Tract 3737, Middlesex County, Massachusetts",19.0,22.8,25,017,373700
2018,"Census Tract 3742, Middlesex County, Massachusetts",21.3,19.7,25,017,374200
2018,"Census Tract 3746, Middlesex County, Massachusetts",21.4,24.1,25,017,374600
2018,"Census Tract 3838, Middlesex County, Massachusetts",22.1,23.6,25,017,383800
2018,"Census Tract 3851, Middlesex County, Massachusetts",19.6,23.7,25,017,385100
2018,"Census Tract 3861, Middlesex County, Massachusetts",21.6,38.6,25,017,386100
2018,"Census Tract 3125.01, Middlesex County, Massachusetts",22.0,32.1,25,017,312501
2018,"Census Tract 3151, Middlesex County, Massachusetts",24.7,42.7,25,017,315100
2018,"Census Tract 3155, Middlesex County, Massachusetts",26.4,19.9,25,017,315500
2018,"Census Tract 3183, Middlesex County, Massachusetts",19.8,28.0,25,017,318300
2018,"Census Tract 3271.03, Middlesex County, Massachusetts",21.0,31.3,25,017,327103
2018,"Census Tract 3313, Middlesex County, Massachusetts",20.1,30.9,25,017,331300
2018,"Census Tract 3351, Middlesex County, Massachusetts",21.5,27.7,25,017,335100
2018,"Census Tract 3363, Middlesex County, Massachusetts",19.6,22.0,25,017,336300
2018,"Census Tract 3373, Middlesex County, Massachusetts",19.3,26.8,25,017,337300
2018,"Census Tract 3384, Middlesex County, Massachusetts",20.4,51.0,25,017,338400
2018,"Census Tract 3394, Middlesex County, Massachusetts",27.4,25.3,25,017,339400
2018,"Census Tract 3395, Middlesex County, Massachusetts",21.8,26.7,25,017,339500
2018,"Census Tract 3104, Middlesex County, Massachusetts",22.5,51.0,25,017,310400
2018,"Census Tract 3111, Middlesex County, Massachusetts",20.0,28.9,25,017,311100
2018,"Census Tract 3114, Middlesex County, Massachusetts",24.2,26.6,25,017,311400
2018,"Census Tract 3172.03, Middlesex County, Massachusetts",19.2,28.1,25,017,317203
2018,"Census Tract 3131.01, Middlesex County, Massachusetts",22.3,25.0,25,017,313101
2018,"Census Tract 4004, Norfolk County, Massachusetts",22.6,29.9,25,021,400400
2018,"Census Tract 4031, Norfolk County, Massachusetts",19.4,51.0,25,021,403100
2018,"Census Tract 4035, Norfolk County, Massachusetts",19.7,29.1,25,021,403500
2018,"Census Tract 4042.02, Norfolk County, Massachusetts",20.9,28.6,25,021,404202
2018,"Census Tract 3241.01, Middlesex County, Massachusetts",20.9,33.8,25,017,324101
2018,"Census Tract 3173.01, Middlesex County, Massachusetts",21.8,49.2,25,017,317301
2018,"Census Tract 3173.02, Middlesex County, Massachusetts",22.0,26.9,25,017,317302
2018,"Census Tract 3201.03, Middlesex County, Massachusetts",19.6,35.9,25,017,320103
2018,"Census Tract 3201.04, Middlesex County, Massachusetts",19.7,25.7,25,017,320104
2018,"Census Tract 1601.01, Suffolk County, Massachusetts",25.2,33.3,25,025,160101
2018,"Census Tract 1605.01, Suffolk County, Massachusetts",26.6,30.4,25,025,160501
2018,"Census Tract 1605.02, Suffolk County, Massachusetts",23.8,35.2,25,025,160502
2018,"Census Tract 1606.01, Suffolk County, Massachusetts",22.2,30.6,25,025,160601
2018,"Census Tract 1606.02, Suffolk County, Massachusetts",31.0,27.3,25,025,160602
2018,"Census Tract 1705.01, Suffolk County, Massachusetts",29.3,42.6,25,025,170501
2018,"Census Tract 1401.05, Suffolk County, Massachusetts",19.6,28.0,25,025,140105
2018,"Census Tract 1705.02, Suffolk County, Massachusetts",24.6,35.6,25,025,170502
2018,"Census Tract 1706.01, Suffolk County, Massachusetts",25.6,27.9,25,025,170601
2018,"Census Tract 1707.01, Suffolk County, Massachusetts",28.5,32.8,25,025,170701
2018,"Census Tract 1707.02, Suffolk County, Massachusetts",35.6,31.8,25,025,170702
2018,"Census Tract 1801.01, Suffolk County, Massachusetts",30.8,38.3,25,025,180101
2018,"Census Tract 1803.01, Suffolk County, Massachusetts",20.6,24.5,25,025,180301
2018,"Census Tract 9801.01, Suffolk County, Massachusetts",-666666666.0,-666666666.0,25,025,980101
2018,"Census Tract 9803, Suffolk County, Massachusetts",-666666666.0,-666666666.0,25,025,980300
2018,"Census Tract 9807, Suffolk County, Massachusetts",-666666666.0,-666666666.0,25,025,980700
2018,"Census Tract 7572, Worcester County, Massachusetts",26.4,32.5,25,027,757200
2018,"Census Tract 7031, Worcester County, Massachusetts",19.0,27.3,25,027,703100
2018,"Census Tract 7032, Worcester County, Massachusetts",19.7,31.3,25,027,703200
2018,"Census Tract 7051, Worcester County, Massachusetts",22.2,29.4,25,027,705100
2018,"Census Tract 7074, Worcester County, Massachusetts",23.1,22.6,25,027,707400
2018,"Census Tract 7106, Worcester County, Massachusetts",24.2,32.9,25,027,710600
2018,"Census Tract 7151, Worcester County, Massachusetts",22.2,32.9,25,027,715100
2018,"Census Tract 2522.01, Essex County, Massachusetts",23.1,26.3,25,009,252201
2018,"Census Tract 2523, Essex County, Massachusetts",23.6,34.5,25,009,252300
2018,"Census Tract 2526.01, Essex County, Massachusetts",20.7,32.2,25,009,252601
2018,"Census Tract 2532.05, Essex County, Massachusetts",21.4,-666666666.0,25,009,253205
2018,"Census Tract 2542, Essex County, Massachusetts",22.1,29.9,25,009,254200
2018,"Census Tract 2544.01, Essex County, Massachusetts",22.0,26.2,25,009,254401
2018,"Census Tract 2601, Essex County, Massachusetts",27.5,35.3,25,009,260100
2018,"Census Tract 4192, Norfolk County, Massachusetts",19.8,34.0,25,021,419200
2018,"Census Tract 4203.01, Norfolk County, Massachusetts",30.1,31.1,25,021,420301
2018,"Census Tract 4228, Norfolk County, Massachusetts",24.8,35.0,25,021,422800
2018,"Census Tract 4421.01, Norfolk County, Massachusetts",22.3,21.4,25,021,442101
2018,"Census Tract 4003, Norfolk County, Massachusetts",20.9,28.7,25,021,400300
2018,"Census Tract 4005, Norfolk County, Massachusetts",23.8,27.1,25,021,400500
2018,"Census Tract 4006, Norfolk County, Massachusetts",27.5,28.3,25,021,400600
2018,"Census Tract 4022, Norfolk County, Massachusetts",20.7,35.7,25,021,402200
2018,"Census Tract 4081.01, Norfolk County, Massachusetts",21.2,31.3,25,021,408101
2018,"Census Tract 4091.02, Norfolk County, Massachusetts",21.6,29.2,25,021,409102
2018,"Census Tract 4101, Norfolk County, Massachusetts",21.4,28.3,25,021,410100
2018,"Census Tract 4021.01, Norfolk County, Massachusetts",22.5,25.9,25,021,402101
2018,"Census Tract 4021.02, Norfolk County, Massachusetts",21.3,36.2,25,021,402102
2018,"Census Tract 4024, Norfolk County, Massachusetts",21.9,31.9,25,021,402400
2018,"Census Tract 4081.02, Norfolk County, Massachusetts",22.9,27.4,25,021,408102
2018,"Census Tract 4091.01, Norfolk County, Massachusetts",21.7,18.3,25,021,409101
2018,"Census Tract 4153, Norfolk County, Massachusetts",20.2,29.6,25,021,415300
2018,"Census Tract 4174, Norfolk County, Massachusetts",27.8,32.4,25,021,417400
2018,"Census Tract 3525, Middlesex County, Massachusetts",19.0,26.4,25,017,352500
2018,"Census Tract 3527, Middlesex County, Massachusetts",22.5,34.2,25,017,352700
2018,"Census Tract 3534, Middlesex County, Massachusetts",25.7,35.0,25,017,353400
2018,"Census Tract 3566.01, Middlesex County, Massachusetts",22.6,28.5,25,017,356601
2018,"Census Tract 3163, Middlesex County, Massachusetts",21.6,26.5,25,017,316300
2018,"Census Tract 3165, Middlesex County, Massachusetts",22.8,26.8,25,017,316500
2018,"Census Tract 3181, Middlesex County, Massachusetts",22.4,-666666666.0,25,017,318100
2018,"Census Tract 3182, Middlesex County, Massachusetts",21.9,20.8,25,017,318200
2018,"Census Tract 3201.02, Middlesex County, Massachusetts",19.7,30.2,25,017,320102
2018,"Census Tract 3214, Middlesex County, Massachusetts",30.5,23.8,25,017,321400
2018,"Census Tract 3224, Middlesex County, Massachusetts",22.3,26.1,25,017,322400
2018,"Census Tract 3102, Middlesex County, Massachusetts",26.2,30.3,25,017,310200
2018,"Census Tract 3117, Middlesex County, Massachusetts",24.4,19.6,25,017,311700
2018,"Census Tract 3119, Middlesex County, Massachusetts",23.4,32.5,25,017,311900
2018,"Census Tract 3124, Middlesex County, Massachusetts",28.0,33.9,25,017,312400
2018,"Census Tract 3125.02, Middlesex County, Massachusetts",19.4,26.1,25,017,312502
2018,"Census Tract 3131.02, Middlesex County, Massachusetts",22.4,29.8,25,017,313102
2018,"Census Tract 3143.01, Middlesex County, Massachusetts",22.9,27.7,25,017,314301
2018,"Census Tract 3171.01, Middlesex County, Massachusetts",20.8,28.9,25,017,317101
2018,"Census Tract 3172.01, Middlesex County, Massachusetts",22.4,-666666666.0,25,017,317201
2018,"Census Tract 3881, Middlesex County, Massachusetts",21.1,20.7,25,017,388100
2018,"Census Tract 3621, Middlesex County, Massachusetts",20.2,43.2,25,017,362100
2018,"Census Tract 2532.01, Essex County, Massachusetts",22.4,37.2,25,009,253201
2018,"Census Tract 2532.02, Essex County, Massachusetts",21.6,25.4,25,009,253202
2018,"Census Tract 3271.01, Middlesex County, Massachusetts",21.1,51.0,25,017,327101
2018,"Census Tract 3333, Middlesex County, Massachusetts",24.0,30.0,25,017,333300
2018,"Census Tract 3335.01, Middlesex County, Massachusetts",20.1,24.3,25,017,333501
2018,"Census Tract 3372.01, Middlesex County, Massachusetts",25.1,23.0,25,017,337201
2018,"Census Tract 3572, Middlesex County, Massachusetts",22.2,20.9,25,017,357200
2018,"Census Tract 3561, Middlesex County, Massachusetts",19.7,19.1,25,017,356100
2018,"Census Tract 3564, Middlesex County, Massachusetts",20.1,24.1,25,017,356400
2018,"Census Tract 3578, Middlesex County, Massachusetts",20.5,27.9,25,017,357800
2018,"Census Tract 3382, Middlesex County, Massachusetts",21.6,25.0,25,017,338200
2018,"Census Tract 5116, Plymouth County, Massachusetts",22.7,29.8,25,023,511600
2018,"Census Tract 5117.02, Plymouth County, Massachusetts",21.8,25.1,25,023,511702
2018,"Census Tract 5241.01, Plymouth County, Massachusetts",20.9,24.9,25,023,524101
2018,"Census Tract 5411, Plymouth County, Massachusetts",20.9,14.5,25,023,541100
2018,"Census Tract 5422, Plymouth County, Massachusetts",21.9,26.2,25,023,542200
2018,"Census Tract 5202.01, Plymouth County, Massachusetts",23.6,28.5,25,023,520201
2018,"Census Tract 5211.02, Plymouth County, Massachusetts",23.7,32.2,25,023,521102
2018,"Census Tract 5212.01, Plymouth County, Massachusetts",24.4,35.4,25,023,521201
2018,"Census Tract 5221.02, Plymouth County, Massachusetts",21.3,29.5,25,023,522102
2018,"Census Tract 5231, Plymouth County, Massachusetts",27.7,28.1,25,023,523100
2018,"Census Tract 5241.02, Plymouth County, Massachusetts",23.4,31.0,25,023,524102
2018,"Census Tract 5251.01, Plymouth County, Massachusetts",24.2,33.0,25,023,525101
2018,"Census Tract 5253, Plymouth County, Massachusetts",-666666666.0,-666666666.0,25,023,525300
2018,"Census Tract 5304, Plymouth County, Massachusetts",23.9,46.7,25,023,530400
2018,"Census Tract 5454, Plymouth County, Massachusetts",27.1,27.1,25,023,545400
2018,"Census Tract 5306, Plymouth County, Massachusetts",21.5,41.1,25,023,530600
2018,"Census Tract 5423, Plymouth County, Massachusetts",22.4,30.7,25,023,542300
2018,"Census Tract 5442, Plymouth County, Massachusetts",25.2,40.4,25,023,544200
2018,"Census Tract 5031.02, Plymouth County, Massachusetts",22.9,36.8,25,023,503102
2018,"Census Tract 5110, Plymouth County, Massachusetts",29.9,38.8,25,023,511000
2018,"Census Tract 5301, Plymouth County, Massachusetts",24.7,29.1,25,023,530100
2018,"Census Tract 5302, Plymouth County, Massachusetts",24.0,34.7,25,023,530200
2018,"Census Tract 5307, Plymouth County, Massachusetts",27.4,28.3,25,023,530700
2018,"Census Tract 5453, Plymouth County, Massachusetts",22.0,29.4,25,023,545300
2018,"Census Tract 5611, Plymouth County, Massachusetts",23.9,32.1,25,023,561100
2018,"Census Tract 5012.01, Plymouth County, Massachusetts",19.3,-666666666.0,25,023,501201
2018,"Census Tract 5012.02, Plymouth County, Massachusetts",22.2,51.0,25,023,501202
2018,"Census Tract 5021.01, Plymouth County, Massachusetts",20.6,29.3,25,023,502101
2018,"Census Tract 5031.01, Plymouth County, Massachusetts",21.0,28.3,25,023,503101
2018,"Census Tract 2631, Essex County, Massachusetts",21.0,14.9,25,009,263100
2018,"Census Tract 2691, Essex County, Massachusetts",22.8,30.4,25,009,269100
2018,"Census Tract 2022, Essex County, Massachusetts",21.5,36.3,25,009,202200
2018,"Census Tract 2046, Essex County, Massachusetts",24.9,23.9,25,009,204600
2018,"Census Tract 2056, Essex County, Massachusetts",26.8,34.7,25,009,205600
2018,"Census Tract 2058, Essex County, Massachusetts",25.9,33.5,25,009,205800
2018,"Census Tract 2070, Essex County, Massachusetts",27.8,33.3,25,009,207000
2018,"Census Tract 3413, Middlesex County, Massachusetts",26.1,34.8,25,017,341300
2018,"Census Tract 3415, Middlesex County, Massachusetts",25.6,34.4,25,017,341500
2018,"Census Tract 3424, Middlesex County, Massachusetts",28.4,34.4,25,017,342400
2018,"Census Tract 3503, Middlesex County, Massachusetts",22.1,25.6,25,017,350300
2018,"Census Tract 3826.01, Middlesex County, Massachusetts",26.8,21.3,25,017,382601
2018,"Census Tract 3826.02, Middlesex County, Massachusetts",21.3,26.6,25,017,382602
2018,"Census Tract 3831.02, Middlesex County, Massachusetts",18.9,32.9,25,017,383102
2018,"Census Tract 3567.01, Middlesex County, Massachusetts",21.6,26.5,25,017,356701
2018,"Census Tract 3662.01, Middlesex County, Massachusetts",18.3,21.5,25,017,366201
2018,"Census Tract 3831.01, Middlesex County, Massachusetts",27.9,33.8,25,017,383101
2018,"Census Tract 3840.01, Middlesex County, Massachusetts",25.5,29.0,25,017,384001
2018,"Census Tract 3840.02, Middlesex County, Massachusetts",19.7,28.7,25,017,384002
2018,"Census Tract 3852.01, Middlesex County, Massachusetts",20.0,29.4,25,017,385201
2018,"Census Tract 3852.02, Middlesex County, Massachusetts",21.4,33.5,25,017,385202
2018,"Census Tract 3882, Middlesex County, Massachusetts",24.9,27.1,25,017,388200
2018,"Census Tract 3883, Middlesex County, Massachusetts",24.3,31.1,25,017,388300
2018,"Census Tract 9800, Middlesex County, Massachusetts",-666666666.0,-666666666.0,25,017,980000
2018,"Census Tract 4113.01, Norfolk County, Massachusetts",23.3,23.7,25,021,411301
2018,"Census Tract 4134.01, Norfolk County, Massachusetts",20.7,27.7,25,021,413401
2018,"Census Tract 4161.01, Norfolk County, Massachusetts",20.3,30.7,25,021,416101
2018,"Census Tract 3571, Middlesex County, Massachusetts",22.1,33.6,25,017,357100
2018,"Census Tract 3577, Middlesex County, Massachusetts",26.3,31.9,25,017,357700
2018,"Census Tract 3734, Middlesex County, Massachusetts",24.5,25.0,25,017,373400
2018,"Census Tract 3681.01, Middlesex County, Massachusetts",22.5,25.2,25,017,368101
2018,"Census Tract 3684, Middlesex County, Massachusetts",19.7,28.4,25,017,368400
2018,"Census Tract 3691, Middlesex County, Massachusetts",21.4,30.9,25,017,369100
2018,"Census Tract 3832, Middlesex County, Massachusetts",31.1,24.9,25,017,383200
2018,"Census Tract 3871, Middlesex County, Massachusetts",23.8,23.9,25,017,387100
2018,"Census Tract 3543, Middlesex County, Massachusetts",21.6,27.1,25,017,354300
2018,"Census Tract 3547, Middlesex County, Massachusetts",19.4,22.1,25,017,354700
2018,"Census Tract 3548, Middlesex County, Massachusetts",19.1,25.7,25,017,354800
2018,"Census Tract 3581, Middlesex County, Massachusetts",19.8,26.3,25,017,358100
2018,"Census Tract 3585, Middlesex County, Massachusetts",25.4,23.2,25,017,358500
2018,"Census Tract 3690, Middlesex County, Massachusetts",28.1,24.0,25,017,369000
2018,"Census Tract 3701.02, Middlesex County, Massachusetts",22.6,27.6,25,017,370102
2018,"Census Tract 3545, Middlesex County, Massachusetts",23.8,30.1,25,017,354500
2018,"Census Tract 3324, Middlesex County, Massachusetts",22.2,38.8,25,017,332400
2018,"Census Tract 3391, Middlesex County, Massachusetts",20.9,29.0,25,017,339100
2018,"Census Tract 3115, Middlesex County, Massachusetts",19.8,36.3,25,017,311500
2018,"Census Tract 3212, Middlesex County, Massachusetts",24.7,33.9,25,017,321200
2018,"Census Tract 3372.02, Middlesex County, Massachusetts",21.9,48.8,25,017,337202
2018,"Census Tract 7574, Worcester County, Massachusetts",22.8,23.0,25,027,757400
2018,"Census Tract 7011, Worcester County, Massachusetts",20.4,26.0,25,027,701100
2018,"Census Tract 7033, Worcester County, Massachusetts",20.6,36.9,25,027,703300
2018,"Census Tract 7094, Worcester County, Massachusetts",26.6,27.3,25,027,709400
2018,"Census Tract 7096, Worcester County, Massachusetts",21.8,28.6,25,027,709600
2018,"Census Tract 7108, Worcester County, Massachusetts",26.5,39.9,25,027,710800
2018,"Census Tract 7221, Worcester County, Massachusetts",21.6,27.5,25,027,722100
2018,"Census Tract 7284, Worcester County, Massachusetts",21.4,29.2,25,027,728400
2018,"Census Tract 7306, Worcester County, Massachusetts",20.6,39.5,25,027,730600
2018,"Census Tract 7319, Worcester County, Massachusetts",25.8,37.9,25,027,731900
2018,"Census Tract 7320.01, Worcester County, Massachusetts",26.7,30.0,25,027,732001
2018,"Census Tract 7322.02, Worcester County, Massachusetts",23.2,29.0,25,027,732202
2018,"Census Tract 7327, Worcester County, Massachusetts",30.4,36.4,25,027,732700
2018,"Census Tract 7363, Worcester County, Massachusetts",23.4,23.9,25,027,736300
2018,"Census Tract 7381, Worcester County, Massachusetts",20.7,29.2,25,027,738100
2018,"Census Tract 2084, Essex County, Massachusetts",21.7,28.9,25,009,208400
2018,"Census Tract 2106, Essex County, Massachusetts",27.1,32.1,25,009,210600
2018,"Census Tract 2109, Essex County, Massachusetts",22.7,30.9,25,009,210900
2018,"Census Tract 2214, Essex County, Massachusetts",24.6,34.9,25,009,221400
2018,"Census Tract 2215, Essex County, Massachusetts",25.5,30.9,25,009,221500
2018,"Census Tract 2218, Essex County, Massachusetts",23.8,17.9,25,009,221800
2018,"Census Tract 7395, Worcester County, Massachusetts",20.3,20.4,25,027,739500
2018,"Census Tract 7402, Worcester County, Massachusetts",18.0,28.6,25,027,740200
2018,"Census Tract 7431, Worcester County, Massachusetts",20.4,23.8,25,027,743100
2018,"Census Tract 7492, Worcester County, Massachusetts",19.7,25.6,25,027,749200
2018,"Census Tract 3171.02, Middlesex County, Massachusetts",20.7,26.0,25,017,317102
2018,"Census Tract 3213, Middlesex County, Massachusetts",24.5,23.8,25,017,321300
2018,"Census Tract 103, Suffolk County, Massachusetts",24.2,40.0,25,025,010300
2018,"Census Tract 2021.01, Essex County, Massachusetts",21.0,30.9,25,009,202101
2018,"Census Tract 2151.01, Essex County, Massachusetts",22.4,39.8,25,009,215101
2018,"Census Tract 2021.02, Essex County, Massachusetts",23.9,33.7,25,009,202102
2018,"Census Tract 2033.01, Essex County, Massachusetts",26.7,28.1,25,009,203301
2018,"Census Tract 2033.02, Essex County, Massachusetts",21.5,30.6,25,009,203302
2018,"Census Tract 2114.01, Essex County, Massachusetts",22.7,31.6,25,009,211401
2018,"Census Tract 2114.02, Essex County, Massachusetts",23.1,29.7,25,009,211402
2018,"Census Tract 2151.02, Essex County, Massachusetts",23.8,28.1,25,009,215102
2018,"Census Tract 2201.01, Essex County, Massachusetts",22.3,32.3,25,009,220101
2018,"Census Tract 2201.02, Essex County, Massachusetts",30.7,24.5,25,009,220102
2018,"Census Tract 2219.01, Essex County, Massachusetts",27.5,29.9,25,009,221901
2018,"Census Tract 2219.02, Essex County, Massachusetts",27.6,23.5,25,009,221902
2018,"Census Tract 9901, Essex County, Massachusetts",-666666666.0,-666666666.0,25,009,990100
2018,"Census Tract 2604.02, Essex County, Massachusetts",18.8,19.9,25,009,260402
2018,"Census Tract 2605, Essex County, Massachusetts",21.4,30.4,25,009,260500
2018,"Census Tract 2607, Essex County, Massachusetts",20.6,32.1,25,009,260700
2018,"Census Tract 2651.01, Essex County, Massachusetts",22.2,30.2,25,009,265101
2018,"Census Tract 2682, Essex County, Massachusetts",21.2,38.1,25,009,268200
2018,"Census Tract 2041.02, Essex County, Massachusetts",22.0,29.4,25,009,204102
2018,"Census Tract 2641, Essex County, Massachusetts",23.8,24.8,25,009,264100
2018,"Census Tract 2651.02, Essex County, Massachusetts",20.8,43.1,25,009,265102
2018,"Census Tract 2032, Essex County, Massachusetts",22.8,30.0,25,009,203200
2018,"Census Tract 2041.01, Essex County, Massachusetts",25.2,33.0,25,009,204101
2018,"Census Tract 2045, Essex County, Massachusetts",24.5,28.2,25,009,204500
2018,"Census Tract 2047.01, Essex County, Massachusetts",20.9,29.6,25,009,204701
2018,"Census Tract 2053, Essex County, Massachusetts",22.5,27.0,25,009,205300
2018,"Census Tract 2057, Essex County, Massachusetts",27.2,28.9,25,009,205700
2018,"Census Tract 2069, Essex County, Massachusetts",33.3,29.5,25,009,206900
2018,"Census Tract 2107, Essex County, Massachusetts",25.5,30.7,25,009,210700
2018,"Census Tract 2172.02, Essex County, Massachusetts",22.2,45.9,25,009,217202
2018,"Census Tract 2217, Essex County, Massachusetts",24.6,26.2,25,009,221700
2018,"Census Tract 2231, Essex County, Massachusetts",24.1,32.0,25,009,223100
2018,"Census Tract 2515, Essex County, Massachusetts",29.0,33.5,25,009,251500
2018,"Census Tract 3835.02, Middlesex County, Massachusetts",20.8,31.9,25,017,383502
2018,"Census Tract 3222, Middlesex County, Massachusetts",21.7,27.3,25,017,322200
2018,"Census Tract 3118, Middlesex County, Massachusetts",31.7,41.6,25,017,311800
2018,"Census Tract 3184, Middlesex County, Massachusetts",21.8,29.1,25,017,318400
2018,"Census Tract 3686, Middlesex County, Massachusetts",27.7,29.4,25,017,368600
2018,"Census Tract 3834, Middlesex County, Massachusetts",27.9,27.1,25,017,383400
2018,"Census Tract 3506, Middlesex County, Massachusetts",16.3,21.9,25,017,350600
2018,"Census Tract 3544, Middlesex County, Massachusetts",19.8,21.9,25,017,354400
2018,"Census Tract 4176.02, Norfolk County, Massachusetts",26.7,26.7,25,021,417602
2018,"Census Tract 4182, Norfolk County, Massachusetts",24.4,31.1,25,021,418200
2018,"Census Tract 4194, Norfolk County, Massachusetts",17.6,30.7,25,021,419400
2018,"Census Tract 4203.02, Norfolk County, Massachusetts",26.8,37.0,25,021,420302
2018,"Census Tract 4401, Norfolk County, Massachusetts",22.3,22.7,25,021,440100
2018,"Census Tract 4008, Norfolk County, Massachusetts",21.7,30.3,25,021,400800
2018,"Census Tract 4044, Norfolk County, Massachusetts",17.3,25.3,25,021,404400
2018,"Census Tract 4142, Norfolk County, Massachusetts",19.5,-666666666.0,25,021,414200
2018,"Census Tract 4121, Norfolk County, Massachusetts",22.1,34.5,25,021,412100
2018,"Census Tract 4123, Norfolk County, Massachusetts",20.6,22.8,25,021,412300
2018,"Census Tract 4151.02, Norfolk County, Massachusetts",25.3,29.5,25,021,415102
2018,"Census Tract 4178.01, Norfolk County, Massachusetts",24.2,24.9,25,021,417801
2018,"Census Tract 4179.01, Norfolk County, Massachusetts",23.2,27.8,25,021,417901
2018,"Census Tract 4226, Norfolk County, Massachusetts",24.5,43.7,25,021,422600
2018,"Census Tract 4227, Norfolk County, Massachusetts",24.9,28.7,25,021,422700
2018,"Census Tract 4412.02, Norfolk County, Massachusetts",21.3,46.7,25,021,441202
2018,"Census Tract 4431.01, Norfolk County, Massachusetts",21.0,31.2,25,021,443101
2018,"Census Tract 4561.02, Norfolk County, Massachusetts",22.7,29.8,25,021,456102
2018,"Census Tract 4571, Norfolk County, Massachusetts",23.1,29.1,25,021,457100
2018,"Census Tract 3141.02, Middlesex County, Massachusetts",23.8,43.8,25,017,314102
2018,"Census Tract 3152, Middlesex County, Massachusetts",22.9,31.3,25,017,315200
2018,"Census Tract 3211, Middlesex County, Massachusetts",21.1,30.7,25,017,321100
2018,"Census Tract 3311.02, Middlesex County, Massachusetts",21.6,28.5,25,017,331102
2018,"Census Tract 3321, Middlesex County, Massachusetts",20.8,19.2,25,017,332100
2018,"Census Tract 3335.02, Middlesex County, Massachusetts",21.5,26.0,25,017,333502
2018,"Census Tract 3354, Middlesex County, Massachusetts",20.0,29.6,25,017,335400
2018,"Census Tract 3364.01, Middlesex County, Massachusetts",20.5,27.7,25,017,336401
2018,"Census Tract 3397, Middlesex County, Massachusetts",22.1,25.3,25,017,339700
2018,"Census Tract 3523, Middlesex County, Massachusetts",24.5,26.4,25,017,352300
2018,"Census Tract 3532, Middlesex County, Massachusetts",16.4,29.6,25,017,353200
2018,"Census Tract 3101, Middlesex County, Massachusetts",23.7,32.4,25,017,310100
2018,"Census Tract 5061.02, Plymouth County, Massachusetts",26.6,41.8,25,023,506102
2018,"Census Tract 5104, Plymouth County, Massachusetts",27.3,41.7,25,023,510400
2018,"Census Tract 7081, Worcester County, Massachusetts",19.9,24.5,25,027,708100
2018,"Census Tract 7107, Worcester County, Massachusetts",51.0,31.0,25,027,710700
2018,"Census Tract 7251, Worcester County, Massachusetts",22.2,30.8,25,027,725100
2018,"Census Tract 7111, Worcester County, Massachusetts",23.3,30.6,25,027,711100
2018,"Census Tract 7191, Worcester County, Massachusetts",18.9,19.3,25,027,719100
2018,"Census Tract 7261, Worcester County, Massachusetts",23.1,23.6,25,027,726100
2018,"Census Tract 7302, Worcester County, Massachusetts",19.7,43.2,25,027,730200
2018,"Census Tract 7303, Worcester County, Massachusetts",25.2,28.8,25,027,730300
2018,"Census Tract 3121, Middlesex County, Massachusetts",21.5,34.5,25,017,312100
2018,"Census Tract 3123, Middlesex County, Massachusetts",22.6,27.9,25,017,312300
2018,"Census Tract 3141.01, Middlesex County, Massachusetts",21.9,28.7,25,017,314101
2018,"Census Tract 3142, Middlesex County, Massachusetts",24.9,27.6,25,017,314200
2018,"Census Tract 3161.02, Middlesex County, Massachusetts",19.6,25.5,25,017,316102
2018,"Census Tract 3162.01, Middlesex County, Massachusetts",25.1,51.0,25,017,316201
2018,"Census Tract 3171.03, Middlesex County, Massachusetts",21.6,24.4,25,017,317103
2018,"Census Tract 3251, Middlesex County, Massachusetts",18.6,22.5,25,017,325100
2018,"Census Tract 3301, Middlesex County, Massachusetts",21.7,31.0,25,017,330100
2018,"Census Tract 3538, Middlesex County, Massachusetts",27.6,29.3,25,017,353800
2018,"Census Tract 3541, Middlesex County, Massachusetts",16.4,26.1,25,017,354100
2018,"Census Tract 3586, Middlesex County, Massachusetts",20.6,28.3,25,017,358600
2018,"Census Tract 3591, Middlesex County, Massachusetts",20.6,27.8,25,017,359100
2018,"Census Tract 3651, Middlesex County, Massachusetts",21.9,23.1,25,017,365100
2018,"Census Tract 3672, Middlesex County, Massachusetts",23.5,28.9,25,017,367200
2018,"Census Tract 3739, Middlesex County, Massachusetts",20.0,32.4,25,017,373900
2018,"Census Tract 3821, Middlesex County, Massachusetts",22.3,38.9,25,017,382100
2018,"Census Tract 3822, Middlesex County, Massachusetts",21.0,32.3,25,017,382200
2018,"Census Tract 3825, Middlesex County, Massachusetts",20.7,24.7,25,017,382500
2018,"Census Tract 3835.01, Middlesex County, Massachusetts",27.4,30.8,25,017,383501
2018,"Census Tract 3385, Middlesex County, Massachusetts",20.6,51.0,25,017,338500
2018,"Census Tract 3416, Middlesex County, Massachusetts",26.6,34.6,25,017,341600
2018,"Census Tract 3417, Middlesex County, Massachusetts",23.2,34.0,25,017,341700
2018,"Census Tract 3418, Middlesex County, Massachusetts",31.7,33.5,25,017,341800
2018,"Census Tract 3515, Middlesex County, Massachusetts",23.5,28.7,25,017,351500
2018,"Census Tract 3542, Middlesex County, Massachusetts",18.7,27.6,25,017,354200
2018,"Census Tract 3549, Middlesex County, Massachusetts",18.2,26.2,25,017,354900
2018,"Census Tract 3550, Middlesex County, Massachusetts",22.4,26.1,25,017,355000
2018,"Census Tract 3575, Middlesex County, Massachusetts",28.8,24.4,25,017,357500
2018,"Census Tract 3576, Middlesex County, Massachusetts",28.1,28.8,25,017,357600
2018,"Census Tract 3583, Middlesex County, Massachusetts",22.1,27.1,25,017,358300
2018,"Census Tract 3584, Middlesex County, Massachusetts",23.0,37.4,25,017,358400
2018,"Census Tract 3631.02, Middlesex County, Massachusetts",22.3,28.2,25,017,363102
2018,"Census Tract 3687, Middlesex County, Massachusetts",24.4,23.3,25,017,368700
2018,"Census Tract 3701.01, Middlesex County, Massachusetts",22.0,22.9,25,017,370101
2018,"Census Tract 3704, Middlesex County, Massachusetts",18.0,25.4,25,017,370400
2018,"Census Tract 3872.02, Middlesex County, Massachusetts",20.4,45.6,25,017,387202
2018,"Census Tract 3836, Middlesex County, Massachusetts",19.3,27.0,25,017,383600
2018,"Census Tract 3837, Middlesex County, Massachusetts",19.4,47.7,25,017,383700
2018,"Census Tract 3613, Middlesex County, Massachusetts",22.2,34.2,25,017,361300
2018,"Census Tract 3632.02, Middlesex County, Massachusetts",19.6,28.1,25,017,363202
2018,"Census Tract 3641.01, Middlesex County, Massachusetts",22.1,31.6,25,017,364101
2018,"Census Tract 3681.02, Middlesex County, Massachusetts",21.5,21.7,25,017,368102
2018,"Census Tract 3735, Middlesex County, Massachusetts",19.0,48.3,25,017,373500
2018,"Census Tract 3738, Middlesex County, Massachusetts",21.5,20.9,25,017,373800
2018,"Census Tract 3745, Middlesex County, Massachusetts",21.4,25.8,25,017,374500
2018,"Census Tract 3736, Middlesex County, Massachusetts",23.8,25.6,25,017,373600
2018,"Census Tract 3740, Middlesex County, Massachusetts",24.1,26.9,25,017,374000
2018,"Census Tract 9810, Suffolk County, Massachusetts",-666666666.0,-666666666.0,25,025,981000
2018,"Census Tract 9811, Suffolk County, Massachusetts",36.7,51.0,25,025,981100
2018,"Census Tract 9812.01, Suffolk County, Massachusetts",-666666666.0,-666666666.0,25,025,981201
2018,"Census Tract 9812.02, Suffolk County, Massachusetts",-666666666.0,-666666666.0,25,025,981202
2018,"Census Tract 9813, Suffolk County, Massachusetts",18.9,51.0,25,025,981300
2018,"Census Tract 9815.01, Suffolk County, Massachusetts",-666666666.0,-666666666.0,25,025,981501
2018,"Census Tract 9815.02, Suffolk County, Massachusetts",-666666666.0,-666666666.0,25,025,981502
2018,"Census Tract 507, Suffolk County, Massachusetts",38.5,37.4,25,025,050700
2018,"Census Tract 803, Suffolk County, Massachusetts",26.1,37.9,25,025,080300
2018,"Census Tract 805, Suffolk County, Massachusetts",17.4,34.1,25,025,080500
2018,"Census Tract 811, Suffolk County, Massachusetts",27.3,34.4,25,025,081100
2018,"Census Tract 916, Suffolk County, Massachusetts",22.3,31.8,25,025,091600
2018,"Census Tract 1005, Suffolk County, Massachusetts",24.8,34.4,25,025,100500
2018,"Census Tract 1009, Suffolk County, Massachusetts",24.0,32.2,25,025,100900
2018,"Census Tract 1104.01, Suffolk County, Massachusetts",24.9,33.7,25,025,110401
2018,"Census Tract 918, Suffolk County, Massachusetts",34.2,45.7,25,025,091800
2018,"Census Tract 920, Suffolk County, Massachusetts",31.6,36.4,25,025,092000
2018,"Census Tract 1001, Suffolk County, Massachusetts",26.5,33.9,25,025,100100
2018,"Census Tract 1006.01, Suffolk County, Massachusetts",26.1,29.1,25,025,100601
2018,"Census Tract 1007, Suffolk County, Massachusetts",22.7,29.4,25,025,100700
2018,"Census Tract 1011.02, Suffolk County, Massachusetts",34.8,41.5,25,025,101102
2018,"Census Tract 1302, Suffolk County, Massachusetts",22.0,24.6,25,025,130200
2018,"Census Tract 606, Suffolk County, Massachusetts",19.1,24.4,25,025,060600
2018,"Census Tract 709, Suffolk County, Massachusetts",20.8,32.9,25,025,070900
2018,"Census Tract 924, Suffolk County, Massachusetts",34.5,37.6,25,025,092400
2018,"Census Tract 301, Suffolk County, Massachusetts",23.8,25.0,25,025,030100
2018,"Census Tract 6.02, Suffolk County, Massachusetts",22.0,32.5,25,025,000602
2018,"Census Tract 821, Suffolk County, Massachusetts",31.5,31.3,25,025,082100
2018,"Census Tract 602, Suffolk County, Massachusetts",24.1,23.3,25,025,060200
2018,"Census Tract 904, Suffolk County, Massachusetts",26.3,51.0,25,025,090400
2018,"Census Tract 1205, Suffolk County, Massachusetts",21.8,25.2,25,025,120500
2018,"Census Tract 1010.01, Suffolk County, Massachusetts",26.0,34.9,25,025,101001
2018,"Census Tract 7382.02, Worcester County, Massachusetts",19.7,26.3,25,027,738202
2018,"Census Tract 7323.01, Worcester County, Massachusetts",23.6,24.4,25,027,732301
2018,"Census Tract 7328.02, Worcester County, Massachusetts",23.6,25.8,25,027,732802
2018,"Census Tract 7328.01, Worcester County, Massachusetts",21.9,23.0,25,027,732801
2018,"Census Tract 7382.01, Worcester County, Massachusetts",22.6,23.8,25,027,738201
2018,"Census Tract 5201, Plymouth County, Massachusetts",25.4,26.5,25,023,520100
2018,"Census Tract 5011.02, Plymouth County, Massachusetts",20.5,28.4,25,023,501102
2018,"Census Tract 5051.01, Plymouth County, Massachusetts",23.8,29.1,25,023,505101
2018,"Census Tract 5061.01, Plymouth County, Massachusetts",22.8,9.0,25,023,506101
2018,"Census Tract 5062.04, Plymouth County, Massachusetts",28.0,30.7,25,023,506204
2018,"Census Tract 5071.01, Plymouth County, Massachusetts",24.1,36.0,25,023,507101
2018,"Census Tract 5071.03, Plymouth County, Massachusetts",21.2,13.0,25,023,507103
2018,"Census Tract 5081.01, Plymouth County, Massachusetts",22.7,49.5,25,023,508101
2018,"Census Tract 5102, Plymouth County, Massachusetts",21.3,27.5,25,023,510200
2018,"Census Tract 5232.02, Plymouth County, Massachusetts",23.1,32.8,25,023,523202
2018,"Census Tract 3323, Middlesex County, Massachusetts",22.9,31.1,25,017,332300
2018,"Census Tract 3364.02, Middlesex County, Massachusetts",25.4,30.4,25,017,336402
2018,"Census Tract 3399, Middlesex County, Massachusetts",24.3,26.6,25,017,339900
2018,"Census Tract 3426, Middlesex County, Massachusetts",36.8,28.4,25,017,342600
2018,"Census Tract 3528, Middlesex County, Massachusetts",18.8,22.9,25,017,352800
2018,"Census Tract 3529, Middlesex County, Massachusetts",16.5,30.3,25,017,352900
2018,"Census Tract 3216, Middlesex County, Massachusetts",22.4,23.1,25,017,321600
2018,"Census Tract 7501, Worcester County, Massachusetts",22.5,25.0,25,027,750100
2018,"Census Tract 7503, Worcester County, Massachusetts",23.7,34.4,25,027,750300
2018,"Census Tract 7542, Worcester County, Massachusetts",21.4,30.7,25,027,754200
2018,"Census Tract 7544, Worcester County, Massachusetts",25.5,26.0,25,027,754400
2018,"Census Tract 7575, Worcester County, Massachusetts",23.1,29.4,25,027,757500
2018,"Census Tract 7312.02, Worcester County, Massachusetts",-666666666.0,-666666666.0,25,027,731202
2018,"Census Tract 7362, Worcester County, Massachusetts",21.5,33.0,25,027,736200
2018,"Census Tract 7364, Worcester County, Massachusetts",21.1,26.3,25,027,736400
2018,"Census Tract 7365, Worcester County, Massachusetts",19.8,25.1,25,027,736500
2018,"Census Tract 801, Suffolk County, Massachusetts",40.5,45.1,25,025,080100
2018,"Census Tract 1204, Suffolk County, Massachusetts",20.3,29.0,25,025,120400
2018,"Census Tract 1207, Suffolk County, Massachusetts",21.3,27.3,25,025,120700
2018,"Census Tract 1402.01, Suffolk County, Massachusetts",23.7,29.7,25,025,140201
2018,"Census Tract 4.02, Suffolk County, Massachusetts",22.2,30.7,25,025,000402
2018,"Census Tract 6.01, Suffolk County, Massachusetts",34.7,25.8,25,025,000601
2018,"Census Tract 302, Suffolk County, Massachusetts",26.6,25.3,25,025,030200
2018,"Census Tract 305, Suffolk County, Massachusetts",28.9,28.0,25,025,030500
2018,"Census Tract 402, Suffolk County, Massachusetts",20.6,27.4,25,025,040200
2018,"Census Tract 502, Suffolk County, Massachusetts",28.4,32.1,25,025,050200
2018,"Census Tract 503, Suffolk County, Massachusetts",27.2,30.7,25,025,050300
2018,"Census Tract 506, Suffolk County, Massachusetts",18.2,30.3,25,025,050600
2018,"Census Tract 703, Suffolk County, Massachusetts",20.1,24.5,25,025,070300
2018,"Census Tract 705, Suffolk County, Massachusetts",19.2,25.9,25,025,070500
2018,"Census Tract 708, Suffolk County, Massachusetts",24.4,30.9,25,025,070800
2018,"Census Tract 2521.01, Essex County, Massachusetts",20.6,31.5,25,009,252101
2018,"Census Tract 2526.03, Essex County, Massachusetts",22.0,20.7,25,009,252603
2018,"Census Tract 2541, Essex County, Massachusetts",21.3,33.4,25,009,254100
2018,"Census Tract 2602, Essex County, Massachusetts",25.3,32.8,25,009,260200
2018,"Census Tract 2610, Essex County, Massachusetts",23.3,33.3,25,009,261000
2018,"Census Tract 2611.02, Essex County, Massachusetts",25.1,30.4,25,009,261102
2018,"Census Tract 2661, Essex County, Massachusetts",19.4,33.9,25,009,266100
2018,"Census Tract 2683, Essex County, Massachusetts",24.0,29.4,25,009,268300
2018,"Census Tract 2042, Essex County, Massachusetts",28.8,32.2,25,009,204200
2018,"Census Tract 2052, Essex County, Massachusetts",28.5,33.0,25,009,205200
2018,"Census Tract 2061, Essex County, Massachusetts",36.7,41.5,25,009,206100
2018,"Census Tract 2064, Essex County, Massachusetts",29.3,36.6,25,009,206400
2018,"Census Tract 5114, Plymouth County, Massachusetts",27.5,39.2,25,023,511400
2018,"Census Tract 5202.02, Plymouth County, Massachusetts",24.7,27.5,25,023,520202
2018,"Census Tract 5211.01, Plymouth County, Massachusetts",21.9,26.3,25,023,521101
2018,"Census Tract 5232.01, Plymouth County, Massachusetts",22.2,19.6,25,023,523201
2018,"Census Tract 5441, Plymouth County, Massachusetts",23.5,44.5,25,023,544100
2018,"Census Tract 5452, Plymouth County, Massachusetts",24.7,37.9,25,023,545200
2018,"Census Tract 5601, Plymouth County, Massachusetts",25.4,27.1,25,023,560100
2018,"Census Tract 5051.02, Plymouth County, Massachusetts",20.2,38.4,25,023,505102
2018,"Census Tract 5071.04, Plymouth County, Massachusetts",23.2,22.7,25,023,507104
2018,"Census Tract 5221.01, Plymouth County, Massachusetts",22.4,27.5,25,023,522101
2018,"Census Tract 5451, Plymouth County, Massachusetts",22.6,51.0,25,023,545100
2018,"Census Tract 5108, Plymouth County, Massachusetts",24.1,32.5,25,023,510800
2018,"Census Tract 5052, Plymouth County, Massachusetts",22.6,25.3,25,023,505200
2018,"Census Tract 5106, Plymouth County, Massachusetts",25.1,29.3,25,023,510600
2018,"Census Tract 5212.02, Plymouth County, Massachusetts",24.9,28.5,25,023,521202
2018,"Census Tract 5062.02, Plymouth County, Massachusetts",21.9,34.0,25,023,506202
2018,"Census Tract 5081.02, Plymouth County, Massachusetts",21.8,22.8,25,023,508102
2018,"Census Tract 5113.02, Plymouth County, Massachusetts",24.1,29.1,25,023,511302
2018,"Census Tract 2104, Essex County, Massachusetts",22.2,43.9,25,009,210400
2018,"Census Tract 5261, Plymouth County, Massachusetts",27.2,22.6,25,023,526100
2018,"Census Tract 5303, Plymouth County, Massachusetts",24.9,30.9,25,023,530300
2018,"Census Tract 5109, Plymouth County, Massachusetts",32.9,36.2,25,023,510900
2018,"Census Tract 5115, Plymouth County, Massachusetts",33.3,32.7,25,023,511500
2018,"Census Tract 203.03, Suffolk County, Massachusetts",26.5,30.2,25,025,020303
2018,"Census Tract 404.01, Suffolk County, Massachusetts",21.6,25.5,25,025,040401
2018,"Census Tract 408.01, Suffolk County, Massachusetts",21.7,27.4,25,025,040801
2018,"Census Tract 501.01, Suffolk County, Massachusetts",22.9,30.9,25,025,050101
2019,"Census Tract 7310.01, Worcester County, Massachusetts",22.1,25.4,25,027,731001
2019,"Census Tract 7095.01, Worcester County, Massachusetts",20.1,27.9,25,027,709501
2019,"Census Tract 7095.02, Worcester County, Massachusetts",23.3,28.3,25,027,709502
2019,"Census Tract 7211.01, Worcester County, Massachusetts",22.9,24.2,25,027,721101
2019,"Census Tract 7211.02, Worcester County, Massachusetts",21.6,25.7,25,027,721102
2019,"Census Tract 7310.02, Worcester County, Massachusetts",22.1,30.1,25,027,731002
2019,"Census Tract 7312.03, Worcester County, Massachusetts",19.1,29.9,25,027,731203
2019,"Census Tract 7312.04, Worcester County, Massachusetts",49.7,34.2,25,027,731204
2019,"Census Tract 7323.02, Worcester County, Massachusetts",27.1,31.7,25,027,732302
2019,"Census Tract 3371.01, Middlesex County, Massachusetts",20.2,28.8,25,017,337101
2019,"Census Tract 3392, Middlesex County, Massachusetts",18.2,22.5,25,017,339200
2019,"Census Tract 5117.01, Plymouth County, Massachusetts",24.5,37.0,25,023,511701
2019,"Census Tract 5041.01, Plymouth County, Massachusetts",22.2,34.9,25,023,504101
2019,"Census Tract 5041.02, Plymouth County, Massachusetts",23.0,-666666666.0,25,023,504102
2019,"Census Tract 5103, Plymouth County, Massachusetts",26.8,32.2,25,023,510300
2019,"Census Tract 5105.02, Plymouth County, Massachusetts",29.1,28.9,25,023,510502
2019,"Census Tract 5105.03, Plymouth County, Massachusetts",24.7,34.9,25,023,510503
2019,"Census Tract 5305, Plymouth County, Massachusetts",32.1,41.7,25,023,530500
2019,"Census Tract 5431, Plymouth County, Massachusetts",25.4,29.0,25,023,543100
2019,"Census Tract 5021.02, Plymouth County, Massachusetts",24.0,16.3,25,023,502102
2019,"Census Tract 5062.03, Plymouth County, Massachusetts",21.8,44.6,25,023,506203
2019,"Census Tract 3251, Middlesex County, Massachusetts",20.7,22.5,25,017,325100
2019,"Census Tract 3301, Middlesex County, Massachusetts",20.9,14.9,25,017,330100
2019,"Census Tract 3323, Middlesex County, Massachusetts",22.5,26.2,25,017,332300
2019,"Census Tract 2092, Essex County, Massachusetts",19.9,51.0,25,009,209200
2019,"Census Tract 2113, Essex County, Massachusetts",23.5,35.5,25,009,211300
2019,"Census Tract 2173, Essex County, Massachusetts",24.2,31.7,25,009,217300
2019,"Census Tract 2216, Essex County, Massachusetts",28.8,32.9,25,009,221600
2019,"Census Tract 2501, Essex County, Massachusetts",-666666666.0,30.3,25,009,250100
2019,"Census Tract 2502, Essex County, Massachusetts",32.1,42.4,25,009,250200
2019,"Census Tract 2505, Essex County, Massachusetts",31.3,34.0,25,009,250500
2019,"Census Tract 2506, Essex County, Massachusetts",28.8,32.5,25,009,250600
2019,"Census Tract 2510, Essex County, Massachusetts",25.8,35.7,25,009,251000
2019,"Census Tract 2511, Essex County, Massachusetts",49.2,29.8,25,009,251100
2019,"Census Tract 2525.01, Essex County, Massachusetts",27.5,51.0,25,009,252501
2019,"Census Tract 2532.04, Essex County, Massachusetts",22.5,51.0,25,009,253204
2019,"Census Tract 2603.02, Essex County, Massachusetts",22.2,25.8,25,009,260302
2019,"Census Tract 2671.01, Essex County, Massachusetts",24.9,25.0,25,009,267101
2019,"Census Tract 2671.02, Essex County, Massachusetts",23.6,24.5,25,009,267102
2019,"Census Tract 7411.01, Worcester County, Massachusetts",20.7,18.7,25,027,741101
2019,"Census Tract 7411.02, Worcester County, Massachusetts",22.4,40.7,25,027,741102
2019,"Census Tract 7424.01, Worcester County, Massachusetts",19.8,-666666666.0,25,027,742401
2019,"Census Tract 7424.02, Worcester County, Massachusetts",17.9,22.5,25,027,742402
2019,"Census Tract 7471.01, Worcester County, Massachusetts",21.8,22.5,25,027,747101
2019,"Census Tract 7471.02, Worcester County, Massachusetts",22.6,30.6,25,027,747102
2019,"Census Tract 7511.01, Worcester County, Massachusetts",25.4,19.8,25,027,751101
2019,"Census Tract 7511.02, Worcester County, Massachusetts",19.6,16.5,25,027,751102
2019,"Census Tract 7581.01, Worcester County, Massachusetts",23.6,28.8,25,027,758101
2019,"Census Tract 7581.02, Worcester County, Massachusetts",24.0,26.0,25,027,758102
2019,"Census Tract 7612, Worcester County, Massachusetts",19.8,36.6,25,027,761200
2019,"Census Tract 7613, Worcester County, Massachusetts",21.1,28.6,25,027,761300
2019,"Census Tract 7614, Worcester County, Massachusetts",19.4,26.6,25,027,761400
2019,"Census Tract 3400, Middlesex County, Massachusetts",25.8,24.4,25,017,340000
2019,"Census Tract 3412, Middlesex County, Massachusetts",22.3,35.0,25,017,341200
2019,"Census Tract 3502, Middlesex County, Massachusetts",22.8,27.1,25,017,350200
2019,"Census Tract 3504, Middlesex County, Massachusetts",20.5,22.7,25,017,350400
2019,"Census Tract 3510, Middlesex County, Massachusetts",22.7,23.4,25,017,351000
2019,"Census Tract 3530, Middlesex County, Massachusetts",19.2,29.5,25,017,353000
2019,"Census Tract 3537, Middlesex County, Massachusetts",17.3,37.3,25,017,353700
2019,"Census Tract 3539, Middlesex County, Massachusetts",17.2,39.7,25,017,353900
2019,"Census Tract 3540, Middlesex County, Massachusetts",29.2,31.7,25,017,354000
2019,"Census Tract 3546, Middlesex County, Massachusetts",18.4,30.4,25,017,354600
2019,"Census Tract 3563, Middlesex County, Massachusetts",22.4,23.9,25,017,356300
2019,"Census Tract 3632.01, Middlesex County, Massachusetts",20.8,27.1,25,017,363201
2019,"Census Tract 3641.02, Middlesex County, Massachusetts",25.1,20.3,25,017,364102
2019,"Census Tract 7181, Worcester County, Massachusetts",21.2,26.6,25,027,718100
2019,"Census Tract 7283, Worcester County, Massachusetts",20.1,27.9,25,027,728300
2019,"Census Tract 7311.02, Worcester County, Massachusetts",16.9,31.3,25,027,731102
2019,"Census Tract 7313, Worcester County, Massachusetts",33.3,45.5,25,027,731300
2019,"Census Tract 7315, Worcester County, Massachusetts",43.9,45.4,25,027,731500
2019,"Census Tract 7461, Worcester County, Massachusetts",22.6,19.3,25,027,746100
2019,"Census Tract 7324, Worcester County, Massachusetts",25.8,36.1,25,027,732400
2019,"Census Tract 7329.02, Worcester County, Massachusetts",-666666666.0,-666666666.0,25,027,732902
2019,"Census Tract 7392, Worcester County, Massachusetts",21.6,27.1,25,027,739200
2019,"Census Tract 7451, Worcester County, Massachusetts",21.0,27.4,25,027,745100
2019,"Census Tract 7481, Worcester County, Massachusetts",23.1,25.3,25,027,748100
2019,"Census Tract 7521, Worcester County, Massachusetts",20.9,18.6,25,027,752100
2019,"Census Tract 8.02, Suffolk County, Massachusetts",26.9,33.9,25,025,000802
2019,"Census Tract 106, Suffolk County, Massachusetts",21.0,27.6,25,025,010600
2019,"Census Tract 4041, Norfolk County, Massachusetts",21.2,28.0,25,021,404100
2019,"Census Tract 4141, Norfolk County, Massachusetts",21.1,29.9,25,021,414100
2019,"Census Tract 4151.01, Norfolk County, Massachusetts",20.7,25.0,25,021,415101
2019,"Census Tract 4162, Norfolk County, Massachusetts",23.0,29.5,25,021,416200
2019,"Census Tract 4195, Norfolk County, Massachusetts",21.6,24.2,25,021,419500
2019,"Census Tract 4196, Norfolk County, Massachusetts",25.9,25.0,25,021,419600
2019,"Census Tract 4221, Norfolk County, Massachusetts",18.9,32.6,25,021,422100
2019,"Census Tract 4222, Norfolk County, Massachusetts",24.4,28.1,25,021,422200
2019,"Census Tract 4561.01, Norfolk County, Massachusetts",22.3,19.1,25,021,456101
2019,"Census Tract 4002, Norfolk County, Massachusetts",19.2,32.8,25,021,400200
2019,"Census Tract 4111, Norfolk County, Massachusetts",20.8,32.1,25,021,411100
2019,"Census Tract 4112, Norfolk County, Massachusetts",21.5,27.8,25,021,411200
2019,"Census Tract 4122, Norfolk County, Massachusetts",19.1,26.2,25,021,412200
2019,"Census Tract 4172, Norfolk County, Massachusetts",35.6,23.8,25,021,417200
2019,"Census Tract 4176.01, Norfolk County, Massachusetts",26.3,24.2,25,021,417601
2019,"Census Tract 3513, Middlesex County, Massachusetts",20.5,24.6,25,017,351300
2019,"Census Tract 3116, Middlesex County, Massachusetts",24.5,30.4,25,017,311600
2019,"Census Tract 3393, Middlesex County, Massachusetts",19.9,24.9,25,017,339300
2019,"Census Tract 3396, Middlesex County, Massachusetts",27.2,24.4,25,017,339600
2019,"Census Tract 3414, Middlesex County, Massachusetts",27.7,33.6,25,017,341400
2019,"Census Tract 3511, Middlesex County, Massachusetts",23.2,27.3,25,017,351100
2019,"Census Tract 3522, Middlesex County, Massachusetts",28.9,26.2,25,017,352200
2019,"Census Tract 3524, Middlesex County, Massachusetts",18.9,26.9,25,017,352400
2019,"Census Tract 3154.03, Middlesex County, Massachusetts",21.3,15.4,25,017,315403
2019,"Census Tract 3122, Middlesex County, Massachusetts",28.6,34.0,25,017,312200
2019,"Census Tract 3154.01, Middlesex County, Massachusetts",25.5,31.4,25,017,315401
2019,"Census Tract 3154.02, Middlesex County, Massachusetts",21.9,23.8,25,017,315402
2019,"Census Tract 7325, Worcester County, Massachusetts",14.9,40.1,25,027,732500
2019,"Census Tract 7352, Worcester County, Massachusetts",23.0,17.2,25,027,735200
2019,"Census Tract 7423, Worcester County, Massachusetts",19.4,25.9,25,027,742300
2019,"Census Tract 7443, Worcester County, Massachusetts",34.1,30.2,25,027,744300
2019,"Census Tract 7444, Worcester County, Massachusetts",24.0,37.7,25,027,744400
2019,"Census Tract 7574, Worcester County, Massachusetts",22.7,24.3,25,027,757400
2019,"Census Tract 7011, Worcester County, Massachusetts",19.8,24.5,25,027,701100
2019,"Census Tract 7033, Worcester County, Massachusetts",19.2,36.8,25,027,703300
2019,"Census Tract 7094, Worcester County, Massachusetts",28.2,26.8,25,027,709400
2019,"Census Tract 7096, Worcester County, Massachusetts",18.6,27.2,25,027,709600
2019,"Census Tract 7108, Worcester County, Massachusetts",26.0,38.2,25,027,710800
2019,"Census Tract 7221, Worcester County, Massachusetts",22.2,21.0,25,027,722100
2019,"Census Tract 7284, Worcester County, Massachusetts",19.1,28.7,25,027,728400
2019,"Census Tract 7306, Worcester County, Massachusetts",21.2,41.5,25,027,730600
2019,"Census Tract 7319, Worcester County, Massachusetts",24.9,39.1,25,027,731900
2019,"Census Tract 7320.01, Worcester County, Massachusetts",26.7,30.0,25,027,732001
2019,"Census Tract 7322.02, Worcester County, Massachusetts",25.1,28.3,25,027,732202
2019,"Census Tract 7327, Worcester County, Massachusetts",31.6,33.3,25,027,732700
2019,"Census Tract 7363, Worcester County, Massachusetts",23.7,22.7,25,027,736300
2019,"Census Tract 7381, Worcester County, Massachusetts",20.1,26.2,25,027,738100
2019,"Census Tract 2084, Essex County, Massachusetts",20.4,27.7,25,009,208400
2019,"Census Tract 2106, Essex County, Massachusetts",26.1,33.9,25,009,210600
2019,"Census Tract 2109, Essex County, Massachusetts",20.9,30.9,25,009,210900
2019,"Census Tract 3661, Middlesex County, Massachusetts",19.2,23.4,25,017,366100
2019,"Census Tract 3652.01, Middlesex County, Massachusetts",20.8,19.8,25,017,365201
2019,"Census Tract 401, Suffolk County, Massachusetts",21.9,28.4,25,025,040100
2019,"Census Tract 403, Suffolk County, Massachusetts",19.6,21.2,25,025,040300
2019,"Census Tract 504, Suffolk County, Massachusetts",22.3,28.7,25,025,050400
2019,"Census Tract 510, Suffolk County, Massachusetts",21.8,30.6,25,025,051000
2019,"Census Tract 604, Suffolk County, Massachusetts",19.9,24.2,25,025,060400
2019,"Census Tract 607, Suffolk County, Massachusetts",-666666666.0,29.6,25,025,060700
2019,"Census Tract 815, Suffolk County, Massachusetts",30.9,38.1,25,025,081500
2019,"Census Tract 906, Suffolk County, Massachusetts",27.4,44.3,25,025,090600
2019,"Census Tract 915, Suffolk County, Massachusetts",26.4,33.7,25,025,091500
2019,"Census Tract 1702, Suffolk County, Massachusetts",26.4,36.2,25,025,170200
2019,"Census Tract 1708, Suffolk County, Massachusetts",34.7,24.0,25,025,170800
2019,"Census Tract 1206, Suffolk County, Massachusetts",23.0,26.8,25,025,120600
2019,"Census Tract 1301, Suffolk County, Massachusetts",19.2,24.8,25,025,130100
2019,"Census Tract 1402.02, Suffolk County, Massachusetts",22.8,26.9,25,025,140202
2019,"Census Tract 1603, Suffolk County, Massachusetts",26.6,31.0,25,025,160300
2019,"Census Tract 1701, Suffolk County, Massachusetts",28.3,46.6,25,025,170100
2019,"Census Tract 1703, Suffolk County, Massachusetts",27.3,30.2,25,025,170300
2019,"Census Tract 1802, Suffolk County, Massachusetts",22.4,28.8,25,025,180200
2019,"Census Tract 1105.01, Suffolk County, Massachusetts",21.8,29.3,25,025,110501
2019,"Census Tract 1805, Suffolk County, Massachusetts",26.2,28.6,25,025,180500
2019,"Census Tract 922, Suffolk County, Massachusetts",21.2,29.8,25,025,092200
2019,"Census Tract 913, Suffolk County, Massachusetts",42.6,36.7,25,025,091300
2019,"Census Tract 917, Suffolk County, Massachusetts",34.8,49.7,25,025,091700
2019,"Census Tract 1008, Suffolk County, Massachusetts",21.0,29.6,25,025,100800
2019,"Census Tract 4.01, Suffolk County, Massachusetts",14.6,26.6,25,025,000401
2019,"Census Tract 2606, Essex County, Massachusetts",25.5,29.7,25,009,260600
2019,"Census Tract 2608, Essex County, Massachusetts",24.8,34.7,25,009,260800
2019,"Census Tract 2609, Essex County, Massachusetts",23.3,38.7,25,009,260900
2019,"Census Tract 2611.01, Essex County, Massachusetts",21.5,51.0,25,009,261101
2019,"Census Tract 2663, Essex County, Massachusetts",24.8,28.9,25,009,266300
2019,"Census Tract 2664, Essex County, Massachusetts",26.5,51.0,25,009,266400
2019,"Census Tract 2681, Essex County, Massachusetts",21.3,13.7,25,009,268100
2019,"Census Tract 2047.02, Essex County, Massachusetts",24.9,33.6,25,009,204702
2019,"Census Tract 2011, Essex County, Massachusetts",25.7,27.9,25,009,201100
2019,"Census Tract 2060, Essex County, Massachusetts",39.0,29.3,25,009,206000
2019,"Census Tract 2063, Essex County, Massachusetts",24.6,41.6,25,009,206300
2019,"Census Tract 2065, Essex County, Massachusetts",40.2,35.9,25,009,206500
2019,"Census Tract 2082, Essex County, Massachusetts",24.4,31.1,25,009,208200
2019,"Census Tract 2091, Essex County, Massachusetts",24.9,51.0,25,009,209100
2019,"Census Tract 2108, Essex County, Massachusetts",28.1,30.4,25,009,210800
2019,"Census Tract 2112, Essex County, Massachusetts",23.4,27.9,25,009,211200
2019,"Census Tract 2121, Essex County, Massachusetts",23.6,37.9,25,009,212100
2019,"Census Tract 2021.01, Essex County, Massachusetts",20.8,28.8,25,009,202101
2019,"Census Tract 2151.01, Essex County, Massachusetts",22.7,51.0,25,009,215101
2019,"Census Tract 2021.02, Essex County, Massachusetts",26.2,37.0,25,009,202102
2019,"Census Tract 2033.01, Essex County, Massachusetts",27.2,28.1,25,009,203301
2019,"Census Tract 2033.02, Essex County, Massachusetts",21.3,29.7,25,009,203302
2019,"Census Tract 2114.01, Essex County, Massachusetts",24.5,41.3,25,009,211401
2019,"Census Tract 2114.02, Essex County, Massachusetts",22.2,32.6,25,009,211402
2019,"Census Tract 2151.02, Essex County, Massachusetts",23.4,35.8,25,009,215102
2019,"Census Tract 2201.01, Essex County, Massachusetts",21.5,33.3,25,009,220101
2019,"Census Tract 2201.02, Essex County, Massachusetts",29.6,23.4,25,009,220102
2019,"Census Tract 2219.01, Essex County, Massachusetts",25.3,30.4,25,009,221901
2019,"Census Tract 2219.02, Essex County, Massachusetts",27.9,27.0,25,009,221902
2019,"Census Tract 9901, Essex County, Massachusetts",-666666666.0,-666666666.0,25,009,990100
2019,"Census Tract 4193, Norfolk County, Massachusetts",21.2,28.1,25,021,419300
2019,"Census Tract 4197, Norfolk County, Massachusetts",22.3,28.0,25,021,419700
2019,"Census Tract 4201, Norfolk County, Massachusetts",26.5,33.0,25,021,420100
2019,"Census Tract 4202.02, Norfolk County, Massachusetts",28.6,29.9,25,021,420202
2019,"Census Tract 4223.02, Norfolk County, Massachusetts",24.8,27.8,25,021,422302
2019,"Census Tract 4224, Norfolk County, Massachusetts",23.8,28.8,25,021,422400
2019,"Census Tract 4225.01, Norfolk County, Massachusetts",19.3,37.1,25,021,422501
2019,"Census Tract 4225.02, Norfolk County, Massachusetts",22.3,26.9,25,021,422502
2019,"Census Tract 4562, Norfolk County, Massachusetts",23.5,29.8,25,021,456200
2019,"Census Tract 4004, Norfolk County, Massachusetts",22.2,30.5,25,021,400400
2019,"Census Tract 4031, Norfolk County, Massachusetts",18.6,-666666666.0,25,021,403100
2019,"Census Tract 4035, Norfolk County, Massachusetts",19.1,33.1,25,021,403500
2019,"Census Tract 4042.02, Norfolk County, Massachusetts",19.8,27.3,25,021,404202
2019,"Census Tract 3241.01, Middlesex County, Massachusetts",20.6,34.5,25,017,324101
2019,"Census Tract 3173.01, Middlesex County, Massachusetts",19.8,51.0,25,017,317301
2019,"Census Tract 3173.02, Middlesex County, Massachusetts",20.9,26.7,25,017,317302
2019,"Census Tract 3201.03, Middlesex County, Massachusetts",19.0,42.8,25,017,320103
2019,"Census Tract 3201.04, Middlesex County, Massachusetts",20.4,35.7,25,017,320104
2019,"Census Tract 1601.01, Suffolk County, Massachusetts",19.8,29.0,25,025,160101
2019,"Census Tract 1605.01, Suffolk County, Massachusetts",27.4,30.6,25,025,160501
2019,"Census Tract 1605.02, Suffolk County, Massachusetts",24.9,39.6,25,025,160502
2019,"Census Tract 1606.01, Suffolk County, Massachusetts",20.1,30.8,25,025,160601
2019,"Census Tract 1606.02, Suffolk County, Massachusetts",29.6,28.4,25,025,160602
2019,"Census Tract 1705.01, Suffolk County, Massachusetts",32.7,37.5,25,025,170501
2019,"Census Tract 1401.05, Suffolk County, Massachusetts",21.5,28.8,25,025,140105
2019,"Census Tract 1705.02, Suffolk County, Massachusetts",26.3,35.9,25,025,170502
2019,"Census Tract 1706.01, Suffolk County, Massachusetts",25.2,28.0,25,025,170601
2019,"Census Tract 1707.01, Suffolk County, Massachusetts",26.1,38.1,25,025,170701
2019,"Census Tract 4113.01, Norfolk County, Massachusetts",25.1,25.5,25,021,411301
2019,"Census Tract 4134.01, Norfolk County, Massachusetts",19.5,26.7,25,021,413401
2019,"Census Tract 4161.01, Norfolk County, Massachusetts",19.7,36.1,25,021,416101
2019,"Census Tract 4113.02, Norfolk County, Massachusetts",25.8,35.8,25,021,411302
2019,"Census Tract 4134.02, Norfolk County, Massachusetts",26.4,26.0,25,021,413402
2019,"Census Tract 4161.02, Norfolk County, Massachusetts",23.6,37.5,25,021,416102
2019,"Census Tract 4177.01, Norfolk County, Massachusetts",28.3,29.4,25,021,417701
2019,"Census Tract 4177.02, Norfolk County, Massachusetts",22.7,24.6,25,021,417702
2019,"Census Tract 4180.03, Norfolk County, Massachusetts",23.8,29.0,25,021,418003
2019,"Census Tract 4180.04, Norfolk County, Massachusetts",25.8,34.1,25,021,418004
2019,"Census Tract 4181.01, Norfolk County, Massachusetts",24.0,30.4,25,021,418101
2019,"Census Tract 4181.02, Norfolk County, Massachusetts",32.6,29.6,25,021,418102
2019,"Census Tract 4412.03, Norfolk County, Massachusetts",23.3,37.7,25,021,441203
2019,"Census Tract 4412.04, Norfolk County, Massachusetts",19.0,28.1,25,021,441204
2019,"Census Tract 2214, Essex County, Massachusetts",23.8,37.1,25,009,221400
2019,"Census Tract 2215, Essex County, Massachusetts",24.4,31.6,25,009,221500
2019,"Census Tract 2218, Essex County, Massachusetts",24.6,21.4,25,009,221800
2019,"Census Tract 2532.01, Essex County, Massachusetts",23.4,33.3,25,009,253201
2019,"Census Tract 2532.02, Essex County, Massachusetts",22.0,28.1,25,009,253202
2019,"Census Tract 2641, Essex County, Massachusetts",23.5,41.3,25,009,264100
2019,"Census Tract 2651.02, Essex County, Massachusetts",21.1,40.6,25,009,265102
2019,"Census Tract 2032, Essex County, Massachusetts",21.9,28.1,25,009,203200
2019,"Census Tract 2041.01, Essex County, Massachusetts",29.3,33.2,25,009,204101
2019,"Census Tract 2045, Essex County, Massachusetts",24.4,30.7,25,009,204500
2019,"Census Tract 2047.01, Essex County, Massachusetts",21.9,28.9,25,009,204701
2019,"Census Tract 2053, Essex County, Massachusetts",20.4,36.4,25,009,205300
2019,"Census Tract 2057, Essex County, Massachusetts",27.8,27.9,25,009,205700
2019,"Census Tract 2069, Essex County, Massachusetts",48.4,30.5,25,009,206900
2019,"Census Tract 2107, Essex County, Massachusetts",24.6,31.5,25,009,210700
2019,"Census Tract 2172.02, Essex County, Massachusetts",22.9,40.7,25,009,217202
2019,"Census Tract 2217, Essex County, Massachusetts",24.4,28.5,25,009,221700
2019,"Census Tract 2231, Essex County, Massachusetts",21.4,30.1,25,009,223100
2019,"Census Tract 2515, Essex County, Massachusetts",28.5,31.0,25,009,251500
2019,"Census Tract 4143, Norfolk County, Massachusetts",19.5,29.6,25,021,414300
2019,"Census Tract 4163, Norfolk County, Massachusetts",20.1,33.8,25,021,416300
2019,"Census Tract 4164, Norfolk County, Massachusetts",20.2,23.9,25,021,416400
2019,"Census Tract 4175.01, Norfolk County, Massachusetts",28.2,28.1,25,021,417501
2019,"Census Tract 4180.02, Norfolk County, Massachusetts",26.6,24.7,25,021,418002
2019,"Census Tract 5114, Plymouth County, Massachusetts",24.8,36.9,25,023,511400
2019,"Census Tract 5202.02, Plymouth County, Massachusetts",25.0,26.4,25,023,520202
2019,"Census Tract 5211.01, Plymouth County, Massachusetts",24.8,28.1,25,023,521101
2019,"Census Tract 5232.01, Plymouth County, Massachusetts",23.3,20.9,25,023,523201
2019,"Census Tract 5441, Plymouth County, Massachusetts",24.1,51.0,25,023,544100
2019,"Census Tract 5452, Plymouth County, Massachusetts",24.9,39.1,25,023,545200
2019,"Census Tract 5601, Plymouth County, Massachusetts",25.0,27.2,25,023,560100
2019,"Census Tract 5051.02, Plymouth County, Massachusetts",22.0,24.2,25,023,505102
2019,"Census Tract 5071.04, Plymouth County, Massachusetts",22.7,23.9,25,023,507104
2019,"Census Tract 5221.01, Plymouth County, Massachusetts",23.4,28.8,25,023,522101
2019,"Census Tract 5451, Plymouth County, Massachusetts",22.9,45.0,25,023,545100
2019,"Census Tract 5108, Plymouth County, Massachusetts",25.3,30.7,25,023,510800
2019,"Census Tract 5052, Plymouth County, Massachusetts",23.4,24.6,25,023,505200
2019,"Census Tract 5062.04, Plymouth County, Massachusetts",27.0,29.6,25,023,506204
2019,"Census Tract 5071.01, Plymouth County, Massachusetts",23.5,24.9,25,023,507101
2019,"Census Tract 5071.03, Plymouth County, Massachusetts",20.3,16.1,25,023,507103
2019,"Census Tract 5081.01, Plymouth County, Massachusetts",23.7,49.7,25,023,508101
2019,"Census Tract 5102, Plymouth County, Massachusetts",21.5,25.1,25,023,510200
2019,"Census Tract 5232.02, Plymouth County, Massachusetts",23.2,28.8,25,023,523202
2019,"Census Tract 5261, Plymouth County, Massachusetts",26.9,22.6,25,023,526100
2019,"Census Tract 5303, Plymouth County, Massachusetts",28.7,32.0,25,023,530300
2019,"Census Tract 5109, Plymouth County, Massachusetts",33.3,36.1,25,023,510900
2019,"Census Tract 5115, Plymouth County, Massachusetts",29.3,31.1,25,023,511500
2019,"Census Tract 203.03, Suffolk County, Massachusetts",28.5,28.3,25,025,020303
2019,"Census Tract 4563.01, Norfolk County, Massachusetts",25.7,31.6,25,021,456301
2019,"Census Tract 4563.02, Norfolk County, Massachusetts",23.9,49.4,25,021,456302
2019,"Census Tract 4572, Norfolk County, Massachusetts",20.6,31.3,25,021,457200
2019,"Census Tract 5001.03, Plymouth County, Massachusetts",25.7,37.4,25,023,500103
2019,"Census Tract 5001.04, Plymouth County, Massachusetts",24.5,28.3,25,023,500104
2019,"Census Tract 7329.01, Worcester County, Massachusetts",22.8,26.4,25,027,732901
2019,"Census Tract 7331.01, Worcester County, Massachusetts",22.3,35.0,25,027,733101
2019,"Census Tract 7101, Worcester County, Massachusetts",23.7,28.4,25,027,710100
2019,"Census Tract 7075, Worcester County, Massachusetts",20.0,30.3,25,027,707500
2019,"Census Tract 7561.01, Worcester County, Massachusetts",19.8,20.0,25,027,756101
2019,"Census Tract 7502, Worcester County, Massachusetts",19.5,31.2,25,027,750200
2019,"Census Tract 7541, Worcester County, Massachusetts",26.4,27.6,25,027,754100
2019,"Census Tract 7551, Worcester County, Massachusetts",21.6,28.5,25,027,755100
2019,"Census Tract 7571, Worcester County, Massachusetts",25.0,27.7,25,027,757100
2019,"Census Tract 7601, Worcester County, Massachusetts",24.3,16.7,25,027,760100
2019,"Census Tract 7071, Worcester County, Massachusetts",24.0,31.4,25,027,707100
2019,"Census Tract 7092.01, Worcester County, Massachusetts",21.4,25.8,25,027,709201
2019,"Census Tract 7104, Worcester County, Massachusetts",24.4,39.3,25,027,710400
2019,"Census Tract 7131, Worcester County, Massachusetts",23.8,28.3,25,027,713100
2019,"Census Tract 7161, Worcester County, Massachusetts",20.3,25.1,25,027,716100
2019,"Census Tract 7231, Worcester County, Massachusetts",20.4,39.8,25,027,723100
2019,"Census Tract 7309.02, Worcester County, Massachusetts",18.6,23.1,25,027,730902
2019,"Census Tract 7314, Worcester County, Massachusetts",24.3,32.5,25,027,731400
2019,"Census Tract 7316, Worcester County, Massachusetts",20.8,33.6,25,027,731600
2019,"Census Tract 7361, Worcester County, Massachusetts",20.6,33.1,25,027,736100
2019,"Census Tract 7373, Worcester County, Massachusetts",20.2,23.2,25,027,737300
2019,"Census Tract 7393, Worcester County, Massachusetts",21.1,22.9,25,027,739300
2019,"Census Tract 7110, Worcester County, Massachusetts",30.2,28.6,25,027,711000
2019,"Census Tract 7001, Worcester County, Massachusetts",21.9,20.5,25,027,700100
2019,"Census Tract 7022, Worcester County, Massachusetts",20.2,29.3,25,027,702200
2019,"Census Tract 7042, Worcester County, Massachusetts",23.1,19.0,25,027,704200
2019,"Census Tract 4061.01, Norfolk County, Massachusetts",19.4,35.5,25,021,406101
2019,"Census Tract 4071, Norfolk County, Massachusetts",22.3,34.0,25,021,407100
2019,"Census Tract 4103, Norfolk County, Massachusetts",24.9,31.3,25,021,410300
2019,"Census Tract 4211, Norfolk County, Massachusetts",22.8,30.6,25,021,421100
2019,"Census Tract 4212, Norfolk County, Massachusetts",24.0,32.9,25,021,421200
2019,"Census Tract 4421.02, Norfolk County, Massachusetts",20.1,24.4,25,021,442102
2019,"Census Tract 4431.02, Norfolk County, Massachusetts",23.4,25.2,25,021,443102
2019,"Census Tract 4010, Norfolk County, Massachusetts",25.2,23.6,25,021,401000
2019,"Census Tract 4061.02, Norfolk County, Massachusetts",21.0,47.2,25,021,406102
2019,"Census Tract 4223.01, Norfolk County, Massachusetts",21.5,23.7,25,021,422301
2019,"Census Tract 4023, Norfolk County, Massachusetts",22.1,45.0,25,021,402300
2019,"Census Tract 4173, Norfolk County, Massachusetts",27.1,31.4,25,021,417300
2019,"Census Tract 4198, Norfolk County, Massachusetts",24.2,27.2,25,021,419800
2019,"Census Tract 4175.02, Norfolk County, Massachusetts",23.7,26.1,25,021,417502
2019,"Census Tract 4231, Norfolk County, Massachusetts",19.8,33.4,25,021,423100
2019,"Census Tract 4043.02, Norfolk County, Massachusetts",19.3,23.5,25,021,404302
2019,"Census Tract 7611, Worcester County, Massachusetts",21.5,24.1,25,027,761100
2019,"Census Tract 7331.02, Worcester County, Massachusetts",28.1,35.7,25,027,733102
2019,"Census Tract 7371, Worcester County, Massachusetts",19.2,26.9,25,027,737100
2019,"Census Tract 7372, Worcester County, Massachusetts",21.0,31.5,25,027,737200
2019,"Census Tract 4422.02, Norfolk County, Massachusetts",19.4,27.5,25,021,442202
2019,"Census Tract 914, Suffolk County, Massachusetts",21.9,34.0,25,025,091400
2019,"Census Tract 4422.01, Norfolk County, Massachusetts",18.7,23.0,25,021,442201
2019,"Census Tract 5082, Plymouth County, Massachusetts",22.6,24.7,25,023,508200
2019,"Census Tract 5101, Plymouth County, Massachusetts",26.1,31.4,25,023,510100
2019,"Census Tract 5105.01, Plymouth County, Massachusetts",28.0,42.9,25,023,510501
2019,"Census Tract 5107, Plymouth County, Massachusetts",23.7,39.8,25,023,510700
2019,"Census Tract 5112, Plymouth County, Massachusetts",27.0,30.8,25,023,511200
2019,"Census Tract 5116, Plymouth County, Massachusetts",23.1,28.9,25,023,511600
2019,"Census Tract 5117.02, Plymouth County, Massachusetts",21.9,24.1,25,023,511702
2019,"Census Tract 5241.01, Plymouth County, Massachusetts",22.6,27.5,25,023,524101
2019,"Census Tract 5411, Plymouth County, Massachusetts",21.1,14.7,25,023,541100
2019,"Census Tract 5422, Plymouth County, Massachusetts",22.0,35.1,25,023,542200
2019,"Census Tract 5202.01, Plymouth County, Massachusetts",26.1,28.1,25,023,520201
2019,"Census Tract 5211.02, Plymouth County, Massachusetts",22.7,32.5,25,023,521102
2019,"Census Tract 5212.01, Plymouth County, Massachusetts",23.5,28.3,25,023,521201
2019,"Census Tract 5221.02, Plymouth County, Massachusetts",22.2,27.6,25,023,522102
2019,"Census Tract 5231, Plymouth County, Massachusetts",23.4,36.4,25,023,523100
2019,"Census Tract 5241.02, Plymouth County, Massachusetts",22.5,35.3,25,023,524102
2019,"Census Tract 5251.01, Plymouth County, Massachusetts",23.3,33.8,25,023,525101
2019,"Census Tract 5253, Plymouth County, Massachusetts",-666666666.0,-666666666.0,25,023,525300
2019,"Census Tract 5304, Plymouth County, Massachusetts",22.1,29.9,25,023,530400
2019,"Census Tract 5454, Plymouth County, Massachusetts",25.2,26.5,25,023,545400
2019,"Census Tract 5306, Plymouth County, Massachusetts",22.0,42.2,25,023,530600
2019,"Census Tract 5423, Plymouth County, Massachusetts",23.1,31.7,25,023,542300
2019,"Census Tract 5442, Plymouth County, Massachusetts",23.7,41.3,25,023,544200
2019,"Census Tract 5031.02, Plymouth County, Massachusetts",24.1,38.6,25,023,503102
2019,"Census Tract 5110, Plymouth County, Massachusetts",26.1,35.1,25,023,511000
2019,"Census Tract 5301, Plymouth County, Massachusetts",24.8,28.0,25,023,530100
2019,"Census Tract 5302, Plymouth County, Massachusetts",28.3,32.4,25,023,530200
2019,"Census Tract 5307, Plymouth County, Massachusetts",26.2,29.5,25,023,530700
2019,"Census Tract 5453, Plymouth County, Massachusetts",20.6,42.1,25,023,545300
2019,"Census Tract 5611, Plymouth County, Massachusetts",25.5,27.9,25,023,561100
2019,"Census Tract 5012.01, Plymouth County, Massachusetts",19.5,-666666666.0,25,023,501201
2019,"Census Tract 5012.02, Plymouth County, Massachusetts",19.3,51.0,25,023,501202
2019,"Census Tract 5021.01, Plymouth County, Massachusetts",22.8,29.1,25,023,502101
2019,"Census Tract 5031.01, Plymouth County, Massachusetts",20.4,36.3,25,023,503101
2019,"Census Tract 3364.02, Middlesex County, Massachusetts",24.0,29.0,25,017,336402
2019,"Census Tract 3399, Middlesex County, Massachusetts",24.5,26.4,25,017,339900
2019,"Census Tract 3426, Middlesex County, Massachusetts",35.2,28.2,25,017,342600
2019,"Census Tract 3528, Middlesex County, Massachusetts",20.2,22.7,25,017,352800
2019,"Census Tract 3529, Middlesex County, Massachusetts",17.4,24.9,25,017,352900
2019,"Census Tract 3216, Middlesex County, Massachusetts",22.1,23.2,25,017,321600
2019,"Census Tract 3331, Middlesex County, Massachusetts",22.6,28.8,25,017,333100
2019,"Census Tract 3342, Middlesex County, Massachusetts",22.0,27.5,25,017,334200
2019,"Census Tract 3344, Middlesex County, Massachusetts",22.2,30.6,25,017,334400
2019,"Census Tract 3381, Middlesex County, Massachusetts",22.3,25.8,25,017,338100
2019,"Census Tract 3401, Middlesex County, Massachusetts",23.3,28.7,25,017,340100
2019,"Census Tract 3505, Middlesex County, Massachusetts",20.4,24.5,25,017,350500
2019,"Census Tract 3423, Middlesex County, Massachusetts",31.3,31.9,25,017,342300
2019,"Census Tract 3425, Middlesex County, Massachusetts",29.5,34.1,25,017,342500
2019,"Census Tract 3507, Middlesex County, Massachusetts",20.6,27.1,25,017,350700
2019,"Census Tract 3508, Middlesex County, Massachusetts",22.0,22.1,25,017,350800
2019,"Census Tract 3509, Middlesex County, Massachusetts",18.4,23.5,25,017,350900
2019,"Census Tract 3533, Middlesex County, Massachusetts",18.0,26.4,25,017,353300
2019,"Census Tract 3011.01, Middlesex County, Massachusetts",21.1,28.5,25,017,301101
2019,"Census Tract 3536, Middlesex County, Massachusetts",23.2,27.4,25,017,353600
2019,"Census Tract 5251.04, Plymouth County, Massachusetts",22.8,16.6,25,023,525104
2019,"Census Tract 5091.01, Plymouth County, Massachusetts",24.9,39.8,25,023,509101
2019,"Census Tract 5091.02, Plymouth County, Massachusetts",24.3,24.1,25,023,509102
2019,"Census Tract 5252.03, Plymouth County, Massachusetts",25.4,33.5,25,023,525203
2019,"Census Tract 5252.04, Plymouth County, Massachusetts",21.6,19.1,25,023,525204
2019,"Census Tract 5001.01, Plymouth County, Massachusetts",22.3,36.4,25,023,500101
2019,"Census Tract 5011.01, Plymouth County, Massachusetts",18.5,22.7,25,023,501101
2019,"Census Tract 5022, Plymouth County, Massachusetts",24.8,37.8,25,023,502200
2019,"Census Tract 5111, Plymouth County, Massachusetts",25.6,29.6,25,023,511100
2019,"Census Tract 5113.01, Plymouth County, Massachusetts",22.2,37.0,25,023,511301
2019,"Census Tract 5308.01, Plymouth County, Massachusetts",23.1,51.0,25,023,530801
2019,"Census Tract 5308.02, Plymouth County, Massachusetts",25.5,36.7,25,023,530802
2019,"Census Tract 5309.01, Plymouth County, Massachusetts",26.5,19.5,25,023,530901
2019,"Census Tract 5309.02, Plymouth County, Massachusetts",23.1,48.6,25,023,530902
2019,"Census Tract 5401.01, Plymouth County, Massachusetts",26.1,35.3,25,023,540101
2019,"Census Tract 5401.02, Plymouth County, Massachusetts",21.4,44.8,25,023,540102
2019,"Census Tract 5401.03, Plymouth County, Massachusetts",17.5,-666666666.0,25,023,540103
2019,"Census Tract 5421.01, Plymouth County, Massachusetts",22.9,24.6,25,023,542101
2019,"Census Tract 5421.02, Plymouth County, Massachusetts",22.3,27.8,25,023,542102
2019,"Census Tract 5612, Plymouth County, Massachusetts",20.3,51.0,25,023,561200
2019,"Census Tract 9900.03, Plymouth County, Massachusetts",-666666666.0,-666666666.0,25,023,990003
2019,"Census Tract 5.03, Suffolk County, Massachusetts",24.2,27.0,25,025,000503
2019,"Census Tract 5.04, Suffolk County, Massachusetts",21.5,30.2,25,025,000504
2019,"Census Tract 3685, Middlesex County, Massachusetts",26.8,28.2,25,017,368500
2019,"Census Tract 404.01, Suffolk County, Massachusetts",18.4,23.8,25,025,040401
2019,"Census Tract 408.01, Suffolk County, Massachusetts",18.1,27.1,25,025,040801
2019,"Census Tract 501.01, Suffolk County, Massachusetts",20.4,28.3,25,025,050101
2019,"Census Tract 509.01, Suffolk County, Massachusetts",29.2,33.2,25,025,050901
2019,"Census Tract 511.01, Suffolk County, Massachusetts",26.0,24.4,25,025,051101
2019,"Census Tract 601.01, Suffolk County, Massachusetts",19.9,21.9,25,025,060101
2019,"Census Tract 603.01, Suffolk County, Massachusetts",23.6,22.2,25,025,060301
2019,"Census Tract 605.01, Suffolk County, Massachusetts",19.5,19.7,25,025,060501
2019,"Census Tract 611.01, Suffolk County, Massachusetts",-666666666.0,28.5,25,025,061101
2019,"Census Tract 701.01, Suffolk County, Massachusetts",25.4,29.9,25,025,070101
2019,"Census Tract 704.02, Suffolk County, Massachusetts",51.0,29.8,25,025,070402
2019,"Census Tract 711.01, Suffolk County, Massachusetts",22.8,30.4,25,025,071101
2019,"Census Tract 804.01, Suffolk County, Massachusetts",23.1,32.9,25,025,080401
2019,"Census Tract 712.01, Suffolk County, Massachusetts",20.9,27.9,25,025,071201
2019,"Census Tract 806.01, Suffolk County, Massachusetts",28.4,51.0,25,025,080601
2019,"Census Tract 808.01, Suffolk County, Massachusetts",-666666666.0,27.9,25,025,080801
2019,"Census Tract 810.01, Suffolk County, Massachusetts",25.5,33.5,25,025,081001
2019,"Census Tract 909.01, Suffolk County, Massachusetts",-666666666.0,37.4,25,025,090901
2019,"Census Tract 910.01, Suffolk County, Massachusetts",18.4,30.9,25,025,091001
2019,"Census Tract 921.01, Suffolk County, Massachusetts",24.0,38.2,25,025,092101
2019,"Census Tract 1006.03, Suffolk County, Massachusetts",23.0,25.7,25,025,100603
2019,"Census Tract 1101.03, Suffolk County, Massachusetts",24.3,28.2,25,025,110103
2019,"Census Tract 1102.01, Suffolk County, Massachusetts",30.0,37.2,25,025,110201
2019,"Census Tract 1103.01, Suffolk County, Massachusetts",28.3,33.9,25,025,110301
2019,"Census Tract 1104.03, Suffolk County, Massachusetts",21.7,27.4,25,025,110403
2019,"Census Tract 1201.03, Suffolk County, Massachusetts",20.5,22.4,25,025,120103
2019,"Census Tract 1201.05, Suffolk County, Massachusetts",20.4,18.0,25,025,120105
2019,"Census Tract 1202.01, Suffolk County, Massachusetts",19.7,28.5,25,025,120201
2019,"Census Tract 1106.07, Suffolk County, Massachusetts",20.7,22.7,25,025,110607
2019,"Census Tract 1201.04, Suffolk County, Massachusetts",22.2,30.7,25,025,120104
2019,"Census Tract 1203.01, Suffolk County, Massachusetts",21.1,27.4,25,025,120301
2019,"Census Tract 1304.04, Suffolk County, Massachusetts",19.8,32.9,25,025,130404
2019,"Census Tract 7073, Worcester County, Massachusetts",25.7,26.1,25,027,707300
2019,"Census Tract 7121.01, Worcester County, Massachusetts",19.2,24.1,25,027,712101
2019,"Census Tract 7271, Worcester County, Massachusetts",19.8,29.3,25,027,727100
2019,"Census Tract 7282, Worcester County, Massachusetts",18.4,43.7,25,027,728200
2019,"Census Tract 7309.01, Worcester County, Massachusetts",23.4,29.7,25,027,730901
2019,"Census Tract 7317, Worcester County, Massachusetts",27.5,35.9,25,027,731700
2019,"Census Tract 7322.01, Worcester County, Massachusetts",19.7,26.6,25,027,732201
2019,"Census Tract 7401.01, Worcester County, Massachusetts",21.6,29.0,25,027,740101
2019,"Census Tract 7441.02, Worcester County, Massachusetts",22.2,24.1,25,027,744102
2019,"Census Tract 7531, Worcester County, Massachusetts",18.7,24.1,25,027,753100
2019,"Census Tract 7561.02, Worcester County, Massachusetts",18.8,26.3,25,027,756102
2019,"Census Tract 7573, Worcester County, Massachusetts",37.3,31.3,25,027,757300
2019,"Census Tract 4192, Norfolk County, Massachusetts",19.7,31.8,25,021,419200
2019,"Census Tract 4203.01, Norfolk County, Massachusetts",29.9,32.0,25,021,420301
2019,"Census Tract 4228, Norfolk County, Massachusetts",25.2,35.0,25,021,422800
2019,"Census Tract 4421.01, Norfolk County, Massachusetts",21.9,23.5,25,021,442101
2019,"Census Tract 4021.02, Norfolk County, Massachusetts",21.3,33.3,25,021,402102
2019,"Census Tract 4024, Norfolk County, Massachusetts",23.6,34.0,25,021,402400
2019,"Census Tract 4081.02, Norfolk County, Massachusetts",22.8,27.2,25,021,408102
2019,"Census Tract 4091.01, Norfolk County, Massachusetts",20.8,19.1,25,021,409101
2019,"Census Tract 4153, Norfolk County, Massachusetts",22.0,28.6,25,021,415300
2019,"Census Tract 4174, Norfolk County, Massachusetts",27.3,18.0,25,021,417400
2019,"Census Tract 3525, Middlesex County, Massachusetts",17.9,26.1,25,017,352500
2019,"Census Tract 4003, Norfolk County, Massachusetts",21.4,25.0,25,021,400300
2019,"Census Tract 4005, Norfolk County, Massachusetts",22.2,27.3,25,021,400500
2019,"Census Tract 4006, Norfolk County, Massachusetts",25.4,26.6,25,021,400600
2019,"Census Tract 4022, Norfolk County, Massachusetts",19.4,38.4,25,021,402200
2019,"Census Tract 4081.01, Norfolk County, Massachusetts",19.9,28.8,25,021,408101
2019,"Census Tract 4091.02, Norfolk County, Massachusetts",21.3,33.2,25,021,409102
2019,"Census Tract 4101, Norfolk County, Massachusetts",21.8,32.4,25,021,410100
2019,"Census Tract 4021.01, Norfolk County, Massachusetts",22.2,28.9,25,021,402101
2019,"Census Tract 3527, Middlesex County, Massachusetts",31.4,27.9,25,017,352700
2019,"Census Tract 3688, Middlesex County, Massachusetts",29.3,24.8,25,017,368800
2019,"Census Tract 3689.02, Middlesex County, Massachusetts",28.2,31.9,25,017,368902
2019,"Census Tract 3732, Middlesex County, Massachusetts",23.5,26.4,25,017,373200
2019,"Census Tract 3743, Middlesex County, Massachusetts",20.4,29.5,25,017,374300
2019,"Census Tract 3872.01, Middlesex County, Massachusetts",20.8,27.4,25,017,387201
2019,"Census Tract 3881, Middlesex County, Massachusetts",19.8,23.2,25,017,388100
2019,"Census Tract 3621, Middlesex County, Massachusetts",19.9,41.0,25,017,362100
2019,"Census Tract 3593, Middlesex County, Massachusetts",21.5,26.4,25,017,359300
2019,"Census Tract 3611, Middlesex County, Massachusetts",24.1,28.3,25,017,361100
2019,"Census Tract 2684, Essex County, Massachusetts",20.8,29.3,25,009,268400
2019,"Census Tract 2701, Essex County, Massachusetts",21.5,27.8,25,009,270100
2019,"Census Tract 2543.01, Essex County, Massachusetts",20.1,23.4,25,009,254301
2019,"Census Tract 2604.01, Essex County, Massachusetts",24.7,22.2,25,009,260401
2019,"Census Tract 2054, Essex County, Massachusetts",22.2,25.1,25,009,205400
2019,"Census Tract 2072, Essex County, Massachusetts",23.1,26.8,25,009,207200
2019,"Census Tract 2102, Essex County, Massachusetts",19.8,24.7,25,009,210200
2019,"Census Tract 2111, Essex County, Massachusetts",23.0,32.6,25,009,211100
2019,"Census Tract 2181, Essex County, Massachusetts",19.9,29.7,25,009,218100
2019,"Census Tract 2161, Essex County, Massachusetts",22.0,34.1,25,009,216100
2019,"Census Tract 2172.01, Essex County, Massachusetts",23.2,26.6,25,009,217201
2019,"Census Tract 2174, Essex County, Massachusetts",26.2,34.8,25,009,217400
2019,"Census Tract 2508, Essex County, Massachusetts",27.4,43.5,25,009,250800
2019,"Census Tract 2517, Essex County, Massachusetts",22.2,31.6,25,009,251700
2019,"Census Tract 2518, Essex County, Massachusetts",25.3,38.0,25,009,251800
2019,"Census Tract 2522.02, Essex County, Massachusetts",22.3,-666666666.0,25,009,252202
2019,"Census Tract 2526.02, Essex County, Massachusetts",21.4,32.4,25,009,252602
2019,"Census Tract 2043, Essex County, Massachusetts",23.1,33.6,25,009,204300
2019,"Census Tract 2051, Essex County, Massachusetts",25.6,26.8,25,009,205100
2019,"Census Tract 2055, Essex County, Massachusetts",27.5,38.3,25,009,205500
2019,"Census Tract 2071, Essex County, Massachusetts",30.1,34.5,25,009,207100
2019,"Census Tract 2081.01, Essex County, Massachusetts",26.4,26.6,25,009,208101
2019,"Census Tract 2081.02, Essex County, Massachusetts",25.9,41.9,25,009,208102
2019,"Census Tract 2083, Essex County, Massachusetts",26.1,28.7,25,009,208300
2019,"Census Tract 2044, Essex County, Massachusetts",24.3,31.6,25,009,204400
2019,"Census Tract 2066, Essex County, Massachusetts",28.0,40.3,25,009,206600
2019,"Census Tract 2101, Essex County, Massachusetts",19.0,30.4,25,009,210100
2019,"Census Tract 2175, Essex County, Massachusetts",18.5,35.1,25,009,217500
2019,"Census Tract 2221, Essex County, Massachusetts",26.5,32.9,25,009,222100
2019,"Census Tract 2062, Essex County, Massachusetts",29.4,30.8,25,009,206200
2019,"Census Tract 2141, Essex County, Massachusetts",22.6,36.0,25,009,214100
2019,"Census Tract 2507, Essex County, Massachusetts",32.8,40.2,25,009,250700
2019,"Census Tract 2544.03, Essex County, Massachusetts",20.2,24.3,25,009,254403
2019,"Census Tract 2662, Essex County, Massachusetts",24.0,26.3,25,009,266200
2019,"Census Tract 7121.02, Worcester County, Massachusetts",20.9,28.1,25,027,712102
2019,"Census Tract 7201, Worcester County, Massachusetts",18.5,20.0,25,027,720100
2019,"Census Tract 7291, Worcester County, Massachusetts",21.1,24.1,25,027,729100
2019,"Census Tract 7102, Worcester County, Massachusetts",21.7,22.4,25,027,710200
2019,"Census Tract 7105, Worcester County, Massachusetts",30.2,30.4,25,027,710500
2019,"Census Tract 7330, Worcester County, Massachusetts",37.5,34.8,25,027,733000
2019,"Census Tract 7308.01, Worcester County, Massachusetts",23.0,28.6,25,027,730801
2019,"Census Tract 7311.01, Worcester County, Massachusetts",22.1,29.9,25,027,731101
2019,"Census Tract 7394, Worcester County, Massachusetts",19.7,32.0,25,027,739400
2019,"Census Tract 7061, Worcester County, Massachusetts",21.5,27.9,25,027,706100
2019,"Census Tract 7103, Worcester County, Massachusetts",22.8,29.0,25,027,710300
2019,"Census Tract 7091, Worcester County, Massachusetts",26.8,24.1,25,027,709100
2019,"Census Tract 7092.02, Worcester County, Massachusetts",24.5,32.3,25,027,709202
2019,"Census Tract 7097.02, Worcester County, Massachusetts",24.7,26.5,25,027,709702
2019,"Census Tract 7162, Worcester County, Massachusetts",24.2,26.9,25,027,716200
2019,"Census Tract 7163, Worcester County, Massachusetts",21.6,28.4,25,027,716300
2019,"Census Tract 7262, Worcester County, Massachusetts",22.6,28.5,25,027,726200
2019,"Census Tract 7281, Worcester County, Massachusetts",21.2,27.0,25,027,728100
2019,"Census Tract 7292, Worcester County, Massachusetts",18.3,32.1,25,027,729200
2019,"Census Tract 7301, Worcester County, Massachusetts",22.6,44.2,25,027,730100
2019,"Census Tract 7307, Worcester County, Massachusetts",22.5,32.8,25,027,730700
2019,"Census Tract 7442, Worcester County, Massachusetts",22.2,31.1,25,027,744200
2019,"Census Tract 7097.01, Worcester County, Massachusetts",22.5,27.8,25,027,709701
2019,"Census Tract 7351, Worcester County, Massachusetts",19.4,26.2,25,027,735100
2019,"Census Tract 7543, Worcester County, Massachusetts",38.0,33.8,25,027,754300
2019,"Census Tract 7308.02, Worcester County, Massachusetts",22.0,23.6,25,027,730802
2019,"Census Tract 7171, Worcester County, Massachusetts",24.1,19.8,25,027,717100
2019,"Census Tract 7326, Worcester County, Massachusetts",42.1,31.7,25,027,732600
2019,"Census Tract 7241, Worcester County, Massachusetts",21.2,37.9,25,027,724100
2019,"Census Tract 7304.01, Worcester County, Massachusetts",22.9,31.4,25,027,730401
2019,"Census Tract 7320.02, Worcester County, Massachusetts",29.6,26.0,25,027,732002
2019,"Census Tract 7441.01, Worcester County, Massachusetts",22.7,26.9,25,027,744101
2019,"Census Tract 7591, Worcester County, Massachusetts",21.7,27.2,25,027,759100
2019,"Census Tract 7072, Worcester County, Massachusetts",32.6,34.8,25,027,707200
2019,"Census Tract 7304.02, Worcester County, Massachusetts",30.2,27.9,25,027,730402
2019,"Census Tract 7391, Worcester County, Massachusetts",18.9,24.0,25,027,739100
2019,"Census Tract 2211, Essex County, Massachusetts",23.8,51.0,25,009,221100
2019,"Census Tract 2213, Essex County, Massachusetts",25.8,19.8,25,009,221300
2019,"Census Tract 2513, Essex County, Massachusetts",21.9,32.1,25,009,251300
2019,"Census Tract 2516, Essex County, Massachusetts",17.7,35.8,25,009,251600
2019,"Census Tract 2531, Essex County, Massachusetts",29.2,24.5,25,009,253100
2019,"Census Tract 2532.03, Essex County, Massachusetts",18.9,28.7,25,009,253203
2019,"Census Tract 3748, Middlesex County, Massachusetts",21.9,29.7,25,017,374800
2019,"Census Tract 3823, Middlesex County, Massachusetts",20.2,18.4,25,017,382300
2019,"Census Tract 3011.02, Middlesex County, Massachusetts",22.3,32.5,25,017,301102
2019,"Census Tract 3120, Middlesex County, Massachusetts",25.0,33.9,25,017,312000
2019,"Census Tract 3161.01, Middlesex County, Massachusetts",22.6,45.0,25,017,316101
2019,"Census Tract 1707.02, Suffolk County, Massachusetts",26.4,30.7,25,025,170702
2019,"Census Tract 1801.01, Suffolk County, Massachusetts",23.7,44.8,25,025,180101
2019,"Census Tract 1803.01, Suffolk County, Massachusetts",20.5,24.8,25,025,180301
2019,"Census Tract 9801.01, Suffolk County, Massachusetts",-666666666.0,-666666666.0,25,025,980101
2019,"Census Tract 9803, Suffolk County, Massachusetts",-666666666.0,-666666666.0,25,025,980300
2019,"Census Tract 9807, Suffolk County, Massachusetts",-666666666.0,-666666666.0,25,025,980700
2019,"Census Tract 9810, Suffolk County, Massachusetts",-666666666.0,-666666666.0,25,025,981000
2019,"Census Tract 9811, Suffolk County, Massachusetts",36.7,51.0,25,025,981100
2019,"Census Tract 9812.01, Suffolk County, Massachusetts",-666666666.0,-666666666.0,25,025,981201
2019,"Census Tract 9812.02, Suffolk County, Massachusetts",-666666666.0,-666666666.0,25,025,981202
2019,"Census Tract 9813, Suffolk County, Massachusetts",20.3,25.5,25,025,981300
2019,"Census Tract 9815.01, Suffolk County, Massachusetts",-666666666.0,-666666666.0,25,025,981501
2019,"Census Tract 9815.02, Suffolk County, Massachusetts",-666666666.0,-666666666.0,25,025,981502
2019,"Census Tract 3534, Middlesex County, Massachusetts",22.5,36.1,25,017,353400
2019,"Census Tract 3566.01, Middlesex County, Massachusetts",21.6,30.5,25,017,356601
2019,"Census Tract 3571, Middlesex County, Massachusetts",19.9,33.2,25,017,357100
2019,"Census Tract 3577, Middlesex County, Massachusetts",23.7,26.2,25,017,357700
2019,"Census Tract 3398.02, Middlesex County, Massachusetts",20.5,21.3,25,017,339802
2019,"Census Tract 3411.01, Middlesex County, Massachusetts",21.7,23.9,25,017,341101
2019,"Census Tract 3398.01, Middlesex County, Massachusetts",31.1,28.3,25,017,339801
2019,"Census Tract 3411.02, Middlesex County, Massachusetts",22.4,29.7,25,017,341102
2019,"Census Tract 3419.01, Middlesex County, Massachusetts",22.6,31.8,25,017,341901
2019,"Census Tract 3419.02, Middlesex County, Massachusetts",23.6,28.0,25,017,341902
2019,"Census Tract 3421.01, Middlesex County, Massachusetts",26.0,30.0,25,017,342101
2019,"Census Tract 3421.02, Middlesex County, Massachusetts",26.6,31.3,25,017,342102
2019,"Census Tract 3422.01, Middlesex County, Massachusetts",27.1,41.9,25,017,342201
2019,"Census Tract 3422.02, Middlesex County, Massachusetts",31.4,32.8,25,017,342202
2019,"Census Tract 3501.03, Middlesex County, Massachusetts",25.4,26.6,25,017,350103
2019,"Census Tract 3501.04, Middlesex County, Massachusetts",29.7,27.1,25,017,350104
2019,"Census Tract 3512.03, Middlesex County, Massachusetts",19.9,25.1,25,017,351203
2019,"Census Tract 3734, Middlesex County, Massachusetts",22.2,27.9,25,017,373400
2019,"Census Tract 3681.01, Middlesex County, Massachusetts",19.0,22.1,25,017,368101
2019,"Census Tract 3684, Middlesex County, Massachusetts",19.5,26.4,25,017,368400
2019,"Census Tract 3691, Middlesex County, Massachusetts",20.7,25.5,25,017,369100
2019,"Census Tract 3832, Middlesex County, Massachusetts",25.9,23.3,25,017,383200
2019,"Census Tract 3871, Middlesex County, Massachusetts",21.3,25.9,25,017,387100
2019,"Census Tract 3543, Middlesex County, Massachusetts",18.8,26.0,25,017,354300
2019,"Census Tract 3547, Middlesex County, Massachusetts",17.8,23.1,25,017,354700
2019,"Census Tract 3548, Middlesex County, Massachusetts",19.8,27.0,25,017,354800
2019,"Census Tract 3581, Middlesex County, Massachusetts",19.9,22.7,25,017,358100
2019,"Census Tract 3585, Middlesex County, Massachusetts",24.3,23.1,25,017,358500
2019,"Census Tract 3690, Middlesex County, Massachusetts",28.1,23.8,25,017,369000
2019,"Census Tract 3701.02, Middlesex County, Massachusetts",23.6,25.2,25,017,370102
2019,"Census Tract 3103, Middlesex County, Massachusetts",26.0,33.6,25,017,310300
2019,"Census Tract 3106.01, Middlesex County, Massachusetts",20.6,27.9,25,017,310601
2019,"Census Tract 3241.02, Middlesex County, Massachusetts",21.7,25.6,25,017,324102
2019,"Census Tract 3261.01, Middlesex County, Massachusetts",18.8,35.5,25,017,326101
2019,"Census Tract 3261.02, Middlesex County, Massachusetts",22.9,25.9,25,017,326102
2019,"Census Tract 3353.02, Middlesex County, Massachusetts",20.7,28.0,25,017,335302
2019,"Census Tract 3353.01, Middlesex County, Massachusetts",26.0,27.9,25,017,335301
2019,"Census Tract 5106, Plymouth County, Massachusetts",20.8,26.2,25,023,510600
2019,"Census Tract 5212.02, Plymouth County, Massachusetts",24.0,29.0,25,023,521202
2019,"Census Tract 5062.02, Plymouth County, Massachusetts",22.0,34.3,25,023,506202
2019,"Census Tract 5081.02, Plymouth County, Massachusetts",20.9,22.7,25,023,508102
2019,"Census Tract 5113.02, Plymouth County, Massachusetts",23.8,27.8,25,023,511302
2019,"Census Tract 2104, Essex County, Massachusetts",21.5,45.9,25,009,210400
2019,"Census Tract 2105, Essex County, Massachusetts",21.6,37.2,25,009,210500
2019,"Census Tract 2131, Essex County, Massachusetts",21.5,23.5,25,009,213100
2019,"Census Tract 2171, Essex County, Massachusetts",21.2,46.6,25,009,217100
2019,"Census Tract 2232, Essex County, Massachusetts",25.6,36.3,25,009,223200
2019,"Census Tract 2504, Essex County, Massachusetts",42.6,37.1,25,009,250400
2019,"Census Tract 2509, Essex County, Massachusetts",41.4,34.4,25,009,250900
2019,"Census Tract 2512, Essex County, Massachusetts",23.3,39.8,25,009,251200
2019,"Census Tract 2605, Essex County, Massachusetts",23.0,42.3,25,009,260500
2019,"Census Tract 2607, Essex County, Massachusetts",20.9,45.5,25,009,260700
2019,"Census Tract 2651.01, Essex County, Massachusetts",20.9,30.4,25,009,265101
2019,"Census Tract 2682, Essex County, Massachusetts",21.1,29.7,25,009,268200
2019,"Census Tract 2041.02, Essex County, Massachusetts",23.8,32.4,25,009,204102
2019,"Census Tract 2059, Essex County, Massachusetts",28.1,32.4,25,009,205900
2019,"Census Tract 2068, Essex County, Massachusetts",25.1,32.4,25,009,206800
2019,"Census Tract 2103, Essex County, Massachusetts",22.3,40.0,25,009,210300
2019,"Census Tract 2176, Essex County, Massachusetts",22.0,31.8,25,009,217600
2019,"Census Tract 2233, Essex County, Massachusetts",23.2,18.4,25,009,223300
2019,"Census Tract 2503, Essex County, Massachusetts",51.0,34.4,25,009,250300
2019,"Census Tract 2524, Essex County, Massachusetts",32.4,39.0,25,009,252400
2019,"Census Tract 2514, Essex County, Massachusetts",35.2,30.6,25,009,251400
2019,"Census Tract 2521.02, Essex County, Massachusetts",21.0,24.3,25,009,252102
2019,"Census Tract 202, Suffolk County, Massachusetts",23.8,26.7,25,025,020200
2019,"Census Tract 303, Suffolk County, Massachusetts",29.6,20.9,25,025,030300
2019,"Census Tract 610, Suffolk County, Massachusetts",19.7,26.7,25,025,061000
2019,"Census Tract 612, Suffolk County, Massachusetts",18.4,23.9,25,025,061200
2019,"Census Tract 901, Suffolk County, Massachusetts",23.9,34.7,25,025,090100
2019,"Census Tract 902, Suffolk County, Massachusetts",47.1,37.5,25,025,090200
2019,"Census Tract 907, Suffolk County, Massachusetts",27.0,29.5,25,025,090700
2019,"Census Tract 912, Suffolk County, Massachusetts",20.9,31.8,25,025,091200
2019,"Census Tract 1003, Suffolk County, Massachusetts",31.0,40.5,25,025,100300
2019,"Census Tract 1011.01, Suffolk County, Massachusetts",27.2,51.0,25,025,101101
2019,"Census Tract 1303, Suffolk County, Massachusetts",18.5,41.3,25,025,130300
2019,"Census Tract 1401.02, Suffolk County, Massachusetts",22.9,27.9,25,025,140102
2019,"Census Tract 1403, Suffolk County, Massachusetts",32.3,40.0,25,025,140300
2019,"Census Tract 1804, Suffolk County, Massachusetts",27.5,28.2,25,025,180400
2019,"Census Tract 2604.02, Essex County, Massachusetts",19.8,22.6,25,009,260402
2019,"Census Tract 3352, Middlesex County, Massachusetts",21.8,25.3,25,017,335200
2019,"Census Tract 3535, Middlesex County, Massachusetts",21.5,30.9,25,017,353500
2019,"Census Tract 3383, Middlesex County, Massachusetts",24.0,27.5,25,017,338300
2019,"Census Tract 3113, Middlesex County, Massachusetts",20.4,31.4,25,017,311300
2019,"Census Tract 3223, Middlesex County, Massachusetts",20.6,26.4,25,017,322300
2019,"Census Tract 3361, Middlesex County, Massachusetts",21.1,32.0,25,017,336100
2019,"Census Tract 3526, Middlesex County, Massachusetts",19.3,27.6,25,017,352600
2019,"Census Tract 4191, Norfolk County, Massachusetts",22.4,34.1,25,021,419100
2019,"Census Tract 4202.01, Norfolk County, Massachusetts",24.4,26.2,25,021,420201
2019,"Census Tract 4421.03, Norfolk County, Massachusetts",19.6,-666666666.0,25,021,442103
2019,"Census Tract 4564.01, Norfolk County, Massachusetts",25.4,32.5,25,021,456401
2019,"Census Tract 4564.02, Norfolk County, Massachusetts",22.4,51.0,25,021,456402
2019,"Census Tract 4033, Norfolk County, Massachusetts",19.6,29.7,25,021,403300
2019,"Census Tract 7322.03, Worcester County, Massachusetts",26.4,31.5,25,027,732203
2019,"Census Tract 7401.02, Worcester County, Massachusetts",22.3,27.6,25,027,740102
2019,"Census Tract 7491, Worcester County, Massachusetts",21.1,24.6,25,027,749100
2019,"Census Tract 7532, Worcester County, Massachusetts",24.1,31.4,25,027,753200
2019,"Census Tract 7552, Worcester County, Massachusetts",22.6,24.1,25,027,755200
2019,"Census Tract 7572, Worcester County, Massachusetts",27.9,33.2,25,027,757200
2019,"Census Tract 7031, Worcester County, Massachusetts",18.6,29.4,25,027,703100
2019,"Census Tract 7032, Worcester County, Massachusetts",19.4,28.5,25,027,703200
2019,"Census Tract 7051, Worcester County, Massachusetts",19.8,27.9,25,027,705100
2019,"Census Tract 7074, Worcester County, Massachusetts",22.4,22.0,25,027,707400
2019,"Census Tract 7106, Worcester County, Massachusetts",22.8,27.9,25,027,710600
2019,"Census Tract 7151, Worcester County, Massachusetts",21.3,32.7,25,027,715100
2019,"Census Tract 4001, Norfolk County, Massachusetts",23.8,32.6,25,021,400100
2019,"Census Tract 4007, Norfolk County, Massachusetts",18.2,28.9,25,021,400700
2019,"Census Tract 4025, Norfolk County, Massachusetts",19.2,31.0,25,021,402500
2019,"Census Tract 4104, Norfolk County, Massachusetts",19.8,30.1,25,021,410400
2019,"Census Tract 4152, Norfolk County, Massachusetts",25.6,33.1,25,021,415200
2019,"Census Tract 4171, Norfolk County, Massachusetts",21.3,20.0,25,021,417100
2019,"Census Tract 4178.02, Norfolk County, Massachusetts",23.4,32.6,25,021,417802
2019,"Census Tract 4179.02, Norfolk County, Massachusetts",23.5,28.4,25,021,417902
2019,"Census Tract 9816, Suffolk County, Massachusetts",-666666666.0,-666666666.0,25,025,981600
2019,"Census Tract 9817, Suffolk County, Massachusetts",-666666666.0,-666666666.0,25,025,981700
2019,"Census Tract 9818, Suffolk County, Massachusetts",-666666666.0,-666666666.0,25,025,981800
2019,"Census Tract 9901.01, Suffolk County, Massachusetts",-666666666.0,-666666666.0,25,025,990101
2019,"Census Tract 3512.04, Middlesex County, Massachusetts",19.6,31.6,25,017,351204
2019,"Census Tract 3514.03, Middlesex County, Massachusetts",23.1,31.8,25,017,351403
2019,"Census Tract 3514.04, Middlesex County, Massachusetts",23.2,32.8,25,017,351404
2019,"Census Tract 3521.01, Middlesex County, Massachusetts",22.9,36.2,25,017,352101
2019,"Census Tract 3521.02, Middlesex County, Massachusetts",23.2,30.1,25,017,352102
2019,"Census Tract 3531.01, Middlesex County, Massachusetts",9.0,26.9,25,017,353101
2019,"Census Tract 3531.02, Middlesex County, Massachusetts",-666666666.0,40.5,25,017,353102
2019,"Census Tract 3567.02, Middlesex County, Massachusetts",20.6,29.0,25,017,356702
2019,"Census Tract 3631.03, Middlesex County, Massachusetts",19.7,23.5,25,017,363103
2019,"Census Tract 3631.04, Middlesex County, Massachusetts",21.9,22.0,25,017,363104
2019,"Census Tract 3662.02, Middlesex County, Massachusetts",20.4,22.4,25,017,366202
2019,"Census Tract 3702.01, Middlesex County, Massachusetts",19.7,20.6,25,017,370201
2019,"Census Tract 3702.02, Middlesex County, Massachusetts",21.0,32.0,25,017,370202
2019,"Census Tract 3215, Middlesex County, Massachusetts",22.0,35.7,25,017,321500
2019,"Census Tract 3271.02, Middlesex County, Massachusetts",25.1,23.7,25,017,327102
2019,"Census Tract 3281, Middlesex County, Massachusetts",21.7,25.3,25,017,328100
2019,"Census Tract 3163, Middlesex County, Massachusetts",20.3,28.3,25,017,316300
2019,"Census Tract 3165, Middlesex County, Massachusetts",23.0,27.0,25,017,316500
2019,"Census Tract 3181, Middlesex County, Massachusetts",23.5,19.0,25,017,318100
2019,"Census Tract 3182, Middlesex County, Massachusetts",21.5,21.7,25,017,318200
2019,"Census Tract 3201.02, Middlesex County, Massachusetts",19.1,32.1,25,017,320102
2019,"Census Tract 3214, Middlesex County, Massachusetts",26.3,24.0,25,017,321400
2019,"Census Tract 3224, Middlesex County, Massachusetts",21.7,26.0,25,017,322400
2019,"Census Tract 3102, Middlesex County, Massachusetts",23.0,29.8,25,017,310200
2019,"Census Tract 3117, Middlesex County, Massachusetts",23.4,18.5,25,017,311700
2019,"Census Tract 3119, Middlesex County, Massachusetts",24.5,33.8,25,017,311900
2019,"Census Tract 3124, Middlesex County, Massachusetts",29.6,33.5,25,017,312400
2019,"Census Tract 3125.02, Middlesex County, Massachusetts",20.7,24.9,25,017,312502
2019,"Census Tract 7.03, Suffolk County, Massachusetts",-666666666.0,45.2,25,025,000703
2019,"Census Tract 7.04, Suffolk County, Massachusetts",32.9,28.8,25,025,000704
2019,"Census Tract 8.03, Suffolk County, Massachusetts",-666666666.0,51.0,25,025,000803
2019,"Census Tract 2543.02, Essex County, Massachusetts",21.6,13.9,25,009,254302
2019,"Census Tract 2544.02, Essex County, Massachusetts",22.0,23.9,25,009,254402
2019,"Census Tract 2603.01, Essex County, Massachusetts",22.6,27.6,25,009,260301
2019,"Census Tract 1304.06, Suffolk County, Massachusetts",22.3,33.4,25,025,130406
2019,"Census Tract 1401.06, Suffolk County, Massachusetts",18.3,32.1,25,025,140106
2019,"Census Tract 1401.07, Suffolk County, Massachusetts",19.1,28.0,25,025,140107
2019,"Census Tract 3612, Middlesex County, Massachusetts",20.5,32.9,25,017,361200
2019,"Census Tract 3565, Middlesex County, Massachusetts",19.9,25.0,25,017,356500
2019,"Census Tract 2525.02, Essex County, Massachusetts",23.6,45.5,25,009,252502
2019,"Census Tract 3602, Middlesex County, Massachusetts",21.0,28.1,25,017,360200
2019,"Census Tract 809, Suffolk County, Massachusetts",-666666666.0,29.7,25,025,080900
2019,"Census Tract 814, Suffolk County, Massachusetts",24.1,39.3,25,025,081400
2019,"Census Tract 818, Suffolk County, Massachusetts",39.5,37.5,25,025,081800
2019,"Census Tract 903, Suffolk County, Massachusetts",41.7,47.4,25,025,090300
2019,"Census Tract 923, Suffolk County, Massachusetts",31.3,38.7,25,025,092300
2019,"Census Tract 1604, Suffolk County, Massachusetts",18.8,31.5,25,025,160400
2019,"Census Tract 1602, Suffolk County, Massachusetts",21.9,33.1,25,025,160200
2019,"Census Tract 1704, Suffolk County, Massachusetts",32.4,34.6,25,025,170400
2019,"Census Tract 2522.01, Essex County, Massachusetts",21.8,18.8,25,009,252201
2019,"Census Tract 2523, Essex County, Massachusetts",23.8,38.1,25,009,252300
2019,"Census Tract 2526.01, Essex County, Massachusetts",20.7,34.3,25,009,252601
2019,"Census Tract 2532.05, Essex County, Massachusetts",19.2,-666666666.0,25,009,253205
2019,"Census Tract 2542, Essex County, Massachusetts",22.1,29.1,25,009,254200
2019,"Census Tract 2544.01, Essex County, Massachusetts",19.9,24.3,25,009,254401
2019,"Census Tract 2601, Essex County, Massachusetts",35.9,32.5,25,009,260100
2019,"Census Tract 2631, Essex County, Massachusetts",19.9,29.4,25,009,263100
2019,"Census Tract 2691, Essex County, Massachusetts",20.3,29.9,25,009,269100
2019,"Census Tract 2022, Essex County, Massachusetts",23.3,27.6,25,009,202200
2019,"Census Tract 2046, Essex County, Massachusetts",23.0,24.1,25,009,204600
2019,"Census Tract 2056, Essex County, Massachusetts",24.5,32.9,25,009,205600
2019,"Census Tract 2058, Essex County, Massachusetts",40.3,37.6,25,009,205800
2019,"Census Tract 2070, Essex County, Massachusetts",26.5,31.3,25,009,207000
2019,"Census Tract 3413, Middlesex County, Massachusetts",25.8,34.5,25,017,341300
2019,"Census Tract 3415, Middlesex County, Massachusetts",25.6,29.9,25,017,341500
2019,"Census Tract 3424, Middlesex County, Massachusetts",28.9,32.3,25,017,342400
2019,"Census Tract 3503, Middlesex County, Massachusetts",21.7,23.2,25,017,350300
2019,"Census Tract 3826.01, Middlesex County, Massachusetts",21.3,21.5,25,017,382601
2019,"Census Tract 3826.02, Middlesex County, Massachusetts",21.4,29.7,25,017,382602
2019,"Census Tract 3831.02, Middlesex County, Massachusetts",18.7,32.0,25,017,383102
2019,"Census Tract 3567.01, Middlesex County, Massachusetts",24.9,26.1,25,017,356701
2019,"Census Tract 3662.01, Middlesex County, Massachusetts",20.0,-666666666.0,25,017,366201
2019,"Census Tract 3831.01, Middlesex County, Massachusetts",32.4,31.9,25,017,383101
2019,"Census Tract 3840.01, Middlesex County, Massachusetts",23.9,34.4,25,017,384001
2019,"Census Tract 3840.02, Middlesex County, Massachusetts",20.0,27.5,25,017,384002
2019,"Census Tract 3852.01, Middlesex County, Massachusetts",20.2,29.7,25,017,385201
2019,"Census Tract 3852.02, Middlesex County, Massachusetts",22.1,36.1,25,017,385202
2019,"Census Tract 3882, Middlesex County, Massachusetts",23.5,22.7,25,017,388200
2019,"Census Tract 3883, Middlesex County, Massachusetts",19.6,30.6,25,017,388300
2019,"Census Tract 9800, Middlesex County, Massachusetts",-666666666.0,-666666666.0,25,017,980000
2019,"Census Tract 7305, Worcester County, Massachusetts",26.3,32.8,25,027,730500
2019,"Census Tract 7318, Worcester County, Massachusetts",18.8,29.6,25,027,731800
2019,"Census Tract 3131.02, Middlesex County, Massachusetts",22.7,30.4,25,017,313102
2019,"Census Tract 3143.01, Middlesex County, Massachusetts",22.9,34.4,25,017,314301
2019,"Census Tract 3171.01, Middlesex County, Massachusetts",20.9,33.0,25,017,317101
2019,"Census Tract 3172.01, Middlesex County, Massachusetts",20.8,-666666666.0,25,017,317201
2019,"Census Tract 3271.01, Middlesex County, Massachusetts",19.8,18.5,25,017,327101
2019,"Census Tract 3333, Middlesex County, Massachusetts",24.1,29.3,25,017,333300
2019,"Census Tract 3335.01, Middlesex County, Massachusetts",20.4,23.4,25,017,333501
2019,"Census Tract 7395, Worcester County, Massachusetts",19.6,23.1,25,027,739500
2019,"Census Tract 7402, Worcester County, Massachusetts",19.0,29.9,25,027,740200
2019,"Census Tract 7431, Worcester County, Massachusetts",20.3,24.9,25,027,743100
2019,"Census Tract 7492, Worcester County, Massachusetts",19.2,27.6,25,027,749200
2019,"Census Tract 7501, Worcester County, Massachusetts",21.4,24.1,25,027,750100
2019,"Census Tract 7503, Worcester County, Massachusetts",23.4,31.9,25,027,750300
2019,"Census Tract 7542, Worcester County, Massachusetts",20.3,30.0,25,027,754200
2019,"Census Tract 7544, Worcester County, Massachusetts",24.8,26.3,25,027,754400
2019,"Census Tract 7575, Worcester County, Massachusetts",24.1,27.3,25,027,757500
2019,"Census Tract 7312.02, Worcester County, Massachusetts",-666666666.0,-666666666.0,25,027,731202
2019,"Census Tract 7362, Worcester County, Massachusetts",21.7,31.8,25,027,736200
2019,"Census Tract 7364, Worcester County, Massachusetts",21.4,26.0,25,027,736400
2019,"Census Tract 7365, Worcester County, Massachusetts",18.8,31.5,25,027,736500
2019,"Census Tract 801, Suffolk County, Massachusetts",42.3,44.0,25,025,080100
2019,"Census Tract 1204, Suffolk County, Massachusetts",18.8,25.8,25,025,120400
2019,"Census Tract 1207, Suffolk County, Massachusetts",20.5,24.9,25,025,120700
2019,"Census Tract 1402.01, Suffolk County, Massachusetts",24.7,27.3,25,025,140201
2019,"Census Tract 4.02, Suffolk County, Massachusetts",24.2,29.3,25,025,000402
2019,"Census Tract 6.01, Suffolk County, Massachusetts",34.3,25.5,25,025,000601
2019,"Census Tract 302, Suffolk County, Massachusetts",25.9,24.3,25,025,030200
2019,"Census Tract 305, Suffolk County, Massachusetts",27.8,26.7,25,025,030500
2019,"Census Tract 402, Suffolk County, Massachusetts",20.5,27.5,25,025,040200
2019,"Census Tract 502, Suffolk County, Massachusetts",28.6,30.1,25,025,050200
2019,"Census Tract 503, Suffolk County, Massachusetts",23.4,30.4,25,025,050300
2019,"Census Tract 506, Suffolk County, Massachusetts",17.9,30.0,25,025,050600
2019,"Census Tract 703, Suffolk County, Massachusetts",19.6,25.6,25,025,070300
2019,"Census Tract 705, Suffolk County, Massachusetts",19.8,30.2,25,025,070500
2019,"Census Tract 708, Suffolk County, Massachusetts",21.5,29.1,25,025,070800
2019,"Census Tract 2521.01, Essex County, Massachusetts",22.9,31.1,25,009,252101
2019,"Census Tract 2526.03, Essex County, Massachusetts",22.7,22.9,25,009,252603
2019,"Census Tract 2541, Essex County, Massachusetts",21.7,32.5,25,009,254100
2019,"Census Tract 2602, Essex County, Massachusetts",24.5,35.0,25,009,260200
2019,"Census Tract 2610, Essex County, Massachusetts",28.4,33.1,25,009,261000
2019,"Census Tract 2611.02, Essex County, Massachusetts",24.9,26.3,25,009,261102
2019,"Census Tract 2661, Essex County, Massachusetts",20.0,30.8,25,009,266100
2019,"Census Tract 101.03, Suffolk County, Massachusetts",28.4,51.0,25,025,010103
2019,"Census Tract 101.04, Suffolk County, Massachusetts",34.5,35.1,25,025,010104
2019,"Census Tract 102.04, Suffolk County, Massachusetts",16.8,37.2,25,025,010204
2019,"Census Tract 104.04, Suffolk County, Massachusetts",22.5,51.0,25,025,010404
2019,"Census Tract 104.05, Suffolk County, Massachusetts",51.0,30.4,25,025,010405
2019,"Census Tract 102.03, Suffolk County, Massachusetts",21.9,37.2,25,025,010203
2019,"Census Tract 104.08, Suffolk County, Massachusetts",23.6,32.1,25,025,010408
2019,"Census Tract 107.01, Suffolk County, Massachusetts",23.6,26.3,25,025,010701
2019,"Census Tract 104.03, Suffolk County, Massachusetts",21.3,33.2,25,025,010403
2019,"Census Tract 107.02, Suffolk County, Massachusetts",24.3,21.2,25,025,010702
2019,"Census Tract 108.01, Suffolk County, Massachusetts",24.5,26.1,25,025,010801
2019,"Census Tract 108.02, Suffolk County, Massachusetts",17.7,27.1,25,025,010802
2019,"Census Tract 201.01, Suffolk County, Massachusetts",20.6,29.2,25,025,020101
2019,"Census Tract 203.01, Suffolk County, Massachusetts",23.1,31.0,25,025,020301
2019,"Census Tract 203.02, Suffolk County, Massachusetts",18.2,22.9,25,025,020302
2019,"Census Tract 3566.02, Middlesex County, Massachusetts",18.8,25.8,25,017,356602
2019,"Census Tract 3573, Middlesex County, Massachusetts",20.8,23.2,25,017,357300
2019,"Census Tract 3652.02, Middlesex County, Massachusetts",23.6,29.4,25,017,365202
2019,"Census Tract 3574, Middlesex County, Massachusetts",21.2,22.6,25,017,357400
2019,"Census Tract 3601, Middlesex County, Massachusetts",-666666666.0,36.0,25,017,360100
2019,"Census Tract 3683, Middlesex County, Massachusetts",24.5,24.7,25,017,368300
2019,"Census Tract 3731, Middlesex County, Massachusetts",24.8,31.1,25,017,373100
2019,"Census Tract 3733, Middlesex County, Massachusetts",22.5,27.2,25,017,373300
2019,"Census Tract 3737, Middlesex County, Massachusetts",18.3,23.3,25,017,373700
2019,"Census Tract 3742, Middlesex County, Massachusetts",19.7,19.9,25,017,374200
2019,"Census Tract 3746, Middlesex County, Massachusetts",22.4,21.4,25,017,374600
2019,"Census Tract 3838, Middlesex County, Massachusetts",23.2,22.4,25,017,383800
2019,"Census Tract 3851, Middlesex County, Massachusetts",19.6,22.4,25,017,385100
2019,"Census Tract 3861, Middlesex County, Massachusetts",20.9,39.5,25,017,386100
2019,"Census Tract 3125.01, Middlesex County, Massachusetts",21.5,30.1,25,017,312501
2019,"Census Tract 3151, Middlesex County, Massachusetts",24.9,28.1,25,017,315100
2019,"Census Tract 3155, Middlesex County, Massachusetts",24.4,18.8,25,017,315500
2019,"Census Tract 3183, Middlesex County, Massachusetts",21.2,27.3,25,017,318300
2019,"Census Tract 3271.03, Middlesex County, Massachusetts",20.1,32.0,25,017,327103
2019,"Census Tract 3313, Middlesex County, Massachusetts",19.2,33.6,25,017,331300
2019,"Census Tract 3351, Middlesex County, Massachusetts",20.8,25.9,25,017,335100
2019,"Census Tract 3363, Middlesex County, Massachusetts",21.4,23.4,25,017,336300
2019,"Census Tract 3373, Middlesex County, Massachusetts",19.1,24.6,25,017,337300
2019,"Census Tract 3384, Middlesex County, Massachusetts",19.6,-666666666.0,25,017,338400
2019,"Census Tract 3394, Middlesex County, Massachusetts",25.2,25.5,25,017,339400
2019,"Census Tract 2621, Essex County, Massachusetts",23.1,25.7,25,009,262100
2019,"Census Tract 2031, Essex County, Massachusetts",19.3,39.0,25,009,203100
2019,"Census Tract 406, Suffolk County, Massachusetts",19.6,24.3,25,025,040600
2019,"Census Tract 512, Suffolk County, Massachusetts",23.5,29.8,25,025,051200
2019,"Census Tract 608, Suffolk County, Massachusetts",19.2,24.3,25,025,060800
2019,"Census Tract 702, Suffolk County, Massachusetts",18.1,29.4,25,025,070200
2019,"Census Tract 820, Suffolk County, Massachusetts",30.5,35.1,25,025,082000
2019,"Census Tract 706, Suffolk County, Massachusetts",16.0,29.2,25,025,070600
2019,"Census Tract 813, Suffolk County, Massachusetts",51.0,32.9,25,025,081300
2019,"Census Tract 819, Suffolk County, Massachusetts",34.1,40.0,25,025,081900
2019,"Census Tract 911, Suffolk County, Massachusetts",23.8,28.9,25,025,091100
2019,"Census Tract 1004, Suffolk County, Massachusetts",35.4,41.0,25,025,100400
2019,"Census Tract 3.02, Suffolk County, Massachusetts",22.6,27.4,25,025,000302
2019,"Census Tract 7.01, Suffolk County, Massachusetts",27.8,30.8,25,025,000701
2019,"Census Tract 105, Suffolk County, Massachusetts",24.1,28.2,25,025,010500
2019,"Census Tract 304, Suffolk County, Massachusetts",30.3,24.9,25,025,030400
2019,"Census Tract 505, Suffolk County, Massachusetts",35.2,29.8,25,025,050500
2019,"Census Tract 707, Suffolk County, Massachusetts",18.6,23.7,25,025,070700
2019,"Census Tract 812, Suffolk County, Massachusetts",24.8,29.5,25,025,081200
2019,"Census Tract 817, Suffolk County, Massachusetts",30.0,33.1,25,025,081700
2019,"Census Tract 919, Suffolk County, Massachusetts",30.0,47.9,25,025,091900
2019,"Census Tract 1002, Suffolk County, Massachusetts",27.2,47.3,25,025,100200
2019,"Census Tract 1010.02, Suffolk County, Massachusetts",25.3,33.8,25,025,101002
2019,"Census Tract 1105.02, Suffolk County, Massachusetts",21.6,28.7,25,025,110502
2019,"Census Tract 1106.01, Suffolk County, Massachusetts",19.2,36.6,25,025,110601
2019,"Census Tract 1304.02, Suffolk County, Massachusetts",19.8,27.7,25,025,130402
2019,"Census Tract 1404, Suffolk County, Massachusetts",30.5,34.0,25,025,140400
2019,"Census Tract 2.01, Suffolk County, Massachusetts",22.6,25.6,25,025,000201
2019,"Census Tract 1, Suffolk County, Massachusetts",24.0,29.0,25,025,000100
2019,"Census Tract 2.02, Suffolk County, Massachusetts",24.5,24.6,25,025,000202
2019,"Census Tract 3.01, Suffolk County, Massachusetts",21.3,22.9,25,025,000301
2019,"Census Tract 5.02, Suffolk County, Massachusetts",19.7,31.6,25,025,000502
2019,"Census Tract 3545, Middlesex County, Massachusetts",19.0,29.0,25,017,354500
2019,"Census Tract 3324, Middlesex County, Massachusetts",21.2,38.0,25,017,332400
2019,"Census Tract 3391, Middlesex County, Massachusetts",22.3,30.5,25,017,339100
2019,"Census Tract 3115, Middlesex County, Massachusetts",21.0,28.5,25,017,311500
2019,"Census Tract 3212, Middlesex County, Massachusetts",22.7,38.8,25,017,321200
2019,"Census Tract 3372.02, Middlesex County, Massachusetts",20.1,40.6,25,017,337202
2019,"Census Tract 3222, Middlesex County, Massachusetts",20.2,26.6,25,017,322200
2019,"Census Tract 3118, Middlesex County, Massachusetts",20.7,41.9,25,017,311800
2019,"Census Tract 3184, Middlesex County, Massachusetts",22.8,27.0,25,017,318400
2019,"Census Tract 3686, Middlesex County, Massachusetts",27.5,28.0,25,017,368600
2019,"Census Tract 3834, Middlesex County, Massachusetts",26.2,26.8,25,017,383400
2019,"Census Tract 3506, Middlesex County, Massachusetts",17.1,22.3,25,017,350600
2019,"Census Tract 3544, Middlesex County, Massachusetts",18.2,21.1,25,017,354400
2019,"Census Tract 4176.02, Norfolk County, Massachusetts",25.0,27.1,25,021,417602
2019,"Census Tract 4182, Norfolk County, Massachusetts",23.3,34.4,25,021,418200
2019,"Census Tract 4194, Norfolk County, Massachusetts",16.8,23.0,25,021,419400
2019,"Census Tract 4203.02, Norfolk County, Massachusetts",27.0,37.3,25,021,420302
2019,"Census Tract 4401, Norfolk County, Massachusetts",21.9,26.9,25,021,440100
2019,"Census Tract 4008, Norfolk County, Massachusetts",23.5,30.3,25,021,400800
2019,"Census Tract 4044, Norfolk County, Massachusetts",18.8,23.8,25,021,404400
2019,"Census Tract 4142, Norfolk County, Massachusetts",19.9,-666666666.0,25,021,414200
2019,"Census Tract 4121, Norfolk County, Massachusetts",21.3,51.0,25,021,412100
2019,"Census Tract 4123, Norfolk County, Massachusetts",20.0,23.1,25,021,412300
2019,"Census Tract 4151.02, Norfolk County, Massachusetts",23.6,26.8,25,021,415102
2019,"Census Tract 4178.01, Norfolk County, Massachusetts",24.5,30.5,25,021,417801
2019,"Census Tract 4179.01, Norfolk County, Massachusetts",24.6,28.6,25,021,417901
2019,"Census Tract 4226, Norfolk County, Massachusetts",24.0,41.0,25,021,422600
2019,"Census Tract 4227, Norfolk County, Massachusetts",23.3,31.5,25,021,422700
2019,"Census Tract 4412.02, Norfolk County, Massachusetts",21.3,-666666666.0,25,021,441202
2019,"Census Tract 4431.01, Norfolk County, Massachusetts",22.4,32.2,25,021,443101
2019,"Census Tract 2683, Essex County, Massachusetts",22.3,27.5,25,009,268300
2019,"Census Tract 2042, Essex County, Massachusetts",30.4,36.1,25,009,204200
2019,"Census Tract 2052, Essex County, Massachusetts",29.6,33.8,25,009,205200
2019,"Census Tract 2061, Essex County, Massachusetts",22.6,43.7,25,009,206100
2019,"Census Tract 2064, Essex County, Massachusetts",27.1,36.9,25,009,206400
2019,"Census Tract 2067, Essex County, Massachusetts",24.0,33.2,25,009,206700
2019,"Census Tract 3835.02, Middlesex County, Massachusetts",20.8,33.1,25,017,383502
2019,"Census Tract 3538, Middlesex County, Massachusetts",27.9,28.9,25,017,353800
2019,"Census Tract 3541, Middlesex County, Massachusetts",17.6,24.7,25,017,354100
2019,"Census Tract 3586, Middlesex County, Massachusetts",19.2,27.8,25,017,358600
2019,"Census Tract 3591, Middlesex County, Massachusetts",20.6,25.5,25,017,359100
2019,"Census Tract 3651, Middlesex County, Massachusetts",21.4,22.8,25,017,365100
2019,"Census Tract 3672, Middlesex County, Massachusetts",25.9,32.3,25,017,367200
2019,"Census Tract 3739, Middlesex County, Massachusetts",19.5,25.7,25,017,373900
2019,"Census Tract 3821, Middlesex County, Massachusetts",22.5,19.0,25,017,382100
2019,"Census Tract 3822, Middlesex County, Massachusetts",21.2,32.6,25,017,382200
2019,"Census Tract 3825, Middlesex County, Massachusetts",20.9,27.6,25,017,382500
2019,"Census Tract 3835.01, Middlesex County, Massachusetts",32.3,29.8,25,017,383501
2019,"Census Tract 3385, Middlesex County, Massachusetts",21.3,51.0,25,017,338500
2019,"Census Tract 3416, Middlesex County, Massachusetts",25.8,31.2,25,017,341600
2019,"Census Tract 3417, Middlesex County, Massachusetts",24.9,35.1,25,017,341700
2019,"Census Tract 3418, Middlesex County, Massachusetts",33.7,33.0,25,017,341800
2019,"Census Tract 3515, Middlesex County, Massachusetts",22.2,28.6,25,017,351500
2019,"Census Tract 3542, Middlesex County, Massachusetts",18.9,24.8,25,017,354200
2019,"Census Tract 3549, Middlesex County, Massachusetts",18.0,27.2,25,017,354900
2019,"Census Tract 3550, Middlesex County, Massachusetts",21.8,25.9,25,017,355000
2019,"Census Tract 3575, Middlesex County, Massachusetts",23.3,23.4,25,017,357500
2019,"Census Tract 3576, Middlesex County, Massachusetts",24.8,26.3,25,017,357600
2019,"Census Tract 3583, Middlesex County, Massachusetts",22.1,28.1,25,017,358300
2019,"Census Tract 3584, Middlesex County, Massachusetts",22.5,26.4,25,017,358400
2019,"Census Tract 3631.02, Middlesex County, Massachusetts",22.4,28.3,25,017,363102
2019,"Census Tract 3687, Middlesex County, Massachusetts",20.3,27.2,25,017,368700
2019,"Census Tract 3701.01, Middlesex County, Massachusetts",21.5,20.3,25,017,370101
2019,"Census Tract 3704, Middlesex County, Massachusetts",19.3,26.8,25,017,370400
2019,"Census Tract 3872.02, Middlesex County, Massachusetts",19.9,36.0,25,017,387202
2019,"Census Tract 3836, Middlesex County, Massachusetts",19.5,27.0,25,017,383600
2019,"Census Tract 3837, Middlesex County, Massachusetts",19.7,44.8,25,017,383700
2019,"Census Tract 3613, Middlesex County, Massachusetts",22.7,32.5,25,017,361300
2019,"Census Tract 3632.02, Middlesex County, Massachusetts",22.3,23.2,25,017,363202
2019,"Census Tract 3641.01, Middlesex County, Massachusetts",22.4,29.1,25,017,364101
2019,"Census Tract 4571, Norfolk County, Massachusetts",21.9,29.9,25,021,457100
2019,"Census Tract 4009, Norfolk County, Massachusetts",23.3,28.9,25,021,400900
2019,"Census Tract 4011, Norfolk County, Massachusetts",21.2,24.5,25,021,401100
2019,"Census Tract 4012, Norfolk County, Massachusetts",19.8,40.6,25,021,401200
2019,"Census Tract 4034, Norfolk County, Massachusetts",22.3,26.4,25,021,403400
2019,"Census Tract 4042.01, Norfolk County, Massachusetts",19.7,26.6,25,021,404201
2019,"Census Tract 4043.01, Norfolk County, Massachusetts",21.7,22.5,25,021,404301
2019,"Census Tract 4051, Norfolk County, Massachusetts",17.4,36.0,25,021,405100
2019,"Census Tract 4131, Norfolk County, Massachusetts",21.1,31.4,25,021,413100
2019,"Census Tract 4132, Norfolk County, Massachusetts",18.9,28.6,25,021,413200
2019,"Census Tract 4133, Norfolk County, Massachusetts",20.5,27.2,25,021,413300
2019,"Census Tract 4135, Norfolk County, Massachusetts",24.0,29.5,25,021,413500
2019,"Census Tract 3302, Middlesex County, Massachusetts",24.2,28.3,25,017,330200
2019,"Census Tract 3311.01, Middlesex County, Massachusetts",23.2,23.9,25,017,331101
2019,"Census Tract 3332, Middlesex County, Massachusetts",21.2,22.8,25,017,333200
2019,"Census Tract 3312, Middlesex County, Massachusetts",20.9,25.0,25,017,331200
2019,"Census Tract 3322, Middlesex County, Massachusetts",20.3,26.1,25,017,332200
2019,"Census Tract 3001, Middlesex County, Massachusetts",19.9,23.6,25,017,300100
2019,"Census Tract 3105, Middlesex County, Massachusetts",27.3,32.9,25,017,310500
2019,"Census Tract 3106.02, Middlesex County, Massachusetts",21.1,26.6,25,017,310602
2019,"Census Tract 3107, Middlesex County, Massachusetts",28.7,35.9,25,017,310700
2019,"Census Tract 3112, Middlesex County, Massachusetts",24.8,33.2,25,017,311200
2019,"Census Tract 3143.02, Middlesex County, Massachusetts",19.9,37.7,25,017,314302
2019,"Census Tract 3162.02, Middlesex County, Massachusetts",23.8,30.3,25,017,316202
2019,"Census Tract 3164, Middlesex County, Massachusetts",23.6,32.9,25,017,316400
2019,"Census Tract 4561.02, Norfolk County, Massachusetts",23.9,29.8,25,021,456102
2019,"Census Tract 3172.02, Middlesex County, Massachusetts",22.5,35.7,25,017,317202
2019,"Census Tract 3221, Middlesex County, Massachusetts",20.4,27.6,25,017,322100
2019,"Census Tract 3231, Middlesex County, Massachusetts",20.0,27.9,25,017,323100
2019,"Census Tract 3334, Middlesex County, Massachusetts",25.4,32.5,25,017,333400
2019,"Census Tract 3341, Middlesex County, Massachusetts",22.0,34.3,25,017,334100
2019,"Census Tract 3671, Middlesex County, Massachusetts",22.5,17.3,25,017,367100
2019,"Census Tract 3343, Middlesex County, Massachusetts",20.5,17.6,25,017,334300
2019,"Census Tract 3371.02, Middlesex County, Massachusetts",19.3,24.9,25,017,337102
2019,"Census Tract 3587, Middlesex County, Massachusetts",20.3,20.8,25,017,358700
2019,"Census Tract 3682, Middlesex County, Massachusetts",20.0,28.2,25,017,368200
2019,"Census Tract 3689.01, Middlesex County, Massachusetts",23.7,31.4,25,017,368901
2019,"Census Tract 3703, Middlesex County, Massachusetts",24.3,29.2,25,017,370300
2019,"Census Tract 3741, Middlesex County, Massachusetts",23.1,23.4,25,017,374100
2019,"Census Tract 3824, Middlesex County, Massachusetts",21.7,28.8,25,017,382400
2019,"Census Tract 3839.01, Middlesex County, Massachusetts",22.1,30.4,25,017,383901
2019,"Census Tract 3839.02, Middlesex County, Massachusetts",21.0,42.1,25,017,383902
2019,"Census Tract 3336, Middlesex County, Massachusetts",20.1,29.7,25,017,333600
2019,"Census Tract 3362, Middlesex County, Massachusetts",18.9,28.9,25,017,336200
2019,"Census Tract 3372.01, Middlesex County, Massachusetts",22.4,21.0,25,017,337201
2019,"Census Tract 3572, Middlesex County, Massachusetts",21.5,19.4,25,017,357200
2019,"Census Tract 3561, Middlesex County, Massachusetts",19.7,19.3,25,017,356100
2019,"Census Tract 3564, Middlesex County, Massachusetts",19.2,27.7,25,017,356400
2019,"Census Tract 3578, Middlesex County, Massachusetts",22.5,23.6,25,017,357800
2019,"Census Tract 3382, Middlesex County, Massachusetts",22.3,25.5,25,017,338200
2019,"Census Tract 3141.02, Middlesex County, Massachusetts",22.9,32.5,25,017,314102
2019,"Census Tract 3152, Middlesex County, Massachusetts",22.7,33.5,25,017,315200
2019,"Census Tract 3211, Middlesex County, Massachusetts",22.2,33.1,25,017,321100
2019,"Census Tract 3311.02, Middlesex County, Massachusetts",21.4,31.2,25,017,331102
2019,"Census Tract 3321, Middlesex County, Massachusetts",18.5,32.9,25,017,332100
2019,"Census Tract 3335.02, Middlesex County, Massachusetts",21.5,24.4,25,017,333502
2019,"Census Tract 3354, Middlesex County, Massachusetts",19.6,29.4,25,017,335400
2019,"Census Tract 3364.01, Middlesex County, Massachusetts",19.3,28.5,25,017,336401
2019,"Census Tract 3397, Middlesex County, Massachusetts",21.0,25.0,25,017,339700
2019,"Census Tract 3523, Middlesex County, Massachusetts",22.5,24.2,25,017,352300
2019,"Census Tract 3532, Middlesex County, Massachusetts",16.4,31.3,25,017,353200
2019,"Census Tract 3101, Middlesex County, Massachusetts",27.4,32.3,25,017,310100
2019,"Census Tract 5061.02, Plymouth County, Massachusetts",24.3,30.7,25,023,506102
2019,"Census Tract 5104, Plymouth County, Massachusetts",27.9,34.3,25,023,510400
2019,"Census Tract 7081, Worcester County, Massachusetts",19.1,23.6,25,027,708100
2019,"Census Tract 7107, Worcester County, Massachusetts",51.0,29.5,25,027,710700
2019,"Census Tract 7251, Worcester County, Massachusetts",21.7,28.8,25,027,725100
2019,"Census Tract 7111, Worcester County, Massachusetts",22.6,28.9,25,027,711100
2019,"Census Tract 7191, Worcester County, Massachusetts",18.0,17.7,25,027,719100
2019,"Census Tract 7261, Worcester County, Massachusetts",23.4,24.5,25,027,726100
2019,"Census Tract 7302, Worcester County, Massachusetts",19.8,33.5,25,027,730200
2019,"Census Tract 7303, Worcester County, Massachusetts",23.4,28.7,25,027,730300
2019,"Census Tract 3121, Middlesex County, Massachusetts",24.6,34.9,25,017,312100
2019,"Census Tract 3123, Middlesex County, Massachusetts",22.6,28.6,25,017,312300
2019,"Census Tract 3141.01, Middlesex County, Massachusetts",22.1,30.7,25,017,314101
2019,"Census Tract 3142, Middlesex County, Massachusetts",23.0,35.2,25,017,314200
2019,"Census Tract 3161.02, Middlesex County, Massachusetts",21.5,28.4,25,017,316102
2019,"Census Tract 3162.01, Middlesex County, Massachusetts",24.4,51.0,25,017,316201
2019,"Census Tract 3171.03, Middlesex County, Massachusetts",21.4,30.0,25,017,317103
2019,"Census Tract 3395, Middlesex County, Massachusetts",20.1,31.7,25,017,339500
2019,"Census Tract 3104, Middlesex County, Massachusetts",27.1,51.0,25,017,310400
2019,"Census Tract 3111, Middlesex County, Massachusetts",15.2,27.4,25,017,311100
2019,"Census Tract 3114, Middlesex County, Massachusetts",22.8,26.2,25,017,311400
2019,"Census Tract 3172.03, Middlesex County, Massachusetts",19.7,28.2,25,017,317203
2019,"Census Tract 3131.01, Middlesex County, Massachusetts",21.8,26.3,25,017,313101
2019,"Census Tract 3171.02, Middlesex County, Massachusetts",20.1,24.6,25,017,317102
2019,"Census Tract 3213, Middlesex County, Massachusetts",24.8,24.5,25,017,321300
2019,"Census Tract 103, Suffolk County, Massachusetts",41.3,40.3,25,025,010300
2019,"Census Tract 507, Suffolk County, Massachusetts",35.4,32.4,25,025,050700
2019,"Census Tract 803, Suffolk County, Massachusetts",29.3,32.2,25,025,080300
2019,"Census Tract 805, Suffolk County, Massachusetts",-666666666.0,30.7,25,025,080500
2019,"Census Tract 811, Suffolk County, Massachusetts",27.6,34.6,25,025,081100
2019,"Census Tract 916, Suffolk County, Massachusetts",22.5,36.4,25,025,091600
2019,"Census Tract 1005, Suffolk County, Massachusetts",19.5,38.0,25,025,100500
2019,"Census Tract 1009, Suffolk County, Massachusetts",22.9,29.7,25,025,100900
2019,"Census Tract 1104.01, Suffolk County, Massachusetts",22.2,31.5,25,025,110401
2019,"Census Tract 918, Suffolk County, Massachusetts",51.0,41.8,25,025,091800
2019,"Census Tract 920, Suffolk County, Massachusetts",29.8,36.7,25,025,092000
2019,"Census Tract 1001, Suffolk County, Massachusetts",28.6,38.9,25,025,100100
2019,"Census Tract 1006.01, Suffolk County, Massachusetts",26.1,29.3,25,025,100601
2019,"Census Tract 1007, Suffolk County, Massachusetts",23.0,27.5,25,025,100700
2019,"Census Tract 1011.02, Suffolk County, Massachusetts",44.3,45.4,25,025,101102
2019,"Census Tract 1302, Suffolk County, Massachusetts",19.9,25.1,25,025,130200
2019,"Census Tract 606, Suffolk County, Massachusetts",19.7,23.2,25,025,060600
2019,"Census Tract 709, Suffolk County, Massachusetts",17.9,33.7,25,025,070900
2019,"Census Tract 924, Suffolk County, Massachusetts",20.4,39.4,25,025,092400
2019,"Census Tract 301, Suffolk County, Massachusetts",25.8,24.8,25,025,030100
2019,"Census Tract 6.02, Suffolk County, Massachusetts",21.8,33.2,25,025,000602
2019,"Census Tract 821, Suffolk County, Massachusetts",30.9,31.7,25,025,082100
2019,"Census Tract 602, Suffolk County, Massachusetts",19.7,21.5,25,025,060200
2019,"Census Tract 904, Suffolk County, Massachusetts",26.9,46.0,25,025,090400
2019,"Census Tract 1205, Suffolk County, Massachusetts",19.4,26.9,25,025,120500
2019,"Census Tract 1010.01, Suffolk County, Massachusetts",22.9,36.7,25,025,101001
2019,"Census Tract 7382.02, Worcester County, Massachusetts",20.7,25.5,25,027,738202
2019,"Census Tract 7323.01, Worcester County, Massachusetts",24.6,27.5,25,027,732301
2019,"Census Tract 7328.02, Worcester County, Massachusetts",24.4,24.4,25,027,732802
2019,"Census Tract 7328.01, Worcester County, Massachusetts",23.1,29.7,25,027,732801
2019,"Census Tract 7382.01, Worcester County, Massachusetts",22.5,24.8,25,027,738201
2019,"Census Tract 5201, Plymouth County, Massachusetts",24.2,28.6,25,023,520100
2019,"Census Tract 5011.02, Plymouth County, Massachusetts",20.4,30.9,25,023,501102
2019,"Census Tract 5051.01, Plymouth County, Massachusetts",24.0,22.6,25,023,505101
2019,"Census Tract 5061.01, Plymouth County, Massachusetts",22.4,-666666666.0,25,023,506101
2019,"Census Tract 3681.02, Middlesex County, Massachusetts",20.9,21.1,25,017,368102
2019,"Census Tract 3735, Middlesex County, Massachusetts",20.1,42.4,25,017,373500
2019,"Census Tract 3738, Middlesex County, Massachusetts",20.5,19.3,25,017,373800
2019,"Census Tract 3745, Middlesex County, Massachusetts",22.4,27.0,25,017,374500
2019,"Census Tract 3736, Middlesex County, Massachusetts",24.4,25.4,25,017,373600
2019,"Census Tract 3740, Middlesex County, Massachusetts",23.5,25.6,25,017,374000
2019,"Census Tract 3744, Middlesex County, Massachusetts",20.0,31.1,25,017,374400
2019,"Census Tract 3747, Middlesex County, Massachusetts",22.4,21.8,25,017,374700
2019,"Census Tract 3833, Middlesex County, Massachusetts",29.4,24.0,25,017,383300
