---------------------------------------------------------------------------------------------------------------------------------------------------------------------------------------------------------------------------------------------------------------
      name:  <unnamed>
       log:  /shared/boston_zoning/working_paper/replication_package/analysis/chars_mtlines_output/chars_mtlines_log_2025-04-18.log
  log type:  text
 opened on:  18 Apr 2025, 12:56:54

. 
. 
. ********************************************************************************
. * File name:            chars_mtlines.do
. *
. * Project title:        Boston Zoning Paper
. *
. * Description:          Examines charactistic variables across zoning boundaries.
. *                                       Exports a bunch of tables and graphs.
. *                               
. * Inputs:           mt_orthogonal_dist_100m_07-01-22_v2.dta
. *                                       within_town_analysis_data.dta
. *                               
. * Outputs:                      coef_bathfull1_1918_du.gph (pdf)
. *                                       coef_bathfull1_1918_mfdu.gph (pdf)
. *                                       coef_bathfull1_noyear_du.gph (pdf)
. *                                       coef_bathfull1_noyear_mfdu.gph (pdf)
. *                                       coef_bedrooms1_1918_du.gph (pdf)
. *                                       coef_bedrooms1_1918_mf.gph (pdf)
. *                                       coef_bedrooms1_1918_mfdu.gph (pdf)
. *                                       coef_bedrooms1_noyear_du.gph (pdf)
. *                                       coef_bedrooms1_noyear_mf.gph (pdf)
. *                                       coef_bedrooms1_noyear_mfdu.gph (pdf)
. *                                       coef_livingarea1_1918_du.gph (pdf)
. *                                       coef_livingarea1_1918_duhe.gph (pdf)
. *                                       coef_livingarea1_1918_mfdu.gph (pdf)
. *                                       coef_lotsizeac1_1918_du.gph (pdf)
. *                                       coef_lotsizeac1_noyear_du.gph (pdf)
. *
. * Created:                      06/23/2021
. * Updated:                      03/17/2025
. ********************************************************************************
. 
. 
. ********************************************************************************
. ** load the mt lines data
. ********************************************************************************
. use "$DATAPATH/mt_orthogonal_dist_100m_07-01-22_v2.dta", clear

. 
. destring prop_id, replace
prop_id: all characters numeric; replaced as long

. 
. tempfile mtlines

. save `mtlines', replace
(file /tmp/343956.1.sta.q/St2124155.000001 not found)
file /tmp/343956.1.sta.q/St2124155.000001 saved as .dta format

. 
. 
. ********************************************************************************
. ** create working dataset
. ********************************************************************************
. use "$DATAPATH/within_town_analysis_data.dta", clear

. 
. 
. ********************************************************************************
. ** merge on mt lines to keep straight line properties
. ********************************************************************************
. merge m:1 prop_id using `mtlines', keepusing(straight_line)

    Result                      Number of obs
    -----------------------------------------
    Not matched                       201,049
        from master                         0  (_merge==1)
        from using                    201,049  (_merge==2)

    Matched                         3,199,248  (_merge==3)
    -----------------------------------------

.         
.         * checks for errors in merge
.         sum _merge

    Variable |        Obs        Mean    Std. dev.       Min        Max
-------------+---------------------------------------------------------
      _merge |  3,400,297    2.940873    .2358621          2          3

. 
.         drop if _merge == 2
(201,049 observations deleted)

.         drop _merge

. 
. keep if straight_line == 1  // <-- drops non-straight line properties
(2,237,233 observations deleted)

. 
. 
. ********************************************************************************
. ** drop out of scope years
. ********************************************************************************
. keep if (year >= 2010 & year <= 2018)
(0 observations deleted)

. 
. tab year

       year |      Freq.     Percent        Cum.
------------+-----------------------------------
       2010 |    104,264       10.84       10.84
       2011 |    107,230       11.15       21.98
       2012 |    106,561       11.08       33.06
       2013 |    106,732       11.09       44.16
       2014 |    105,275       10.94       55.10
       2015 |    107,440       11.17       66.27
       2016 |    107,865       11.21       77.48
       2017 |    108,234       11.25       88.73
       2018 |    108,414       11.27      100.00
------------+-----------------------------------
      Total |    962,015      100.00

. 
. 
. ********************************************************************************
. ** building characteristic variable setup
. ********************************************************************************
. gen char1_lotsizeac1 = lot_sizeac if lot_sizeac != 0  // lot size in acres, excl zero acre
(74,533 missing values generated)

. gen char2_livingarea1 = livingarea / num_units1 if livingarea != 0  // living area in XX per unit, excl zero
(11,228 missing values generated)

. gen char3_bedrooms1 = bedroom_num / num_units1 if bedroom_num != 0  // num bedrooms per unit, atleast 1
(43,879 missing values generated)

. gen char4_bathfull1 = bathfull_num / num_units1 if bathfull_num != 0  // num full bathrooms per unit, atleast 1
(21,608 missing values generated)

. 
. global char_vars char1_lotsizeac1 char2_livingarea1 char3_bedrooms1 char4_bathfull1

. 
. sum $char_vars

    Variable |        Obs        Mean    Std. dev.       Min        Max
-------------+---------------------------------------------------------
char1_lots~1 |    887,482    .5743889    33.07717        .01      31128
char2_livi~1 |    950,787    1841.357      1197.5   .6082949     472329
char3_bedr~1 |    918,136    3.086446    1.261622   .0013441        675
char4_bath~1 |    940,407    1.611382    .7975869   .0013441         20

. 
. * means for only_du boundaries
. sum char* if year==2018 & year_built>=1918 & (dist_both<=0.21 & dist_both>=-0.2 & only_du == 1 & res_typex != "Condominiums")

    Variable |        Obs        Mean    Std. dev.       Min        Max
-------------+---------------------------------------------------------
char1_lots~1 |     33,966    .5736416    .9300058        .01      36.38
char2_livi~1 |     33,581    2005.996    944.2085       61.7      26623
char3_bedr~1 |     33,198    3.328907    .8252951   .0162162         11
char4_bath~1 |     33,354    1.791812    .8117942   .0108108          9

. 
. * means for du_he boundaries
. sum char* if year==2018 & year_built>=1918 & (dist_both<=0.21 & dist_both>=-0.2 & du_he == 1 & res_typex != "Condominiums")

    Variable |        Obs        Mean    Std. dev.       Min        Max
-------------+---------------------------------------------------------
char1_lots~1 |      1,809    .2723328    1.685455        .01      57.28
char2_livi~1 |      1,734    1491.132     734.163   33.82353      11098
char3_bedr~1 |      1,601    2.717491    .8786893   .0588235          8
char4_bath~1 |      1,632    1.360471    .6171206   .0392157          7

. 
. * means for mf_du boundaries
. sum char* if year==2018 & year_built>=1918 & (dist_both<=0.21 & dist_both>=-0.2 & mf_du == 1 & res_typex != "Condominiums")

    Variable |        Obs        Mean    Std. dev.       Min        Max
-------------+---------------------------------------------------------
char1_lots~1 |     11,560    .3703279    .8732641        .01      45.93
char2_livi~1 |     11,428    1727.816    911.8782   3.386139      52481
char3_bedr~1 |     10,905    3.125282    1.085612        .25         75
char4_bath~1 |     11,316     1.55657    .7445263    .057971          8

. 
. * means for only_mf boundaries
. sum char* if year==2018 & year_built>=1918 & (dist_both<=0.21 & dist_both>=-0.2 & only_mf == 1 & res_typex != "Condominiums")

    Variable |        Obs        Mean    Std. dev.       Min        Max
-------------+---------------------------------------------------------
char1_lots~1 |      1,534    .3385854    .7118841        .02      11.05
char2_livi~1 |      1,512    1734.093    817.7908   212.7273      11542
char3_bedr~1 |      1,501    2.913639    .8192538   .5714286          6
char4_bath~1 |      1,503    1.475781    .6815069   .3181818          5

. 
. * means for mf_he boundaries
. sum char* if year==2018 & year_built>=1918 & (dist_both<=0.21 & dist_both>=-0.2 & mf_he == 1 & res_typex != "Condominiums")

    Variable |        Obs        Mean    Std. dev.       Min        Max
-------------+---------------------------------------------------------
char1_lots~1 |        508    .3916732    .8493807        .04      13.34
char2_livi~1 |        496    1857.974    796.7924        540       5425
char3_bedr~1 |        458    3.226346    .8766383          1          8
char4_bath~1 |        493    1.738337    .8011691          1          5

. 
. * means for only_he boundaries
. sum char* if year==2018 & year_built>=1918 & (dist_both<=0.21 & dist_both>=-0.2 & only_he == 1 & res_typex != "Condominiums")

    Variable |        Obs        Mean    Std. dev.       Min        Max
-------------+---------------------------------------------------------
char1_lots~1 |      1,854     .394698     .577142        .02      13.08
char2_livi~1 |      1,806    2333.704     1182.95        195      10255
char3_bedr~1 |      1,793    3.296983    .9277711         .5          8
char4_bath~1 |      1,797    1.905389    .8891204         .4          8

. 
. 
. ********************************************************************************
. ** RD graphs
. ********************************************************************************
. ** Part 1: Char vars year==2018 & year_built>=1918
. foreach char_var in $char_vars{
  2.         di "running coefplots for: `char_var'"
  3.         
.         local char_lab = substr("`char_var'", 7, .)
  4.         
.         di "file label: `char_lab'"
  5.         
.         if "`char_var'" == "char1_lotsizeac1" {
  6.                 local y_lab "Lot Size (in acres)"
  7.         }
  8.         
.         else if "`char_var'" == "char2_livingarea1" {
  9.                 local y_lab "Living Area (in sqft)"
 10.         }
 11.                 
.         else if "`char_var'" == "char3_bedrooms1" {
 12.                 local y_lab "Number of Bedrooms Per Unit"
 13.         }
 14.         
.         else if "`char_var'" == "char4_bathfull1" {
 15.                 local y_lab "Number of Full Bathrooms Per Unit"
 16.         }
 17.         
.         else {
 18.                 local y_lab "<y axis title missing>"
 19.         }
 20.                 
.         * set regression conditions
.         local regression_conditions year==2018 & year_built>=1918 & (dist_both<=0.21 & dist_both>=-0.2) & res_typex != "Condominiums"
 21. 
.         * regression stores
.         quietly eststo `char_lab'_du: reg `char_var' ib26.dist3 i.lam_seg if only_du == 1 & `regression_conditions', vce(cluster lam_seg)
 22.                 *POSTRESTAT
.                 sum `char_var' if only_du == 1 & year==2018 & year_built>=1918 & (dist_both<=0.02 & dist_both>0) & res_typex!="Condominiums"
 23.                 sum `char_var' if only_du == 1 & year==2018 & year_built>=1918 & (dist_both<=0 & dist_both>-0.02) & res_typex!="Condominiums"
 24.                 
.         quietly eststo `char_lab'_duhe: reg `char_var' ib26.dist3 i.lam_seg if du_he == 1 & `regression_conditions', vce(cluster lam_seg)
 25.                 *POSTRESTAT
.                 sum `char_var' if du_he == 1 & year==2018 & year_built>=1918 & (dist_both<=0.02 & dist_both>0) & res_typex!="Condominiums"
 26.                 sum `char_var' if du_he == 1 & year==2018 & year_built>=1918 & (dist_both<=0 & dist_both>-0.02) & res_typex!="Condominiums"
 27.                 
.         quietly eststo `char_lab'_mfdu: reg `char_var' ib26.dist3 i.lam_seg if mf_du == 1 & `regression_conditions', vce(cluster lam_seg)
 28.                 *POSTRESTAT
.                 sum `char_var' if mf_du == 1 & year==2018 & year_built>=1918 & (dist_both<=0.02 & dist_both>0) & res_typex!="Condominiums"
 29.                 sum `char_var' if mf_du == 1 & year==2018 & year_built>=1918 & (dist_both<=0 & dist_both>-0.02) & res_typex!="Condominiums"
 30.                 
.         quietly eststo `char_lab'_mf: reg `char_var' ib26.dist3 i.lam_seg if only_mf== 1 & `regression_conditions', vce(cluster lam_seg)
 31.                 *POSTRESTAT
.                 sum `char_var' if only_mf == 1 & year==2018 & year_built>=1918 & (dist_both<=0.02 & dist_both>0) & res_typex!="Condominiums"
 32.                 sum `char_var' if only_mf == 1 & year==2018 & year_built>=1918 & (dist_both<=0 & dist_both>-0.02) & res_typex!="Condominiums"
 33.                 
.         quietly eststo `char_lab'_mfhe: reg `char_var' ib26.dist3 i.lam_seg if mf_he == 1 & `regression_conditions', vce(cluster lam_seg)
 34.                 *POSTRESTAT
.                 sum `char_var' if mf_he == 1 & year==2018 & year_built>=1918 & (dist_both<=0.02 & dist_both>0) & res_typex!="Condominiums"
 35.                 sum `char_var' if mf_he == 1 & year==2018 & year_built>=1918 & (dist_both<=0 & dist_both>-0.02) & res_typex!="Condominiums"
 36.                 
.         quietly eststo `char_lab'_he: reg `char_var' ib26.dist3 i.lam_seg if only_he == 1 & `regression_conditions', vce(cluster lam_seg)
 37.                 *POSTRESTAT
.                 sum `char_var' if only_he == 1 & year==2018 & year_built>=1918 & (dist_both<=0.02 & dist_both>0) & res_typex!="Condominiums"
 38.                 sum `char_var' if only_he == 1 & year==2018 & year_built>=1918 & (dist_both<=0 & dist_both>-0.02) & res_typex!="Condominiums"
 39.                 
.         esttab `char_lab'_du `char_lab'_duhe `char_lab'_mfdu `char_lab'_mf `char_lab'_mfhe `char_lab'_he, ///
>         se r2 indicate("Boundary f.e.=*lam_seg") ///
>         label mtitles("only_du" "du_he" "mf_du" "only_mf" "mf_he" "only_he") ////
>         title("`char_lab' - year==2018 & year_built>=1918 ")
 40.                 
.         * robust s.e. regression stores
.         quietly eststo `char_lab'_du_robust: reg `char_var' ib26.dist3 i.lam_seg if only_du == 1 & `regression_conditions', vce(robust)
 41.                 
.         quietly eststo `char_lab'_duhe_robust: reg `char_var' ib26.dist3 i.lam_seg if du_he == 1 & `regression_conditions', vce(robust)
 42.                 
.         quietly eststo `char_lab'_mfdu_robust: reg `char_var' ib26.dist3 i.lam_seg if mf_du == 1 & `regression_conditions', vce(robust)
 43.                 
.         quietly eststo `char_lab'_mf_robust: reg `char_var' ib26.dist3 i.lam_seg if only_mf== 1 & `regression_conditions', vce(robust)
 44.                 
.         quietly eststo `char_lab'_mfhe_robust: reg `char_var' ib26.dist3 i.lam_seg if mf_he == 1 & `regression_conditions', vce(robust)
 45.                 
.         quietly eststo `char_lab'_he_robust: reg `char_var' ib26.dist3 i.lam_seg if only_he == 1 & `regression_conditions', vce(robust)
 46.                 
.         esttab `char_lab'_du_robust `char_lab'_duhe_robust `char_lab'_mfdu_robust `char_lab'_mf_robust `char_lab'_mfhe_robust `char_lab'_he_robust, ///
>         se r2 indicate("Boundary f.e.=*lam_seg") ///
>         label mtitles("only_du" "du_he" "mf_du" "only_mf" "mf_he" "only_he") ////
>         title("`char_lab' - year==2018 & year_built>=1918, robust s.e. ")
 47.         
.         * only_du
.         #delimit ;
delimiter now ;
.         coefplot        
>                 /* relaxed side graphing variables */
>                 (`char_lab'_du, keep(16.dist3 17.dist3 18.dist3 19.dist3 20.dist3 21.dist3 22.dist3 23.dist3 24.dist3 25.dist3) 
>                         recast(line) color(midblue) 
>                         ciopts(recast(rarea) color(midblue%30) lwidth(none))
>                         )
>                 
>                 /* strict side graphing variables */
>                 (`char_lab'_du, keep(26.dist3 27.dist3 28.dist3 29.dist3 30.dist3 31.dist3 32.dist3 33.dist3 34.dist3 35.dist3) 
>                         recast(line) color(maroon)
>                         ciopts(recast(rarea) color(maroon%30) lwidth(none))
>                         ),
> 
>                 /* plot region */
>                 vertical levels(95) baselevels offset(0)
>                 graphregion(fc(white) lcolor(white)) plotregion(fc(white) lcolor(white))
> 
>                 xline(10.5, lpattern(dash) lwidth(thin) lcolor(black))
>                 yline(0, lpattern(dash) lwidth(thin) lcolor(black))
> 
>                 /* titles, subtitles, notes */          
>                 title("{bf:Only DUPAC Changes}", size(3) pos(12) margin(t=0 b=0 l=0 r=0) span)
> 
>                 /* axis titles and labels */            
>                 ylabel(, labsize(4) gmin gmax) ymtick() 
>                 
>                 xlabel(1 "-.20" 2 "-.18" 3 "-.16" 4 "-.14" 5 "-.12" 6 "-.10" 7 "-.08" 8 "-.06" 9 "-.04" 10 "-.02" 10.5 "0"
>                         11 ".02" 12 ".04" 13 ".06" 14 ".08" 15 ".10" 16 ".12" 17 ".14" 18 ".16" 19 ".18" 20 ".20", labsize(3) angle(45) gmax)
>                         
>                 /* legend */
>                 legend(off position(6) 
>                         order()
>                         symy(2) symx(3) 
>                         rows(1) cols() size(2) 
>                         nobox fcolor()
>                         region(fcolor(none) lpattern(blank))
>                         margin(t=1 b=1 l=0 r=0)span)
>                 
>                 /* graph name */
>                 name("graph1", replace) ;
 48.                                 graph combine graph1,
>                         graphregion(fc(white) lcolor(white))
>                         l1title("{bf:`y_lab'}", size(3) margin(t=0 b=0 l=0 r=1))
>                         b1title("<- More restrictive  |  Less restrictive ->", size(2))
>                         b2title("{bf:Distance to Boundary (miles)}", size(3) margin(t=1 b=0 l=0 r=0))
>                         name("graph1a", replace);
 49.                 graph save "graph1a" "$EXPORTPATH/coef_`char_lab'_1918_du.gph", replace ;
 50.         #delimit cr
delimiter now cr
. 
.         * only_he
.         #delimit ;
delimiter now ;
.         coefplot 
>                 /* relaxed side graphing variables */
>                 (`char_lab'_he, keep(16.dist3 17.dist3 18.dist3 19.dist3 20.dist3 21.dist3 22.dist3 23.dist3 24.dist3 25.dist3) 
>                         recast(line) color(midblue) 
>                         ciopts(recast(rarea) color(midblue%30) lwidth(none))
>                         )
>                 
>                 /* strict side graphing variables */
>                 (`char_lab'_he, keep(26.dist3 27.dist3 28.dist3 29.dist3 30.dist3 31.dist3 32.dist3 33.dist3 34.dist3 35.dist3) 
>                         recast(line) color(maroon)
>                         ciopts(recast(rarea) color(maroon%30) lwidth(none))
>                         ),
> 
> 
>                 /* plot region */
>                 vertical levels(95) baselevels offset(0)
>                 graphregion(fc(white) lcolor(white)) plotregion(fc(white) lcolor(white))
> 
>                 xline(10.5, lpattern(dash) lwidth(thin) lcolor(black))
>                 yline(0, lpattern(dash) lwidth(thin) lcolor(black))
> 
>                 /* titles, subtitles, notes */          
>                 title("{bf:Only Height Changes}", size(3) pos(12) margin(t=0 b=0 l=0 r=0) span)
> 
>                 /* axis titles and labels */            
>                 ylabel(, labsize(4) gmin gmax) ymtick() 
>                 
>                 xlabel(1 "-.20" 2 "-.18" 3 "-.16" 4 "-.14" 5 "-.12" 6 "-.10" 7 "-.08" 8 "-.06" 9 "-.04" 10 "-.02" 10.5 "0"
>                         11 ".02" 12 ".04" 13 ".06" 14 ".08" 15 ".10" 16 ".12" 17 ".14" 18 ".16" 19 ".18" 20 ".20", labsize(3) angle(45) gmax)
>                         
>                 /* legend */
>                 legend(off position(6) 
>                         order()
>                         symy(2) symx(3) 
>                         rows(1) cols() size(2) 
>                         nobox fcolor()
>                         region(fcolor(none) lpattern(blank))
>                         margin(t=1 b=1 l=0 r=0)span)
>                 
>                 /* graph name */
>                 name("graph2", replace) ;
 51.                                 graph combine graph2,
>                         graphregion(fc(white) lcolor(white))
>                         l1title("{bf:`y_lab'}", size(3) margin(t=0 b=0 l=0 r=1))
>                         b1title("<- More restrictive  |  Less restrictive ->", size(2))
>                         b2title("{bf:Distance to Boundary (miles)}", size(3) margin(t=1 b=0 l=0 r=0))
>                         name("graph2a", replace);
 52.                                 graph save "graph2a" "$EXPORTPATH/coef_`char_lab'_1918_he.gph", replace ;
 53.         #delimit cr
delimiter now cr
. 
.         * only_mf
.         #delimit ;
delimiter now ;
.         coefplot 
>                 /* relaxed side graphing variables */
>                 (`char_lab'_mf, keep(16.dist3 17.dist3 18.dist3 19.dist3 20.dist3 21.dist3 22.dist3 23.dist3 24.dist3 25.dist3) 
>                         recast(line) color(midblue) 
>                         ciopts(recast(rarea) color(midblue%30) lwidth(none))
>                         )
>                 
>                 /* strict side graphing variables */
>                 (`char_lab'_mf, keep(26.dist3 27.dist3 28.dist3 29.dist3 30.dist3 31.dist3 32.dist3 33.dist3 34.dist3 35.dist3) 
>                         recast(line) color(maroon)
>                         ciopts(recast(rarea) color(maroon%30) lwidth(none))
>                         ),
> 
> 
>                 /* plot region */
>                 vertical levels(95) baselevels offset(0)
>                 graphregion(fc(white) lcolor(white)) plotregion(fc(white) lcolor(white))
> 
>                 xline(10.5, lpattern(dash) lwidth(thin) lcolor(black))
>                 yline(0, lpattern(dash) lwidth(thin) lcolor(black))
> 
>                 /* titles, subtitles, notes */          
>                 title("{bf:Only MF Allowed Changes}", size(3) pos(12) margin(t=0 b=0 l=0 r=0) span)
> 
>                 /* axis titles and labels */            
>                 ylabel(, labsize(4) gmin gmax) ymtick() 
>                 
>                 xlabel(1 "-.20" 2 "-.18" 3 "-.16" 4 "-.14" 5 "-.12" 6 "-.10" 7 "-.08" 8 "-.06" 9 "-.04" 10 "-.02" 10.5 "0"
>                         11 ".02" 12 ".04" 13 ".06" 14 ".08" 15 ".10" 16 ".12" 17 ".14" 18 ".16" 19 ".18" 20 ".20", labsize(3) angle(45) gmax)
>                         
>                 /* legend */
>                 legend(off position(6) 
>                         order()
>                         symy(2) symx(3) 
>                         rows(1) cols() size(2) 
>                         nobox fcolor()
>                         region(fcolor(none) lpattern(blank))
>                         margin(t=1 b=1 l=0 r=0)span)
>                 
>                 /* graph name */
>                 name("graph3", replace) ;
 54.                                 graph combine graph3,
>                         graphregion(fc(white) lcolor(white))
>                         l1title("{bf:`y_lab'}", size(3) margin(t=0 b=0 l=0 r=1))
>                         b1title("<- More restrictive  |  Less restrictive ->", size(2))
>                         b2title("{bf:Distance to Boundary (miles)}", size(3) margin(t=1 b=0 l=0 r=0))
>                         name("graph3a", replace);
 55.                                 graph save "graph3a" "$EXPORTPATH/coef_`char_lab'_1918_mf.gph", replace ;
 56.         #delimit cr
delimiter now cr
. 
.         * du_he
.         #delimit ;
delimiter now ;
.         coefplot 
>                 /* relaxed side graphing variables */
>                 (`char_lab'_duhe, keep(16.dist3 17.dist3 18.dist3 19.dist3 20.dist3 21.dist3 22.dist3 23.dist3 24.dist3 25.dist3) 
>                         recast(line) color(midblue) 
>                         ciopts(recast(rarea) color(midblue%30) lwidth(none))
>                         )
>                 
>                 /* strict side graphing variables */
>                 (`char_lab'_duhe, keep(26.dist3 27.dist3 28.dist3 29.dist3 30.dist3 31.dist3 32.dist3 33.dist3 34.dist3 35.dist3) 
>                         recast(line) color(maroon)
>                         ciopts(recast(rarea) color(maroon%30) lwidth(none))
>                         ),
> 
> 
>                 /* plot region */
>                 vertical levels(95) baselevels offset(0)
>                 graphregion(fc(white) lcolor(white)) plotregion(fc(white) lcolor(white))
> 
>                 xline(10.5, lpattern(dash) lwidth(thin) lcolor(black))
>                 yline(0, lpattern(dash) lwidth(thin) lcolor(black))
> 
>                 /* titles, subtitles, notes */          
>                 title("{bf:DUPAC and Height Change}", size(3) pos(12) margin(t=0 b=0 l=0 r=0) span)
> 
>                 /* axis titles and labels */            
>                 ylabel(, labsize(4) gmin gmax) ymtick() 
>                 
>                 xlabel(1 "-.20" 2 "-.18" 3 "-.16" 4 "-.14" 5 "-.12" 6 "-.10" 7 "-.08" 8 "-.06" 9 "-.04" 10 "-.02" 10.5 "0"
>                         11 ".02" 12 ".04" 13 ".06" 14 ".08" 15 ".10" 16 ".12" 17 ".14" 18 ".16" 19 ".18" 20 ".20", labsize(3) angle(45) gmax)
>                         
>                 /* legend */
>                 legend(off position(6) 
>                         order()
>                         symy(2) symx(3) 
>                         rows(1) cols() size(2) 
>                         nobox fcolor()
>                         region(fcolor(none) lpattern(blank))
>                         margin(t=1 b=1 l=0 r=0)span)
>                 
>                 /* graph name */
>                 name("graph4", replace) ;
 57.                                 graph combine graph4,
>                         graphregion(fc(white) lcolor(white))
>                         l1title("{bf:`y_lab'}", size(3) margin(t=0 b=0 l=0 r=1))
>                         b1title("<- More restrictive  |  Less restrictive ->", size(2))
>                         b2title("{bf:Distance to Boundary (miles)}", size(3) margin(t=1 b=0 l=0 r=0))
>                         name("graph4a", replace);
 58.                                 graph save "graph4a" "$EXPORTPATH/coef_`char_lab'_1918_duhe.gph", replace ;
 59.         #delimit cr
delimiter now cr
. 
.         * mf_du
.         #delimit ;
delimiter now ;
.         coefplot 
>                 /* relaxed side graphing variables */
>                 (`char_lab'_mfdu, keep(16.dist3 17.dist3 18.dist3 19.dist3 20.dist3 21.dist3 22.dist3 23.dist3 24.dist3 25.dist3) 
>                         recast(line) color(midblue) 
>                         ciopts(recast(rarea) color(midblue%30) lwidth(none))
>                         )
>                 
>                 /* strict side graphing variables */
>                 (`char_lab'_mfdu, keep(26.dist3 27.dist3 28.dist3 29.dist3 30.dist3 31.dist3 32.dist3 33.dist3 34.dist3 35.dist3) 
>                         recast(line) color(maroon)
>                         ciopts(recast(rarea) color(maroon%30) lwidth(none))
>                         ),
> 
> 
>                 /* plot region */
>                 vertical levels(95) baselevels offset(0)
>                 graphregion(fc(white) lcolor(white)) plotregion(fc(white) lcolor(white))
> 
>                 xline(10.5, lpattern(dash) lwidth(thin) lcolor(black))
>                 yline(0, lpattern(dash) lwidth(thin) lcolor(black))
> 
>                 /* titles, subtitles, notes */          
>                 title("{bf:MF Allowed and DUPAC Change}", size(3) pos(12) margin(t=0 b=0 l=0 r=0) span)
> 
>                 /* axis titles and labels */            
>                 ylabel(, labsize(4) gmin gmax) ymtick() 
>                 
>                 xlabel(1 "-.20" 2 "-.18" 3 "-.16" 4 "-.14" 5 "-.12" 6 "-.10" 7 "-.08" 8 "-.06" 9 "-.04" 10 "-.02" 10.5 "0"
>                         11 ".02" 12 ".04" 13 ".06" 14 ".08" 15 ".10" 16 ".12" 17 ".14" 18 ".16" 19 ".18" 20 ".20", labsize(3) angle(45) gmax)
>                         
>                 /* legend */
>                 legend(off position(6) 
>                         order()
>                         symy(2) symx(3) 
>                         rows(1) cols() size(2) 
>                         nobox fcolor()
>                         region(fcolor(none) lpattern(blank))
>                         margin(t=1 b=1 l=0 r=0)span)
>                 
>                 /* graph name */
>                 name("graph5", replace) ;
 60.                                 graph combine graph5,
>                         graphregion(fc(white) lcolor(white))
>                         l1title("{bf:`y_lab'}", size(3) margin(t=0 b=0 l=0 r=1))
>                         b1title("<- More restrictive  |  Less restrictive ->", size(2))
>                         b2title("{bf:Distance to Boundary (miles)}", size(3) margin(t=1 b=0 l=0 r=0))
>                         name("graph5a", replace);
 61.                                 graph save "graph5a" "$EXPORTPATH/coef_`char_lab'_1918_mfdu.gph", replace ;
 62.         #delimit cr
delimiter now cr
. 
.         * mf_he
.         #delimit ;
delimiter now ;
.         coefplot 
>                 /* relaxed side graphing variables */
>                 (`char_lab'_mfhe, keep(16.dist3 17.dist3 18.dist3 19.dist3 20.dist3 21.dist3 22.dist3 23.dist3 24.dist3 25.dist3) 
>                         recast(line) color(midblue) 
>                         ciopts(recast(rarea) color(midblue%30) lwidth(none))
>                         )
>                 
>                 /* strict side graphing variables */
>                 (`char_lab'_mfhe, keep(26.dist3 27.dist3 28.dist3 29.dist3 30.dist3 31.dist3 32.dist3 33.dist3 34.dist3 35.dist3) 
>                         recast(line) color(maroon)
>                         ciopts(recast(rarea) color(maroon%30) lwidth(none))
>                         ),
> 
> 
>                 /* plot region */
>                 vertical levels(95) baselevels offset(0)
>                 graphregion(fc(white) lcolor(white)) plotregion(fc(white) lcolor(white))
> 
>                 xline(10.5, lpattern(dash) lwidth(thin) lcolor(black))
>                 yline(0, lpattern(dash) lwidth(thin) lcolor(black))
> 
>                 /* titles, subtitles, notes */          
>                 title("{bf:MF Allowed and Height Change}", size(3) pos(12) margin(t=0 b=0 l=0 r=0) span)
> 
>                 /* axis titles and labels */            
>                 ylabel(, labsize(4) gmin gmax) ymtick() 
>                 
>                 xlabel(1 "-.20" 2 "-.18" 3 "-.16" 4 "-.14" 5 "-.12" 6 "-.10" 7 "-.08" 8 "-.06" 9 "-.04" 10 "-.02" 10.5 "0"
>                         11 ".02" 12 ".04" 13 ".06" 14 ".08" 15 ".10" 16 ".12" 17 ".14" 18 ".16" 19 ".18" 20 ".20", labsize(3) angle(45) gmax)
>                         
>                 /* legend */
>                 legend(off position(6) 
>                         order()
>                         symy(2) symx(3) 
>                         rows(1) cols() size(2) 
>                         nobox fcolor()
>                         region(fcolor(none) lpattern(blank))
>                         margin(t=1 b=1 l=0 r=0)span)
>                 
>                 /* graph name */
>                 name("graph6", replace) ;
 63.                                 graph combine graph6,
>                         graphregion(fc(white) lcolor(white))
>                         l1title("{bf:`y_lab'}", size(3) margin(t=0 b=0 l=0 r=1))
>                         b1title("<- More restrictive  |  Less restrictive ->", size(2))
>                         b2title("{bf:Distance to Boundary (miles)}", size(3) margin(t=1 b=0 l=0 r=0))
>                         name("graph6a", replace);
 64.                                 graph save "graph6a" "$EXPORTPATH/coef_`char_lab'_1918_mfhe.gph", replace ;
 65.         #delimit cr
delimiter now cr
. 
.         * combine all
.         #delimit ;
delimiter now ;
.                 graph combine graph1 graph4 graph5 graph3 graph6 graph2,
>                         rows(2) cols(3) ysize(9) xsize(16) iscale(*.75)
>                         graphregion(fc(white) lcolor(white))
>                         l1title("{bf:`y_lab'}", size(3) margin(t=0 b=0 l=0 r=1))
>                         b1title("<- More restrictive  |  Less restrictive ->", size(2))
>                         b2title("{bf:Distance to Boundary (miles)}", size(3) margin(t=1 b=0 l=0 r=0))
>                         name("graph_all", replace);
 66.                                 graph save "graph_all" "$EXPORTPATH/coef_`char_lab'_1918_all.gph", replace ;
 67.         #delimit cr
delimiter now cr
. 
.         graph close _all
 68. }
running coefplots for: char1_lotsizeac1
file label: lotsizeac1

    Variable |        Obs        Mean    Std. dev.       Min        Max
-------------+---------------------------------------------------------
char1_lots~1 |      3,303    .5348834    1.052623        .02      36.38

    Variable |        Obs        Mean    Std. dev.       Min        Max
-------------+---------------------------------------------------------
char1_lots~1 |      2,410    .6764191    1.275264        .02      29.38

    Variable |        Obs        Mean    Std. dev.       Min        Max
-------------+---------------------------------------------------------
char1_lots~1 |        239    .1790377     .212971        .01       1.44

    Variable |        Obs        Mean    Std. dev.       Min        Max
-------------+---------------------------------------------------------
char1_lots~1 |        255    .1963529      .84469        .01       13.5

    Variable |        Obs        Mean    Std. dev.       Min        Max
-------------+---------------------------------------------------------
char1_lots~1 |      1,197    .3190977    .6814815        .02       9.54

    Variable |        Obs        Mean    Std. dev.       Min        Max
-------------+---------------------------------------------------------
char1_lots~1 |      1,225    .3249388    .8707321        .01       27.3

    Variable |        Obs        Mean    Std. dev.       Min        Max
-------------+---------------------------------------------------------
char1_lots~1 |        226    .1857965    .2791599        .02       2.31

    Variable |        Obs        Mean    Std. dev.       Min        Max
-------------+---------------------------------------------------------
char1_lots~1 |        240     .220625    .2916796        .04       3.05

    Variable |        Obs        Mean    Std. dev.       Min        Max
-------------+---------------------------------------------------------
char1_lots~1 |         82    .3131707    .2533474        .07       1.38

    Variable |        Obs        Mean    Std. dev.       Min        Max
-------------+---------------------------------------------------------
char1_lots~1 |         87    .2667816    .1901376        .07       1.22

    Variable |        Obs        Mean    Std. dev.       Min        Max
-------------+---------------------------------------------------------
char1_lots~1 |        190    .3292632    .5255086        .03       6.92

    Variable |        Obs        Mean    Std. dev.       Min        Max
-------------+---------------------------------------------------------
char1_lots~1 |        142    .3544366     .447013        .05       4.71

lotsizeac1 - year==2018 & year_built>=1918 
--------------------------------------------------------------------------------------------------------------------
                              (1)             (2)             (3)             (4)             (5)             (6)   
                          only_du           du_he           mf_du         only_mf           mf_he         only_he   
--------------------------------------------------------------------------------------------------------------------
-.2                         0.254***       -0.240         0.00864          0.0734          0.0142                   
                         (0.0523)         (0.249)        (0.0660)        (0.0636)        (0.0427)                   

-.18                        0.138***       -0.322         -0.0614          -1.637          -0.764          -1.265   
                         (0.0370)         (0.222)        (0.0698)         (1.065)         (0.447)         (2.772)   

-.16                        0.168***       -0.275         -0.0114          0.0580          -0.129          -0.253   
                         (0.0396)         (0.219)        (0.0730)        (0.0583)         (0.309)         (0.579)   

-.14                        0.187***       -0.382         0.00318         -0.0951          0.0137          -2.317***
                         (0.0359)         (0.321)        (0.0463)         (0.118)        (0.0368)        (0.0182)   

-.12                        0.182***       -0.270         0.00223          0.0207           0.130          -0.954   
                         (0.0344)         (0.207)        (0.0648)        (0.0446)         (0.103)         (1.388)   

-.1                         0.228***       -0.228         -0.0190          0.0401           0.333         0.00488   
                         (0.0442)         (0.201)        (0.0441)        (0.0849)         (0.261)         (0.184)   

-.08                        0.150***       -0.518        -0.00531          0.0458          0.0918         -0.0735   
                         (0.0309)         (0.529)        (0.0352)        (0.0381)        (0.0641)         (0.144)   

-.06                        0.182***       -0.162          0.0701          0.0548          0.0438         -0.0118   
                         (0.0339)         (0.159)        (0.0640)        (0.0275)        (0.0428)        (0.0634)   

-.04                        0.102***       -0.231         -0.0464          0.0632          -0.117          0.0126   
                         (0.0297)         (0.184)        (0.0292)        (0.0507)         (0.182)        (0.0353)   

-.02                        0.148***      -0.0679        0.000547        -0.00452         0.00867          0.0295   
                         (0.0417)         (0.137)        (0.0382)        (0.0356)        (0.0237)        (0.0287)   

0                               0               0               0               0               0               0   
                              (.)             (.)             (.)             (.)             (.)             (.)   

.02                       -0.0390           0.506          0.0531         -0.0106           0.111          0.0396   
                         (0.0254)         (0.476)        (0.0727)        (0.0329)         (0.213)        (0.0271)   

.04                       -0.0630*          0.710         -0.0777*       -0.00244           0.674          0.0174   
                         (0.0305)         (0.604)        (0.0326)        (0.0550)         (0.399)        (0.0492)   

.06                        -0.110***        0.537         -0.0419           0.235          -0.174         -0.0308   
                         (0.0278)         (0.475)        (0.0525)         (0.343)         (0.126)        (0.0257)   

.08                        -0.102***       -0.437         -0.0755          0.0959         -0.0213        -0.00589   
                         (0.0296)         (0.600)        (0.0569)         (0.156)         (0.135)        (0.0345)   

.1                        -0.0868*          0.122          -0.141**       -0.0140         -0.0396          0.0447   
                         (0.0357)         (0.228)        (0.0486)        (0.0512)        (0.0951)        (0.0422)   

.12                        -0.124***        0.261          -0.147**       -0.0896           0.152          0.0623   
                         (0.0309)         (0.352)        (0.0450)         (0.104)         (0.203)        (0.0364)   

.14                        -0.157***       -0.111         -0.0980          -0.246         -0.0438        -0.00166   
                         (0.0322)         (0.171)        (0.0776)         (0.145)        (0.0714)        (0.0286)   

.16                        -0.166***        1.986          -0.145          0.0133          -0.241          0.0288   
                         (0.0339)         (2.915)        (0.0820)        (0.0512)         (0.204)        (0.0488)   

.18                        -0.177***        0.261          -0.103          -0.450          0.0686          0.0152   
                         (0.0355)         (0.352)        (0.0611)         (0.295)        (0.0417)        (0.0311)   

.2                         -0.206***       -0.835***       -0.211**         0.247          0.0521         -0.0627** 
                         (0.0350)         (0.219)        (0.0649)         (0.202)        (0.0348)        (0.0227)   

Constant                    0.572***        1.195***        2.789***        0.341***        0.890***        6.920***
                         (0.0268)         (0.219)        (0.0403)        (0.0621)         (0.150)      (6.79e-14)   

Boundary f.e.                 Yes             Yes             Yes             Yes             Yes             Yes   
--------------------------------------------------------------------------------------------------------------------
Observations                33966            1809           11560            1534             508            1854   
R-squared                   0.243           0.236           0.145           0.617           0.274           0.413   
--------------------------------------------------------------------------------------------------------------------
Standard errors in parentheses
* p<0.05, ** p<0.01, *** p<0.001

lotsizeac1 - year==2018 & year_built>=1918, robust s.e. 
--------------------------------------------------------------------------------------------------------------------
                              (1)             (2)             (3)             (4)             (5)             (6)   
                          only_du           du_he           mf_du         only_mf           mf_he         only_he   
--------------------------------------------------------------------------------------------------------------------
-.2                         0.254***       -0.240         0.00864          0.0734          0.0142                   
                         (0.0408)         (0.191)        (0.0585)        (0.0487)        (0.0502)                   

-.18                        0.138***       -0.322         -0.0614          -1.637**        -0.764          -1.265   
                         (0.0299)         (0.185)        (0.0746)         (0.622)         (0.409)         (2.422)   

-.16                        0.168***       -0.275         -0.0114          0.0580          -0.129          -0.253   
                         (0.0376)         (0.175)        (0.0694)        (0.0553)         (0.197)         (0.498)   

-.14                        0.187***       -0.382         0.00318         -0.0951          0.0137          -2.317*  
                         (0.0318)         (0.294)        (0.0343)        (0.0954)        (0.0588)         (0.942)   

-.12                        0.182***       -0.270         0.00223          0.0207           0.130          -0.954   
                         (0.0294)         (0.160)        (0.0590)        (0.0331)         (0.150)         (1.093)   

-.1                         0.228***       -0.228         -0.0190          0.0401           0.333         0.00488   
                         (0.0368)         (0.157)        (0.0390)        (0.0684)         (0.233)         (0.153)   

-.08                        0.150***       -0.518        -0.00531          0.0458          0.0918         -0.0735   
                         (0.0257)         (0.440)        (0.0276)        (0.0316)        (0.0722)         (0.150)   

-.06                        0.182***       -0.162          0.0701          0.0548*         0.0438         -0.0118   
                         (0.0260)         (0.123)        (0.0377)        (0.0240)        (0.0637)        (0.0585)   

-.04                        0.102***       -0.231         -0.0464*         0.0632*         -0.117          0.0126   
                         (0.0261)         (0.153)        (0.0234)        (0.0285)         (0.126)        (0.0289)   

-.02                        0.148***      -0.0679        0.000547        -0.00452         0.00867          0.0295   
                         (0.0289)         (0.104)        (0.0351)        (0.0293)        (0.0403)        (0.0276)   

0                               0               0               0               0               0               0   
                              (.)             (.)             (.)             (.)             (.)             (.)   

.02                       -0.0390           0.506          0.0531         -0.0106           0.111          0.0396   
                         (0.0238)         (0.384)        (0.0504)        (0.0274)         (0.134)        (0.0283)   

.04                       -0.0630*          0.710         -0.0777***     -0.00244           0.674          0.0174   
                         (0.0249)         (0.496)        (0.0224)        (0.0367)         (0.815)        (0.0420)   

.06                        -0.110***        0.537         -0.0419           0.235          -0.174*        -0.0308   
                         (0.0232)         (0.408)        (0.0468)         (0.140)        (0.0775)        (0.0235)   

.08                        -0.102***       -0.437         -0.0755          0.0959         -0.0213        -0.00589   
                         (0.0248)         (0.436)        (0.0483)         (0.117)         (0.141)        (0.0267)   

.1                        -0.0868***        0.122          -0.141***      -0.0140         -0.0396          0.0447   
                         (0.0261)         (0.167)        (0.0272)        (0.0376)         (0.201)        (0.0348)   

.12                        -0.124***        0.261          -0.147***      -0.0896*          0.152          0.0623   
                         (0.0264)         (0.259)        (0.0292)        (0.0451)         (0.199)        (0.0463)   

.14                        -0.157***       -0.111         -0.0980          -0.246*        -0.0438        -0.00166   
                         (0.0218)         (0.151)        (0.0742)        (0.0976)        (0.0782)        (0.0434)   

.16                        -0.166***        1.986          -0.145*         0.0133          -0.241          0.0288   
                         (0.0267)         (2.193)        (0.0597)         (0.127)         (0.177)        (0.0364)   

.18                        -0.177***        0.261          -0.103          -0.450**        0.0686          0.0152   
                         (0.0253)         (0.259)        (0.0621)         (0.139)        (0.0692)        (0.0241)   

.2                         -0.206***       -0.835***       -0.211***        0.247          0.0521         -0.0627** 
                         (0.0318)         (0.175)        (0.0355)         (0.184)        (0.0622)        (0.0207)   

Constant                    0.572***        1.195***        2.789***        0.341***        0.890***        6.920***
                          (0.118)         (0.175)         (0.375)        (0.0538)         (0.135)    (0.000000393)   

Boundary f.e.                 Yes             Yes             Yes             Yes             Yes             Yes   
--------------------------------------------------------------------------------------------------------------------
Observations                33966            1809           11560            1534             508            1854   
R-squared                   0.243           0.236           0.145           0.617           0.274           0.413   
--------------------------------------------------------------------------------------------------------------------
Standard errors in parentheses
* p<0.05, ** p<0.01, *** p<0.001
(file /shared/boston_zoning/working_paper/replication_package/analysis/chars_mtlines_output/coef_lotsizeac1_1918_du.gph not found)
file /shared/boston_zoning/working_paper/replication_package/analysis/chars_mtlines_output/coef_lotsizeac1_1918_du.gph saved
(file /shared/boston_zoning/working_paper/replication_package/analysis/chars_mtlines_output/coef_lotsizeac1_1918_he.gph not found)
file /shared/boston_zoning/working_paper/replication_package/analysis/chars_mtlines_output/coef_lotsizeac1_1918_he.gph saved
(file /shared/boston_zoning/working_paper/replication_package/analysis/chars_mtlines_output/coef_lotsizeac1_1918_mf.gph not found)
file /shared/boston_zoning/working_paper/replication_package/analysis/chars_mtlines_output/coef_lotsizeac1_1918_mf.gph saved
(file /shared/boston_zoning/working_paper/replication_package/analysis/chars_mtlines_output/coef_lotsizeac1_1918_duhe.gph not found)
file /shared/boston_zoning/working_paper/replication_package/analysis/chars_mtlines_output/coef_lotsizeac1_1918_duhe.gph saved
(file /shared/boston_zoning/working_paper/replication_package/analysis/chars_mtlines_output/coef_lotsizeac1_1918_mfdu.gph not found)
file /shared/boston_zoning/working_paper/replication_package/analysis/chars_mtlines_output/coef_lotsizeac1_1918_mfdu.gph saved
(file /shared/boston_zoning/working_paper/replication_package/analysis/chars_mtlines_output/coef_lotsizeac1_1918_mfhe.gph not found)
file /shared/boston_zoning/working_paper/replication_package/analysis/chars_mtlines_output/coef_lotsizeac1_1918_mfhe.gph saved
(file /shared/boston_zoning/working_paper/replication_package/analysis/chars_mtlines_output/coef_lotsizeac1_1918_all.gph not found)
file /shared/boston_zoning/working_paper/replication_package/analysis/chars_mtlines_output/coef_lotsizeac1_1918_all.gph saved
running coefplots for: char2_livingarea1
file label: livingarea1

    Variable |        Obs        Mean    Std. dev.       Min        Max
-------------+---------------------------------------------------------
char2_livi~1 |      3,255    1932.711    934.7483        221      18271

    Variable |        Obs        Mean    Std. dev.       Min        Max
-------------+---------------------------------------------------------
char2_livi~1 |      2,371    2013.529    1118.642         68      26623

    Variable |        Obs        Mean    Std. dev.       Min        Max
-------------+---------------------------------------------------------
char2_livi~1 |        230     1487.99    711.4057   50.83333       6205

    Variable |        Obs        Mean    Std. dev.       Min        Max
-------------+---------------------------------------------------------
char2_livi~1 |        246    1364.671    448.5484      41.84       3224

    Variable |        Obs        Mean    Std. dev.       Min        Max
-------------+---------------------------------------------------------
char2_livi~1 |      1,178    1646.731    719.3922        465       5900

    Variable |        Obs        Mean    Std. dev.       Min        Max
-------------+---------------------------------------------------------
char2_livi~1 |      1,211    1769.578    856.7892        569      12551

    Variable |        Obs        Mean    Std. dev.       Min        Max
-------------+---------------------------------------------------------
char2_livi~1 |        221     1420.13    513.9267   584.3333       3696

    Variable |        Obs        Mean    Std. dev.       Min        Max
-------------+---------------------------------------------------------
char2_livi~1 |        236    1755.156    740.4112        528       6096

    Variable |        Obs        Mean    Std. dev.       Min        Max
-------------+---------------------------------------------------------
char2_livi~1 |         81    1644.492    576.3869      673.5       3448

    Variable |        Obs        Mean    Std. dev.       Min        Max
-------------+---------------------------------------------------------
char2_livi~1 |         85    2195.402    750.7073        720       4293

    Variable |        Obs        Mean    Std. dev.       Min        Max
-------------+---------------------------------------------------------
char2_livi~1 |        184    2462.606    1213.429        556       6715

    Variable |        Obs        Mean    Std. dev.       Min        Max
-------------+---------------------------------------------------------
char2_livi~1 |        134    2487.084    1463.134      557.3       9791

livingarea1 - year==2018 & year_built>=1918 
--------------------------------------------------------------------------------------------------------------------
                              (1)             (2)             (3)             (4)             (5)             (6)   
                          only_du           du_he           mf_du         only_mf           mf_he         only_he   
--------------------------------------------------------------------------------------------------------------------
-.2                         453.4***       -28.95           255.0**         870.5*         -703.2***                
                          (76.63)         (113.3)         (86.41)         (410.8)         (53.88)                   

-.18                        339.1***        24.99           272.7***       -318.0           532.7           165.6   
                          (65.26)         (181.7)         (72.26)         (522.8)         (626.6)         (150.1)   

-.16                        345.5***        116.6           160.2*          281.8*          415.0***       -32.80   
                          (63.62)         (108.3)         (68.14)         (130.9)         (106.4)         (242.1)   

-.14                        319.9***        167.1           108.7           680.6           180.3          -588.0***
                          (50.11)         (126.5)         (80.61)         (423.7)         (231.3)      (8.34e-10)   

-.12                        354.6***        59.27           171.1           423.6***        539.9*         -247.9   
                          (53.35)         (94.23)         (89.88)         (115.8)         (225.7)         (286.9)   

-.1                         361.6***        208.9*          162.3**         160.8           448.4*          184.1   
                          (50.23)         (84.20)         (55.68)         (138.0)         (209.3)         (337.8)   

-.08                        319.9***        175.5           117.0*          197.0*          437.3*          36.77   
                          (43.77)         (143.1)         (58.55)         (78.46)         (183.8)         (335.2)   

-.06                        318.6***        223.4*          117.5**         266.6**         646.2*         -238.0   
                          (43.64)         (86.03)         (44.42)         (87.73)         (254.2)         (125.9)   

-.04                        221.2***        132.1           101.2*          277.7**         220.1*          100.1   
                          (36.32)         (129.6)         (40.59)         (90.37)         (94.75)         (156.0)   

-.02                        140.3***       -54.12           91.85*          314.2***        511.4***        27.79   
                          (32.25)         (84.10)         (38.16)         (51.20)         (96.17)         (95.84)   

0                               0               0               0               0               0               0   
                              (.)             (.)             (.)             (.)             (.)             (.)   

.02                        -57.56           68.19          -19.77          -5.938           96.90           28.78   
                          (30.72)         (82.71)         (60.57)         (62.88)         (269.4)         (64.93)   

.04                        -111.2**        -181.8          -77.51           17.48          -239.4          -200.1*  
                          (37.85)         (97.61)         (42.31)         (53.79)         (152.1)         (88.13)   

.06                        -135.4***        138.6          -124.3**         57.35          -89.21          -311.8***
                          (36.84)         (106.7)         (41.34)         (241.6)         (120.7)         (82.62)   

.08                        -89.20*         -189.5          -140.9***        87.06          -247.0          -376.8***
                          (38.08)         (121.9)         (40.96)         (127.7)         (367.3)         (92.69)   

.1                         -79.04          -115.0          -162.9**         92.51          -164.9          -238.7*  
                          (42.99)         (108.5)         (61.85)         (135.7)         (255.9)         (117.8)   

.12                        -93.82*         -230.3***       -131.4*          16.95           221.2          -258.2** 
                          (44.71)         (61.14)         (63.35)         (83.27)         (276.9)         (95.81)   

.14                        -109.9*          181.1          -189.6**         459.8*         -139.6          -174.8   
                          (50.44)         (114.1)         (57.86)         (204.7)         (137.3)         (153.8)   

.16                        -102.5           98.71          -186.9**         175.6          -20.49          -313.7***
                          (52.43)         (226.7)         (61.29)         (197.8)         (150.9)         (63.42)   

.18                        -129.7*         -475.0***       -181.3*         -195.6           447.6***       -388.1   
                          (54.17)         (61.14)         (81.92)         (108.0)         (101.6)         (232.5)   

.2                         -126.9*         -566.4***       -278.5*          152.4           557.4          -560.1*  
                          (55.13)         (108.3)         (130.3)         (593.7)         (285.5)         (216.1)   

Constant                   2046.7***       2451.4***       3334.3***       1625.5***       1898.4***       1264.0***
                          (37.58)         (108.3)         (55.04)         (71.11)         (137.9)      (8.34e-10)   

Boundary f.e.                 Yes             Yes             Yes             Yes             Yes             Yes   
--------------------------------------------------------------------------------------------------------------------
Observations                33581            1734           11428            1512             496            1806   
R-squared                   0.381           0.314           0.277           0.474           0.430           0.379   
--------------------------------------------------------------------------------------------------------------------
Standard errors in parentheses
* p<0.05, ** p<0.01, *** p<0.001

livingarea1 - year==2018 & year_built>=1918, robust s.e. 
--------------------------------------------------------------------------------------------------------------------
                              (1)             (2)             (3)             (4)             (5)             (6)   
                          only_du           du_he           mf_du         only_mf           mf_he         only_he   
--------------------------------------------------------------------------------------------------------------------
-.2                         453.4***       -28.95           255.0***        870.5***       -703.2***                
                          (41.38)         (93.59)         (69.87)         (233.2)         (202.7)                   

-.18                        339.1***        24.99           272.7***       -318.0           532.7           165.6   
                          (35.77)         (125.4)         (57.51)         (455.8)         (466.1)         (177.4)   

-.16                        345.5***        116.6           160.2**         281.8*          415.0**        -32.80   
                          (37.25)         (93.33)         (51.88)         (120.1)         (149.0)         (199.3)   

-.14                        319.9***        167.1           108.7*          680.6**         180.3          -588.0***
                          (32.50)         (97.02)         (54.91)         (243.0)         (175.1)      (0.000462)   

-.12                        354.6***        59.27           171.1*          423.6***        539.9**        -247.9   
                          (30.21)         (77.40)         (67.95)         (117.1)         (176.2)         (220.6)   

-.1                         361.6***        208.9*          162.3***        160.8           448.4**         184.1   
                          (29.26)         (84.39)         (43.95)         (106.5)         (171.9)         (204.8)   

-.08                        319.9***        175.5           117.0**         197.0**         437.3**         36.77   
                          (26.60)         (99.41)         (42.18)         (75.30)         (133.2)         (193.2)   

-.06                        318.6***        223.4*          117.5***        266.6***        646.2***       -238.0*  
                          (24.34)         (105.0)         (34.62)         (63.71)         (187.2)         (110.0)   

-.04                        221.2***        132.1           101.2***        277.7***        220.1           100.1   
                          (23.12)         (84.02)         (28.95)         (62.24)         (132.1)         (153.0)   

-.02                        140.3***       -54.12           91.85**         314.2***        511.4***        27.79   
                          (22.22)         (64.43)         (29.04)         (55.03)         (96.66)         (125.6)   

0                               0               0               0               0               0               0   
                              (.)             (.)             (.)             (.)             (.)             (.)   

.02                        -57.56**         68.19          -19.77          -5.938           96.90           28.78   
                          (18.85)         (75.31)         (47.51)         (54.06)         (168.2)         (123.4)   

.04                        -111.2***       -181.8*         -77.51**         17.48          -239.4          -200.1   
                          (20.27)         (87.27)         (27.83)         (67.87)         (149.5)         (102.2)   

.06                        -135.4***        138.6          -124.3***        57.35          -89.21          -311.8** 
                          (20.53)         (132.9)         (29.91)         (131.5)         (195.1)         (99.40)   

.08                        -89.20***       -189.5          -140.9***        87.06          -247.0          -376.8***
                          (20.27)         (125.9)         (31.55)         (113.4)         (151.0)         (105.5)   

.1                         -79.04***       -115.0          -162.9***        92.51          -164.9          -238.7*  
                          (23.17)         (110.6)         (39.62)         (114.2)         (165.1)         (119.7)   

.12                        -93.82***       -230.3*         -131.4**         16.95           221.2          -258.2*  
                          (23.36)         (102.9)         (48.10)         (107.6)         (266.2)         (113.0)   

.14                        -109.9***        181.1          -189.6***        459.8*         -139.6          -174.8   
                          (25.80)         (277.4)         (45.63)         (195.7)         (109.6)         (122.9)   

.16                        -102.5***        98.71          -186.9***        175.6          -20.49          -313.7*  
                          (27.23)         (175.0)         (47.97)         (202.5)         (144.6)         (124.4)   

.18                        -129.7***       -475.0***       -181.3**        -195.6           447.6**        -388.1** 
                          (29.33)         (102.9)         (59.05)         (196.4)         (136.8)         (144.3)   

.2                         -126.9***       -566.4***       -278.5**         152.4           557.4***       -560.1***
                          (37.34)         (93.33)         (98.45)         (614.5)         (162.0)         (150.0)   

Constant                   2046.7***       2451.4***       3334.3***       1625.5***       1898.4***       1264.0***
                          (105.4)         (93.33)         (186.7)         (83.04)         (128.1)      (0.000270)   

Boundary f.e.                 Yes             Yes             Yes             Yes             Yes             Yes   
--------------------------------------------------------------------------------------------------------------------
Observations                33581            1734           11428            1512             496            1806   
R-squared                   0.381           0.314           0.277           0.474           0.430           0.379   
--------------------------------------------------------------------------------------------------------------------
Standard errors in parentheses
* p<0.05, ** p<0.01, *** p<0.001
(file
    /shared/boston_zoning/working_paper/replication_package/analysis/chars_mtlines_output/coef
    > _livingarea1_1918_du.gph not found)
file /shared/boston_zoning/working_paper/replication_package/analysis/chars_mtlines_output/coef_
> livingarea1_1918_du.gph saved
(file
    /shared/boston_zoning/working_paper/replication_package/analysis/chars_mtlines_output/coef
    > _livingarea1_1918_he.gph not found)
file /shared/boston_zoning/working_paper/replication_package/analysis/chars_mtlines_output/coef_
> livingarea1_1918_he.gph saved
(file
    /shared/boston_zoning/working_paper/replication_package/analysis/chars_mtlines_output/coef
    > _livingarea1_1918_mf.gph not found)
file /shared/boston_zoning/working_paper/replication_package/analysis/chars_mtlines_output/coef_
> livingarea1_1918_mf.gph saved
(file
    /shared/boston_zoning/working_paper/replication_package/analysis/chars_mtlines_output/coef
    > _livingarea1_1918_duhe.gph not found)
file /shared/boston_zoning/working_paper/replication_package/analysis/chars_mtlines_output/coef_
> livingarea1_1918_duhe.gph saved
(file
    /shared/boston_zoning/working_paper/replication_package/analysis/chars_mtlines_output/coef
    > _livingarea1_1918_mfdu.gph not found)
file /shared/boston_zoning/working_paper/replication_package/analysis/chars_mtlines_output/coef_
> livingarea1_1918_mfdu.gph saved
(file
    /shared/boston_zoning/working_paper/replication_package/analysis/chars_mtlines_output/coef
    > _livingarea1_1918_mfhe.gph not found)
file /shared/boston_zoning/working_paper/replication_package/analysis/chars_mtlines_output/coef_
> livingarea1_1918_mfhe.gph saved
(file
    /shared/boston_zoning/working_paper/replication_package/analysis/chars_mtlines_output/coef
    > _livingarea1_1918_all.gph not found)
file /shared/boston_zoning/working_paper/replication_package/analysis/chars_mtlines_output/coef_
> livingarea1_1918_all.gph saved
running coefplots for: char3_bedrooms1
file label: bedrooms1

    Variable |        Obs        Mean    Std. dev.       Min        Max
-------------+---------------------------------------------------------
char3_bedr~1 |      3,183    3.257076    .8249004          1          9

    Variable |        Obs        Mean    Std. dev.       Min        Max
-------------+---------------------------------------------------------
char3_bedr~1 |      2,333    3.272804     .891229       .125         11

    Variable |        Obs        Mean    Std. dev.       Min        Max
-------------+---------------------------------------------------------
char3_bedr~1 |        202    2.715842     .996981   .0833333          7

    Variable |        Obs        Mean    Std. dev.       Min        Max
-------------+---------------------------------------------------------
char3_bedr~1 |        227     2.66857    .7624554          1          5

    Variable |        Obs        Mean    Std. dev.       Min        Max
-------------+---------------------------------------------------------
char3_bedr~1 |      1,129    3.011977    .8452289          1          7

    Variable |        Obs        Mean    Std. dev.       Min        Max
-------------+---------------------------------------------------------
char3_bedr~1 |      1,163     3.18759    .8905712          1          9

    Variable |        Obs        Mean    Std. dev.       Min        Max
-------------+---------------------------------------------------------
char3_bedr~1 |        220     2.63697    .9008744   .6666667          6

    Variable |        Obs        Mean    Std. dev.       Min        Max
-------------+---------------------------------------------------------
char3_bedr~1 |        235    2.983283    .7943116   .5714286          6

    Variable |        Obs        Mean    Std. dev.       Min        Max
-------------+---------------------------------------------------------
char3_bedr~1 |         72     3.06713    .6431654        1.5          5

    Variable |        Obs        Mean    Std. dev.       Min        Max
-------------+---------------------------------------------------------
char3_bedr~1 |         83    3.441767     .866586          1          5

    Variable |        Obs        Mean    Std. dev.       Min        Max
-------------+---------------------------------------------------------
char3_bedr~1 |        183    3.330601    .9671774          1          6

    Variable |        Obs        Mean    Std. dev.       Min        Max
-------------+---------------------------------------------------------
char3_bedr~1 |        134    3.251244    .8940877          1          6

bedrooms1 - year==2018 & year_built>=1918 
------------------------------------------------------------------------------------------------
> --------------------
                              (1)             (2)             (3)             (4)             (5
> )             (6)   
                          only_du           du_he           mf_du         only_mf           mf_h
> e         only_he   
------------------------------------------------------------------------------------------------
> --------------------
-.2                         0.271***      -0.0619           0.196*          0.774**        -0.60
> 6***                
                         (0.0435)         (0.206)        (0.0906)         (0.290)        (0.0418
> )                   

-.18                        0.281***     -0.00140           0.118           0.839**         1.20
> 7           0.179   
                         (0.0407)         (0.167)        (0.0675)         (0.303)         (0.606
> )         (0.228)   

-.16                        0.184***        0.163           0.135           0.177           0.11
> 4          0.0517   
                         (0.0459)         (0.226)        (0.0726)         (0.188)         (0.117
> )         (0.343)   

-.14                        0.203***        0.196           0.156*          0.333          0.071
> 8       -3.12e-13   
                         (0.0355)         (0.175)        (0.0721)         (0.169)         (0.245
> )      (3.22e-13)   

-.12                        0.294***       0.0489           0.255*          0.263           0.38
> 3         -0.0415   
                         (0.0372)         (0.125)         (0.107)         (0.167)         (0.305
> )         (0.364)   

-.1                         0.244***        0.154           0.237***        0.138          0.083
> 3           0.495   
                         (0.0355)         (0.130)        (0.0700)         (0.151)         (0.267
> )         (0.496)   

-.08                        0.216***        0.174           0.172**         0.276           0.31
> 5           0.386   
                         (0.0349)         (0.151)        (0.0643)         (0.151)         (0.156
> )         (0.266)   

-.06                        0.240***       0.0878           0.159**         0.302*          0.27
> 9          -0.323*  
                         (0.0322)         (0.124)        (0.0551)         (0.129)         (0.219
> )         (0.133)   

-.04                        0.179***       0.0184           0.196***        0.228          0.028
> 3         -0.0468   
                         (0.0340)         (0.139)        (0.0543)         (0.119)         (0.126
> )         (0.137)   

-.02                       0.0960***      0.00808           0.149***        0.340**         0.35
> 6**       -0.0454   
                         (0.0277)         (0.146)        (0.0437)         (0.121)        (0.0983
> )        (0.0943)   

0                               0               0               0               0               
> 0               0   
                              (.)             (.)             (.)             (.)             (.
> )             (.)   

.02                       -0.0135         -0.0311          0.0522         -0.0908         -0.032
> 1         -0.0407   
                         (0.0253)         (0.157)        (0.0855)        (0.0994)         (0.209
> )         (0.101)   

.04                       -0.0477          -0.194         -0.0474         0.00171           0.27
> 8          -0.108   
                         (0.0270)         (0.171)        (0.0490)         (0.103)         (0.308
> )        (0.0876)   

.06                       -0.0254           0.365*        -0.0684          -0.170          -0.36
> 2**        -0.158*  
                         (0.0280)         (0.150)        (0.0455)         (0.215)         (0.109
> )        (0.0785)   

.08                       -0.0556         -0.0468         -0.0627         -0.0535          -0.42
> 6          -0.151   
                         (0.0294)         (0.175)        (0.0668)         (0.152)         (0.267
> )        (0.0886)   

.1                        -0.0333           0.366          0.0208          -0.211         -0.077
> 1          -0.102   
                         (0.0303)         (0.211)        (0.0659)         (0.148)         (0.219
> )         (0.136)   

.12                       -0.0245          -0.123          -0.125*         -0.169*          0.10
> 8          0.0123   
                         (0.0326)         (0.143)        (0.0595)        (0.0809)         (0.106
> )         (0.120)   

.14                       -0.0545           0.465***      -0.0790          0.0819          -0.30
> 4**       0.00720   
                         (0.0366)        (0.0728)        (0.0721)         (0.191)        (0.0855
> )        (0.0789)   

.16                       -0.0335           0.389         -0.0593          0.0455          -0.32
> 3           0.135   
                         (0.0360)         (0.686)        (0.0618)         (0.117)         (0.172
> )         (0.146)   

.18                       -0.0628          -0.123         0.00321          0.0255         -0.053
> 1          -0.167   
                         (0.0418)         (0.143)        (0.0885)         (0.156)        (0.0796
> )         (0.143)   

.2                        -0.0172          -0.837***      -0.0748           0.250           0.22
> 1          -0.267   
                         (0.0523)         (0.226)         (0.191)         (0.643)         (0.136
> )         (0.192)   

Constant                    3.207***        3.837***        3.597***        3.056***        3.65
> 6***        2.000***
                         (0.0285)         (0.226)        (0.0521)         (0.104)         (0.189
> )      (3.22e-13)   

Boundary f.e.                 Yes             Yes             Yes             Yes             Ye
> s             Yes   
------------------------------------------------------------------------------------------------
> --------------------
Observations                33198            1601           10905            1501             45
> 8            1793   
R-squared                   0.226           0.258           0.126           0.291           0.26
> 4           0.202   
------------------------------------------------------------------------------------------------
> --------------------
Standard errors in parentheses
* p<0.05, ** p<0.01, *** p<0.001

bedrooms1 - year==2018 & year_built>=1918, robust s.e. 
------------------------------------------------------------------------------------------------
> --------------------
                              (1)             (2)             (3)             (4)             (5
> )             (6)   
                          only_du           du_he           mf_du         only_mf           mf_h
> e         only_he   
------------------------------------------------------------------------------------------------
> --------------------
-.2                         0.271***      -0.0619           0.196*          0.774***       -0.60
> 6*                  
                         (0.0317)         (0.175)        (0.0788)         (0.208)         (0.239
> )                   

-.18                        0.281***     -0.00140           0.118           0.839**         1.20
> 7*          0.179   
                         (0.0309)         (0.181)        (0.0643)         (0.293)         (0.471
> )         (0.289)   

-.16                        0.184***        0.163           0.135*          0.177           0.11
> 4          0.0517   
                         (0.0327)         (0.154)        (0.0591)         (0.180)         (0.148
> )         (0.529)   

-.14                        0.203***        0.196           0.156**         0.333*         0.071
> 8       -3.12e-13   
                         (0.0279)         (0.146)        (0.0606)         (0.143)         (0.232
> )             (.)   

-.12                        0.294***       0.0489           0.255**         0.263*          0.38
> 3         -0.0415   
                         (0.0266)         (0.127)        (0.0901)         (0.133)         (0.209
> )         (0.340)   

-.1                         0.244***        0.154           0.237***        0.138          0.083
> 3           0.495*  
                         (0.0264)         (0.142)        (0.0596)         (0.102)         (0.207
> )         (0.243)   

-.08                        0.216***        0.174           0.172**         0.276**         0.31
> 5           0.386   
                         (0.0259)         (0.129)        (0.0574)         (0.106)         (0.208
> )         (0.310)   

-.06                        0.240***       0.0878           0.159***        0.302**         0.27
> 9          -0.323** 
                         (0.0239)         (0.121)        (0.0449)        (0.0940)         (0.215
> )         (0.121)   

-.04                        0.179***       0.0184           0.196***        0.228*         0.028
> 3         -0.0468   
                         (0.0237)         (0.112)        (0.0403)        (0.0904)         (0.183
> )         (0.107)   

-.02                       0.0960***      0.00808           0.149***        0.340***        0.35
> 6**       -0.0454   
                         (0.0218)         (0.107)        (0.0373)        (0.0800)         (0.133
> )        (0.0955)   

0                               0               0               0               0               
> 0               0   
                              (.)             (.)             (.)             (.)             (.
> )             (.)   

.02                       -0.0135         -0.0311          0.0522         -0.0908         -0.032
> 1         -0.0407   
                         (0.0194)         (0.117)        (0.0702)        (0.0850)         (0.199
> )        (0.0918)   

.04                       -0.0477*         -0.194         -0.0474         0.00171           0.27
> 8          -0.108   
                         (0.0205)         (0.148)        (0.0384)         (0.103)         (0.304
> )        (0.0926)   

.06                       -0.0254           0.365         -0.0684          -0.170          -0.36
> 2          -0.158   
                         (0.0211)         (0.237)        (0.0400)         (0.131)         (0.327
> )        (0.0866)   

.08                       -0.0556**       -0.0468         -0.0627         -0.0535          -0.42
> 6*         -0.151   
                         (0.0213)         (0.221)        (0.0456)         (0.139)         (0.192
> )        (0.0908)   

.1                        -0.0333           0.366          0.0208          -0.211         -0.077
> 1          -0.102   
                         (0.0235)         (0.194)        (0.0541)         (0.137)         (0.377
> )         (0.113)   

.12                       -0.0245          -0.123          -0.125*         -0.169           0.10
> 8          0.0123   
                         (0.0235)         (0.202)        (0.0552)         (0.151)         (0.354
> )         (0.118)   

.14                       -0.0545*          0.465         -0.0790          0.0819          -0.30
> 4         0.00720   
                         (0.0251)         (0.328)        (0.0542)         (0.163)         (0.248
> )         (0.108)   

.16                       -0.0335           0.389         -0.0593          0.0455          -0.32
> 3           0.135   
                         (0.0274)         (0.504)        (0.0694)         (0.213)         (0.235
> )         (0.123)   

.18                       -0.0628*         -0.123         0.00321          0.0255         -0.053
> 1          -0.167   
                         (0.0279)         (0.202)        (0.0746)         (0.259)         (0.220
> )         (0.115)   

.2                        -0.0172          -0.837***      -0.0748           0.250           0.22
> 1          -0.267   
                         (0.0390)         (0.154)         (0.148)         (0.542)         (0.199
> )         (0.149)   

Constant                    3.207***        3.837***        3.597***        3.056***        3.65
> 6***        2.000   
                          (0.128)         (0.154)         (0.256)         (0.111)         (0.261
> )             (.)   

Boundary f.e.                 Yes             Yes             Yes             Yes             Ye
> s             Yes   
------------------------------------------------------------------------------------------------
> --------------------
Observations                33198            1601           10905            1501             45
> 8            1793   
R-squared                   0.226           0.258           0.126           0.291           0.26
> 4           0.202   
------------------------------------------------------------------------------------------------
> --------------------
Standard errors in parentheses
* p<0.05, ** p<0.01, *** p<0.001
(file
    /shared/boston_zoning/working_paper/replication_package/analysis/chars_mtlines_output/coef
    > _bedrooms1_1918_du.gph not found)
file /shared/boston_zoning/working_paper/replication_package/analysis/chars_mtlines_output/coef_
> bedrooms1_1918_du.gph saved
(file
    /shared/boston_zoning/working_paper/replication_package/analysis/chars_mtlines_output/coef
    > _bedrooms1_1918_he.gph not found)
file /shared/boston_zoning/working_paper/replication_package/analysis/chars_mtlines_output/coef_
> bedrooms1_1918_he.gph saved
(file
    /shared/boston_zoning/working_paper/replication_package/analysis/chars_mtlines_output/coef
    > _bedrooms1_1918_mf.gph not found)
file /shared/boston_zoning/working_paper/replication_package/analysis/chars_mtlines_output/coef_
> bedrooms1_1918_mf.gph saved
(file
    /shared/boston_zoning/working_paper/replication_package/analysis/chars_mtlines_output/coef
    > _bedrooms1_1918_duhe.gph not found)
file /shared/boston_zoning/working_paper/replication_package/analysis/chars_mtlines_output/coef_
> bedrooms1_1918_duhe.gph saved
(file
    /shared/boston_zoning/working_paper/replication_package/analysis/chars_mtlines_output/coef
    > _bedrooms1_1918_mfdu.gph not found)
file /shared/boston_zoning/working_paper/replication_package/analysis/chars_mtlines_output/coef_
> bedrooms1_1918_mfdu.gph saved
(file
    /shared/boston_zoning/working_paper/replication_package/analysis/chars_mtlines_output/coef
    > _bedrooms1_1918_mfhe.gph not found)
file /shared/boston_zoning/working_paper/replication_package/analysis/chars_mtlines_output/coef_
> bedrooms1_1918_mfhe.gph saved
(file
    /shared/boston_zoning/working_paper/replication_package/analysis/chars_mtlines_output/coef
    > _bedrooms1_1918_all.gph not found)
file /shared/boston_zoning/working_paper/replication_package/analysis/chars_mtlines_output/coef_
> bedrooms1_1918_all.gph saved
running coefplots for: char4_bathfull1
file label: bathfull1

    Variable |        Obs        Mean    Std. dev.       Min        Max
-------------+---------------------------------------------------------
char4_bath~1 |      3,200    1.734794    .7868671          1          9

    Variable |        Obs        Mean    Std. dev.       Min        Max
-------------+---------------------------------------------------------
char4_bath~1 |      2,344    1.780723    .8304988   .0416667          9

    Variable |        Obs        Mean    Std. dev.       Min        Max
-------------+---------------------------------------------------------
char4_bath~1 |        210    1.359524    .7770306   .0833333          7

    Variable |        Obs        Mean    Std. dev.       Min        Max
-------------+---------------------------------------------------------
char4_bath~1 |        231    1.278499    .4962414   .6666667          3

    Variable |        Obs        Mean    Std. dev.       Min        Max
-------------+---------------------------------------------------------
char4_bath~1 |      1,167    1.495716    .7404694         .5          6

    Variable |        Obs        Mean    Std. dev.       Min        Max
-------------+---------------------------------------------------------
char4_bath~1 |      1,193    1.615535    .8179753   .6666667          6

    Variable |        Obs        Mean    Std. dev.       Min        Max
-------------+---------------------------------------------------------
char4_bath~1 |        220    1.261667    .5241119         .4          4

    Variable |        Obs        Mean    Std. dev.       Min        Max
-------------+---------------------------------------------------------
char4_bath~1 |        234    1.539377     .700259   .7142857          5

    Variable |        Obs        Mean    Std. dev.       Min        Max
-------------+---------------------------------------------------------
char4_bath~1 |         79    1.649789     .748976          1          4

    Variable |        Obs        Mean    Std. dev.       Min        Max
-------------+---------------------------------------------------------
char4_bath~1 |         84    1.952381    .8051755          1          5

    Variable |        Obs        Mean    Std. dev.       Min        Max
-------------+---------------------------------------------------------
char4_bath~1 |        184    2.002717     .886291         .5          7

    Variable |        Obs        Mean    Std. dev.       Min        Max
-------------+---------------------------------------------------------
char4_bath~1 |        134     2.08209    1.039075          1          5

bathfull1 - year==2018 & year_built>=1918 
------------------------------------------------------------------------------------------------
> --------------------
                              (1)             (2)             (3)             (4)             (5
> )             (6)   
                          only_du           du_he           mf_du         only_mf           mf_h
> e         only_he   
------------------------------------------------------------------------------------------------
> --------------------
-.2                         0.279***      -0.0579           0.234***        0.642*          0.19
> 6***                
                         (0.0528)        (0.0694)        (0.0704)         (0.300)        (0.0416
> )                   

-.18                        0.240***        0.287           0.196**         0.307           0.13
> 9          -0.298   
                         (0.0456)         (0.148)        (0.0645)         (0.262)         (0.322
> )         (0.155)   

-.16                        0.202***        0.168*          0.136*          0.161           0.40
> 3          -0.306*  
                         (0.0482)        (0.0680)        (0.0604)         (0.126)         (0.237
> )         (0.147)   

-.14                        0.192***        0.112           0.122           0.372         -0.087
> 0        1.17e-13   
                         (0.0360)        (0.0851)        (0.0651)         (0.230)         (0.189
> )      (1.21e-13)   

-.12                        0.249***       0.0450           0.210**         0.135           0.60
> 7**        -0.328   
                         (0.0407)        (0.0769)        (0.0638)        (0.0970)         (0.195
> )         (0.305)   

-.1                         0.239***        0.180*          0.154**         0.129           0.11
> 0         -0.0144   
                         (0.0390)        (0.0820)        (0.0533)         (0.100)         (0.161
> )         (0.179)   

-.08                        0.246***        0.142           0.120*          0.128           0.23
> 0         0.00474   
                         (0.0355)         (0.111)        (0.0525)         (0.127)         (0.176
> )         (0.166)   

-.06                        0.233***       0.0798          0.0965*          0.143           0.23
> 3          -0.109   
                         (0.0326)        (0.0829)        (0.0424)        (0.0825)         (0.172
> )        (0.0954)   

-.04                        0.163***        0.101          0.0793           0.101           0.21
> 2          0.0282   
                         (0.0311)         (0.102)        (0.0424)        (0.0868)         (0.201
> )         (0.103)   

-.02                        0.110***      -0.0257          0.0857*          0.243***        0.32
> 1           0.110   
                         (0.0269)        (0.0647)        (0.0384)        (0.0705)         (0.161
> )        (0.0864)   

0                               0               0               0               0               
> 0               0   
                              (.)             (.)             (.)             (.)             (.
> )             (.)   

.02                       -0.0222          0.0931         -0.0439          -0.104         -0.018
> 1         -0.0129   
                         (0.0269)        (0.0825)        (0.0369)        (0.0595)         (0.208
> )        (0.0657)   

.04                       -0.0561         -0.0876         -0.0488         -0.0591          -0.19
> 5         -0.0397   
                         (0.0310)         (0.109)        (0.0421)        (0.0671)         (0.154
> )        (0.0853)   

.06                       -0.0853**         0.165          -0.111**      -0.00732         -0.011
> 7          -0.265***
                         (0.0292)         (0.137)        (0.0403)         (0.109)        (0.0451
> )        (0.0449)   

.08                       -0.0433          -0.184*         -0.131**        0.0345          -0.24
> 3          -0.334***
                         (0.0292)        (0.0744)        (0.0428)        (0.0797)         (0.260
> )        (0.0769)   

.1                        -0.0461         -0.0844          -0.109          -0.117         -0.097
> 8          -0.128   
                         (0.0319)         (0.163)        (0.0645)        (0.0755)         (0.166
> )         (0.113)   

.12                        -0.104***      -0.0741         -0.0524          0.0288          -0.11
> 9          -0.160*  
                         (0.0306)         (0.141)        (0.0571)         (0.117)         (0.220
> )        (0.0616)   

.14                        -0.108**        -0.459***       -0.105          0.0516          -0.15
> 3         -0.0380   
                         (0.0393)        (0.0462)        (0.0615)        (0.0872)         (0.271
> )         (0.104)   

.16                       -0.0803*         -0.103          -0.105          0.0347          -0.43
> 0**        -0.162** 
                         (0.0399)         (0.162)        (0.0605)         (0.218)         (0.143
> )        (0.0586)   

.18                        -0.113**        -0.407**        -0.162*         -0.347***        0.32
> 8***       -0.311** 
                         (0.0418)         (0.141)        (0.0737)        (0.0599)        (0.0649
> )         (0.100)   

.2                        -0.0524           1.168***       -0.114          -0.289         -0.067
> 7          -0.404   
                         (0.0468)        (0.0680)        (0.0949)         (0.401)        (0.0535
> )         (0.204)   

Constant                    1.792***        1.832***        3.079***        1.388***        1.80
> 5***        1.000***
                         (0.0295)        (0.0680)        (0.0517)        (0.0528)         (0.102
> )      (1.21e-13)   

Boundary f.e.                 Yes             Yes             Yes             Yes             Ye
> s             Yes   
------------------------------------------------------------------------------------------------
> --------------------
Observations                33354            1632           11316            1503             49
> 3            1797   
R-squared                   0.305           0.286           0.290           0.337           0.28
> 7           0.317   
------------------------------------------------------------------------------------------------
> --------------------
Standard errors in parentheses
* p<0.05, ** p<0.01, *** p<0.001

bathfull1 - year==2018 & year_built>=1918, robust s.e. 
------------------------------------------------------------------------------------------------
> --------------------
                              (1)             (2)             (3)             (4)             (5
> )             (6)   
                          only_du           du_he           mf_du         only_mf           mf_h
> e         only_he   
------------------------------------------------------------------------------------------------
> --------------------
-.2                         0.279***      -0.0579           0.234***        0.642***        0.19
> 6                   
                         (0.0343)        (0.0924)        (0.0570)         (0.186)         (0.351
> )                   

-.18                        0.240***        0.287*          0.196***        0.307           0.13
> 9          -0.298   
                         (0.0311)         (0.127)        (0.0485)         (0.280)         (0.340
> )         (0.252)   

-.16                        0.202***        0.168           0.136**         0.161           0.40
> 3          -0.306   
                         (0.0310)         (0.101)        (0.0481)         (0.152)         (0.284
> )         (0.255)   

-.14                        0.192***        0.112           0.122*          0.372*        -0.087
> 0        1.17e-13   
                         (0.0268)        (0.0867)        (0.0484)         (0.157)         (0.203
> )             (.)   

-.12                        0.249***       0.0450           0.210***        0.135           0.60
> 7**        -0.328   
                         (0.0269)        (0.0789)        (0.0473)         (0.115)         (0.212
> )         (0.270)   

-.1                         0.239***        0.180*          0.154***        0.129           0.11
> 0         -0.0144   
                         (0.0248)        (0.0878)        (0.0391)        (0.0983)         (0.184
> )         (0.157)   

-.08                        0.246***        0.142           0.120***        0.128           0.23
> 0         0.00474   
                         (0.0246)        (0.0890)        (0.0343)        (0.0843)         (0.167
> )         (0.174)   

-.06                        0.233***       0.0798          0.0965**         0.143*          0.23
> 3          -0.109   
                         (0.0221)        (0.0830)        (0.0307)        (0.0727)         (0.215
> )        (0.0950)   

-.04                        0.163***        0.101          0.0793**         0.101           0.21
> 2          0.0282   
                         (0.0209)        (0.0818)        (0.0305)        (0.0670)         (0.193
> )         (0.103)   

-.02                        0.110***      -0.0257          0.0857**         0.243***        0.32
> 1*          0.110   
                         (0.0195)        (0.0695)        (0.0290)        (0.0574)         (0.138
> )        (0.0954)   

0                               0               0               0               0               
> 0               0   
                              (.)             (.)             (.)             (.)             (.
> )             (.)   

.02                       -0.0222          0.0931         -0.0439          -0.104         -0.018
> 1         -0.0129   
                         (0.0177)        (0.0795)        (0.0263)        (0.0545)         (0.168
> )        (0.0925)   

.04                       -0.0561**       -0.0876         -0.0488         -0.0591          -0.19
> 5         -0.0397   
                         (0.0189)        (0.0903)        (0.0297)        (0.0692)         (0.181
> )        (0.0832)   

.06                       -0.0853***        0.165          -0.111***     -0.00732         -0.011
> 7          -0.265***
                         (0.0193)         (0.167)        (0.0320)        (0.0969)         (0.265
> )        (0.0794)   

.08                       -0.0433*         -0.184*         -0.131***       0.0345          -0.24
> 3          -0.334***
                         (0.0191)        (0.0850)        (0.0345)        (0.0880)         (0.172
> )        (0.0855)   

.1                        -0.0461*        -0.0844          -0.109*         -0.117         -0.097
> 8          -0.128   
                         (0.0212)         (0.140)        (0.0429)        (0.0986)         (0.198
> )         (0.106)   

.12                        -0.104***      -0.0741         -0.0524          0.0288          -0.11
> 9          -0.160   
                         (0.0214)         (0.147)        (0.0461)         (0.105)         (0.250
> )        (0.0965)   

.14                        -0.108***       -0.459          -0.105*         0.0516          -0.15
> 3         -0.0380   
                         (0.0232)         (0.379)        (0.0455)         (0.162)         (0.164
> )         (0.111)   

.16                       -0.0803**        -0.103          -0.105          0.0347          -0.43
> 0**        -0.162   
                         (0.0244)         (0.283)        (0.0552)         (0.192)         (0.165
> )         (0.108)   

.18                        -0.113***       -0.407**        -0.162**        -0.347***        0.32
> 8          -0.311** 
                         (0.0261)         (0.147)        (0.0570)        (0.0846)         (0.220
> )        (0.0998)   

.2                        -0.0524           1.168***       -0.114          -0.289         -0.067
> 7          -0.404*  
                         (0.0366)         (0.101)        (0.0928)         (0.383)         (0.223
> )         (0.162)   

Constant                    1.792***        1.832***        3.079***        1.388***        1.80
> 5***        1.000   
                          (0.111)         (0.101)         (0.353)        (0.0906)         (0.168
> )             (.)   

Boundary f.e.                 Yes             Yes             Yes             Yes             Ye
> s             Yes   
------------------------------------------------------------------------------------------------
> --------------------
Observations                33354            1632           11316            1503             49
> 3            1797   
R-squared                   0.305           0.286           0.290           0.337           0.28
> 7           0.317   
------------------------------------------------------------------------------------------------
> --------------------
Standard errors in parentheses
* p<0.05, ** p<0.01, *** p<0.001
(file
    /shared/boston_zoning/working_paper/replication_package/analysis/chars_mtlines_output/coef
    > _bathfull1_1918_du.gph not found)
file /shared/boston_zoning/working_paper/replication_package/analysis/chars_mtlines_output/coef_
> bathfull1_1918_du.gph saved
(file
    /shared/boston_zoning/working_paper/replication_package/analysis/chars_mtlines_output/coef
    > _bathfull1_1918_he.gph not found)
file /shared/boston_zoning/working_paper/replication_package/analysis/chars_mtlines_output/coef_
> bathfull1_1918_he.gph saved
(file
    /shared/boston_zoning/working_paper/replication_package/analysis/chars_mtlines_output/coef
    > _bathfull1_1918_mf.gph not found)
file /shared/boston_zoning/working_paper/replication_package/analysis/chars_mtlines_output/coef_
> bathfull1_1918_mf.gph saved
(file
    /shared/boston_zoning/working_paper/replication_package/analysis/chars_mtlines_output/coef
    > _bathfull1_1918_duhe.gph not found)
file /shared/boston_zoning/working_paper/replication_package/analysis/chars_mtlines_output/coef_
> bathfull1_1918_duhe.gph saved
(file
    /shared/boston_zoning/working_paper/replication_package/analysis/chars_mtlines_output/coef
    > _bathfull1_1918_mfdu.gph not found)
file /shared/boston_zoning/working_paper/replication_package/analysis/chars_mtlines_output/coef_
> bathfull1_1918_mfdu.gph saved
(file
    /shared/boston_zoning/working_paper/replication_package/analysis/chars_mtlines_output/coef
    > _bathfull1_1918_mfhe.gph not found)
file /shared/boston_zoning/working_paper/replication_package/analysis/chars_mtlines_output/coef_
> bathfull1_1918_mfhe.gph saved
(file
    /shared/boston_zoning/working_paper/replication_package/analysis/chars_mtlines_output/coef
    > _bathfull1_1918_all.gph not found)
file /shared/boston_zoning/working_paper/replication_package/analysis/chars_mtlines_output/coef_
> bathfull1_1918_all.gph saved

. 
. eststo clear

. 
. **Part 2 Char vars year==2018 & no year built restriction
. foreach char_var in $char_vars{
  2.         di "running coefplots for: `char_var'"
  3.         
.         local char_lab = substr("`char_var'", 7, .)
  4.         
.         di "file label: `char_lab'"
  5.         
.         if "`char_var'" == "char1_lotsizeac1" {
  6.                 local y_lab "Lot Size (in acres)"
  7.         }
  8.         
.         else if "`char_var'" == "char2_livingarea1" {
  9.                 local y_lab "Living Area (in sqft)"
 10.         }
 11.                 
.         else if "`char_var'" == "char3_bedrooms1" {
 12.                 local y_lab "Number of Bedrooms Per Unit"
 13.         }
 14.         
.         else if "`char_var'" == "char4_bathfull1" {
 15.                 local y_lab "Number of Full Bathrooms Per Unit"
 16.         }
 17.         
.         else {
 18.                 local y_lab "<y axis title missing>"
 19.         }
 20.                 
.         * set regression conditions
.         local regression_conditions year==2018 & (dist_both<=0.21 & dist_both>=-0.2) & res_typ
> ex != "Condominiums"
 21. 
.         * regression stores
.         quietly eststo `char_lab'_du: reg `char_var' ib26.dist3 i.lam_seg if only_du == 1 & `r
> egression_conditions', vce(cluster lam_seg)
 22.                 *POSTRESTAT
.                 sum `char_var' if only_du == 1 & year==2018  & (dist_both<=0.02 & dist_both>0)
>  & res_typex!="Condominiums"
 23.                 sum `char_var' if only_du == 1 & year==2018  & (dist_both<=0 & dist_both>-0
> .02) & res_typex!="Condominiums"
 24.                 
.         quietly eststo `char_lab'_duhe: reg `char_var' ib26.dist3 i.lam_seg if du_he == 1 & `r
> egression_conditions', vce(cluster lam_seg)
 25.                 *POSTRESTAT
.                 sum `char_var' if du_he == 1 & year==2018  & (dist_both<=0.02 & dist_both>0) &
>  res_typex!="Condominiums"
 26.                 sum `char_var' if du_he == 1 & year==2018  & (dist_both<=0 & dist_both>-0.0
> 2) & res_typex!="Condominiums"
 27.                 
.         quietly eststo `char_lab'_mfdu: reg `char_var' ib26.dist3 i.lam_seg if mf_du == 1 & `r
> egression_conditions', vce(cluster lam_seg)
 28.                 *POSTRESTAT
.                 sum `char_var' if mf_du == 1 & year==2018  & (dist_both<=0.02 & dist_both>0) &
>  res_typex!="Condominiums"
 29.                 sum `char_var' if mf_du == 1 & year==2018  & (dist_both<=0 & dist_both>-0.0
> 2) & res_typex!="Condominiums"
 30.                 
.         quietly eststo `char_lab'_mf: reg `char_var' ib26.dist3 i.lam_seg if only_mf== 1 & `re
> gression_conditions', vce(cluster lam_seg)
 31.                 *POSTRESTAT
.                 sum `char_var' if only_mf == 1 & year==2018  & (dist_both<=0.02 & dist_both>0)
>  & res_typex!="Condominiums"
 32.                 sum `char_var' if only_mf == 1 & year==2018  & (dist_both<=0 & dist_both>-0
> .02) & res_typex!="Condominiums"
 33.                 
.         quietly eststo `char_lab'_mfhe: reg `char_var' ib26.dist3 i.lam_seg if mf_he == 1 & `r
> egression_conditions', vce(cluster lam_seg)
 34.                 *POSTRESTAT
.                 sum `char_var' if mf_he == 1 & year==2018  & (dist_both<=0.02 & dist_both>0) &
>  res_typex!="Condominiums"
 35.                 sum `char_var' if mf_he == 1 & year==2018  & (dist_both<=0 & dist_both>-0.0
> 2) & res_typex!="Condominiums"
 36.                 
.         quietly eststo `char_lab'_he: reg `char_var' ib26.dist3 i.lam_seg if only_he == 1 & `r
> egression_conditions', vce(cluster lam_seg)
 37.                 *POSTRESTAT
.                 sum `char_var' if only_he == 1 & year==2018  & (dist_both<=0.02 & dist_both>0)
>  & res_typex!="Condominiums"
 38.                 sum `char_var' if only_he == 1 & year==2018  & (dist_both<=0 & dist_both>-0
> .02) & res_typex!="Condominiums"
 39.                 
.         esttab `char_lab'_du `char_lab'_duhe `char_lab'_mfdu `char_lab'_mf `char_lab'_mfhe `ch
> ar_lab'_he, ///
>         se r2 indicate("Boundary f.e.=*lam_seg") ///
>         label mtitles("only_du" "du_he" "mf_du" "only_mf" "mf_he" "only_he") ////
>         title("`char_lab' - year==2018, no year built restriction ")
 40.         
.         *robust s.e.
.         * regression stores
.         quietly eststo `char_lab'_du_robust: reg `char_var' ib26.dist3 i.lam_seg if only_du ==
>  1 & `regression_conditions', vce(robust)
 41.                 
.         quietly eststo `char_lab'_duhe_robust: reg `char_var' ib26.dist3 i.lam_seg if du_he ==
>  1 & `regression_conditions', vce(robust)
 42.                 
.         quietly eststo `char_lab'_mfdu_robust: reg `char_var' ib26.dist3 i.lam_seg if mf_du ==
>  1 & `regression_conditions', vce(robust)
 43.                 
.         quietly eststo `char_lab'_mf_robust: reg `char_var' ib26.dist3 i.lam_seg if only_mf== 
> 1 & `regression_conditions', vce(robust)
 44.                 
.         quietly eststo `char_lab'_mfhe_robust: reg `char_var' ib26.dist3 i.lam_seg if mf_he ==
>  1 & `regression_conditions', vce(robust)
 45.                 
.         quietly eststo `char_lab'_he_robust: reg `char_var' ib26.dist3 i.lam_seg if only_he ==
>  1 & `regression_conditions', vce(robust)
 46.                 
.         esttab `char_lab'_du_robust `char_lab'_duhe_robust `char_lab'_mfdu_robust `char_lab'_m
> f_robust `char_lab'_mfhe_robust `char_lab'_he_robust, ///
>         se r2 indicate("Boundary f.e.=*lam_seg") ///
>         label mtitles("only_du" "du_he" "mf_du" "only_mf" "mf_he" "only_he") ////
>         title("`char_lab' - year==2018, no year built restriction, robust s.e. ")
 47.         
.         * only_du
.         #delimit ;
delimiter now ;
.         coefplot        
>                 /* relaxed side graphing variables */
>                 (`char_lab'_du, keep(16.dist3 17.dist3 18.dist3 19.dist3 20.dist3 21.dist3 22.
> dist3 23.dist3 24.dist3 25.dist3) 
>                         recast(line) color(midblue) 
>                         ciopts(recast(rarea) color(midblue%30) lwidth(none))
>                         )
>                 
>                 /* strict side graphing variables */
>                 (`char_lab'_du, keep(26.dist3 27.dist3 28.dist3 29.dist3 30.dist3 31.dist3 32.
> dist3 33.dist3 34.dist3 35.dist3) 
>                         recast(line) color(maroon)
>                         ciopts(recast(rarea) color(maroon%30) lwidth(none))
>                         ),
> 
>                 /* plot region */
>                 vertical levels(95) baselevels offset(0)
>                 graphregion(fc(white) lcolor(white)) plotregion(fc(white) lcolor(white))
> 
>                 xline(10.5, lpattern(dash) lwidth(thin) lcolor(black))
>                 yline(0, lpattern(dash) lwidth(thin) lcolor(black))
> 
>                 /* titles, subtitles, notes */          
>                 title("{bf:Only DUPAC Changes}", size(3) pos(12) margin(t=0 b=0 l=0 r=0) span)
> 
>                 /* axis titles and labels */            
>                 ylabel(, labsize(4) gmin gmax) ymtick() 
>                 
>                 xlabel(1 "-.20" 2 "-.18" 3 "-.16" 4 "-.14" 5 "-.12" 6 "-.10" 7 "-.08" 8 "-.06"
>  9 "-.04" 10 "-.02" 10.5 "0"
>                         11 ".02" 12 ".04" 13 ".06" 14 ".08" 15 ".10" 16 ".12" 17 ".14" 18 ".16
> " 19 ".18" 20 ".20", labsize(3) angle(45) gmax)
>                         
>                 /* legend */
>                 legend(off position(6) 
>                         order()
>                         symy(2) symx(3) 
>                         rows(1) cols() size(2) 
>                         nobox fcolor()
>                         region(fcolor(none) lpattern(blank))
>                         margin(t=1 b=1 l=0 r=0)span)
>                 
>                 /* graph name */
>                 name("graph1", replace) ;
 48.                                 graph combine graph1,
>                         graphregion(fc(white) lcolor(white))
>                         l1title("{bf:`y_lab'}", size(3) margin(t=0 b=0 l=0 r=1))
>                         b1title("<- More restrictive  |  Less restrictive ->", size(2))
>                         b2title("{bf:Distance to Boundary (miles)}", size(3) margin(t=1 b=0 l=
> 0 r=0))
>                         name("graph1a", replace);
 49.                 graph save "graph1a" "$EXPORTPATH/coef_`char_lab'_noyear_du.gph", replace ;
 50.         #delimit cr
delimiter now cr
. 
.         * only_he
.         #delimit ;
delimiter now ;
.         coefplot 
>                 /* relaxed side graphing variables */
>                 (`char_lab'_he, keep(16.dist3 17.dist3 18.dist3 19.dist3 20.dist3 21.dist3 22.
> dist3 23.dist3 24.dist3 25.dist3) 
>                         recast(line) color(midblue) 
>                         ciopts(recast(rarea) color(midblue%30) lwidth(none))
>                         )
>                 
>                 /* strict side graphing variables */
>                 (`char_lab'_he, keep(26.dist3 27.dist3 28.dist3 29.dist3 30.dist3 31.dist3 32.
> dist3 33.dist3 34.dist3 35.dist3) 
>                         recast(line) color(maroon)
>                         ciopts(recast(rarea) color(maroon%30) lwidth(none))
>                         ),
> 
> 
>                 /* plot region */
>                 vertical levels(95) baselevels offset(0)
>                 graphregion(fc(white) lcolor(white)) plotregion(fc(white) lcolor(white))
> 
>                 xline(10.5, lpattern(dash) lwidth(thin) lcolor(black))
>                 yline(0, lpattern(dash) lwidth(thin) lcolor(black))
> 
>                 /* titles, subtitles, notes */          
>                 title("{bf:Only Height Changes}", size(3) pos(12) margin(t=0 b=0 l=0 r=0) span
> )
> 
>                 /* axis titles and labels */            
>                 ylabel(, labsize(4) gmin gmax) ymtick() 
>                 
>                 xlabel(1 "-.20" 2 "-.18" 3 "-.16" 4 "-.14" 5 "-.12" 6 "-.10" 7 "-.08" 8 "-.06"
>  9 "-.04" 10 "-.02" 10.5 "0"
>                         11 ".02" 12 ".04" 13 ".06" 14 ".08" 15 ".10" 16 ".12" 17 ".14" 18 ".16
> " 19 ".18" 20 ".20", labsize(3) angle(45) gmax)
>                         
>                 /* legend */
>                 legend(off position(6) 
>                         order()
>                         symy(2) symx(3) 
>                         rows(1) cols() size(2) 
>                         nobox fcolor()
>                         region(fcolor(none) lpattern(blank))
>                         margin(t=1 b=1 l=0 r=0)span)
>                 
>                 /* graph name */
>                 name("graph2", replace) ;
 51.                                 graph combine graph2,
>                         graphregion(fc(white) lcolor(white))
>                         l1title("{bf:`y_lab'}", size(3) margin(t=0 b=0 l=0 r=1))
>                         b1title("<- More restrictive  |  Less restrictive ->", size(2))
>                         b2title("{bf:Distance to Boundary (miles)}", size(3) margin(t=1 b=0 l=
> 0 r=0))
>                         name("graph2a", replace);
 52.                                 graph save "graph2a" "$EXPORTPATH/coef_`char_lab'_noyear_he
> .gph", replace ;
 53.         #delimit cr
delimiter now cr
. 
.         * only_mf
.         #delimit ;
delimiter now ;
.         coefplot 
>                 /* relaxed side graphing variables */
>                 (`char_lab'_mf, keep(16.dist3 17.dist3 18.dist3 19.dist3 20.dist3 21.dist3 22.
> dist3 23.dist3 24.dist3 25.dist3) 
>                         recast(line) color(midblue) 
>                         ciopts(recast(rarea) color(midblue%30) lwidth(none))
>                         )
>                 
>                 /* strict side graphing variables */
>                 (`char_lab'_mf, keep(26.dist3 27.dist3 28.dist3 29.dist3 30.dist3 31.dist3 32.
> dist3 33.dist3 34.dist3 35.dist3) 
>                         recast(line) color(maroon)
>                         ciopts(recast(rarea) color(maroon%30) lwidth(none))
>                         ),
> 
> 
>                 /* plot region */
>                 vertical levels(95) baselevels offset(0)
>                 graphregion(fc(white) lcolor(white)) plotregion(fc(white) lcolor(white))
> 
>                 xline(10.5, lpattern(dash) lwidth(thin) lcolor(black))
>                 yline(0, lpattern(dash) lwidth(thin) lcolor(black))
> 
>                 /* titles, subtitles, notes */          
>                 title("{bf:Only MF Allowed Changes}", size(3) pos(12) margin(t=0 b=0 l=0 r=0) 
> span)
> 
>                 /* axis titles and labels */            
>                 ylabel(, labsize(4) gmin gmax) ymtick() 
>                 
>                 xlabel(1 "-.20" 2 "-.18" 3 "-.16" 4 "-.14" 5 "-.12" 6 "-.10" 7 "-.08" 8 "-.06"
>  9 "-.04" 10 "-.02" 10.5 "0"
>                         11 ".02" 12 ".04" 13 ".06" 14 ".08" 15 ".10" 16 ".12" 17 ".14" 18 ".16
> " 19 ".18" 20 ".20", labsize(3) angle(45) gmax)
>                         
>                 /* legend */
>                 legend(off position(6) 
>                         order()
>                         symy(2) symx(3) 
>                         rows(1) cols() size(2) 
>                         nobox fcolor()
>                         region(fcolor(none) lpattern(blank))
>                         margin(t=1 b=1 l=0 r=0)span)
>                 
>                 /* graph name */
>                 name("graph3", replace) ;
 54.                                 graph combine graph3,
>                         graphregion(fc(white) lcolor(white))
>                         l1title("{bf:`y_lab'}", size(3) margin(t=0 b=0 l=0 r=1))
>                         b1title("<- More restrictive  |  Less restrictive ->", size(2))
>                         b2title("{bf:Distance to Boundary (miles)}", size(3) margin(t=1 b=0 l=
> 0 r=0))
>                         name("graph3a", replace);
 55.                                 graph save "graph3a" "$EXPORTPATH/coef_`char_lab'_noyear_mf
> .gph", replace ;
 56.         #delimit cr
delimiter now cr
. 
.         * du_he
.         #delimit ;
delimiter now ;
.         coefplot 
>                 /* relaxed side graphing variables */
>                 (`char_lab'_duhe, keep(16.dist3 17.dist3 18.dist3 19.dist3 20.dist3 21.dist3 2
> 2.dist3 23.dist3 24.dist3 25.dist3) 
>                         recast(line) color(midblue) 
>                         ciopts(recast(rarea) color(midblue%30) lwidth(none))
>                         )
>                 
>                 /* strict side graphing variables */
>                 (`char_lab'_duhe, keep(26.dist3 27.dist3 28.dist3 29.dist3 30.dist3 31.dist3 3
> 2.dist3 33.dist3 34.dist3 35.dist3) 
>                         recast(line) color(maroon)
>                         ciopts(recast(rarea) color(maroon%30) lwidth(none))
>                         ),
> 
> 
>                 /* plot region */
>                 vertical levels(95) baselevels offset(0)
>                 graphregion(fc(white) lcolor(white)) plotregion(fc(white) lcolor(white))
> 
>                 xline(10.5, lpattern(dash) lwidth(thin) lcolor(black))
>                 yline(0, lpattern(dash) lwidth(thin) lcolor(black))
> 
>                 /* titles, subtitles, notes */          
>                 title("{bf:DUPAC and Height Change}", size(3) pos(12) margin(t=0 b=0 l=0 r=0) 
> span)
> 
>                 /* axis titles and labels */            
>                 ylabel(, labsize(4) gmin gmax) ymtick() 
>                 
>                 xlabel(1 "-.20" 2 "-.18" 3 "-.16" 4 "-.14" 5 "-.12" 6 "-.10" 7 "-.08" 8 "-.06"
>  9 "-.04" 10 "-.02" 10.5 "0"
>                         11 ".02" 12 ".04" 13 ".06" 14 ".08" 15 ".10" 16 ".12" 17 ".14" 18 ".16
> " 19 ".18" 20 ".20", labsize(3) angle(45) gmax)
>                         
>                 /* legend */
>                 legend(off position(6) 
>                         order()
>                         symy(2) symx(3) 
>                         rows(1) cols() size(2) 
>                         nobox fcolor()
>                         region(fcolor(none) lpattern(blank))
>                         margin(t=1 b=1 l=0 r=0)span)
>                 
>                 /* graph name */
>                 name("graph4", replace) ;
 57.                                 graph combine graph4,
>                         graphregion(fc(white) lcolor(white))
>                         l1title("{bf:`y_lab'}", size(3) margin(t=0 b=0 l=0 r=1))
>                         b1title("<- More restrictive  |  Less restrictive ->", size(2))
>                         b2title("{bf:Distance to Boundary (miles)}", size(3) margin(t=1 b=0 l=
> 0 r=0))
>                         name("graph4a", replace);
 58.                                 graph save "graph4a" "$EXPORTPATH/coef_`char_lab'_noyear_du
> he.gph", replace ;
 59.         #delimit cr
delimiter now cr
. 
.         * mf_du
.         #delimit ;
delimiter now ;
.         coefplot 
>                 /* relaxed side graphing variables */
>                 (`char_lab'_mfdu, keep(16.dist3 17.dist3 18.dist3 19.dist3 20.dist3 21.dist3 2
> 2.dist3 23.dist3 24.dist3 25.dist3) 
>                         recast(line) color(midblue) 
>                         ciopts(recast(rarea) color(midblue%30) lwidth(none))
>                         )
>                 
>                 /* strict side graphing variables */
>                 (`char_lab'_mfdu, keep(26.dist3 27.dist3 28.dist3 29.dist3 30.dist3 31.dist3 3
> 2.dist3 33.dist3 34.dist3 35.dist3) 
>                         recast(line) color(maroon)
>                         ciopts(recast(rarea) color(maroon%30) lwidth(none))
>                         ),
> 
> 
>                 /* plot region */
>                 vertical levels(95) baselevels offset(0)
>                 graphregion(fc(white) lcolor(white)) plotregion(fc(white) lcolor(white))
> 
>                 xline(10.5, lpattern(dash) lwidth(thin) lcolor(black))
>                 yline(0, lpattern(dash) lwidth(thin) lcolor(black))
> 
>                 /* titles, subtitles, notes */          
>                 title("{bf:MF Allowed and DUPAC Change}", size(3) pos(12) margin(t=0 b=0 l=0 r
> =0) span)
> 
>                 /* axis titles and labels */            
>                 ylabel(, labsize(4) gmin gmax) ymtick() 
>                 
>                 xlabel(1 "-.20" 2 "-.18" 3 "-.16" 4 "-.14" 5 "-.12" 6 "-.10" 7 "-.08" 8 "-.06"
>  9 "-.04" 10 "-.02" 10.5 "0"
>                         11 ".02" 12 ".04" 13 ".06" 14 ".08" 15 ".10" 16 ".12" 17 ".14" 18 ".16
> " 19 ".18" 20 ".20", labsize(3) angle(45) gmax)
>                         
>                 /* legend */
>                 legend(off position(6) 
>                         order()
>                         symy(2) symx(3) 
>                         rows(1) cols() size(2) 
>                         nobox fcolor()
>                         region(fcolor(none) lpattern(blank))
>                         margin(t=1 b=1 l=0 r=0)span)
>                 
>                 /* graph name */
>                 name("graph5", replace) ;
 60.                                 graph combine graph5,
>                         graphregion(fc(white) lcolor(white))
>                         l1title("{bf:`y_lab'}", size(3) margin(t=0 b=0 l=0 r=1))
>                         b1title("<- More restrictive  |  Less restrictive ->", size(2))
>                         b2title("{bf:Distance to Boundary (miles)}", size(3) margin(t=1 b=0 l=
> 0 r=0))
>                         name("graph5a", replace);
 61.                                 graph save "graph5a" "$EXPORTPATH/coef_`char_lab'_noyear_mf
> du.gph", replace ;
 62.         #delimit cr
delimiter now cr
. 
.         * mf_he
.         #delimit ;
delimiter now ;
.         coefplot 
>                 /* relaxed side graphing variables */
>                 (`char_lab'_mfhe, keep(16.dist3 17.dist3 18.dist3 19.dist3 20.dist3 21.dist3 2
> 2.dist3 23.dist3 24.dist3 25.dist3) 
>                         recast(line) color(midblue) 
>                         ciopts(recast(rarea) color(midblue%30) lwidth(none))
>                         )
>                 
>                 /* strict side graphing variables */
>                 (`char_lab'_mfhe, keep(26.dist3 27.dist3 28.dist3 29.dist3 30.dist3 31.dist3 3
> 2.dist3 33.dist3 34.dist3 35.dist3) 
>                         recast(line) color(maroon)
>                         ciopts(recast(rarea) color(maroon%30) lwidth(none))
>                         ),
> 
> 
>                 /* plot region */
>                 vertical levels(95) baselevels offset(0)
>                 graphregion(fc(white) lcolor(white)) plotregion(fc(white) lcolor(white))
> 
>                 xline(10.5, lpattern(dash) lwidth(thin) lcolor(black))
>                 yline(0, lpattern(dash) lwidth(thin) lcolor(black))
> 
>                 /* titles, subtitles, notes */          
>                 title("{bf:MF Allowed and Height Change}", size(3) pos(12) margin(t=0 b=0 l=0 
> r=0) span)
> 
>                 /* axis titles and labels */            
>                 ylabel(, labsize(4) gmin gmax) ymtick() 
>                 
>                 xlabel(1 "-.20" 2 "-.18" 3 "-.16" 4 "-.14" 5 "-.12" 6 "-.10" 7 "-.08" 8 "-.06"
>  9 "-.04" 10 "-.02" 10.5 "0"
>                         11 ".02" 12 ".04" 13 ".06" 14 ".08" 15 ".10" 16 ".12" 17 ".14" 18 ".16
> " 19 ".18" 20 ".20", labsize(3) angle(45) gmax)
>                         
>                 /* legend */
>                 legend(off position(6) 
>                         order()
>                         symy(2) symx(3) 
>                         rows(1) cols() size(2) 
>                         nobox fcolor()
>                         region(fcolor(none) lpattern(blank))
>                         margin(t=1 b=1 l=0 r=0)span)
>                 
>                 /* graph name */
>                 name("graph6", replace) ;
 63.                                 graph combine graph6,
>                         graphregion(fc(white) lcolor(white))
>                         l1title("{bf:`y_lab'}", size(3) margin(t=0 b=0 l=0 r=1))
>                         b1title("<- More restrictive  |  Less restrictive ->", size(2))
>                         b2title("{bf:Distance to Boundary (miles)}", size(3) margin(t=1 b=0 l=
> 0 r=0))
>                         name("graph6a", replace);
 64.                                 graph save "graph6a" "$EXPORTPATH/coef_`char_lab'_noyear_mf
> he.gph", replace ;
 65.         #delimit cr
delimiter now cr
. 
.         * combine all
.         #delimit ;
delimiter now ;
.                 graph combine graph1 graph4 graph5 graph3 graph6 graph2,
>                         rows(2) cols(3) ysize(9) xsize(16) iscale(*.75)
>                         graphregion(fc(white) lcolor(white))
>                         l1title("{bf:`y_lab'}", size(3) margin(t=0 b=0 l=0 r=1))
>                         b1title("<- More restrictive  |  Less restrictive ->", size(2))
>                         b2title("{bf:Distance to Boundary (miles)}", size(3) margin(t=1 b=0 l=
> 0 r=0))
>                         name("graph_all", replace);
 66.                                 graph save "graph_all" "$EXPORTPATH/coef_`char_lab'_noyear_
> all.gph", replace ;
 67.         #delimit cr
delimiter now cr
. 
.         graph close _all
 68. }
running coefplots for: char1_lotsizeac1
file label: lotsizeac1

    Variable |        Obs        Mean    Std. dev.       Min        Max
-------------+---------------------------------------------------------
char1_lots~1 |      4,484    .4527342    .9466365        .01      36.38

    Variable |        Obs        Mean    Std. dev.       Min        Max
-------------+---------------------------------------------------------
char1_lots~1 |      3,459    .5613877    1.165181        .01      29.38

    Variable |        Obs        Mean    Std. dev.       Min        Max
-------------+---------------------------------------------------------
char1_lots~1 |        565     .146354    .1717716        .01       1.44

    Variable |        Obs        Mean    Std. dev.       Min        Max
-------------+---------------------------------------------------------
char1_lots~1 |        711    .1416596    .5154517        .01       13.5

    Variable |        Obs        Mean    Std. dev.       Min        Max
-------------+---------------------------------------------------------
char1_lots~1 |      1,983    .2543016    .5524702        .02       9.54

    Variable |        Obs        Mean    Std. dev.       Min        Max
-------------+---------------------------------------------------------
char1_lots~1 |      1,979    .2645882    .7005712        .01       27.3

    Variable |        Obs        Mean    Std. dev.       Min        Max
-------------+---------------------------------------------------------
char1_lots~1 |        387    .1602842    .2251451        .02       2.31

    Variable |        Obs        Mean    Std. dev.       Min        Max
-------------+---------------------------------------------------------
char1_lots~1 |        401    .1933915    .2888477        .02       3.26

    Variable |        Obs        Mean    Std. dev.       Min        Max
-------------+---------------------------------------------------------
char1_lots~1 |        119    .2780672     .231364        .04       1.38

    Variable |        Obs        Mean    Std. dev.       Min        Max
-------------+---------------------------------------------------------
char1_lots~1 |        132    .2150758    .1770905        .06       1.22

    Variable |        Obs        Mean    Std. dev.       Min        Max
-------------+---------------------------------------------------------
char1_lots~1 |        300       .3218      .70773        .02       9.72

    Variable |        Obs        Mean    Std. dev.       Min        Max
-------------+---------------------------------------------------------
char1_lots~1 |        250       .2752    .3651651        .03       4.71

lotsizeac1 - year==2018, no year built restriction 
------------------------------------------------------------------------------------------------
> --------------------
                              (1)             (2)             (3)             (4)             (5
> )             (6)   
                          only_du           du_he           mf_du         only_mf           mf_h
> e         only_he   
------------------------------------------------------------------------------------------------
> --------------------
-.2                         0.245***      -0.0495          0.0355          0.0165         -0.014
> 5          -0.377   
                         (0.0537)         (0.163)        (0.0539)         (0.119)        (0.0278
> )         (0.925)   

-.18                        0.150***       -0.161         -0.0176          -1.182          -0.60
> 4          -0.931   
                         (0.0363)        (0.1000)        (0.0511)         (0.944)         (0.433
> )         (2.107)   

-.16                        0.176***       -0.125          0.0194          0.0219          -0.11
> 8          -0.332   
                         (0.0403)        (0.0960)        (0.0563)        (0.0542)         (0.246
> )         (0.870)   

-.14                        0.321          -0.195          0.0233          -0.299        -0.0082
> 2          -0.426   
                          (0.165)         (0.157)        (0.0348)         (0.251)        (0.0318
> )         (0.360)   

-.12                        0.102          -0.133          0.0176          0.0209          0.083
> 2          -0.359   
                         (0.0679)        (0.0890)        (0.0436)        (0.0309)        (0.0809
> )         (0.365)   

-.1                         0.185***       -0.103         0.00494           0.479           0.27
> 9          0.0527   
                         (0.0346)        (0.0725)        (0.0283)         (0.456)         (0.222
> )         (0.138)   

-.08                        0.145***       -0.182         0.00833         -0.0384          0.059
> 1         -0.0150   
                         (0.0289)         (0.166)        (0.0246)        (0.0824)        (0.0528
> )        (0.0587)   

-.06                        0.156***      -0.0633          0.0807         -0.0112          0.011
> 6          0.0187   
                         (0.0266)        (0.0512)        (0.0500)        (0.0469)        (0.0207
> )        (0.0456)   

-.04                       0.0882***      -0.0830         -0.0269          0.0312         -0.056
> 8        -0.00190   
                         (0.0225)        (0.0615)        (0.0190)        (0.0432)         (0.103
> )        (0.0274)   

-.02                        0.130***      -0.0374         0.00823          0.0104         -0.016
> 8         0.00400   
                         (0.0316)        (0.0408)        (0.0241)        (0.0213)        (0.0208
> )        (0.0289)   

0                               0               0               0               0               
> 0               0   
                              (.)             (.)             (.)             (.)             (.
> )             (.)   

.02                       -0.0339           0.171          0.0376         -0.0197          0.010
> 0          0.0219   
                         (0.0313)         (0.155)        (0.0514)        (0.0197)         (0.156
> )        (0.0191)   

.04                       -0.0661**         0.202         -0.0517*      -0.000426           0.29
> 9         0.00630   
                         (0.0255)         (0.175)        (0.0230)        (0.0324)         (0.205
> )        (0.0381)   

.06                        -0.110***        0.118         -0.0396           0.159          -0.10
> 0         -0.0126   
                         (0.0244)         (0.133)        (0.0365)         (0.229)        (0.0597
> )        (0.0207)   

.08                        -0.101***       -0.103         -0.0591          0.0526         -0.055
> 0         -0.0117   
                         (0.0269)         (0.156)        (0.0364)        (0.0993)         (0.122
> )        (0.0267)   

.1                         -0.104**        0.0283          -0.107**       -0.0205         -0.087
> 8          0.0100   
                         (0.0334)        (0.0646)        (0.0368)        (0.0410)        (0.0810
> )        (0.0347)   

.12                        -0.136***       0.0494          -0.116***      -0.0845          0.072
> 5          0.0494   
                         (0.0276)        (0.0717)        (0.0346)        (0.0818)         (0.159
> )        (0.0388)   

.14                        -0.169***       0.0617         -0.0873          -0.222         -0.061
> 0         0.00143   
                         (0.0286)        (0.0862)        (0.0490)         (0.150)        (0.0617
> )        (0.0246)   

.16                        -0.170***        0.705         -0.0899           0.143          -0.24
> 4          0.0139   
                         (0.0329)         (1.011)        (0.0595)         (0.134)         (0.165
> )        (0.0414)   

.18                        -0.196***       0.0377         -0.0982          -0.618*         0.027
> 7         0.00156   
                         (0.0356)        (0.0714)        (0.0505)         (0.303)        (0.0441
> )        (0.0286)   

.2                         -0.193***       -0.685***       -0.184***        0.120          0.016
> 4         -0.0445   
                         (0.0447)        (0.0960)        (0.0552)         (0.115)        (0.0392
> )        (0.0353)   

Constant                    0.568***        1.045***        2.591***        0.307***        0.93
> 3***        3.770***
                         (0.0452)        (0.0960)        (0.0334)        (0.0649)         (0.126
> )      (3.09e-13)   

Boundary f.e.                 Yes             Yes             Yes             Yes             Ye
> s             Yes   
------------------------------------------------------------------------------------------------
> --------------------
Observations                42685            4556           17176            2297             75
> 2            2585   
R-squared                   0.298           0.223           0.163           0.331           0.26
> 9           0.438   
------------------------------------------------------------------------------------------------
> --------------------
Standard errors in parentheses
* p<0.05, ** p<0.01, *** p<0.001

lotsizeac1 - year==2018, no year built restriction, robust s.e. 
------------------------------------------------------------------------------------------------
> --------------------
                              (1)             (2)             (3)             (4)             (5
> )             (6)   
                          only_du           du_he           mf_du         only_mf           mf_h
> e         only_he   
------------------------------------------------------------------------------------------------
> --------------------
-.2                         0.245***      -0.0495          0.0355          0.0165         -0.014
> 5          -0.377   
                         (0.0416)         (0.100)        (0.0483)        (0.0726)        (0.0333
> )         (0.824)   

-.18                        0.150***       -0.161         -0.0176          -1.182**        -0.60
> 4          -0.931   
                         (0.0289)        (0.0831)        (0.0535)         (0.457)         (0.320
> )         (1.956)   

-.16                        0.176***       -0.125          0.0194          0.0219          -0.11
> 8          -0.332   
                         (0.0353)        (0.0756)        (0.0542)        (0.0517)         (0.155
> )         (0.769)   

-.14                        0.321**        -0.195          0.0233          -0.299        -0.0082
> 2          -0.426   
                          (0.118)         (0.152)        (0.0236)         (0.293)        (0.0402
> )         (0.309)   

-.12                        0.102          -0.133          0.0176          0.0209          0.083
> 2          -0.359   
                         (0.0696)        (0.0690)        (0.0397)        (0.0226)         (0.119
> )         (0.280)   

-.1                         0.185***       -0.103         0.00494           0.479           0.27
> 9          0.0527   
                         (0.0285)        (0.0566)        (0.0241)         (0.399)         (0.191
> )        (0.0801)   

-.08                        0.145***       -0.182         0.00833         -0.0384          0.059
> 1         -0.0150   
                         (0.0232)         (0.137)        (0.0192)         (0.100)        (0.0524
> )        (0.0544)   

-.06                        0.156***      -0.0633          0.0807**       -0.0112          0.011
> 6          0.0187   
                         (0.0200)        (0.0414)        (0.0267)        (0.0541)        (0.0434
> )        (0.0408)   

-.04                       0.0882***      -0.0830         -0.0269          0.0312         -0.056
> 8        -0.00190   
                         (0.0193)        (0.0518)        (0.0143)        (0.0474)        (0.0726
> )        (0.0209)   

-.02                        0.130***      -0.0374         0.00823          0.0104         -0.016
> 8         0.00400   
                         (0.0219)        (0.0317)        (0.0218)        (0.0181)        (0.0280
> )        (0.0239)   

0                               0               0               0               0               
> 0               0   
                              (.)             (.)             (.)             (.)             (.
> )             (.)   

.02                       -0.0339           0.171          0.0376         -0.0197          0.010
> 0          0.0219   
                         (0.0297)         (0.127)        (0.0345)        (0.0175)        (0.0769
> )        (0.0231)   

.04                       -0.0661**         0.202         -0.0517***    -0.000426           0.29
> 9         0.00630   
                         (0.0202)         (0.149)        (0.0156)        (0.0220)         (0.401
> )        (0.0337)   

.06                        -0.110***        0.118         -0.0396           0.159          -0.10
> 0         -0.0126   
                         (0.0195)         (0.119)        (0.0310)        (0.0941)        (0.0632
> )        (0.0213)   

.08                        -0.101***       -0.103         -0.0591          0.0526         -0.055
> 0         -0.0117   
                         (0.0222)         (0.110)        (0.0317)        (0.0797)        (0.0932
> )        (0.0248)   

.1                         -0.104***       0.0283          -0.107***      -0.0205         -0.087
> 8          0.0100   
                         (0.0216)        (0.0483)        (0.0187)        (0.0338)         (0.121
> )        (0.0304)   

.12                        -0.136***       0.0494          -0.116***      -0.0845*         0.072
> 5          0.0494   
                         (0.0229)        (0.0521)        (0.0213)        (0.0361)         (0.148
> )        (0.0423)   

.14                        -0.169***       0.0617         -0.0873          -0.222**       -0.061
> 0         0.00143   
                         (0.0186)        (0.0676)        (0.0492)        (0.0827)        (0.0570
> )        (0.0392)   

.16                        -0.170***        0.705         -0.0899*          0.143          -0.24
> 4          0.0139   
                         (0.0250)         (0.715)        (0.0383)         (0.166)         (0.133
> )        (0.0343)   

.18                        -0.196***       0.0377         -0.0982*         -0.618**        0.027
> 7         0.00156   
                         (0.0240)        (0.0574)        (0.0441)         (0.199)        (0.0485
> )        (0.0230)   

.2                         -0.193***       -0.685***       -0.184***        0.120          0.016
> 4         -0.0445   
                         (0.0388)        (0.0756)        (0.0296)        (0.0941)        (0.0464
> )        (0.0307)   

Constant                    0.568***        1.045***        2.591***        0.307***        0.93
> 3***        3.770   
                          (0.109)        (0.0756)         (0.264)        (0.0656)         (0.110
> )         (2.267)   

Boundary f.e.                 Yes             Yes             Yes             Yes             Ye
> s             Yes   
------------------------------------------------------------------------------------------------
> --------------------
Observations                42685            4556           17176            2297             75
> 2            2585   
R-squared                   0.298           0.223           0.163           0.331           0.26
> 9           0.438   
------------------------------------------------------------------------------------------------
> --------------------
Standard errors in parentheses
* p<0.05, ** p<0.01, *** p<0.001
(file
    /shared/boston_zoning/working_paper/replication_package/analysis/chars_mtlines_output/coef
    > _lotsizeac1_noyear_du.gph not found)
file /shared/boston_zoning/working_paper/replication_package/analysis/chars_mtlines_output/coef_
> lotsizeac1_noyear_du.gph saved
(file
    /shared/boston_zoning/working_paper/replication_package/analysis/chars_mtlines_output/coef
    > _lotsizeac1_noyear_he.gph not found)
file /shared/boston_zoning/working_paper/replication_package/analysis/chars_mtlines_output/coef_
> lotsizeac1_noyear_he.gph saved
(file
    /shared/boston_zoning/working_paper/replication_package/analysis/chars_mtlines_output/coef
    > _lotsizeac1_noyear_mf.gph not found)
file /shared/boston_zoning/working_paper/replication_package/analysis/chars_mtlines_output/coef_
> lotsizeac1_noyear_mf.gph saved
(file
    /shared/boston_zoning/working_paper/replication_package/analysis/chars_mtlines_output/coef
    > _lotsizeac1_noyear_duhe.gph not found)
file /shared/boston_zoning/working_paper/replication_package/analysis/chars_mtlines_output/coef_
> lotsizeac1_noyear_duhe.gph saved
(file
    /shared/boston_zoning/working_paper/replication_package/analysis/chars_mtlines_output/coef
    > _lotsizeac1_noyear_mfdu.gph not found)
file /shared/boston_zoning/working_paper/replication_package/analysis/chars_mtlines_output/coef_
> lotsizeac1_noyear_mfdu.gph saved
(file
    /shared/boston_zoning/working_paper/replication_package/analysis/chars_mtlines_output/coef
    > _lotsizeac1_noyear_mfhe.gph not found)
file /shared/boston_zoning/working_paper/replication_package/analysis/chars_mtlines_output/coef_
> lotsizeac1_noyear_mfhe.gph saved
(file
    /shared/boston_zoning/working_paper/replication_package/analysis/chars_mtlines_output/coef
    > _lotsizeac1_noyear_all.gph not found)
file /shared/boston_zoning/working_paper/replication_package/analysis/chars_mtlines_output/coef_
> lotsizeac1_noyear_all.gph saved
running coefplots for: char2_livingarea1
file label: livingarea1

    Variable |        Obs        Mean    Std. dev.       Min        Max
-------------+---------------------------------------------------------
char2_livi~1 |      4,435    1863.787    914.3938        221      18271

    Variable |        Obs        Mean    Std. dev.       Min        Max
-------------+---------------------------------------------------------
char2_livi~1 |      3,419    1923.114    1081.747         68      26623

    Variable |        Obs        Mean    Std. dev.       Min        Max
-------------+---------------------------------------------------------
char2_livi~1 |        555    1435.035    643.2703   50.83333       6205

    Variable |        Obs        Mean    Std. dev.       Min        Max
-------------+---------------------------------------------------------
char2_livi~1 |        701    1425.405     599.925      41.84       5748

    Variable |        Obs        Mean    Std. dev.       Min        Max
-------------+---------------------------------------------------------
char2_livi~1 |      1,964    1625.804    702.8017        465       7726

    Variable |        Obs        Mean    Std. dev.       Min        Max
-------------+---------------------------------------------------------
char2_livi~1 |      1,965    1700.373    788.3546      551.5      12551

    Variable |        Obs        Mean    Std. dev.       Min        Max
-------------+---------------------------------------------------------
char2_livi~1 |        382    1405.828    503.8469   584.3333       3696

    Variable |        Obs        Mean    Std. dev.       Min        Max
-------------+---------------------------------------------------------
char2_livi~1 |        397    1621.497    711.3378        528       6096

    Variable |        Obs        Mean    Std. dev.       Min        Max
-------------+---------------------------------------------------------
char2_livi~1 |        118    1699.741    801.1493   285.5385       6227

    Variable |        Obs        Mean    Std. dev.       Min        Max
-------------+---------------------------------------------------------
char2_livi~1 |        130    2102.951     787.104        720       4647

    Variable |        Obs        Mean    Std. dev.       Min        Max
-------------+---------------------------------------------------------
char2_livi~1 |        294    2333.251    1247.812      439.5       7598

    Variable |        Obs        Mean    Std. dev.       Min        Max
-------------+---------------------------------------------------------
char2_livi~1 |        242    2259.785    1530.762   220.2857       9791

livingarea1 - year==2018, no year built restriction 
------------------------------------------------------------------------------------------------
> --------------------
                              (1)             (2)             (3)             (4)             (5
> )             (6)   
                          only_du           du_he           mf_du         only_mf           mf_h
> e         only_he   
------------------------------------------------------------------------------------------------
> --------------------
-.2                         458.9***        43.38           266.0**         734.4          1000.
> 8           166.2   
                          (72.40)         (83.97)         (81.94)         (414.7)        (1182.8
> )         (249.5)   

-.18                        343.4***        120.1           226.4***       -149.0           650.
> 2           123.9   
                          (61.34)         (145.6)         (65.95)         (473.2)         (521.4
> )         (109.2)   

-.16                        348.6***        195.3           143.6*          351.7*          320.
> 9*          87.52   
                          (57.00)         (103.1)         (63.02)         (160.7)         (119.0
> )         (160.5)   

-.14                        412.3***        206.3*          118.5           513.1           88.9
> 7          -285.6   
                          (92.58)         (103.3)         (65.35)         (281.7)         (222.4
> )         (360.9)   

-.12                        351.5***        163.6*          177.1**         315.8**         377.
> 1*         -129.0   
                          (49.72)         (78.35)         (67.19)         (102.2)         (172.8
> )         (149.5)   

-.1                         344.3***        181.5**         166.9***        166.6           503.
> 9           224.8   
                          (46.17)         (61.05)         (49.15)         (141.9)         (305.2
> )         (232.5)   

-.08                        313.8***        139.4*          107.0*          112.3           329.
> 3           28.90   
                          (40.07)         (66.64)         (51.89)         (93.03)         (204.9
> )         (130.4)   

-.06                        317.5***        197.8**         127.7**         125.3           396.
> 6**        -93.02   
                          (43.66)         (71.62)         (39.78)         (90.13)         (128.3
> )         (156.1)   

-.04                        262.7***        194.3*          101.2*          215.2**         301.
> 1**         81.79   
                          (48.56)         (83.77)         (50.11)         (81.60)         (91.41
> )         (115.9)   

-.02                        131.7***        66.40           54.58           178.9**         336.
> 4**         15.30   
                          (28.23)         (52.07)         (29.20)         (65.75)         (115.7
> )         (77.70)   

0                               0               0               0               0               
> 0               0   
                              (.)             (.)             (.)             (.)             (.
> )             (.)   

.02                        -72.49*          68.31          -31.73           17.53          -65.1
> 7           4.706   
                          (32.95)         (66.02)         (44.14)         (70.53)         (172.5
> )         (73.68)   

.04                        -114.5***       -184.3**        -80.29*         -16.12          -77.7
> 4          -223.5*  
                          (33.95)         (65.13)         (33.65)         (55.11)         (208.9
> )         (89.06)   

.06                        -145.5***       -78.64          -92.21**        -47.30          -206.
> 5          -317.7***
                          (32.81)         (115.0)         (33.94)         (153.1)         (245.3
> )         (90.28)   

.08                        -92.37**        -123.3          -140.0***       -14.05          -198.
> 9          -338.5** 
                          (34.13)         (146.8)         (34.47)         (96.06)         (301.6
> )         (110.7)   

.1                         -79.43*         -107.6          -147.9**         86.20          -211.
> 5          -313.7*  
                          (40.17)         (64.06)         (57.02)         (136.7)         (178.0
> )         (130.0)   

.12                        -103.8*         -276.4          -166.8**         175.2           73.6
> 0          -249.3** 
                          (42.12)         (197.9)         (56.13)         (167.1)         (232.3
> )         (83.96)   

.14                        -90.83*         -86.77          -177.6           352.0          -120.
> 6          -127.3   
                          (46.24)         (358.2)         (104.6)         (181.7)         (184.9
> )         (116.4)   

.16                        -113.4*         -238.5          -243.4**         99.07          -56.2
> 5          -343.0***
                          (47.74)         (139.9)         (75.55)         (124.9)         (148.5
> )         (44.36)   

.18                        -126.8*         -402.0*         -205.6**        -177.2           337.
> 2*         -408.4   
                          (50.40)         (158.4)         (71.97)         (129.3)         (127.6
> )         (225.9)   

.2                         -138.5**        -487.7***       -311.8**         144.2           475.
> 3          -368.2   
                          (51.52)         (103.1)         (101.4)         (309.3)         (264.2
> )         (258.8)   

Constant                   1990.4***       2372.7***       3125.6***       1649.7***       1942.
> 1***       1107.0***
                          (41.05)         (103.1)         (59.06)         (54.63)         (190.3
> )      (7.96e-10)   

Boundary f.e.                 Yes             Yes             Yes             Yes             Ye
> s             Yes   
------------------------------------------------------------------------------------------------
> --------------------
Observations                42288            4469           17043            2275             74
> 0            2533   
R-squared                   0.397           0.272           0.329           0.432           0.38
> 1           0.411   
------------------------------------------------------------------------------------------------
> --------------------
Standard errors in parentheses
* p<0.05, ** p<0.01, *** p<0.001

livingarea1 - year==2018, no year built restriction, robust s.e. 
------------------------------------------------------------------------------------------------
> --------------------
                              (1)             (2)             (3)             (4)             (5
> )             (6)   
                          only_du           du_he           mf_du         only_mf           mf_h
> e         only_he   
------------------------------------------------------------------------------------------------
> --------------------
-.2                         458.9***        43.38           266.0***        734.4*         1000.
> 8           166.2   
                          (40.43)         (83.53)         (63.84)         (293.1)        (1076.7
> )         (212.6)   

-.18                        343.4***        120.1           226.4***       -149.0           650.
> 2           123.9   
                          (34.77)         (108.9)         (47.56)         (349.8)         (368.9
> )         (145.2)   

-.16                        348.6***        195.3*          143.6**         351.7*          320.
> 9*          87.52   
                          (35.42)         (86.61)         (45.07)         (150.1)         (136.1
> )         (158.3)   

-.14                        412.3***        206.3**         118.5**         513.1**         88.9
> 7          -285.6   
                          (63.71)         (71.17)         (44.83)         (173.5)         (169.4
> )         (336.3)   

-.12                        351.5***        163.6**         177.1***        315.8***        377.
> 1*         -129.0   
                          (28.78)         (55.03)         (49.21)         (95.42)         (170.4
> )         (119.9)   

-.1                         344.3***        181.5***        166.9***        166.6           503.
> 9*          224.8   
                          (27.19)         (49.69)         (34.58)         (110.1)         (207.8
> )         (131.3)   

-.08                        313.8***        139.4**         107.0**         112.3           329.
> 3*          28.90   
                          (25.10)         (47.59)         (32.60)         (67.95)         (152.7
> )         (102.5)   

-.06                        317.5***        197.8***        127.7***        125.3**         396.
> 6*         -93.02   
                          (30.38)         (51.28)         (27.81)         (46.43)         (165.8
> )         (94.64)   

-.04                        262.7***        194.3***        101.2***        215.2***        301.
> 1*          81.79   
                          (38.79)         (47.04)         (25.78)         (47.81)         (133.8
> )         (115.2)   

-.02                        131.7***        66.40           54.58*          178.9***        336.
> 4***        15.30   
                          (19.51)         (36.97)         (21.37)         (39.26)         (97.01
> )         (98.42)   

0                               0               0               0               0               
> 0               0   
                              (.)             (.)             (.)             (.)             (.
> )             (.)   

.02                        -72.49***        68.31          -31.73           17.53          -65.1
> 7           4.706   
                          (21.73)         (48.27)         (34.83)         (41.85)         (112.7
> )         (98.35)   

.04                        -114.5***       -184.3***       -80.29***       -16.12          -77.7
> 4          -223.5** 
                          (19.54)         (45.26)         (23.06)         (58.66)         (173.8
> )         (86.18)   

.06                        -145.5***       -78.64          -92.21***       -47.30          -206.
> 5          -317.7***
                          (18.68)         (68.58)         (24.63)         (94.29)         (186.1
> )         (84.22)   

.08                        -92.37***       -123.3          -140.0***       -14.05          -198.
> 9          -338.5***
                          (20.00)         (80.16)         (26.11)         (89.45)         (120.8
> )         (93.39)   

.1                         -79.43***       -107.6          -147.9***        86.20          -211.
> 5          -313.7** 
                          (22.12)         (72.75)         (35.38)         (106.8)         (130.2
> )         (104.2)   

.12                        -103.8***       -276.4*         -166.8***        175.2           73.6
> 0          -249.3*  
                          (22.54)         (116.1)         (38.49)         (145.5)         (197.6
> )         (101.2)   

.14                        -90.83***       -86.77          -177.6*          352.0*         -120.
> 6          -127.3   
                          (25.32)         (256.7)         (79.19)         (150.1)         (133.5
> )         (112.2)   

.16                        -113.4***       -238.5*         -243.4***        99.07          -56.2
> 5          -343.0** 
                          (26.26)         (119.7)         (42.16)         (137.5)         (147.3
> )         (115.2)   

.18                        -126.8***       -402.0*         -205.6***       -177.2           337.
> 2**        -408.4** 
                          (28.64)         (158.5)         (51.84)         (208.3)         (118.8
> )         (134.1)   

.2                         -138.5***       -487.7***       -311.8***        144.2           475.
> 3***       -368.2*  
                          (35.96)         (86.61)         (77.32)         (321.9)         (137.8
> )         (187.3)   

Constant                   1990.4***       2372.7***       3125.6***       1649.7***       1942.
> 1***       1107.0***
                          (98.97)         (86.61)         (200.7)         (74.53)         (156.9
> )         (113.0)   

Boundary f.e.                 Yes             Yes             Yes             Yes             Ye
> s             Yes   
------------------------------------------------------------------------------------------------
> --------------------
Observations                42288            4469           17043            2275             74
> 0            2533   
R-squared                   0.397           0.272           0.329           0.432           0.38
> 1           0.411   
------------------------------------------------------------------------------------------------
> --------------------
Standard errors in parentheses
* p<0.05, ** p<0.01, *** p<0.001
(file
    /shared/boston_zoning/working_paper/replication_package/analysis/chars_mtlines_output/coef
    > _livingarea1_noyear_du.gph not found)
file /shared/boston_zoning/working_paper/replication_package/analysis/chars_mtlines_output/coef_
> livingarea1_noyear_du.gph saved
(file
    /shared/boston_zoning/working_paper/replication_package/analysis/chars_mtlines_output/coef
    > _livingarea1_noyear_he.gph not found)
file /shared/boston_zoning/working_paper/replication_package/analysis/chars_mtlines_output/coef_
> livingarea1_noyear_he.gph saved
(file
    /shared/boston_zoning/working_paper/replication_package/analysis/chars_mtlines_output/coef
    > _livingarea1_noyear_mf.gph not found)
file /shared/boston_zoning/working_paper/replication_package/analysis/chars_mtlines_output/coef_
> livingarea1_noyear_mf.gph saved
(file
    /shared/boston_zoning/working_paper/replication_package/analysis/chars_mtlines_output/coef
    > _livingarea1_noyear_duhe.gph not found)
file /shared/boston_zoning/working_paper/replication_package/analysis/chars_mtlines_output/coef_
> livingarea1_noyear_duhe.gph saved
(file
    /shared/boston_zoning/working_paper/replication_package/analysis/chars_mtlines_output/coef
    > _livingarea1_noyear_mfdu.gph not found)
file /shared/boston_zoning/working_paper/replication_package/analysis/chars_mtlines_output/coef_
> livingarea1_noyear_mfdu.gph saved
(file
    /shared/boston_zoning/working_paper/replication_package/analysis/chars_mtlines_output/coef
    > _livingarea1_noyear_mfhe.gph not found)
file /shared/boston_zoning/working_paper/replication_package/analysis/chars_mtlines_output/coef_
> livingarea1_noyear_mfhe.gph saved
(file
    /shared/boston_zoning/working_paper/replication_package/analysis/chars_mtlines_output/coef
    > _livingarea1_noyear_all.gph not found)
file /shared/boston_zoning/working_paper/replication_package/analysis/chars_mtlines_output/coef_
> livingarea1_noyear_all.gph saved
running coefplots for: char3_bedrooms1
file label: bedrooms1

    Variable |        Obs        Mean    Std. dev.       Min        Max
-------------+---------------------------------------------------------
char3_bedr~1 |      4,249    3.202136    .9419536          1         11

    Variable |        Obs        Mean    Std. dev.       Min        Max
-------------+---------------------------------------------------------
char3_bedr~1 |      3,317    3.209183    1.019103       .125         11

    Variable |        Obs        Mean    Std. dev.       Min        Max
-------------+---------------------------------------------------------
char3_bedr~1 |        477    2.632899    .9356945   .0833333          7

    Variable |        Obs        Mean    Std. dev.       Min        Max
-------------+---------------------------------------------------------
char3_bedr~1 |        656     2.73666    1.017302        .25          9

    Variable |        Obs        Mean    Std. dev.       Min        Max
-------------+---------------------------------------------------------
char3_bedr~1 |      1,897     3.02137    .9659605          1          7

    Variable |        Obs        Mean    Std. dev.       Min        Max
-------------+---------------------------------------------------------
char3_bedr~1 |      1,899    3.142751    .9640358        .75          9

    Variable |        Obs        Mean    Std. dev.       Min        Max
-------------+---------------------------------------------------------
char3_bedr~1 |        378    2.669489    .9193771   .6666667          6

    Variable |        Obs        Mean    Std. dev.       Min        Max
-------------+---------------------------------------------------------
char3_bedr~1 |        394    2.919386    .9433393   .5714286          6

    Variable |        Obs        Mean    Std. dev.       Min        Max
-------------+---------------------------------------------------------
char3_bedr~1 |        104     3.11859    .8330657        1.5          6

    Variable |        Obs        Mean    Std. dev.       Min        Max
-------------+---------------------------------------------------------
char3_bedr~1 |        128    3.365234    1.013854          1          6

    Variable |        Obs        Mean    Std. dev.       Min        Max
-------------+---------------------------------------------------------
char3_bedr~1 |        292    3.287386     1.16626         .5          8

    Variable |        Obs        Mean    Std. dev.       Min        Max
-------------+---------------------------------------------------------
char3_bedr~1 |        242    3.065024    1.033956         .5          6

bedrooms1 - year==2018, no year built restriction 
------------------------------------------------------------------------------------------------
> --------------------
                              (1)             (2)             (3)             (4)             (5
> )             (6)   
                          only_du           du_he           mf_du         only_mf           mf_h
> e         only_he   
------------------------------------------------------------------------------------------------
> --------------------
-.2                         0.286***        0.105           0.182*          0.540*          0.75
> 6          0.0740   
                         (0.0471)         (0.135)        (0.0875)         (0.226)         (0.910
> )         (0.208)   

-.18                        0.272***        0.204          0.0725           0.604*          1.33
> 8*        -0.0717   
                         (0.0397)         (0.164)        (0.0607)         (0.297)         (0.502
> )         (0.228)   

-.16                        0.182***        0.269          0.0795           0.241           0.19
> 3          -0.238   
                         (0.0443)         (0.156)        (0.0653)         (0.217)         (0.189
> )         (0.186)   

-.14                        0.212***        0.350*          0.122*          0.117         -0.081
> 0          -0.718   
                         (0.0371)         (0.148)        (0.0610)         (0.152)         (0.233
> )         (0.715)   

-.12                        0.284***        0.253*          0.211**         0.256           0.30
> 3          -0.408** 
                         (0.0364)         (0.102)        (0.0799)         (0.148)         (0.214
> )         (0.152)   

-.1                         0.261***        0.325***        0.188**         0.160           0.10
> 3           0.240   
                         (0.0358)        (0.0773)        (0.0614)         (0.140)         (0.297
> )         (0.340)   

-.08                        0.219***        0.188*          0.133*          0.133          0.079
> 4         -0.0733   
                         (0.0338)        (0.0780)        (0.0599)         (0.158)         (0.204
> )         (0.160)   

-.06                        0.213***        0.209**         0.139**         0.218           0.14
> 3          -0.278   
                         (0.0334)        (0.0785)        (0.0528)         (0.114)         (0.127
> )         (0.161)   

-.04                        0.197***        0.156*          0.161**         0.211           0.19
> 6          -0.107   
                         (0.0336)        (0.0789)        (0.0524)         (0.132)         (0.134
> )         (0.109)   

-.02                        0.104***        0.155          0.0933*          0.206           0.26
> 0*         -0.116   
                         (0.0273)        (0.0836)        (0.0413)         (0.126)         (0.110
> )        (0.0728)   

0                               0               0               0               0               
> 0               0   
                              (.)             (.)             (.)             (.)             (.
> )             (.)   

.02                       -0.0226         -0.0769         -0.0210         -0.0192          -0.14
> 0         -0.0685   
                         (0.0258)        (0.0923)        (0.0602)         (0.104)         (0.113
> )         (0.114)   

.04                       -0.0614*         -0.153         -0.0963*        -0.0485          0.048
> 0          -0.129   
                         (0.0262)         (0.119)        (0.0463)         (0.110)         (0.315
> )         (0.101)   

.06                       -0.0542*          0.194         -0.0803          -0.202          -0.44
> 5          -0.218*  
                         (0.0270)         (0.110)        (0.0459)         (0.175)         (0.358
> )         (0.107)   

.08                       -0.0657*          0.191          -0.118*         -0.242*         -0.41
> 7          -0.187   
                         (0.0298)         (0.126)        (0.0567)         (0.114)         (0.208
> )         (0.128)   

.1                        -0.0444           0.160         -0.0224          -0.159          -0.38
> 0          -0.224   
                         (0.0309)         (0.146)        (0.0621)         (0.162)         (0.321
> )         (0.132)   

.12                       -0.0393          -0.131          -0.129*        -0.0272          -0.12
> 7         -0.0549   
                         (0.0338)        (0.0928)        (0.0524)         (0.144)         (0.216
> )        (0.0977)   

.14                       -0.0621           0.598**        -0.169*          0.124          -0.27
> 5***       0.0265   
                         (0.0370)         (0.211)        (0.0744)         (0.158)        (0.0732
> )        (0.0895)   

.16                       -0.0721*         0.0616          -0.198**        0.0124          -0.37
> 2***       0.0597   
                         (0.0355)         (0.194)        (0.0716)        (0.0919)         (0.101
> )         (0.113)   

.18                       -0.0682          -0.472***       -0.123           0.131          0.046
> 8          -0.235   
                         (0.0419)        (0.0844)        (0.0890)         (0.217)         (0.152
> )         (0.122)   

.2                        -0.0426          -0.731***       -0.151          0.0308           0.14
> 7          -0.328   
                         (0.0531)         (0.156)         (0.155)         (0.272)         (0.165
> )         (0.214)   

Constant                    3.173***        3.731***        3.324***        3.085***        3.70
> 1***        2.000***
                         (0.0279)         (0.156)        (0.0510)        (0.0941)         (0.179
> )      (3.01e-13)   

Boundary f.e.                 Yes             Yes             Yes             Yes             Ye
> s             Yes   
------------------------------------------------------------------------------------------------
> --------------------
Observations                41467            4083           16378            2253             68
> 0            2510   
R-squared                   0.243           0.211           0.121           0.259           0.24
> 6           0.250   
------------------------------------------------------------------------------------------------
> --------------------
Standard errors in parentheses
* p<0.05, ** p<0.01, *** p<0.001

bedrooms1 - year==2018, no year built restriction, robust s.e. 
------------------------------------------------------------------------------------------------
> --------------------
                              (1)             (2)             (3)             (4)             (5
> )             (6)   
                          only_du           du_he           mf_du         only_mf           mf_h
> e         only_he   
------------------------------------------------------------------------------------------------
> --------------------
-.2                         0.286***        0.105           0.182*          0.540**         0.75
> 6          0.0740   
                         (0.0329)         (0.143)        (0.0754)         (0.199)         (0.824
> )         (0.388)   

-.18                        0.272***        0.204          0.0725           0.604*          1.33
> 8***      -0.0717   
                         (0.0310)         (0.150)        (0.0559)         (0.242)         (0.355
> )         (0.296)   

-.16                        0.182***        0.269*         0.0795           0.241           0.19
> 3          -0.238   
                         (0.0316)         (0.124)        (0.0535)         (0.192)         (0.169
> )         (0.424)   

-.14                        0.212***        0.350***        0.122*          0.117         -0.081
> 0          -0.718   
                         (0.0276)         (0.100)        (0.0556)         (0.132)         (0.218
> )         (0.695)   

-.12                        0.284***        0.253**         0.211**         0.256*          0.30
> 3          -0.408*  
                         (0.0264)        (0.0894)        (0.0656)         (0.122)         (0.204
> )         (0.164)   

-.1                         0.261***        0.325***        0.188***        0.160           0.10
> 3           0.240   
                         (0.0264)        (0.0833)        (0.0483)         (0.109)         (0.231
> )         (0.180)   

-.08                        0.219***        0.188*          0.133**         0.133          0.079
> 4         -0.0733   
                         (0.0252)        (0.0735)        (0.0453)        (0.0956)         (0.203
> )         (0.174)   

-.06                        0.213***        0.209**         0.139***        0.218**         0.14
> 3          -0.278** 
                         (0.0230)        (0.0725)        (0.0379)        (0.0786)         (0.204
> )         (0.104)   

-.04                        0.197***        0.156*          0.161***        0.211**         0.19
> 6          -0.107   
                         (0.0232)        (0.0671)        (0.0358)        (0.0798)         (0.192
> )        (0.0976)   

-.02                        0.104***        0.155*         0.0933**         0.206**         0.26
> 0*         -0.116   
                         (0.0210)        (0.0613)        (0.0316)        (0.0647)         (0.123
> )        (0.0841)   

0                               0               0               0               0               
> 0               0   
                              (.)             (.)             (.)             (.)             (.
> )             (.)   

.02                       -0.0226         -0.0769         -0.0210         -0.0192          -0.14
> 0         -0.0685   
                         (0.0190)        (0.0696)        (0.0522)        (0.0690)         (0.151
> )        (0.0881)   

.04                       -0.0614**        -0.153         -0.0963**       -0.0485          0.048
> 0          -0.129   
                         (0.0200)        (0.0875)        (0.0354)        (0.0828)         (0.277
> )        (0.0879)   

.06                       -0.0542**         0.194         -0.0803*         -0.202          -0.44
> 5          -0.218** 
                         (0.0206)         (0.115)        (0.0382)         (0.104)         (0.284
> )        (0.0839)   

.08                       -0.0657**         0.191          -0.118**        -0.242*         -0.41
> 7*         -0.187*  
                         (0.0214)         (0.132)        (0.0417)         (0.115)         (0.165
> )        (0.0881)   

.1                        -0.0444           0.160         -0.0224          -0.159          -0.38
> 0          -0.224*  
                         (0.0228)         (0.144)        (0.0476)         (0.133)         (0.256
> )         (0.109)   

.12                       -0.0393          -0.131          -0.129*        -0.0272          -0.12
> 7         -0.0549   
                         (0.0230)         (0.158)        (0.0509)         (0.152)         (0.275
> )         (0.110)   

.14                       -0.0621*          0.598          -0.169***        0.124          -0.27
> 5          0.0265   
                         (0.0249)         (0.358)        (0.0510)         (0.148)         (0.204
> )         (0.106)   

.16                       -0.0721**        0.0616          -0.198***       0.0124          -0.37
> 2          0.0597   
                         (0.0264)         (0.278)        (0.0598)         (0.154)         (0.221
> )         (0.121)   

.18                       -0.0682*         -0.472          -0.123           0.131          0.046
> 8          -0.235*  
                         (0.0279)         (0.287)        (0.0631)         (0.254)         (0.205
> )         (0.110)   

.2                        -0.0426          -0.731***       -0.151          0.0308           0.14
> 7          -0.328*  
                         (0.0389)         (0.124)         (0.115)         (0.311)         (0.176
> )         (0.157)   

Constant                    3.173***        3.731***        3.324***        3.085***        3.70
> 1***        2.000   
                          (0.123)         (0.124)         (0.292)         (0.108)         (0.252
> )             (.)   

Boundary f.e.                 Yes             Yes             Yes             Yes             Ye
> s             Yes   
------------------------------------------------------------------------------------------------
> --------------------
Observations                41467            4083           16378            2253             68
> 0            2510   
R-squared                   0.243           0.211           0.121           0.259           0.24
> 6           0.250   
------------------------------------------------------------------------------------------------
> --------------------
Standard errors in parentheses
* p<0.05, ** p<0.01, *** p<0.001
(file
    /shared/boston_zoning/working_paper/replication_package/analysis/chars_mtlines_output/coef
    > _bedrooms1_noyear_du.gph not found)
file /shared/boston_zoning/working_paper/replication_package/analysis/chars_mtlines_output/coef_
> bedrooms1_noyear_du.gph saved
(file
    /shared/boston_zoning/working_paper/replication_package/analysis/chars_mtlines_output/coef
    > _bedrooms1_noyear_he.gph not found)
file /shared/boston_zoning/working_paper/replication_package/analysis/chars_mtlines_output/coef_
> bedrooms1_noyear_he.gph saved
(file
    /shared/boston_zoning/working_paper/replication_package/analysis/chars_mtlines_output/coef
    > _bedrooms1_noyear_mf.gph not found)
file /shared/boston_zoning/working_paper/replication_package/analysis/chars_mtlines_output/coef_
> bedrooms1_noyear_mf.gph saved
(file
    /shared/boston_zoning/working_paper/replication_package/analysis/chars_mtlines_output/coef
    > _bedrooms1_noyear_duhe.gph not found)
file /shared/boston_zoning/working_paper/replication_package/analysis/chars_mtlines_output/coef_
> bedrooms1_noyear_duhe.gph saved
(file
    /shared/boston_zoning/working_paper/replication_package/analysis/chars_mtlines_output/coef
    > _bedrooms1_noyear_mfdu.gph not found)
file /shared/boston_zoning/working_paper/replication_package/analysis/chars_mtlines_output/coef_
> bedrooms1_noyear_mfdu.gph saved
(file
    /shared/boston_zoning/working_paper/replication_package/analysis/chars_mtlines_output/coef
    > _bedrooms1_noyear_mfhe.gph not found)
file /shared/boston_zoning/working_paper/replication_package/analysis/chars_mtlines_output/coef_
> bedrooms1_noyear_mfhe.gph saved
(file
    /shared/boston_zoning/working_paper/replication_package/analysis/chars_mtlines_output/coef
    > _bedrooms1_noyear_all.gph not found)
file /shared/boston_zoning/working_paper/replication_package/analysis/chars_mtlines_output/coef_
> bedrooms1_noyear_all.gph saved
running coefplots for: char4_bathfull1
file label: bathfull1

    Variable |        Obs        Mean    Std. dev.       Min        Max
-------------+---------------------------------------------------------
char4_bath~1 |      4,276    1.656365    .7751069         .5          9

    Variable |        Obs        Mean    Std. dev.       Min        Max
-------------+---------------------------------------------------------
char4_bath~1 |      3,338    1.691603    .8225571   .0416667          9

    Variable |        Obs        Mean    Std. dev.       Min        Max
-------------+---------------------------------------------------------
char4_bath~1 |        488    1.293033    .6382758   .0833333          7

    Variable |        Obs        Mean    Std. dev.       Min        Max
-------------+---------------------------------------------------------
char4_bath~1 |        664    1.300577    .5685608        .25          4

    Variable |        Obs        Mean    Std. dev.       Min        Max
-------------+---------------------------------------------------------
char4_bath~1 |      1,941    1.409686    .6806185         .5          6

    Variable |        Obs        Mean    Std. dev.       Min        Max
-------------+---------------------------------------------------------
char4_bath~1 |      1,932    1.487319    .7444514   .6666667          6

    Variable |        Obs        Mean    Std. dev.       Min        Max
-------------+---------------------------------------------------------
char4_bath~1 |        374    1.256863     .510584         .4          4

    Variable |        Obs        Mean    Std. dev.       Min        Max
-------------+---------------------------------------------------------
char4_bath~1 |        393    1.446686    .6685248   .6666667          5

    Variable |        Obs        Mean    Std. dev.       Min        Max
-------------+---------------------------------------------------------
char4_bath~1 |        112    1.605655    .7727191          1          5

    Variable |        Obs        Mean    Std. dev.       Min        Max
-------------+---------------------------------------------------------
char4_bath~1 |        128    1.783854     .817931          1          5

    Variable |        Obs        Mean    Std. dev.       Min        Max
-------------+---------------------------------------------------------
char4_bath~1 |        293    1.907565    .9125648         .5          7

    Variable |        Obs        Mean    Std. dev.       Min        Max
-------------+---------------------------------------------------------
char4_bath~1 |        242    1.914692    1.099278   .2857143          7

bathfull1 - year==2018, no year built restriction 
------------------------------------------------------------------------------------------------
> --------------------
                              (1)             (2)             (3)             (4)             (5
> )             (6)   
                          only_du           du_he           mf_du         only_mf           mf_h
> e         only_he   
------------------------------------------------------------------------------------------------
> --------------------
-.2                         0.274***      -0.0270           0.234***        0.573*          1.64
> 1           0.100   
                         (0.0495)        (0.0712)        (0.0587)         (0.266)         (1.046
> )         (0.123)   

-.18                        0.251***        0.207           0.160**         0.316           0.45
> 1         -0.0545   
                         (0.0430)         (0.113)        (0.0565)         (0.252)         (0.370
> )        (0.0970)   

-.16                        0.205***       0.0887           0.141*          0.250**         0.30
> 0          -0.226   
                         (0.0417)        (0.0484)        (0.0547)        (0.0931)         (0.238
> )         (0.122)   

-.14                        0.202***       0.0698           0.106*          0.346*         -0.19
> 5          -0.359   
                         (0.0329)        (0.0654)        (0.0517)         (0.150)         (0.190
> )         (0.231)   

-.12                        0.239***       0.0333           0.187***        0.142*          0.49
> 1*         -0.107   
                         (0.0355)        (0.0471)        (0.0532)        (0.0671)         (0.211
> )         (0.130)   

-.1                         0.228***        0.124**         0.142***        0.156           0.17
> 6           0.151   
                         (0.0332)        (0.0463)        (0.0426)        (0.0959)         (0.250
> )         (0.121)   

-.08                        0.234***       0.0542           0.123**        0.0846          0.075
> 4           0.115   
                         (0.0304)        (0.0473)        (0.0388)        (0.0959)         (0.168
> )        (0.0756)   

-.06                        0.218***       0.0590          0.0965**         0.105          0.026
> 0         -0.0167   
                         (0.0287)        (0.0455)        (0.0339)        (0.0643)        (0.0940
> )         (0.120)   

-.04                        0.159***       0.0592          0.0688*          0.136           0.25
> 3          0.0585   
                         (0.0250)        (0.0470)        (0.0325)        (0.0769)         (0.151
> )        (0.0681)   

-.02                        0.103***      -0.0112          0.0584*          0.168*          0.17
> 8           0.106*  
                         (0.0222)        (0.0373)        (0.0262)        (0.0646)         (0.139
> )        (0.0505)   

0                               0               0               0               0               
> 0               0   
                              (.)             (.)             (.)             (.)             (.
> )             (.)   

.02                       -0.0262         -0.0344         -0.0422         -0.0158          -0.15
> 7         -0.0181   
                         (0.0221)        (0.0395)        (0.0263)        (0.0471)         (0.141
> )        (0.0545)   

.04                       -0.0672*        -0.0640         -0.0427         -0.0710          -0.10
> 6         -0.0571   
                         (0.0264)        (0.0528)        (0.0306)        (0.0529)         (0.191
> )        (0.0552)   

.06                       -0.0859***      -0.0149         -0.0831**       -0.0608          -0.23
> 4          -0.262***
                         (0.0253)        (0.0572)        (0.0305)        (0.0759)         (0.262
> )        (0.0536)   

.08                       -0.0500         -0.0862          -0.119***     -0.00547          -0.28
> 0          -0.298** 
                         (0.0256)        (0.0633)        (0.0328)        (0.0567)         (0.198
> )        (0.0877)   

.1                        -0.0613*        -0.0167          -0.107*        -0.0999          -0.23
> 8          -0.179   
                         (0.0287)         (0.108)        (0.0496)        (0.0625)         (0.170
> )         (0.104)   

.12                        -0.104***      -0.0780         -0.0717           0.119          -0.27
> 0          -0.173***
                         (0.0275)        (0.0598)        (0.0458)         (0.113)         (0.205
> )        (0.0434)   

.14                       -0.0918**       -0.0476          -0.147**         0.110          -0.21
> 5          0.0183   
                         (0.0351)         (0.127)        (0.0529)        (0.0843)         (0.297
> )        (0.0796)   

.16                       -0.0973**       -0.0519          -0.108**        0.0468          -0.39
> 9***       -0.207***
                         (0.0367)        (0.0857)        (0.0406)         (0.140)        (0.0983
> )        (0.0504)   

.18                        -0.107**        -0.251***       -0.175**       -0.0933           0.15
> 0          -0.311***
                         (0.0387)        (0.0508)        (0.0540)         (0.260)         (0.190
> )        (0.0828)   

.2                        -0.0724           1.089***       -0.180*         -0.120          -0.18
> 7          -0.307   
                         (0.0430)        (0.0484)        (0.0808)         (0.239)         (0.105
> )         (0.203)   

Constant                    1.794***        1.911***        2.780***        1.390***        1.83
> 3***        1.000***
                         (0.0251)        (0.0484)        (0.0395)        (0.0376)         (0.159
> )      (2.69e-13)   

Boundary f.e.                 Yes             Yes             Yes             Yes             Ye
> s             Yes   
------------------------------------------------------------------------------------------------
> --------------------
Observations                41692            4150           16870            2251             73
> 2            2511   
R-squared                   0.324           0.283           0.289           0.315           0.31
> 7           0.368   
------------------------------------------------------------------------------------------------
> --------------------
Standard errors in parentheses
* p<0.05, ** p<0.01, *** p<0.001

bathfull1 - year==2018, no year built restriction, robust s.e. 
------------------------------------------------------------------------------------------------
> --------------------
                              (1)             (2)             (3)             (4)             (5
> )             (6)   
                          only_du           du_he           mf_du         only_mf           mf_h
> e         only_he   
------------------------------------------------------------------------------------------------
> --------------------
-.2                         0.274***      -0.0270           0.234***        0.573**         1.64
> 1           0.100   
                         (0.0324)        (0.0711)        (0.0505)         (0.206)         (0.965
> )         (0.210)   

-.18                        0.251***        0.207*          0.160***        0.316           0.45
> 1         -0.0545   
                         (0.0297)        (0.0982)        (0.0409)         (0.244)         (0.341
> )         (0.209)   

-.16                        0.205***       0.0887           0.141***        0.250           0.30
> 0          -0.226   
                         (0.0287)        (0.0729)        (0.0414)         (0.148)         (0.256
> )         (0.213)   

-.14                        0.202***       0.0698           0.106**         0.346**        -0.19
> 5          -0.359   
                         (0.0250)        (0.0616)        (0.0384)         (0.128)         (0.185
> )         (0.218)   

-.12                        0.239***       0.0333           0.187***        0.142           0.49
> 1*         -0.107   
                         (0.0239)        (0.0497)        (0.0372)        (0.0986)         (0.201
> )         (0.109)   

-.1                         0.228***        0.124*          0.142***        0.156           0.17
> 6           0.151   
                         (0.0213)        (0.0496)        (0.0297)        (0.0880)         (0.191
> )         (0.104)   

-.08                        0.234***       0.0542           0.123***       0.0846          0.075
> 4           0.115   
                         (0.0208)        (0.0435)        (0.0269)        (0.0682)         (0.156
> )        (0.0847)   

-.06                        0.218***       0.0590          0.0965***        0.105*         0.026
> 0         -0.0167   
                         (0.0188)        (0.0442)        (0.0240)        (0.0525)         (0.184
> )        (0.0746)   

-.04                        0.159***       0.0592          0.0688**         0.136*          0.25
> 3          0.0585   
                         (0.0171)        (0.0397)        (0.0227)        (0.0528)         (0.141
> )        (0.0792)   

-.02                        0.103***      -0.0112          0.0584**         0.168***        0.17
> 8           0.106   
                         (0.0160)        (0.0349)        (0.0204)        (0.0403)         (0.105
> )        (0.0720)   

0                               0               0               0               0               
> 0               0   
                              (.)             (.)             (.)             (.)             (.
> )             (.)   

.02                       -0.0262         -0.0344         -0.0422*        -0.0158          -0.15
> 7         -0.0181   
                         (0.0150)        (0.0407)        (0.0202)        (0.0416)         (0.118
> )        (0.0714)   

.04                       -0.0672***      -0.0640         -0.0427         -0.0710          -0.10
> 6         -0.0571   
                         (0.0163)        (0.0439)        (0.0228)        (0.0466)         (0.162
> )        (0.0663)   

.06                       -0.0859***      -0.0149         -0.0831***      -0.0608          -0.23
> 4          -0.262***
                         (0.0170)        (0.0639)        (0.0245)        (0.0676)         (0.223
> )        (0.0659)   

.08                       -0.0500**       -0.0862          -0.119***     -0.00547          -0.28
> 0*         -0.298***
                         (0.0172)        (0.0559)        (0.0260)        (0.0645)         (0.126
> )        (0.0736)   

.1                        -0.0613**       -0.0167          -0.107***      -0.0999          -0.23
> 8          -0.179*  
                         (0.0189)        (0.0861)        (0.0319)        (0.0890)         (0.145
> )        (0.0908)   

.12                        -0.104***      -0.0780         -0.0717*          0.119          -0.27
> 0          -0.173*  
                         (0.0195)        (0.0728)        (0.0358)        (0.0923)         (0.184
> )        (0.0845)   

.14                       -0.0918***      -0.0476          -0.147***        0.110          -0.21
> 5          0.0183   
                         (0.0214)         (0.139)        (0.0349)         (0.128)         (0.138
> )        (0.0976)   

.16                       -0.0973***      -0.0519          -0.108**        0.0468          -0.39
> 9*         -0.207*  
                         (0.0223)         (0.155)        (0.0388)         (0.135)         (0.160
> )         (0.100)   

.18                        -0.107***       -0.251          -0.175***      -0.0933           0.15
> 0          -0.311***
                         (0.0245)         (0.150)        (0.0420)         (0.195)         (0.189
> )        (0.0906)   

.2                        -0.0724*          1.089***       -0.180**        -0.120          -0.18
> 7          -0.307   
                         (0.0341)        (0.0729)        (0.0688)         (0.226)         (0.198
> )         (0.158)   

Constant                    1.794***        1.911***        2.780***        1.390***        1.83
> 3***        1.000***
                          (0.104)        (0.0729)         (0.298)        (0.0823)         (0.156
> )    (0.000000333)   

Boundary f.e.                 Yes             Yes             Yes             Yes             Ye
> s             Yes   
------------------------------------------------------------------------------------------------
> --------------------
Observations                41692            4150           16870            2251             73
> 2            2511   
R-squared                   0.324           0.283           0.289           0.315           0.31
> 7           0.368   
------------------------------------------------------------------------------------------------
> --------------------
Standard errors in parentheses
* p<0.05, ** p<0.01, *** p<0.001
(file
    /shared/boston_zoning/working_paper/replication_package/analysis/chars_mtlines_output/coef
    > _bathfull1_noyear_du.gph not found)
file /shared/boston_zoning/working_paper/replication_package/analysis/chars_mtlines_output/coef_
> bathfull1_noyear_du.gph saved
(file
    /shared/boston_zoning/working_paper/replication_package/analysis/chars_mtlines_output/coef
    > _bathfull1_noyear_he.gph not found)
file /shared/boston_zoning/working_paper/replication_package/analysis/chars_mtlines_output/coef_
> bathfull1_noyear_he.gph saved
(file
    /shared/boston_zoning/working_paper/replication_package/analysis/chars_mtlines_output/coef
    > _bathfull1_noyear_mf.gph not found)
file /shared/boston_zoning/working_paper/replication_package/analysis/chars_mtlines_output/coef_
> bathfull1_noyear_mf.gph saved
(file
    /shared/boston_zoning/working_paper/replication_package/analysis/chars_mtlines_output/coef
    > _bathfull1_noyear_duhe.gph not found)
file /shared/boston_zoning/working_paper/replication_package/analysis/chars_mtlines_output/coef_
> bathfull1_noyear_duhe.gph saved
(file
    /shared/boston_zoning/working_paper/replication_package/analysis/chars_mtlines_output/coef
    > _bathfull1_noyear_mfdu.gph not found)
file /shared/boston_zoning/working_paper/replication_package/analysis/chars_mtlines_output/coef_
> bathfull1_noyear_mfdu.gph saved
(file
    /shared/boston_zoning/working_paper/replication_package/analysis/chars_mtlines_output/coef
    > _bathfull1_noyear_mfhe.gph not found)
file /shared/boston_zoning/working_paper/replication_package/analysis/chars_mtlines_output/coef_
> bathfull1_noyear_mfhe.gph saved
(file
    /shared/boston_zoning/working_paper/replication_package/analysis/chars_mtlines_output/coef
    > _bathfull1_noyear_all.gph not found)
file /shared/boston_zoning/working_paper/replication_package/analysis/chars_mtlines_output/coef_
> bathfull1_noyear_all.gph saved

. 
. 
. ********************************************************************************
. ** end
. ********************************************************************************
. log off
      name:  <unnamed>
       log:  /shared/boston_zoning/working_paper/replication_package/analysis/chars_mtlines_outp
> ut/chars_mtlines_log_2025-04-18.log
  log type:  text
 paused on:  18 Apr 2025, 13:25:15
------------------------------------------------------------------------------------------------
