---------------------------------------------------------------------------------------------------------------------------------------------------------------------------------------------------------------------------------------------------------------
      name:  <unnamed>
       log:  /shared/boston_zoning/working_paper/replication_package/analysis/within_town_mtlines_output/within_town_mtlines_log_2025-04-18.log
  log type:  text
 opened on:  18 Apr 2025, 15:11:46

. 
. 
. ********************************************************************************
. * File name:            within_town_mtlines.do
. *
. * Project title:        Boston Zoning Paper
. *
. * Description:          Runs specifications for gentle and high density units as 
. *                                       well as some endogeneity checks. Section part numbers are
. *                                       based on older versions and so are not consecutive but are
. *                                       preserved for references across files.
. *
. *                                       Contents:
. *                                       Part 6: SUPPLY EFFECT GENTLE DENSITY BASELINE
. *                                               6a: gentle density baseline after 1918 @ .20 miles
. *                                               6b: gentle density baseline after 1956 @ .20 miles
. *                                               6c: gentle density baseline after 1918 @ .20 miles w/ only clear boundaries
. *                                       Part 7: SUPPLY EFFECT HIGH DENSITY BASELINE
. *                                               7a: high density baseline after 1918 @ .20 miles
. *                                               7b: high density baseline after 1956 @ .20 miles
. *                                               7c: high density baseline after 1918 @ .20 miles w/ only clear boundaries
. *                                       Another Endogeneity Check
. *                                               On 2-3 unit structures
. *                                               On 4+ unit structures
. *                               
. * Inputs:                       mt_orthogonal_dist_100m_07-01-22_moreregs.dta
. *                                       within_town_analysis_data.dta
. *                               
. * Outputs:                      Log output only
. *
. * Created:                      09/21/2021
. * Updated:                      03/18/2024
. ********************************************************************************
. 
. 
. ********************************************************************************
. ** load the mt lines data
. ********************************************************************************
. use  "$DATAPATH/mt_orthogonal_dist_100m_07-01-22_moreregs.dta", clear

. 
. destring prop_id, replace
prop_id already numeric; no replace

. 
. tempfile mtlines

. save `mtlines', replace
(file /tmp/343956.1.sta.q/St2124155.000001 not found)
file /tmp/343956.1.sta.q/St2124155.000001 saved as .dta format

. 
. 
. ********************************************************************************
. ** create working dataset
. ********************************************************************************
. use "$DATAPATH/within_town_analysis_data.dta", clear

. 
. 
. ********************************************************************************
. ** merge on mt lines to keep straight line properties
. ********************************************************************************
. merge m:1 prop_id using `mtlines', keepusing(straight_line home_minlotsize nn_minlotsize)

    Result                      Number of obs
    -----------------------------------------
    Not matched                       201,049
        from master                         0  (_merge==1)
        from using                    201,049  (_merge==2)

    Matched                         3,199,248  (_merge==3)
    -----------------------------------------

.         
.         * check merge for errors
.         sum _merge

    Variable |        Obs        Mean    Std. dev.       Min        Max
-------------+---------------------------------------------------------
      _merge |  3,400,297    2.940873    .2358621          2          3

.         drop if _merge == 2
(201,049 observations deleted)

.         drop _merge

. 
. keep if straight_line == 1  // drops non-straight line properties
(2,237,233 observations deleted)

. 
. 
. ********************************************************************************
. ** drop out of scope years
. ********************************************************************************
. keep if (year >= 2010 & year <= 2018)
(0 observations deleted)

. 
. tab year

       year |      Freq.     Percent        Cum.
------------+-----------------------------------
       2010 |    104,264       10.84       10.84
       2011 |    107,230       11.15       21.98
       2012 |    106,561       11.08       33.06
       2013 |    106,732       11.09       44.16
       2014 |    105,275       10.94       55.10
       2015 |    107,440       11.17       66.27
       2016 |    107,865       11.21       77.48
       2017 |    108,234       11.25       88.73
       2018 |    108,414       11.27      100.00
------------+-----------------------------------
      Total |    962,015      100.00

. 
. 
. ********************************************************************************
. ** Define distance polynomial trends
. ********************************************************************************
. gen r_dist_relax = relaxed * dist_both

. gen r_dist_strict = strict * dist_both

. 
. gen r_dist_relax2 = r_dist_relax ^ 2

. gen r_dist_relax3 = r_dist_relax ^ 3

. gen r_dist_relax4 = r_dist_relax ^ 4

. gen r_dist_relax5 = r_dist_relax ^ 5

. 
. gen r_dist_strict2 = r_dist_strict ^ 2

. gen r_dist_strict3 = r_dist_strict ^ 3

. gen r_dist_strict4 = r_dist_strict ^ 4

. gen r_dist_strict5 = r_dist_strict ^ 5

. 
. 
. ********************************************************************************
. ** Define distance polynomial trends varlist
. ********************************************************************************
. local distance_varlist1 = "r_dist_relax r_dist_strict"

. local distance_varlist2 = "r_dist_relax r_dist_strict r_dist_relax2 r_dist_strict2"

. local distance_varlist3 = "r_dist_relax r_dist_strict r_dist_relax2 r_dist_strict2 r_dist_relax3 r_dist_strict3"

. 
. ********************************************************************************
. ** Part 6: SUPPLY EFFECT GENTLE DENSITY BASELINE
. * 6a: gentle density baseline after 1918 @ .20 miles
. * 6b: gentle density baseline after 1956 @ .20 miles
. * 6c: gentle density baseline after 1918 @ .20 miles w/ only clear boundaries
. ********************************************************************************
. ** 6a: gentle density baseline after 1918 @ .20 miles
. * loop over different degrees of distance polynomial trends
. forvalues i = 1/3 {
  2. 
.         * A: only_mf
.         quietly reg fam23_1 i.mf_allowed i.lam_seg `distance_varlist`i'' ///
>                 if only_mf == 1 & dist <= 0.2 & year_built >= 1918 & year == 2018, vce(cluster lam_seg) 
  3.                 
.                 eststo A
  4.         
.         sum fam23_1 if only_mf == 1 & year==2018 & year_built>=1918 & (dist_both<=0.02 & dist_both>0) & res_typex!="Condominiums"
  5.         sum fam23_1 if only_mf == 1 & year==2018 & year_built>=1918 & (dist_both<=0 & dist_both>-0.02) & res_typex!="Condominiums"
  6. 
.         * B: only_he
.         quietly reg fam23_1 height i.lam_seg `distance_varlist`i'' ///
>                 if only_he == 1 & dist <= 0.2 & year_built >= 1918 & year == 2018, vce(cluster lam_seg) 
  7. 
.                 eststo B
  8.          
.         sum fam23_1 if only_he == 1 & year==2018 & year_built>=1918 & (dist_both<=0.02 & dist_both>0) & res_typex!="Condominiums"
  9.         sum fam23_1 if only_he == 1 & year==2018 & year_built>=1918 & (dist_both<=0 & dist_both>-0.02) & res_typex!="Condominiums"
 10.         sum height if only_he == 1 & year==2018 & year_built>=1918 & (dist_both<=0.02 & dist_both>0) & res_typex!="Condominiums"
 11.         sum height if only_he == 1 & year==2018 & year_built>=1918 & (dist_both<=0 & dist_both>-0.02) & res_typex!="Condominiums"
 12. 
.         * C: only_du
.         quietly reg fam23_1 dupac i.lam_seg `distance_varlist`i'' ///
>                 if only_du == 1 & dist <= 0.2 & year_built >= 1918 & year == 2018, vce(cluster lam_seg)                 
 13. 
.                 eststo C
 14.          
.         sum fam23_1 if only_du == 1 & year==2018 & year_built>=1918 & (dist_both<=0.02 & dist_both>0) & res_typex!="Condominiums"
 15.         sum fam23_1 if only_du == 1 & year==2018 & year_built>=1918 & (dist_both<=0 & dist_both>-0.02) & res_typex!="Condominiums"      
 16.         sum dupac if only_du == 1 & year==2018 & year_built>=1918 & (dist_both<=0.02 & dist_both>0) & res_typex!="Condominiums"
 17.         sum dupac if only_du == 1 & year==2018 & year_built>=1918 & (dist_both<=0 & dist_both>-0.02) & res_typex!="Condominiums"        
 18. 
.         * D: mf_he
.         quietly reg fam23_1 i.mf_allowed##c.height i.lam_seg `distance_varlist`i'' ///
>                 if mf_he == 1 & dist <= 0.2 & year_built >= 1918 & year == 2018, vce(cluster lam_seg)                                   
 19. 
.                 eststo D        
 20.                 
.                 * height
.                 test height 1.mf_allowed#c.height
 21.                 
.                 * mf_allowed
.                 test 1.mf_allowed 1.mf_allowed#c.height
 22.         
.         sum fam23_1 if mf_he == 1 & year==2018 & year_built>=1918 & (dist_both<=0.02 & dist_both>0) & res_typex!="Condominiums"
 23.         sum fam23_1 if mf_he == 1 & year==2018 & year_built>=1918 & (dist_both<=0 & dist_both>-0.02) & res_typex!="Condominiums"                
 24.         sum height if mf_he == 1 & year==2018 & year_built>=1918 & (dist_both<=0.02 & dist_both>0) & res_typex!="Condominiums"
 25.         sum height if mf_he == 1 & year==2018 & year_built>=1918 & (dist_both<=0 & dist_both>-0.02) & res_typex!="Condominiums"         
 26. 
.         * E: mf_du
.         quietly reg fam23_1 i.mf_allowed##c.dupac i.lam_seg `distance_varlist`i'' ///
>                 if mf_du == 1 & dist <= 0.2 & year_built >= 1918 & year == 2018, vce(cluster lam_seg)
 27.                 
.                 eststo E
 28.         
.         sum fam23_1 if mf_du == 1 & year==2018 & year_built>=1918 & (dist_both<=0.02 & dist_both>0) & res_typex!="Condominiums"
 29.         sum fam23_1 if mf_du == 1 & year==2018 & year_built>=1918 & (dist_both<=0 & dist_both>-0.02) & res_typex!="Condominiums"        
 30.         sum dupac if mf_du == 1 & year==2018 & year_built>=1918 & (dist_both<=0.02 & dist_both>0) & res_typex!="Condominiums"
 31.         sum dupac if mf_du == 1 & year==2018 & year_built>=1918 & (dist_both<=0 & dist_both>-0.02) & res_typex!="Condominiums"  
 32. 
.         * F: mf du, relaxed 2
.         quietly reg fam23_1 i.mf_allowed##c.dupac i.lam_seg `distance_varlist`i'' ///
>                 if mf_du == 1 & dist <= 0.2 & year_built >= 1918 & year == 2018, vce(cluster lam_seg)
 33. 
.                 eststo F
 34. 
.                 * dupac
.                 test dupac 1.mf_allowed#c.dupac
 35.                 
.                 * mf_allowed
.                 test 1.mf_allowed 1.mf_allowed#c.dupac
 36.                 
.         sum fam23_1 if mf_du == 1 & year==2018 & year_built>=1918 & (dist_both<=0.02 & dist_both>0) & res_typex!="Condominiums"
 37.         sum fam23_1 if mf_du == 1 & year==2018 & year_built>=1918 & (dist_both<=0 & dist_both>-0.02) & res_typex!="Condominiums"                        
 38.         sum dupac if mf_du == 1 & year==2018 & year_built>=1918 & (dist_both<=0.02 & dist_both>0) & res_typex!="Condominiums"
 39.         sum dupac if mf_du == 1 & year==2018 & year_built>=1918 & (dist_both<=0 & dist_both>-0.02) & res_typex!="Condominiums"                  
 40. 
.         * G: du_he
.         quietly reg fam23_1 c.height##c.dupac i.lam_seg `distance_varlist`i'' ///
>                 if du_he == 1 & dist <= 0.2 & year_built >= 1918 & year == 2018, vce(cluster lam_seg)
 41. 
.                 eststo G        
 42. 
.                 * dupac 
.                 test dupac c.height#c.dupac
 43.                 
.                 * height
.                 test height c.height#c.dupac
 44.                 
.         sum fam23_1 if du_he == 1 & year==2018 & year_built>=1918 & (dist_both<=0.02 & dist_both>0) & res_typex!="Condominiums"
 45.         sum fam23_1 if du_he == 1 & year==2018 & year_built>=1918 & (dist_both<=0 & dist_both>-0.02) & res_typex!="Condominiums"                
 46.         sum height if du_he == 1 & year==2018 & year_built>=1918 & (dist_both<=0.02 & dist_both>0) & res_typex!="Condominiums"
 47.         sum height if du_he == 1 & year==2018 & year_built>=1918 & (dist_both<=0 & dist_both>-0.02) & res_typex!="Condominiums"         
 48.         sum dupac if du_he == 1 & year==2018 & year_built>=1918 & (dist_both<=0.02 & dist_both>0) & res_typex!="Condominiums"
 49.         sum dupac if du_he == 1 & year==2018 & year_built>=1918 & (dist_both<=0 & dist_both>-0.02) & res_typex!="Condominiums"          
 50. 
.         * H: all (mf du he)
.         quietly reg fam23_1 i.mf_allowed##c.height##c.dupac i.lam_seg `distance_varlist`i'' ///
>                 if mf_he_du == 1 & dist <= 0.2 & year_built >= 1918 & year == 2018, vce(cluster lam_seg) 
 51.                 
.                 eststo H
 52.                 
.                 test 1.mf_allowed height dupac
 53.                 test 1.mf_allowed height 
 54.                 test 1.mf_allowed dupac
 55.                 test height dupac       
 56.                 
.                 * dupac
.                 test dupac c.height#c.dupac 1.mf_allowed#c.dupac 1.mf_allowed#c.height#c.dupac
 57. 
.                 * height
.                 test height c.height#c.dupac 1.mf_allowed#c.height 1.mf_allowed#c.height#c.dupac
 58.                 
.                 * mf allowed
.                 test 1.mf_allowed 1.mf_allowed#c.dupac 1.mf_allowed#c.height 1.mf_allowed#c.height#c.dupac
 59.         
.         sum fam23_1 if mf_he_du == 1 & year==2018 & year_built>=1918 & (dist_both<=0.02 & dist_both>0) & res_typex!="Condominiums"
 60.         sum fam23_1 if mf_he_du == 1 & year==2018 & year_built>=1918 & (dist_both<=0 & dist_both>-0.02) & res_typex!="Condominiums"     
 61. 
.         * combine results
.         esttab A B C D E F G H, se r2 nobase indicate("Boundary f.e.=*lam_seg") ///
>                 label mtitles("only_mf" "only_he" "only_du" "mf_he" "mf_du" "du_he" "All") ///
>                 title("Part 6a: gentle density baseline after 1918 @ .20 miles (distance polynomial trends degree `i')") 
 62.                 
.         eststo clear 
 63. }

    Variable |        Obs        Mean    Std. dev.       Min        Max
-------------+---------------------------------------------------------
     fam23_1 |        218    .4633028    .4997991          0          1

    Variable |        Obs        Mean    Std. dev.       Min        Max
-------------+---------------------------------------------------------
     fam23_1 |        235    .0808511    .2731881          0          1

    Variable |        Obs        Mean    Std. dev.       Min        Max
-------------+---------------------------------------------------------
     fam23_1 |        181    .0276243    .1643485          0          1

    Variable |        Obs        Mean    Std. dev.       Min        Max
-------------+---------------------------------------------------------
     fam23_1 |        135    .1037037    .3060113          0          1

    Variable |        Obs        Mean    Std. dev.       Min        Max
-------------+---------------------------------------------------------
      height |        190    3.647368    .5836107        3.5        6.5

    Variable |        Obs        Mean    Std. dev.       Min        Max
-------------+---------------------------------------------------------
      height |        143    2.993007    .5903747          0        5.5

    Variable |        Obs        Mean    Std. dev.       Min        Max
-------------+---------------------------------------------------------
     fam23_1 |      3,211    .0769231    .2665109          0          1

    Variable |        Obs        Mean    Std. dev.       Min        Max
-------------+---------------------------------------------------------
     fam23_1 |      2,355    .0963907    .2951889          0          1

    Variable |        Obs        Mean    Std. dev.       Min        Max
-------------+---------------------------------------------------------
       dupac |      3,306    9.778584    12.80195          2         88

    Variable |        Obs        Mean    Std. dev.       Min        Max
-------------+---------------------------------------------------------
       dupac |      2,412    5.626451    7.727214          0        131

 ( 1)  height = 0
 ( 2)  1.mf_allowed#c.height = 0

       F(  2,    27) =    0.31
            Prob > F =    0.7355

 ( 1)  1.mf_allowed = 0
 ( 2)  1.mf_allowed#c.height = 0

       F(  2,    27) =    4.26
            Prob > F =    0.0247

    Variable |        Obs        Mean    Std. dev.       Min        Max
-------------+---------------------------------------------------------
     fam23_1 |         80       .1625    .3712364          0          1

    Variable |        Obs        Mean    Std. dev.       Min        Max
-------------+---------------------------------------------------------
     fam23_1 |         84    .0238095     .153371          0          1

    Variable |        Obs        Mean    Std. dev.       Min        Max
-------------+---------------------------------------------------------
      height |         82    4.007317    1.231057          0        6.5

    Variable |        Obs        Mean    Std. dev.       Min        Max
-------------+---------------------------------------------------------
      height |         87    3.545977    .2486263          3          4

    Variable |        Obs        Mean    Std. dev.       Min        Max
-------------+---------------------------------------------------------
     fam23_1 |      1,168    .2902397    .4540673          0          1

    Variable |        Obs        Mean    Std. dev.       Min        Max
-------------+---------------------------------------------------------
     fam23_1 |      1,198    .1210351    .3263042          0          1

    Variable |        Obs        Mean    Std. dev.       Min        Max
-------------+---------------------------------------------------------
       dupac |      1,197    10.44779    8.113121          0         49

    Variable |        Obs        Mean    Std. dev.       Min        Max
-------------+---------------------------------------------------------
       dupac |      1,225    11.16571    10.13469          0         44

 ( 1)  dupac = 0
 ( 2)  1.mf_allowed#c.dupac = 0

       F(  2,   386) =   19.03
            Prob > F =    0.0000

 ( 1)  1.mf_allowed = 0
 ( 2)  1.mf_allowed#c.dupac = 0

       F(  2,   386) =   30.43
            Prob > F =    0.0000

    Variable |        Obs        Mean    Std. dev.       Min        Max
-------------+---------------------------------------------------------
     fam23_1 |      1,168    .2902397    .4540673          0          1

    Variable |        Obs        Mean    Std. dev.       Min        Max
-------------+---------------------------------------------------------
     fam23_1 |      1,198    .1210351    .3263042          0          1

    Variable |        Obs        Mean    Std. dev.       Min        Max
-------------+---------------------------------------------------------
       dupac |      1,197    10.44779    8.113121          0         49

    Variable |        Obs        Mean    Std. dev.       Min        Max
-------------+---------------------------------------------------------
       dupac |      1,225    11.16571    10.13469          0         44

 ( 1)  dupac = 0
 ( 2)  c.height#c.dupac = 0

       F(  2,   167) =    2.82
            Prob > F =    0.0623

 ( 1)  height = 0
 ( 2)  c.height#c.dupac = 0

       F(  2,   167) =    2.72
            Prob > F =    0.0690

    Variable |        Obs        Mean    Std. dev.       Min        Max
-------------+---------------------------------------------------------
     fam23_1 |        199    .3065327    .4622164          0          1

    Variable |        Obs        Mean    Std. dev.       Min        Max
-------------+---------------------------------------------------------
     fam23_1 |        224    .3928571    .4894793          0          1

    Variable |        Obs        Mean    Std. dev.       Min        Max
-------------+---------------------------------------------------------
      height |        239    5.415481    2.633872          3         14

    Variable |        Obs        Mean    Std. dev.       Min        Max
-------------+---------------------------------------------------------
      height |        255    3.226667    .8358094          0          4

    Variable |        Obs        Mean    Std. dev.       Min        Max
-------------+---------------------------------------------------------
       dupac |        239    44.57322     40.6876          0        145

    Variable |        Obs        Mean    Std. dev.       Min        Max
-------------+---------------------------------------------------------
       dupac |        255    17.90196    13.68207          0         66

 ( 1)  1.mf_allowed = 0
 ( 2)  height = 0
 ( 3)  dupac = 0

       F(  3,   151) =   12.17
            Prob > F =    0.0000

 ( 1)  1.mf_allowed = 0
 ( 2)  height = 0

       F(  2,   151) =    7.37
            Prob > F =    0.0009

 ( 1)  1.mf_allowed = 0
 ( 2)  dupac = 0

       F(  2,   151) =    1.13
            Prob > F =    0.3246

 ( 1)  height = 0
 ( 2)  dupac = 0

       F(  2,   151) =   16.87
            Prob > F =    0.0000

 ( 1)  dupac = 0
 ( 2)  c.height#c.dupac = 0
 ( 3)  1.mf_allowed#c.dupac = 0
 ( 4)  1.mf_allowed#c.height#c.dupac = 0

       F(  4,   151) =    4.33
            Prob > F =    0.0024

 ( 1)  height = 0
 ( 2)  c.height#c.dupac = 0
 ( 3)  1.mf_allowed#c.height = 0
 ( 4)  1.mf_allowed#c.height#c.dupac = 0

       F(  4,   151) =    8.63
            Prob > F =    0.0000

 ( 1)  1.mf_allowed = 0
 ( 2)  1.mf_allowed#c.dupac = 0
 ( 3)  1.mf_allowed#c.height = 0
 ( 4)  1.mf_allowed#c.height#c.dupac = 0

       F(  4,   151) =    7.25
            Prob > F =    0.0000

    Variable |        Obs        Mean    Std. dev.       Min        Max
-------------+---------------------------------------------------------
     fam23_1 |        291    .3986254    .4904588          0          1

    Variable |        Obs        Mean    Std. dev.       Min        Max
-------------+---------------------------------------------------------
     fam23_1 |        355    .3239437    .4686393          0          1

Part 6a: gentle density baseline after 1918 @ .20 miles (distance polynomial trends degree 1)
----------------------------------------------------------------------------------------------------------------------------------------------------
                              (1)             (2)             (3)             (4)             (5)             (6)             (7)             (8)   
                          only_mf         only_he         only_du           mf_he           mf_du           du_he             All               H   
----------------------------------------------------------------------------------------------------------------------------------------------------
mf_allowed=1                0.478***                                       -0.214         0.00508         0.00508                         0.00451   
                         (0.0980)                                         (0.757)        (0.0249)        (0.0249)                         (0.678)   

r_dist_relax               -1.024*         -0.128          0.0565           0.519          0.0152          0.0152          -0.881           0.511   
                          (0.483)        (0.0854)        (0.0301)         (0.428)         (0.182)         (0.182)         (0.643)         (0.870)   

r_dist_strict              -0.840          -0.460          0.0832*          0.168           0.108           0.108           0.439           0.181   
                          (0.612)         (0.980)        (0.0338)         (0.551)         (0.134)         (0.134)         (0.442)         (0.238)   

height                                     0.0246                         -0.0873                                         -0.0291          -0.373** 
                                         (0.0249)                         (0.197)                                        (0.0253)         (0.142)   

dupac                                                     0.00102                        -0.00362        -0.00362         -0.0102*        -0.0139   
                                                       (0.000821)                       (0.00386)       (0.00386)       (0.00506)        (0.0139)   

mf_allowed=1 # hei~t                                                        0.119                                                           0.160   
                                                                          (0.209)                                                         (0.164)   

mf_allowed=1 # dupac                                                                       0.0155***       0.0155***                       0.0313   
                                                                                        (0.00258)       (0.00258)                        (0.0321)   

height # dupac                                                                                                           0.000961*         0.0113*  
                                                                                                                       (0.000415)       (0.00493)   

mf_allowed=1 # hei~c                                                                                                                      -0.0139   
                                                                                                                                        (0.00823)   

Constant                   -0.209**        -0.147         0.00571           0.277         -0.0311         -0.0311          0.0656           0.791   
                         (0.0683)         (0.150)       (0.00323)         (0.581)        (0.0217)        (0.0217)        (0.0662)         (0.530)   

Boundary f.e.                 Yes             Yes             Yes             Yes             Yes             Yes             Yes             Yes   
----------------------------------------------------------------------------------------------------------------------------------------------------
Observations                 1495            1760           33071             485           11264           11264            1587            2538   
R-squared                   0.539           0.381           0.435           0.284           0.389           0.389           0.454           0.446   
----------------------------------------------------------------------------------------------------------------------------------------------------
Standard errors in parentheses
* p<0.05, ** p<0.01, *** p<0.001

    Variable |        Obs        Mean    Std. dev.       Min        Max
-------------+---------------------------------------------------------
     fam23_1 |        218    .4633028    .4997991          0          1

    Variable |        Obs        Mean    Std. dev.       Min        Max
-------------+---------------------------------------------------------
     fam23_1 |        235    .0808511    .2731881          0          1

    Variable |        Obs        Mean    Std. dev.       Min        Max
-------------+---------------------------------------------------------
     fam23_1 |        181    .0276243    .1643485          0          1

    Variable |        Obs        Mean    Std. dev.       Min        Max
-------------+---------------------------------------------------------
     fam23_1 |        135    .1037037    .3060113          0          1

    Variable |        Obs        Mean    Std. dev.       Min        Max
-------------+---------------------------------------------------------
      height |        190    3.647368    .5836107        3.5        6.5

    Variable |        Obs        Mean    Std. dev.       Min        Max
-------------+---------------------------------------------------------
      height |        143    2.993007    .5903747          0        5.5

    Variable |        Obs        Mean    Std. dev.       Min        Max
-------------+---------------------------------------------------------
     fam23_1 |      3,211    .0769231    .2665109          0          1

    Variable |        Obs        Mean    Std. dev.       Min        Max
-------------+---------------------------------------------------------
     fam23_1 |      2,355    .0963907    .2951889          0          1

    Variable |        Obs        Mean    Std. dev.       Min        Max
-------------+---------------------------------------------------------
       dupac |      3,306    9.778584    12.80195          2         88

    Variable |        Obs        Mean    Std. dev.       Min        Max
-------------+---------------------------------------------------------
       dupac |      2,412    5.626451    7.727214          0        131

 ( 1)  height = 0
 ( 2)  1.mf_allowed#c.height = 0

       F(  2,    27) =    0.48
            Prob > F =    0.6218

 ( 1)  1.mf_allowed = 0
 ( 2)  1.mf_allowed#c.height = 0

       F(  2,    27) =    1.13
            Prob > F =    0.3372

    Variable |        Obs        Mean    Std. dev.       Min        Max
-------------+---------------------------------------------------------
     fam23_1 |         80       .1625    .3712364          0          1

    Variable |        Obs        Mean    Std. dev.       Min        Max
-------------+---------------------------------------------------------
     fam23_1 |         84    .0238095     .153371          0          1

    Variable |        Obs        Mean    Std. dev.       Min        Max
-------------+---------------------------------------------------------
      height |         82    4.007317    1.231057          0        6.5

    Variable |        Obs        Mean    Std. dev.       Min        Max
-------------+---------------------------------------------------------
      height |         87    3.545977    .2486263          3          4

    Variable |        Obs        Mean    Std. dev.       Min        Max
-------------+---------------------------------------------------------
     fam23_1 |      1,168    .2902397    .4540673          0          1

    Variable |        Obs        Mean    Std. dev.       Min        Max
-------------+---------------------------------------------------------
     fam23_1 |      1,198    .1210351    .3263042          0          1

    Variable |        Obs        Mean    Std. dev.       Min        Max
-------------+---------------------------------------------------------
       dupac |      1,197    10.44779    8.113121          0         49

    Variable |        Obs        Mean    Std. dev.       Min        Max
-------------+---------------------------------------------------------
       dupac |      1,225    11.16571    10.13469          0         44

 ( 1)  dupac = 0
 ( 2)  1.mf_allowed#c.dupac = 0

       F(  2,   386) =   19.00
            Prob > F =    0.0000

 ( 1)  1.mf_allowed = 0
 ( 2)  1.mf_allowed#c.dupac = 0

       F(  2,   386) =   27.47
            Prob > F =    0.0000

    Variable |        Obs        Mean    Std. dev.       Min        Max
-------------+---------------------------------------------------------
     fam23_1 |      1,168    .2902397    .4540673          0          1

    Variable |        Obs        Mean    Std. dev.       Min        Max
-------------+---------------------------------------------------------
     fam23_1 |      1,198    .1210351    .3263042          0          1

    Variable |        Obs        Mean    Std. dev.       Min        Max
-------------+---------------------------------------------------------
       dupac |      1,197    10.44779    8.113121          0         49

    Variable |        Obs        Mean    Std. dev.       Min        Max
-------------+---------------------------------------------------------
       dupac |      1,225    11.16571    10.13469          0         44

 ( 1)  dupac = 0
 ( 2)  c.height#c.dupac = 0

       F(  2,   167) =    4.67
            Prob > F =    0.0106

 ( 1)  height = 0
 ( 2)  c.height#c.dupac = 0

       F(  2,   167) =    4.27
            Prob > F =    0.0155

    Variable |        Obs        Mean    Std. dev.       Min        Max
-------------+---------------------------------------------------------
     fam23_1 |        199    .3065327    .4622164          0          1

    Variable |        Obs        Mean    Std. dev.       Min        Max
-------------+---------------------------------------------------------
     fam23_1 |        224    .3928571    .4894793          0          1

    Variable |        Obs        Mean    Std. dev.       Min        Max
-------------+---------------------------------------------------------
      height |        239    5.415481    2.633872          3         14

    Variable |        Obs        Mean    Std. dev.       Min        Max
-------------+---------------------------------------------------------
      height |        255    3.226667    .8358094          0          4

    Variable |        Obs        Mean    Std. dev.       Min        Max
-------------+---------------------------------------------------------
       dupac |        239    44.57322     40.6876          0        145

    Variable |        Obs        Mean    Std. dev.       Min        Max
-------------+---------------------------------------------------------
       dupac |        255    17.90196    13.68207          0         66

 ( 1)  1.mf_allowed = 0
 ( 2)  height = 0
 ( 3)  dupac = 0

       F(  3,   151) =   12.51
            Prob > F =    0.0000

 ( 1)  1.mf_allowed = 0
 ( 2)  height = 0

       F(  2,   151) =    8.09
            Prob > F =    0.0005

 ( 1)  1.mf_allowed = 0
 ( 2)  dupac = 0

       F(  2,   151) =    1.15
            Prob > F =    0.3205

 ( 1)  height = 0
 ( 2)  dupac = 0

       F(  2,   151) =   16.58
            Prob > F =    0.0000

 ( 1)  dupac = 0
 ( 2)  c.height#c.dupac = 0
 ( 3)  1.mf_allowed#c.dupac = 0
 ( 4)  1.mf_allowed#c.height#c.dupac = 0

       F(  4,   151) =    4.76
            Prob > F =    0.0012

 ( 1)  height = 0
 ( 2)  c.height#c.dupac = 0
 ( 3)  1.mf_allowed#c.height = 0
 ( 4)  1.mf_allowed#c.height#c.dupac = 0

       F(  4,   151) =    7.74
            Prob > F =    0.0000

 ( 1)  1.mf_allowed = 0
 ( 2)  1.mf_allowed#c.dupac = 0
 ( 3)  1.mf_allowed#c.height = 0
 ( 4)  1.mf_allowed#c.height#c.dupac = 0

       F(  4,   151) =    7.91
            Prob > F =    0.0000

    Variable |        Obs        Mean    Std. dev.       Min        Max
-------------+---------------------------------------------------------
     fam23_1 |        291    .3986254    .4904588          0          1

    Variable |        Obs        Mean    Std. dev.       Min        Max
-------------+---------------------------------------------------------
     fam23_1 |        355    .3239437    .4686393          0          1

Part 6a: gentle density baseline after 1918 @ .20 miles (distance polynomial trends degree 2)
----------------------------------------------------------------------------------------------------------------------------------------------------
                              (1)             (2)             (3)             (4)             (5)             (6)             (7)             (8)   
                          only_mf         only_he         only_du           mf_he           mf_du           du_he             All               H   
----------------------------------------------------------------------------------------------------------------------------------------------------
mf_allowed=1                0.455***                                       -0.357        0.000835        0.000835                         -0.0324   
                          (0.102)                                         (0.752)        (0.0286)        (0.0286)                         (0.662)   

r_dist_relax                1.157      -0.0000297        -0.00334           5.890          0.0514          0.0514           1.592           2.529   
                          (2.283)         (0.360)        (0.0992)         (3.163)         (0.532)         (0.532)         (1.556)         (2.496)   

r_dist_strict              -1.849          -1.110           0.349*         -0.987           0.245           0.245           1.963          -1.066   
                          (1.654)         (1.591)         (0.154)         (1.381)         (0.355)         (0.355)         (1.027)         (1.036)   

r_dist_relax2              -14.07          -0.604           0.226          -30.93          -0.217          -0.217          -20.12          -12.80   
                          (12.77)         (1.562)         (0.454)         (17.34)         (2.750)         (2.750)         (11.60)         (16.55)   

r_dist_strict2             -6.385          -6.790           1.614*         -7.816           0.772           0.772           8.498          -6.812   
                          (8.106)         (8.985)         (0.776)         (11.22)         (1.656)         (1.656)         (4.341)         (4.902)   

height                                     0.0283                         -0.0933                                         -0.0628*         -0.372** 
                                         (0.0261)                         (0.200)                                        (0.0291)         (0.138)   

dupac                                                    0.000813                        -0.00359        -0.00359         -0.0123*        -0.0137   
                                                       (0.000821)                       (0.00386)       (0.00386)       (0.00522)        (0.0133)   

mf_allowed=1 # hei~t                                                        0.136                                                           0.166   
                                                                          (0.211)                                                         (0.161)   

mf_allowed=1 # dupac                                                                       0.0155***       0.0155***                       0.0333   
                                                                                        (0.00259)       (0.00259)                        (0.0319)   

height # dupac                                                                                                            0.00125**        0.0110*  
                                                                                                                       (0.000435)       (0.00466)   

mf_allowed=1 # hei~c                                                                                                                      -0.0141   
                                                                                                                                        (0.00821)   

Constant                   -0.236**        -0.170          0.0145*          0.266         -0.0275         -0.0275           0.103           0.739   
                         (0.0866)         (0.157)       (0.00686)         (0.598)        (0.0232)        (0.0232)        (0.0723)         (0.501)   

Boundary f.e.                 Yes             Yes             Yes             Yes             Yes             Yes             Yes             Yes   
----------------------------------------------------------------------------------------------------------------------------------------------------
Observations                 1495            1760           33071             485           11264           11264            1587            2538   
R-squared                   0.542           0.382           0.435           0.316           0.389           0.389           0.457           0.448   
----------------------------------------------------------------------------------------------------------------------------------------------------
Standard errors in parentheses
* p<0.05, ** p<0.01, *** p<0.001

    Variable |        Obs        Mean    Std. dev.       Min        Max
-------------+---------------------------------------------------------
     fam23_1 |        218    .4633028    .4997991          0          1

    Variable |        Obs        Mean    Std. dev.       Min        Max
-------------+---------------------------------------------------------
     fam23_1 |        235    .0808511    .2731881          0          1

    Variable |        Obs        Mean    Std. dev.       Min        Max
-------------+---------------------------------------------------------
     fam23_1 |        181    .0276243    .1643485          0          1

    Variable |        Obs        Mean    Std. dev.       Min        Max
-------------+---------------------------------------------------------
     fam23_1 |        135    .1037037    .3060113          0          1

    Variable |        Obs        Mean    Std. dev.       Min        Max
-------------+---------------------------------------------------------
      height |        190    3.647368    .5836107        3.5        6.5

    Variable |        Obs        Mean    Std. dev.       Min        Max
-------------+---------------------------------------------------------
      height |        143    2.993007    .5903747          0        5.5

    Variable |        Obs        Mean    Std. dev.       Min        Max
-------------+---------------------------------------------------------
     fam23_1 |      3,211    .0769231    .2665109          0          1

    Variable |        Obs        Mean    Std. dev.       Min        Max
-------------+---------------------------------------------------------
     fam23_1 |      2,355    .0963907    .2951889          0          1

    Variable |        Obs        Mean    Std. dev.       Min        Max
-------------+---------------------------------------------------------
       dupac |      3,306    9.778584    12.80195          2         88

    Variable |        Obs        Mean    Std. dev.       Min        Max
-------------+---------------------------------------------------------
       dupac |      2,412    5.626451    7.727214          0        131

 ( 1)  height = 0
 ( 2)  1.mf_allowed#c.height = 0

       F(  2,    27) =    0.61
            Prob > F =    0.5483

 ( 1)  1.mf_allowed = 0
 ( 2)  1.mf_allowed#c.height = 0

       F(  2,    27) =    1.43
            Prob > F =    0.2573

    Variable |        Obs        Mean    Std. dev.       Min        Max
-------------+---------------------------------------------------------
     fam23_1 |         80       .1625    .3712364          0          1

    Variable |        Obs        Mean    Std. dev.       Min        Max
-------------+---------------------------------------------------------
     fam23_1 |         84    .0238095     .153371          0          1

    Variable |        Obs        Mean    Std. dev.       Min        Max
-------------+---------------------------------------------------------
      height |         82    4.007317    1.231057          0        6.5

    Variable |        Obs        Mean    Std. dev.       Min        Max
-------------+---------------------------------------------------------
      height |         87    3.545977    .2486263          3          4

    Variable |        Obs        Mean    Std. dev.       Min        Max
-------------+---------------------------------------------------------
     fam23_1 |      1,168    .2902397    .4540673          0          1

    Variable |        Obs        Mean    Std. dev.       Min        Max
-------------+---------------------------------------------------------
     fam23_1 |      1,198    .1210351    .3263042          0          1

    Variable |        Obs        Mean    Std. dev.       Min        Max
-------------+---------------------------------------------------------
       dupac |      1,197    10.44779    8.113121          0         49

    Variable |        Obs        Mean    Std. dev.       Min        Max
-------------+---------------------------------------------------------
       dupac |      1,225    11.16571    10.13469          0         44

 ( 1)  dupac = 0
 ( 2)  1.mf_allowed#c.dupac = 0

       F(  2,   386) =   18.92
            Prob > F =    0.0000

 ( 1)  1.mf_allowed = 0
 ( 2)  1.mf_allowed#c.dupac = 0

       F(  2,   386) =   22.18
            Prob > F =    0.0000

    Variable |        Obs        Mean    Std. dev.       Min        Max
-------------+---------------------------------------------------------
     fam23_1 |      1,168    .2902397    .4540673          0          1

    Variable |        Obs        Mean    Std. dev.       Min        Max
-------------+---------------------------------------------------------
     fam23_1 |      1,198    .1210351    .3263042          0          1

    Variable |        Obs        Mean    Std. dev.       Min        Max
-------------+---------------------------------------------------------
       dupac |      1,197    10.44779    8.113121          0         49

    Variable |        Obs        Mean    Std. dev.       Min        Max
-------------+---------------------------------------------------------
       dupac |      1,225    11.16571    10.13469          0         44

 ( 1)  dupac = 0
 ( 2)  c.height#c.dupac = 0

       F(  2,   167) =    3.28
            Prob > F =    0.0402

 ( 1)  height = 0
 ( 2)  c.height#c.dupac = 0

       F(  2,   167) =    3.11
            Prob > F =    0.0472

    Variable |        Obs        Mean    Std. dev.       Min        Max
-------------+---------------------------------------------------------
     fam23_1 |        199    .3065327    .4622164          0          1

    Variable |        Obs        Mean    Std. dev.       Min        Max
-------------+---------------------------------------------------------
     fam23_1 |        224    .3928571    .4894793          0          1

    Variable |        Obs        Mean    Std. dev.       Min        Max
-------------+---------------------------------------------------------
      height |        239    5.415481    2.633872          3         14

    Variable |        Obs        Mean    Std. dev.       Min        Max
-------------+---------------------------------------------------------
      height |        255    3.226667    .8358094          0          4

    Variable |        Obs        Mean    Std. dev.       Min        Max
-------------+---------------------------------------------------------
       dupac |        239    44.57322     40.6876          0        145

    Variable |        Obs        Mean    Std. dev.       Min        Max
-------------+---------------------------------------------------------
       dupac |        255    17.90196    13.68207          0         66

 ( 1)  1.mf_allowed = 0
 ( 2)  height = 0
 ( 3)  dupac = 0

       F(  3,   151) =   13.16
            Prob > F =    0.0000

 ( 1)  1.mf_allowed = 0
 ( 2)  height = 0

       F(  2,   151) =    9.54
            Prob > F =    0.0001

 ( 1)  1.mf_allowed = 0
 ( 2)  dupac = 0

       F(  2,   151) =    1.59
            Prob > F =    0.2079

 ( 1)  height = 0
 ( 2)  dupac = 0

       F(  2,   151) =   15.90
            Prob > F =    0.0000

 ( 1)  dupac = 0
 ( 2)  c.height#c.dupac = 0
 ( 3)  1.mf_allowed#c.dupac = 0
 ( 4)  1.mf_allowed#c.height#c.dupac = 0

       F(  4,   151) =    7.33
            Prob > F =    0.0000

 ( 1)  height = 0
 ( 2)  c.height#c.dupac = 0
 ( 3)  1.mf_allowed#c.height = 0
 ( 4)  1.mf_allowed#c.height#c.dupac = 0

       F(  4,   151) =    7.46
            Prob > F =    0.0000

 ( 1)  1.mf_allowed = 0
 ( 2)  1.mf_allowed#c.dupac = 0
 ( 3)  1.mf_allowed#c.height = 0
 ( 4)  1.mf_allowed#c.height#c.dupac = 0

       F(  4,   151) =   10.19
            Prob > F =    0.0000

    Variable |        Obs        Mean    Std. dev.       Min        Max
-------------+---------------------------------------------------------
     fam23_1 |        291    .3986254    .4904588          0          1

    Variable |        Obs        Mean    Std. dev.       Min        Max
-------------+---------------------------------------------------------
     fam23_1 |        355    .3239437    .4686393          0          1

Part 6a: gentle density baseline after 1918 @ .20 miles (distance polynomial trends degree 3)
----------------------------------------------------------------------------------------------------------------------------------------------------
                              (1)             (2)             (3)             (4)             (5)             (6)             (7)             (8)   
                          only_mf         only_he         only_du           mf_he           mf_du           du_he             All               H   
----------------------------------------------------------------------------------------------------------------------------------------------------
mf_allowed=1                0.413***                                       -0.319         -0.0286         -0.0286                           0.169   
                          (0.120)                                         (0.673)        (0.0311)        (0.0311)                         (0.673)   

r_dist_relax                3.041           0.917          -0.177          -0.636           1.701           1.701           0.534          -1.750   
                          (3.494)         (0.974)         (0.214)         (6.939)         (1.011)         (1.011)         (3.174)         (4.812)   

r_dist_strict             -0.0407          -3.304           0.728*          0.285           0.865           0.865          -0.289          -4.236   
                          (2.881)         (2.648)         (0.301)         (2.564)         (0.771)         (0.771)         (1.948)         (2.712)   

r_dist_relax2              -43.62          -12.49           2.306           61.09          -24.41          -24.41           0.766           56.68   
                          (38.98)         (11.41)         (2.677)         (81.91)         (13.43)         (13.43)         (49.03)         (60.01)   

r_dist_strict2              21.55          -55.99           7.235*          9.943           9.936           9.936          -23.15          -52.35   
                          (29.98)         (50.38)         (3.431)         (41.83)         (8.877)         (8.877)         (25.65)         (30.54)   

r_dist_relax3               116.7           40.80          -6.857          -323.7           89.88           89.88          -96.37          -275.5   
                          (130.3)         (37.02)         (9.165)         (255.3)         (49.33)         (49.33)         (205.0)         (221.1)   

r_dist_strict3              104.8          -234.2           20.53           65.31           33.70           33.70          -111.8          -165.6   
                          (91.08)         (220.5)         (11.02)         (182.8)         (28.72)         (28.72)         (92.66)         (96.37)   

height                                     0.0273                         -0.0955                                         -0.0460          -0.358*  
                                         (0.0241)                         (0.179)                                        (0.0304)         (0.139)   

dupac                                                    0.000733                        -0.00352        -0.00352         -0.0111*        -0.0126   
                                                       (0.000831)                       (0.00385)       (0.00385)       (0.00520)        (0.0134)   

mf_allowed=1 # hei~t                                                        0.139                                                           0.147   
                                                                          (0.189)                                                         (0.163)   

mf_allowed=1 # dupac                                                                       0.0155***       0.0155***                       0.0303   
                                                                                        (0.00258)       (0.00258)                        (0.0312)   

height # dupac                                                                                                            0.00109*         0.0121** 
                                                                                                                       (0.000439)       (0.00457)   

mf_allowed=1 # hei~c                                                                                                                      -0.0151   
                                                                                                                                        (0.00799)   

Constant                   -0.222*         -0.167          0.0185*          0.286        -0.00403        -0.00403           0.100           0.647   
                         (0.0940)         (0.146)       (0.00788)         (0.537)        (0.0267)        (0.0267)        (0.0745)         (0.498)   

Boundary f.e.                 Yes             Yes             Yes             Yes             Yes             Yes             Yes             Yes   
----------------------------------------------------------------------------------------------------------------------------------------------------
Observations                 1495            1760           33071             485           11264           11264            1587            2538   
R-squared                   0.543           0.384           0.435           0.324           0.390           0.390           0.458           0.451   
----------------------------------------------------------------------------------------------------------------------------------------------------
Standard errors in parentheses
* p<0.05, ** p<0.01, *** p<0.001

. 
. ** 6b: gentle density baseline after 1956 @ .20 miles
. * loop over different degrees of distance polynomial trends
. forvalues i = 1(1)1 {  // <- nfc: fix that I am not sure will work
  2. 
.         * A: only_mf
.         quietly reg fam23_1 i.mf_allowed i.lam_seg `distance_varlist`i'' ///
>                 if only_mf == 1 & dist <= 0.2 & year_built >= 1956 & year == 2018, vce(cluster lam_seg) 
  3.                 
.                 eststo A
  4.         
.         sum fam23_1 if only_mf == 1 & year==2018 & year_built>=1956 & (dist_both<=0.02 & dist_both>0) & res_typex!="Condominiums"
  5.         sum fam23_1 if only_mf == 1 & year==2018 & year_built>=1956 & (dist_both<=0 & dist_both>-0.02) & res_typex!="Condominiums"      
  6. 
.         * B: only_he
.         quietly reg fam23_1 height i.lam_seg `distance_varlist`i'' ///
>                 if only_he == 1 & dist <= 0.2 & year_built >= 1956 & year == 2018, vce(cluster lam_seg) 
  7. 
.                 eststo B
  8.                 
.         sum fam23_1 if only_he == 1 & year==2018 & year_built>=1956 & (dist_both<=0.02 & dist_both>0) & res_typex!="Condominiums"
  9.         sum fam23_1 if only_he == 1 & year==2018 & year_built>=1956 & (dist_both<=0 & dist_both>-0.02) & res_typex!="Condominiums"                      
 10. 
.         * C: only_du
.         quietly reg fam23_1 dupac i.lam_seg `distance_varlist`i'' ///
>                 if only_du == 1 & dist <= 0.2 & year_built >= 1956 & year == 2018, vce(cluster lam_seg)                 
 11. 
.                 eststo C
 12.                 
.         sum fam23_1 if only_du == 1 & year==2018 & year_built>=1956 & (dist_both<=0.02 & dist_both>0) & res_typex!="Condominiums"
 13.         sum fam23_1 if only_du == 1 & year==2018 & year_built>=1956 & (dist_both<=0 & dist_both>-0.02) & res_typex!="Condominiums"                      
 14. 
.         * D: mf_he
.         quietly reg fam23_1 i.mf_allowed##c.height i.lam_seg `distance_varlist`i'' ///
>                 if mf_he == 1 & dist <= 0.2 & year_built >= 1956 & year == 2018, vce(cluster lam_seg)                                   
 15. 
.                 eststo D
 16.                 
.                 * height
.                 test height 1.mf_allowed#c.height
 17.                 
.                 * mf_allowed
.                 test 1.mf_allowed 1.mf_allowed#c.height
 18.                 
.         sum fam23_1 if mf_he == 1 & year==2018 & year_built>=1956 & (dist_both<=0.02 & dist_both>0) & res_typex!="Condominiums"
 19.         sum fam23_1 if mf_he == 1 & year==2018 & year_built>=1956 & (dist_both<=0 & dist_both>-0.02) & res_typex!="Condominiums"                        
 20. 
.         * E: mf_du
.         quietly reg fam23_1 i.mf_allowed##c.dupac i.lam_seg `distance_varlist`i'' ///
>                 if mf_du == 1 & dist <= 0.2 & year_built >= 1956 & year == 2018, vce(cluster lam_seg)
 21.                 
.                 eststo E
 22.                 
.         sum fam23_1 if mf_du == 1 & year==2018 & year_built>=1956 & (dist_both<=0.02 & dist_both>0) & res_typex!="Condominiums"
 23.         sum fam23_1 if mf_du == 1 & year==2018 & year_built>=1956 & (dist_both<=0 & dist_both>-0.02) & res_typex!="Condominiums"                        
 24. 
.         * F: mf du, relaxed 2
.         quietly reg fam23_1 i.mf_allowed##c.dupac i.lam_seg `distance_varlist`i'' ///
>                 if mf_du == 1 & dist <= 0.2 & year_built >= 1956 & year == 2018, vce(cluster lam_seg)
 25. 
.                 eststo F
 26. 
.                 * dupac
.                 test dupac 1.mf_allowed#c.dupac
 27.                 
.                 * mf_allowed
.                 test 1.mf_allowed 1.mf_allowed#c.dupac
 28.                 
.         sum fam23_1 if mf_du == 1 & year==2018 & year_built>=1956 & (dist_both<=0.02 & dist_both>0) & res_typex!="Condominiums"
 29.         sum fam23_1 if mf_du == 1 & year==2018 & year_built>=1956 & (dist_both<=0 & dist_both>-0.02) & res_typex!="Condominiums"                        
 30. 
.         * G: du_he
.         quietly reg fam23_1 c.height##c.dupac i.lam_seg `distance_varlist`i'' ///
>                 if du_he == 1 & dist <= 0.2 & year_built >= 1956 & year == 2018, vce(cluster lam_seg)
 31. 
.                 eststo G
 32. 
.                 * dupac 
.                 test dupac c.height#c.dupac
 33.                 
.                 * height
.                 test height c.height#c.dupac
 34.                 
.         sum fam23_1 if du_he == 1 & year==2018 & year_built>=1956 & (dist_both<=0.02 & dist_both>0) & res_typex!="Condominiums"
 35.         sum fam23_1 if du_he == 1 & year==2018 & year_built>=1956 & (dist_both<=0 & dist_both>-0.02) & res_typex!="Condominiums"                        
 36. 
.         * H: all (mf du he)
.         quietly reg fam23_1 i.mf_allowed##c.height##c.dupac i.lam_seg `distance_varlist`i'' ///
>                 if mf_he_du == 1 & dist <= 0.2 & year_built >= 1956 & year == 2018, vce(cluster lam_seg) 
 37.                 
.                 eststo H
 38.                 
.                 test 1.mf_allowed height dupac
 39.                 test 1.mf_allowed height 
 40.                 test 1.mf_allowed dupac
 41.                 test height dupac       
 42.                 
.                 * dupac
.                 test dupac c.height#c.dupac 1.mf_allowed#c.dupac 1.mf_allowed#c.height#c.dupac
 43. 
.                 * height
.                 test height c.height#c.dupac 1.mf_allowed#c.height 1.mf_allowed#c.height#c.dupac
 44.                 
.                 * mf allowed
.                 test 1.mf_allowed 1.mf_allowed#c.dupac 1.mf_allowed#c.height 1.mf_allowed#c.height#c.dupac
 45. 
.         sum fam23_1 if mf_he_du == 1 & year==2018 & year_built>=1956 & (dist_both<=0.02 & dist_both>0) & res_typex!="Condominiums"
 46.         sum fam23_1 if mf_he_du == 1 & year==2018 & year_built>=1956 & (dist_both<=0 & dist_both>-0.02) & res_typex!="Condominiums"     
 47.         
.         * combine results
.         esttab A B C D E F G H, se r2 nobase indicate("Boundary f.e.=*lam_seg") ///
>                 label mtitles("only_mf" "only_he" "only_du" "mf_he" "mf_du" "du_he" "All") ///
>                 title("Part 6b: gentle density baseline after 1956 @ .20 miles (distance polynomial trends degree `i')") 
 48.                 
.         eststo clear 
 49. }

    Variable |        Obs        Mean    Std. dev.       Min        Max
-------------+---------------------------------------------------------
     fam23_1 |         40        .425    .5006406          0          1

    Variable |        Obs        Mean    Std. dev.       Min        Max
-------------+---------------------------------------------------------
     fam23_1 |         86    .0348837    .1845614          0          1

    Variable |        Obs        Mean    Std. dev.       Min        Max
-------------+---------------------------------------------------------
     fam23_1 |         93    .0322581    .1776423          0          1

    Variable |        Obs        Mean    Std. dev.       Min        Max
-------------+---------------------------------------------------------
     fam23_1 |         73    .0684932    .2543383          0          1

    Variable |        Obs        Mean    Std. dev.       Min        Max
-------------+---------------------------------------------------------
     fam23_1 |      1,838    .0282916    .1658498          0          1

    Variable |        Obs        Mean    Std. dev.       Min        Max
-------------+---------------------------------------------------------
     fam23_1 |      1,432    .0370112    .1888551          0          1

 ( 1)  height = 0
 ( 2)  1.mf_allowed#c.height = 0

       F(  2,    22) =    1.91
            Prob > F =    0.1713

 ( 1)  1.mf_allowed = 0
 ( 2)  1.mf_allowed#c.height = 0

       F(  2,    22) =    3.03
            Prob > F =    0.0690

    Variable |        Obs        Mean    Std. dev.       Min        Max
-------------+---------------------------------------------------------
     fam23_1 |         32       .1875    .3965578          0          1

    Variable |        Obs        Mean    Std. dev.       Min        Max
-------------+---------------------------------------------------------
     fam23_1 |         41           0           0          0          0

    Variable |        Obs        Mean    Std. dev.       Min        Max
-------------+---------------------------------------------------------
     fam23_1 |        418    .0909091    .2878243          0          1

    Variable |        Obs        Mean    Std. dev.       Min        Max
-------------+---------------------------------------------------------
     fam23_1 |        565    .0530973    .2244263          0          1

 ( 1)  dupac = 0
 ( 2)  1.mf_allowed#c.dupac = 0

       F(  2,   303) =    5.44
            Prob > F =    0.0048

 ( 1)  1.mf_allowed = 0
 ( 2)  1.mf_allowed#c.dupac = 0

       F(  2,   303) =    8.02
            Prob > F =    0.0004

    Variable |        Obs        Mean    Std. dev.       Min        Max
-------------+---------------------------------------------------------
     fam23_1 |        418    .0909091    .2878243          0          1

    Variable |        Obs        Mean    Std. dev.       Min        Max
-------------+---------------------------------------------------------
     fam23_1 |        565    .0530973    .2244263          0          1

 ( 1)  dupac = 0
 ( 2)  c.height#c.dupac = 0

       F(  2,    97) =    4.79
            Prob > F =    0.0103

 ( 1)  height = 0
 ( 2)  c.height#c.dupac = 0

       F(  2,    97) =    3.99
            Prob > F =    0.0216

    Variable |        Obs        Mean    Std. dev.       Min        Max
-------------+---------------------------------------------------------
     fam23_1 |         73    .2465753    .4340002          0          1

    Variable |        Obs        Mean    Std. dev.       Min        Max
-------------+---------------------------------------------------------
     fam23_1 |         80         .25    .4357447          0          1

 ( 1)  1.mf_allowed = 0
 ( 2)  height = 0
 ( 3)  dupac = 0

       F(  3,   104) =    1.53
            Prob > F =    0.2122

 ( 1)  1.mf_allowed = 0
 ( 2)  height = 0

       F(  2,   104) =    0.03
            Prob > F =    0.9670

 ( 1)  1.mf_allowed = 0
 ( 2)  dupac = 0

       F(  2,   104) =    0.52
            Prob > F =    0.5958

 ( 1)  height = 0
 ( 2)  dupac = 0

       F(  2,   104) =    1.66
            Prob > F =    0.1948

 ( 1)  dupac = 0
 ( 2)  c.height#c.dupac = 0
 ( 3)  1.mf_allowed#c.dupac = 0
 ( 4)  1.mf_allowed#c.height#c.dupac = 0

       F(  4,   104) =    1.23
            Prob > F =    0.3019

 ( 1)  height = 0
 ( 2)  c.height#c.dupac = 0
 ( 3)  1.mf_allowed#c.height = 0
 ( 4)  1.mf_allowed#c.height#c.dupac = 0

       F(  4,   104) =    5.54
            Prob > F =    0.0004

 ( 1)  1.mf_allowed = 0
 ( 2)  1.mf_allowed#c.dupac = 0
 ( 3)  1.mf_allowed#c.height = 0
 ( 4)  1.mf_allowed#c.height#c.dupac = 0

       F(  4,   104) =    4.42
            Prob > F =    0.0024

    Variable |        Obs        Mean    Std. dev.       Min        Max
-------------+---------------------------------------------------------
     fam23_1 |         54    .1481481    .3585825          0          1

    Variable |        Obs        Mean    Std. dev.       Min        Max
-------------+---------------------------------------------------------
     fam23_1 |         70    .1857143    .3916837          0          1

Part 6b: gentle density baseline after 1956 @ .20 miles (distance polynomial trends degree 1)
----------------------------------------------------------------------------------------------------------------------------------------------------
                              (1)             (2)             (3)             (4)             (5)             (6)             (7)             (8)   
                          only_mf         only_he         only_du           mf_he           mf_du           du_he             All               H   
----------------------------------------------------------------------------------------------------------------------------------------------------
mf_allowed=1                0.264**                                        -1.575          0.0246          0.0246                          -0.186   
                         (0.0837)                                         (0.978)        (0.0265)        (0.0265)                         (0.806)   

r_dist_relax               -1.423**        -0.198*         0.0281          -0.712          -0.117          -0.117          -3.515*          1.532   
                          (0.487)        (0.0901)        (0.0228)         (0.568)         (0.202)         (0.202)         (1.553)         (1.423)   

r_dist_strict              -0.164          -0.436          0.0360          -1.099          0.0410          0.0410           0.399          -0.285   
                          (0.274)         (0.409)        (0.0246)         (0.938)         (0.100)         (0.100)         (0.373)         (0.367)   

height                                     0.0361*                         -0.688                                          0.0959         -0.0229   
                                         (0.0152)                         (0.357)                                        (0.0558)        (0.0956)   

dupac                                                     0.00141                         0.00955**       0.00955**      -0.00710         0.00529   
                                                       (0.000795)                       (0.00333)       (0.00333)       (0.00402)        (0.0108)   

mf_allowed=1 # hei~t                                                        0.587                                                          0.0644   
                                                                          (0.319)                                                         (0.171)   

mf_allowed=1 # dupac                                                                      0.00684*        0.00684*                         0.0335   
                                                                                        (0.00284)       (0.00284)                        (0.0343)   

height # dupac                                                                                                         -0.0000339        -0.00172   
                                                                                                                       (0.000525)       (0.00300)   

mf_allowed=1 # hei~c                                                                                                                     -0.00800   
                                                                                                                                        (0.00788)   

Constant                  -0.0723          -0.110*        0.00137           1.962         -0.0404         -0.0404          0.0597           0.102   
                         (0.0368)        (0.0480)       (0.00255)         (1.022)        (0.0236)        (0.0236)        (0.0558)         (0.349)   

Boundary f.e.                 Yes             Yes             Yes             Yes             Yes             Yes             Yes             Yes   
----------------------------------------------------------------------------------------------------------------------------------------------------
Observations                  482            1029           21108             193            5075            5075             621             589   
R-squared                   0.535           0.365           0.291           0.405           0.400           0.400           0.524           0.450   
----------------------------------------------------------------------------------------------------------------------------------------------------
Standard errors in parentheses
* p<0.05, ** p<0.01, *** p<0.001

. 
. 
. ********************************************************************************
. ** Part 7: SUPPLY EFFECT HIGH DENSITY BASELINE
. * 7a: high density baseline after 1918 @ .20 miles
. * 7b: high density baseline after 1956 @ .20 miles
. * 7c: high density baseline after 1918 @ .20 miles w/ only clear boundaries
. ********************************************************************************
. ** 7a: high density baseline after 1918 @ .20 miles
. *loop over different degrees of distance polynomial trends
. forvalues i = 1/3{
  2.         * A: only_mf
.         quietly reg fam4plus_1 i.mf_allowed i.lam_seg `distance_varlist`i'' ///
>                 if only_mf == 1 & dist <= 0.2 & year_built >= 1918 & year == 2018, vce(cluster lam_seg) 
  3.                 
.                 eststo A
  4.                 
.         sum fam4plus_1 if only_mf == 1 & year==2018 & year_built>=1918 & (dist_both<=0.02 & dist_both>0) & res_typex!="Condominiums"
  5.         sum fam4plus_1 if only_mf == 1 & year==2018 & year_built>=1918 & (dist_both<=0 & dist_both>-0.02) & res_typex!="Condominiums"                   
  6. 
.         * B: only_he
.         quietly reg fam4plus_1 height i.lam_seg `distance_varlist`i'' ///
>                 if only_he == 1 & dist <= 0.2 & year_built >= 1918 & year == 2018, vce(cluster lam_seg) 
  7. 
.                 eststo B        
  8.         
.         sum fam4plus_1 if only_he == 1 & year==2018 & year_built>=1918 & (dist_both<=0.02 & dist_both>0) & res_typex!="Condominiums"
  9.         sum fam4plus_1 if only_he == 1 & year==2018 & year_built>=1918 & (dist_both<=0 & dist_both>-0.02) & res_typex!="Condominiums"           
 10.         sum height if only_he == 1 & year==2018 & year_built>=1918 & (dist_both<=0.02 & dist_both>0) & res_typex!="Condominiums"
 11.         sum height if only_he == 1 & year==2018 & year_built>=1918 & (dist_both<=0 & dist_both>-0.02) & res_typex!="Condominiums"               
 12. 
.         * C: only_du
.         quietly reg fam4plus_1 dupac i.lam_seg `distance_varlist`i'' ///
>                 if only_du == 1 & dist <= 0.2 & year_built >= 1918 & year == 2018, vce(cluster lam_seg)                 
 13. 
.                 eststo C
 14.                 
.         sum fam4plus_1 if only_du == 1 & year==2018 & year_built>=1918 & (dist_both<=0.02 & dist_both>0) & res_typex!="Condominiums"
 15.         sum fam4plus_1 if only_du == 1 & year==2018 & year_built>=1918 & (dist_both<=0 & dist_both>-0.02) & res_typex!="Condominiums"                   
 16.         sum dupac if only_du == 1 & year==2018 & year_built>=1918 & (dist_both<=0.02 & dist_both>0) & res_typex!="Condominiums"
 17.         sum dupac if only_du == 1 & year==2018 & year_built>=1918 & (dist_both<=0 & dist_both>-0.02) & res_typex!="Condominiums"                        
 18. 
.         * D: mf_he
.         quietly reg fam4plus_1 i.mf_allowed##c.height i.lam_seg `distance_varlist`i'' ///
>                 if mf_he == 1 & dist <= 0.2 & year_built >= 1918 & year == 2018, vce(cluster lam_seg)                                   
 19. 
.                 eststo D
 20.                 
.                 * height
.                 test height 1.mf_allowed#c.height
 21.                 
.                 * mf_allowed
.                 test 1.mf_allowed 1.mf_allowed#c.height
 22.                 
.         sum fam4plus_1 if mf_he == 1 & year==2018 & year_built>=1918 & (dist_both<=0.02 & dist_both>0) & res_typex!="Condominiums"
 23.         sum fam4plus_1 if mf_he == 1 & year==2018 & year_built>=1918 & (dist_both<=0 & dist_both>-0.02) & res_typex!="Condominiums"                     
 24.         sum height if mf_he == 1 & year==2018 & year_built>=1918 & (dist_both<=0.02 & dist_both>0) & res_typex!="Condominiums"
 25.         sum height if mf_he == 1 & year==2018 & year_built>=1918 & (dist_both<=0 & dist_both>-0.02) & res_typex!="Condominiums"                 
 26. 
.         * E: mf_du
.         quietly reg fam4plus_1 i.mf_allowed##c.dupac i.lam_seg `distance_varlist`i'' ///
>                 if mf_du == 1 & dist <= 0.2 & year_built >= 1918 & year == 2018, vce(cluster lam_seg)
 27.                 
.                 eststo E
 28.                 
.         sum fam4plus_1 if mf_du == 1 & year==2018 & year_built>=1918 & (dist_both<=0.02 & dist_both>0) & res_typex!="Condominiums"
 29.         sum fam4plus_1 if mf_du == 1 & year==2018 & year_built>=1918 & (dist_both<=0 & dist_both>-0.02) & res_typex!="Condominiums"                     
 30.         sum dupac if mf_du == 1 & year==2018 & year_built>=1918 & (dist_both<=0.02 & dist_both>0) & res_typex!="Condominiums"
 31.         sum dupac if mf_du == 1 & year==2018 & year_built>=1918 & (dist_both<=0 & dist_both>-0.02) & res_typex!="Condominiums"                  
 32. 
.         * F: mf du, relaxed 2
.         quietly reg fam4plus_1 i.mf_allowed##c.dupac i.lam_seg `distance_varlist`i'' ///
>                 if mf_du == 1 & dist <= 0.2 & year_built >= 1918 & year == 2018, vce(cluster lam_seg)
 33. 
.                 eststo F
 34. 
.                 * dupac
.                 test dupac 1.mf_allowed#c.dupac
 35.                 
.                 * mf_allowed
.                 test 1.mf_allowed 1.mf_allowed#c.dupac
 36.                 
.         sum fam4plus_1 if mf_du == 1 & year==2018 & year_built>=1918 & (dist_both<=0.02 & dist_both>0) & res_typex!="Condominiums"
 37.         sum fam4plus_1 if mf_du == 1 & year==2018 & year_built>=1918 & (dist_both<=0 & dist_both>-0.02) & res_typex!="Condominiums"                     
 38.         sum dupac if mf_du == 1 & year==2018 & year_built>=1918 & (dist_both<=0.02 & dist_both>0) & res_typex!="Condominiums"
 39.         sum dupac if mf_du == 1 & year==2018 & year_built>=1918 & (dist_both<=0 & dist_both>-0.02) & res_typex!="Condominiums"                  
 40. 
.         * G: du_he
.         quietly reg fam4plus_1 c.height##c.dupac i.lam_seg `distance_varlist`i'' ///
>                 if du_he == 1 & dist <= 0.2 & year_built >= 1918 & year == 2018, vce(cluster lam_seg)
 41. 
.                 eststo G
 42. 
.                 * dupac 
.                 test dupac c.height#c.dupac
 43.                 
.                 * height
.                 test height c.height#c.dupac
 44.                 
.         sum fam4plus_1 if du_he == 1 & year==2018 & year_built>=1918 & (dist_both<=0.02 & dist_both>0) & res_typex!="Condominiums"
 45.         sum fam4plus_1 if du_he == 1 & year==2018 & year_built>=1918 & (dist_both<=0 & dist_both>-0.02) & res_typex!="Condominiums"                     
 46.         sum dupac if du_he == 1 & year==2018 & year_built>=1918 & (dist_both<=0.02 & dist_both>0) & res_typex!="Condominiums"
 47.         sum dupac if du_he == 1 & year==2018 & year_built>=1918 & (dist_both<=0 & dist_both>-0.02) & res_typex!="Condominiums"                  
 48.         sum height if du_he == 1 & year==2018 & year_built>=1918 & (dist_both<=0.02 & dist_both>0) & res_typex!="Condominiums"
 49.         sum height if du_he == 1 & year==2018 & year_built>=1918 & (dist_both<=0 & dist_both>-0.02) & res_typex!="Condominiums"                 
 50. 
.         * H: all (mf du he)
.         quietly reg fam4plus_1 i.mf_allowed##c.height##c.dupac i.lam_seg `distance_varlist`i'' ///
>                 if mf_he_du == 1 & dist <= 0.2 & year_built >= 1918 & year == 2018, vce(cluster lam_seg) 
 51.                 
.                 eststo H
 52.                 
.                 test 1.mf_allowed height dupac
 53.                 test 1.mf_allowed height 
 54.                 test 1.mf_allowed dupac
 55.                 test height dupac       
 56.                 
.                 * dupac
.                 test dupac c.height#c.dupac 1.mf_allowed#c.dupac 1.mf_allowed#c.height#c.dupac
 57. 
.                 * height
.                 test height c.height#c.dupac 1.mf_allowed#c.height 1.mf_allowed#c.height#c.dupac
 58.                 
.                 * mf allowed
.                 test 1.mf_allowed 1.mf_allowed#c.dupac 1.mf_allowed#c.height 1.mf_allowed#c.height#c.dupac
 59.                 
.         sum fam4plus_1 if mf_he_du == 1 & year==2018 & year_built>=1918 & (dist_both<=0.02 & dist_both>0) & res_typex!="Condominiums"
 60.         sum fam4plus_1 if mf_he_du == 1 & year==2018 & year_built>=1918 & (dist_both<=0 & dist_both>-0.02) & res_typex!="Condominiums"                  
 61. 
.         * combine results
.         esttab A B C D E F G H, se r2 nobase indicate("Boundary f.e.=*lam_seg") ///
>                 label mtitles("only_mf" "only_he" "only_du" "mf_he" "mf_du" "du_he" "All") ///
>                 title("Part 7a: high density baseline after 1918 @ .20 miles (distance polynomial trends degree `i')") 
 62.                 
.         eststo clear
 63. }

    Variable |        Obs        Mean    Std. dev.       Min        Max
-------------+---------------------------------------------------------
  fam4plus_1 |        120        .025    .1567796          0          1

    Variable |        Obs        Mean    Std. dev.       Min        Max
-------------+---------------------------------------------------------
  fam4plus_1 |        219    .0136986     .116503          0          1

    Variable |        Obs        Mean    Std. dev.       Min        Max
-------------+---------------------------------------------------------
  fam4plus_1 |        180    .0222222    .1478167          0          1

    Variable |        Obs        Mean    Std. dev.       Min        Max
-------------+---------------------------------------------------------
  fam4plus_1 |        124    .0241935     .154273          0          1

    Variable |        Obs        Mean    Std. dev.       Min        Max
-------------+---------------------------------------------------------
      height |        190    3.647368    .5836107        3.5        6.5

    Variable |        Obs        Mean    Std. dev.       Min        Max
-------------+---------------------------------------------------------
      height |        143    2.993007    .5903747          0        5.5

    Variable |        Obs        Mean    Std. dev.       Min        Max
-------------+---------------------------------------------------------
  fam4plus_1 |      3,012    .0159363    .1252497          0          1

    Variable |        Obs        Mean    Std. dev.       Min        Max
-------------+---------------------------------------------------------
  fam4plus_1 |      2,164    .0166359    .1279323          0          1

    Variable |        Obs        Mean    Std. dev.       Min        Max
-------------+---------------------------------------------------------
       dupac |      3,306    9.778584    12.80195          2         88

    Variable |        Obs        Mean    Std. dev.       Min        Max
-------------+---------------------------------------------------------
       dupac |      2,412    5.626451    7.727214          0        131

 ( 1)  height = 0
 ( 2)  1.mf_allowed#c.height = 0

       F(  2,    23) =    0.64
            Prob > F =    0.5362

 ( 1)  1.mf_allowed = 0
 ( 2)  1.mf_allowed#c.height = 0

       F(  2,    23) =    0.74
            Prob > F =    0.4882

    Variable |        Obs        Mean    Std. dev.       Min        Max
-------------+---------------------------------------------------------
  fam4plus_1 |         67           0           0          0          0

    Variable |        Obs        Mean    Std. dev.       Min        Max
-------------+---------------------------------------------------------
  fam4plus_1 |         82           0           0          0          0

    Variable |        Obs        Mean    Std. dev.       Min        Max
-------------+---------------------------------------------------------
      height |         82    4.007317    1.231057          0        6.5

    Variable |        Obs        Mean    Std. dev.       Min        Max
-------------+---------------------------------------------------------
      height |         87    3.545977    .2486263          3          4

    Variable |        Obs        Mean    Std. dev.       Min        Max
-------------+---------------------------------------------------------
  fam4plus_1 |        849    .0235571    .1517541          0          1

    Variable |        Obs        Mean    Std. dev.       Min        Max
-------------+---------------------------------------------------------
  fam4plus_1 |      1,069    .0149673    .1214786          0          1

    Variable |        Obs        Mean    Std. dev.       Min        Max
-------------+---------------------------------------------------------
       dupac |      1,197    10.44779    8.113121          0         49

    Variable |        Obs        Mean    Std. dev.       Min        Max
-------------+---------------------------------------------------------
       dupac |      1,225    11.16571    10.13469          0         44

 ( 1)  dupac = 0
 ( 2)  1.mf_allowed#c.dupac = 0

       F(  2,   372) =    0.56
            Prob > F =    0.5698

 ( 1)  1.mf_allowed = 0
 ( 2)  1.mf_allowed#c.dupac = 0

       F(  2,   372) =    4.74
            Prob > F =    0.0093

    Variable |        Obs        Mean    Std. dev.       Min        Max
-------------+---------------------------------------------------------
  fam4plus_1 |        849    .0235571    .1517541          0          1

    Variable |        Obs        Mean    Std. dev.       Min        Max
-------------+---------------------------------------------------------
  fam4plus_1 |      1,069    .0149673    .1214786          0          1

    Variable |        Obs        Mean    Std. dev.       Min        Max
-------------+---------------------------------------------------------
       dupac |      1,197    10.44779    8.113121          0         49

    Variable |        Obs        Mean    Std. dev.       Min        Max
-------------+---------------------------------------------------------
       dupac |      1,225    11.16571    10.13469          0         44

 ( 1)  dupac = 0
 ( 2)  c.height#c.dupac = 0

       F(  2,   151) =    3.74
            Prob > F =    0.0259

 ( 1)  height = 0
 ( 2)  c.height#c.dupac = 0

       F(  2,   151) =    3.84
            Prob > F =    0.0235

    Variable |        Obs        Mean    Std. dev.       Min        Max
-------------+---------------------------------------------------------
  fam4plus_1 |        159    .1320755    .3396425          0          1

    Variable |        Obs        Mean    Std. dev.       Min        Max
-------------+---------------------------------------------------------
  fam4plus_1 |        153    .1111111    .3153018          0          1

    Variable |        Obs        Mean    Std. dev.       Min        Max
-------------+---------------------------------------------------------
       dupac |        239    44.57322     40.6876          0        145

    Variable |        Obs        Mean    Std. dev.       Min        Max
-------------+---------------------------------------------------------
       dupac |        255    17.90196    13.68207          0         66

    Variable |        Obs        Mean    Std. dev.       Min        Max
-------------+---------------------------------------------------------
      height |        239    5.415481    2.633872          3         14

    Variable |        Obs        Mean    Std. dev.       Min        Max
-------------+---------------------------------------------------------
      height |        255    3.226667    .8358094          0          4

 ( 1)  1.mf_allowed = 0
 ( 2)  height = 0
 ( 3)  dupac = 0

       F(  3,   139) =   11.46
            Prob > F =    0.0000

 ( 1)  1.mf_allowed = 0
 ( 2)  height = 0

       F(  2,   139) =    2.75
            Prob > F =    0.0672

 ( 1)  1.mf_allowed = 0
 ( 2)  dupac = 0

       F(  2,   139) =    0.55
            Prob > F =    0.5796

 ( 1)  height = 0
 ( 2)  dupac = 0

       F(  2,   139) =   16.73
            Prob > F =    0.0000

 ( 1)  dupac = 0
 ( 2)  c.height#c.dupac = 0
 ( 3)  1.mf_allowed#c.dupac = 0
 ( 4)  1.mf_allowed#c.height#c.dupac = 0

       F(  4,   139) =    6.68
            Prob > F =    0.0001

 ( 1)  height = 0
 ( 2)  c.height#c.dupac = 0
 ( 3)  1.mf_allowed#c.height = 0
 ( 4)  1.mf_allowed#c.height#c.dupac = 0

       F(  4,   139) =    3.47
            Prob > F =    0.0099

 ( 1)  1.mf_allowed = 0
 ( 2)  1.mf_allowed#c.dupac = 0
 ( 3)  1.mf_allowed#c.height = 0
 ( 4)  1.mf_allowed#c.height#c.dupac = 0

       F(  4,   139) =    5.37
            Prob > F =    0.0005

    Variable |        Obs        Mean    Std. dev.       Min        Max
-------------+---------------------------------------------------------
  fam4plus_1 |        191    .0837696    .2777701          0          1

    Variable |        Obs        Mean    Std. dev.       Min        Max
-------------+---------------------------------------------------------
  fam4plus_1 |        246    .0243902    .1545719          0          1

Part 7a: high density baseline after 1918 @ .20 miles (distance polynomial trends degree 1)
----------------------------------------------------------------------------------------------------------------------------------------------------
                              (1)             (2)             (3)             (4)             (5)             (6)             (7)             (8)   
                          only_mf         only_he         only_du           mf_he           mf_du           du_he             All               H   
----------------------------------------------------------------------------------------------------------------------------------------------------
mf_allowed=1               0.0158                                          -0.138         0.00627         0.00627                           0.288   
                         (0.0119)                                         (0.252)        (0.0152)        (0.0152)                         (0.557)   

r_dist_relax               0.0860         -0.0783         0.00443         -0.0896          0.0225          0.0225           0.817           0.674   
                          (0.152)        (0.0505)       (0.00780)        (0.0801)        (0.0448)        (0.0448)         (0.787)         (0.488)   

r_dist_strict              0.0116           0.743         0.00414         -0.0639          0.0234          0.0234           0.665**         0.157   
                         (0.0477)         (0.964)       (0.00917)        (0.0580)        (0.0455)        (0.0455)         (0.230)         (0.137)   

height                                    -0.0208                         -0.0598                                         -0.0467          -0.126*  
                                         (0.0227)                        (0.0847)                                        (0.0293)        (0.0620)   

dupac                                                     0.00101                        0.000652        0.000652        -0.00853*        0.00649   
                                                       (0.000519)                       (0.00118)       (0.00118)       (0.00360)       (0.00621)   

mf_allowed=1 # hei~t                                                       0.0485                                                        -0.00129   
                                                                         (0.0773)                                                         (0.143)   

mf_allowed=1 # dupac                                                                      0.00179         0.00179                         -0.0811   
                                                                                        (0.00169)       (0.00169)                        (0.0447)   

height # dupac                                                                                                            0.00101**       0.00197   
                                                                                                                       (0.000369)       (0.00232)   

mf_allowed=1 # hei~c                                                                                                                       0.0174   
                                                                                                                                         (0.0114)   

Constant                 -0.00988           0.125       -0.000804           0.174         -0.0144         -0.0144          0.0995**         0.179   
                        (0.00596)         (0.136)       (0.00120)         (0.251)       (0.00922)       (0.00922)        (0.0343)         (0.223)   

Boundary f.e.                 Yes             Yes             Yes             Yes             Yes             Yes             Yes             Yes   
----------------------------------------------------------------------------------------------------------------------------------------------------
Observations                 1165            1722           31835             431            9477            9477            1163            1874   
R-squared                   0.598           0.493           0.565           0.070           0.309           0.309           0.564           0.479   
----------------------------------------------------------------------------------------------------------------------------------------------------
Standard errors in parentheses
* p<0.05, ** p<0.01, *** p<0.001

    Variable |        Obs        Mean    Std. dev.       Min        Max
-------------+---------------------------------------------------------
  fam4plus_1 |        120        .025    .1567796          0          1

    Variable |        Obs        Mean    Std. dev.       Min        Max
-------------+---------------------------------------------------------
  fam4plus_1 |        219    .0136986     .116503          0          1

    Variable |        Obs        Mean    Std. dev.       Min        Max
-------------+---------------------------------------------------------
  fam4plus_1 |        180    .0222222    .1478167          0          1

    Variable |        Obs        Mean    Std. dev.       Min        Max
-------------+---------------------------------------------------------
  fam4plus_1 |        124    .0241935     .154273          0          1

    Variable |        Obs        Mean    Std. dev.       Min        Max
-------------+---------------------------------------------------------
      height |        190    3.647368    .5836107        3.5        6.5

    Variable |        Obs        Mean    Std. dev.       Min        Max
-------------+---------------------------------------------------------
      height |        143    2.993007    .5903747          0        5.5

    Variable |        Obs        Mean    Std. dev.       Min        Max
-------------+---------------------------------------------------------
  fam4plus_1 |      3,012    .0159363    .1252497          0          1

    Variable |        Obs        Mean    Std. dev.       Min        Max
-------------+---------------------------------------------------------
  fam4plus_1 |      2,164    .0166359    .1279323          0          1

    Variable |        Obs        Mean    Std. dev.       Min        Max
-------------+---------------------------------------------------------
       dupac |      3,306    9.778584    12.80195          2         88

    Variable |        Obs        Mean    Std. dev.       Min        Max
-------------+---------------------------------------------------------
       dupac |      2,412    5.626451    7.727214          0        131

 ( 1)  height = 0
 ( 2)  1.mf_allowed#c.height = 0

       F(  2,    23) =    0.64
            Prob > F =    0.5387

 ( 1)  1.mf_allowed = 0
 ( 2)  1.mf_allowed#c.height = 0

       F(  2,    23) =    0.74
            Prob > F =    0.4880

    Variable |        Obs        Mean    Std. dev.       Min        Max
-------------+---------------------------------------------------------
  fam4plus_1 |         67           0           0          0          0

    Variable |        Obs        Mean    Std. dev.       Min        Max
-------------+---------------------------------------------------------
  fam4plus_1 |         82           0           0          0          0

    Variable |        Obs        Mean    Std. dev.       Min        Max
-------------+---------------------------------------------------------
      height |         82    4.007317    1.231057          0        6.5

    Variable |        Obs        Mean    Std. dev.       Min        Max
-------------+---------------------------------------------------------
      height |         87    3.545977    .2486263          3          4

    Variable |        Obs        Mean    Std. dev.       Min        Max
-------------+---------------------------------------------------------
  fam4plus_1 |        849    .0235571    .1517541          0          1

    Variable |        Obs        Mean    Std. dev.       Min        Max
-------------+---------------------------------------------------------
  fam4plus_1 |      1,069    .0149673    .1214786          0          1

    Variable |        Obs        Mean    Std. dev.       Min        Max
-------------+---------------------------------------------------------
       dupac |      1,197    10.44779    8.113121          0         49

    Variable |        Obs        Mean    Std. dev.       Min        Max
-------------+---------------------------------------------------------
       dupac |      1,225    11.16571    10.13469          0         44

 ( 1)  dupac = 0
 ( 2)  1.mf_allowed#c.dupac = 0

       F(  2,   372) =    0.57
            Prob > F =    0.5653

 ( 1)  1.mf_allowed = 0
 ( 2)  1.mf_allowed#c.dupac = 0

       F(  2,   372) =    1.40
            Prob > F =    0.2491

    Variable |        Obs        Mean    Std. dev.       Min        Max
-------------+---------------------------------------------------------
  fam4plus_1 |        849    .0235571    .1517541          0          1

    Variable |        Obs        Mean    Std. dev.       Min        Max
-------------+---------------------------------------------------------
  fam4plus_1 |      1,069    .0149673    .1214786          0          1

    Variable |        Obs        Mean    Std. dev.       Min        Max
-------------+---------------------------------------------------------
       dupac |      1,197    10.44779    8.113121          0         49

    Variable |        Obs        Mean    Std. dev.       Min        Max
-------------+---------------------------------------------------------
       dupac |      1,225    11.16571    10.13469          0         44

 ( 1)  dupac = 0
 ( 2)  c.height#c.dupac = 0

       F(  2,   151) =    5.31
            Prob > F =    0.0059

 ( 1)  height = 0
 ( 2)  c.height#c.dupac = 0

       F(  2,   151) =    5.19
            Prob > F =    0.0066

    Variable |        Obs        Mean    Std. dev.       Min        Max
-------------+---------------------------------------------------------
  fam4plus_1 |        159    .1320755    .3396425          0          1

    Variable |        Obs        Mean    Std. dev.       Min        Max
-------------+---------------------------------------------------------
  fam4plus_1 |        153    .1111111    .3153018          0          1

    Variable |        Obs        Mean    Std. dev.       Min        Max
-------------+---------------------------------------------------------
       dupac |        239    44.57322     40.6876          0        145

    Variable |        Obs        Mean    Std. dev.       Min        Max
-------------+---------------------------------------------------------
       dupac |        255    17.90196    13.68207          0         66

    Variable |        Obs        Mean    Std. dev.       Min        Max
-------------+---------------------------------------------------------
      height |        239    5.415481    2.633872          3         14

    Variable |        Obs        Mean    Std. dev.       Min        Max
-------------+---------------------------------------------------------
      height |        255    3.226667    .8358094          0          4

 ( 1)  1.mf_allowed = 0
 ( 2)  height = 0
 ( 3)  dupac = 0

       F(  3,   139) =   11.62
            Prob > F =    0.0000

 ( 1)  1.mf_allowed = 0
 ( 2)  height = 0

       F(  2,   139) =    3.00
            Prob > F =    0.0530

 ( 1)  1.mf_allowed = 0
 ( 2)  dupac = 0

       F(  2,   139) =    0.67
            Prob > F =    0.5125

 ( 1)  height = 0
 ( 2)  dupac = 0

       F(  2,   139) =   17.28
            Prob > F =    0.0000

 ( 1)  dupac = 0
 ( 2)  c.height#c.dupac = 0
 ( 3)  1.mf_allowed#c.dupac = 0
 ( 4)  1.mf_allowed#c.height#c.dupac = 0

       F(  4,   139) =    8.42
            Prob > F =    0.0000

 ( 1)  height = 0
 ( 2)  c.height#c.dupac = 0
 ( 3)  1.mf_allowed#c.height = 0
 ( 4)  1.mf_allowed#c.height#c.dupac = 0

       F(  4,   139) =    2.59
            Prob > F =    0.0392

 ( 1)  1.mf_allowed = 0
 ( 2)  1.mf_allowed#c.dupac = 0
 ( 3)  1.mf_allowed#c.height = 0
 ( 4)  1.mf_allowed#c.height#c.dupac = 0

       F(  4,   139) =    6.75
            Prob > F =    0.0001

    Variable |        Obs        Mean    Std. dev.       Min        Max
-------------+---------------------------------------------------------
  fam4plus_1 |        191    .0837696    .2777701          0          1

    Variable |        Obs        Mean    Std. dev.       Min        Max
-------------+---------------------------------------------------------
  fam4plus_1 |        246    .0243902    .1545719          0          1

Part 7a: high density baseline after 1918 @ .20 miles (distance polynomial trends degree 2)
----------------------------------------------------------------------------------------------------------------------------------------------------
                              (1)             (2)             (3)             (4)             (5)             (6)             (7)             (8)   
                          only_mf         only_he         only_du           mf_he           mf_du           du_he             All               H   
----------------------------------------------------------------------------------------------------------------------------------------------------
mf_allowed=1               0.0135                                          -0.140        -0.00307        -0.00307                           0.385   
                         (0.0113)                                         (0.251)        (0.0160)        (0.0160)                         (0.526)   

r_dist_relax                0.199         -0.0476         0.00985         -0.0128           0.179           0.179           4.016          -1.088   
                          (0.311)         (0.129)        (0.0326)         (0.110)         (0.176)         (0.176)         (2.041)         (1.293)   

r_dist_strict              0.0108           0.394          0.0157           0.227           0.240           0.240           1.686*        -0.0138   
                          (0.136)         (1.236)        (0.0365)         (0.344)         (0.152)         (0.152)         (0.838)         (0.538)   

r_dist_relax2              -0.676          -0.111         -0.0384          -0.473          -0.923          -0.923          -27.90*          11.77   
                          (1.603)         (0.564)         (0.167)         (0.666)         (0.864)         (0.864)         (13.96)         (8.157)   

r_dist_strict2            0.00125          -3.429          0.0767           1.982           1.209           1.209           5.827          -0.959   
                          (0.956)         (12.40)         (0.180)         (2.465)         (0.711)         (0.711)         (3.666)         (2.317)   

height                                    -0.0176                         -0.0595                                         -0.0795*         -0.120   
                                         (0.0159)                        (0.0840)                                        (0.0337)        (0.0609)   

dupac                                                    0.000988                        0.000710        0.000710         -0.0104**       0.00687   
                                                       (0.000539)                       (0.00118)       (0.00118)       (0.00386)       (0.00606)   

mf_allowed=1 # hei~t                                                       0.0474                                                         -0.0140   
                                                                         (0.0759)                                                         (0.136)   

mf_allowed=1 # dupac                                                                      0.00180         0.00180                         -0.0838*  
                                                                                        (0.00169)       (0.00169)                        (0.0422)   

height # dupac                                                                                                            0.00128**       0.00237   
                                                                                                                       (0.000397)       (0.00221)   

mf_allowed=1 # hei~c                                                                                                                       0.0175   
                                                                                                                                         (0.0108)   

Constant                  -0.0103           0.106       -0.000485           0.180        -0.00844        -0.00844           0.122**         0.163   
                        (0.00612)        (0.0956)       (0.00193)         (0.256)       (0.00931)       (0.00931)        (0.0457)         (0.222)   

Boundary f.e.                 Yes             Yes             Yes             Yes             Yes             Yes             Yes             Yes   
----------------------------------------------------------------------------------------------------------------------------------------------------
Observations                 1165            1722           31835             431            9477            9477            1163            1874   
R-squared                   0.598           0.494           0.565           0.071           0.310           0.310           0.570           0.482   
----------------------------------------------------------------------------------------------------------------------------------------------------
Standard errors in parentheses
* p<0.05, ** p<0.01, *** p<0.001

    Variable |        Obs        Mean    Std. dev.       Min        Max
-------------+---------------------------------------------------------
  fam4plus_1 |        120        .025    .1567796          0          1

    Variable |        Obs        Mean    Std. dev.       Min        Max
-------------+---------------------------------------------------------
  fam4plus_1 |        219    .0136986     .116503          0          1

    Variable |        Obs        Mean    Std. dev.       Min        Max
-------------+---------------------------------------------------------
  fam4plus_1 |        180    .0222222    .1478167          0          1

    Variable |        Obs        Mean    Std. dev.       Min        Max
-------------+---------------------------------------------------------
  fam4plus_1 |        124    .0241935     .154273          0          1

    Variable |        Obs        Mean    Std. dev.       Min        Max
-------------+---------------------------------------------------------
      height |        190    3.647368    .5836107        3.5        6.5

    Variable |        Obs        Mean    Std. dev.       Min        Max
-------------+---------------------------------------------------------
      height |        143    2.993007    .5903747          0        5.5

    Variable |        Obs        Mean    Std. dev.       Min        Max
-------------+---------------------------------------------------------
  fam4plus_1 |      3,012    .0159363    .1252497          0          1

    Variable |        Obs        Mean    Std. dev.       Min        Max
-------------+---------------------------------------------------------
  fam4plus_1 |      2,164    .0166359    .1279323          0          1

    Variable |        Obs        Mean    Std. dev.       Min        Max
-------------+---------------------------------------------------------
       dupac |      3,306    9.778584    12.80195          2         88

    Variable |        Obs        Mean    Std. dev.       Min        Max
-------------+---------------------------------------------------------
       dupac |      2,412    5.626451    7.727214          0        131

 ( 1)  height = 0
 ( 2)  1.mf_allowed#c.height = 0

       F(  2,    23) =    0.83
            Prob > F =    0.4493

 ( 1)  1.mf_allowed = 0
 ( 2)  1.mf_allowed#c.height = 0

       F(  2,    23) =    0.21
            Prob > F =    0.8128

    Variable |        Obs        Mean    Std. dev.       Min        Max
-------------+---------------------------------------------------------
  fam4plus_1 |         67           0           0          0          0

    Variable |        Obs        Mean    Std. dev.       Min        Max
-------------+---------------------------------------------------------
  fam4plus_1 |         82           0           0          0          0

    Variable |        Obs        Mean    Std. dev.       Min        Max
-------------+---------------------------------------------------------
      height |         82    4.007317    1.231057          0        6.5

    Variable |        Obs        Mean    Std. dev.       Min        Max
-------------+---------------------------------------------------------
      height |         87    3.545977    .2486263          3          4

    Variable |        Obs        Mean    Std. dev.       Min        Max
-------------+---------------------------------------------------------
  fam4plus_1 |        849    .0235571    .1517541          0          1

    Variable |        Obs        Mean    Std. dev.       Min        Max
-------------+---------------------------------------------------------
  fam4plus_1 |      1,069    .0149673    .1214786          0          1

    Variable |        Obs        Mean    Std. dev.       Min        Max
-------------+---------------------------------------------------------
       dupac |      1,197    10.44779    8.113121          0         49

    Variable |        Obs        Mean    Std. dev.       Min        Max
-------------+---------------------------------------------------------
       dupac |      1,225    11.16571    10.13469          0         44

 ( 1)  dupac = 0
 ( 2)  1.mf_allowed#c.dupac = 0

       F(  2,   372) =    0.56
            Prob > F =    0.5701

 ( 1)  1.mf_allowed = 0
 ( 2)  1.mf_allowed#c.dupac = 0

       F(  2,   372) =    0.55
            Prob > F =    0.5763

    Variable |        Obs        Mean    Std. dev.       Min        Max
-------------+---------------------------------------------------------
  fam4plus_1 |        849    .0235571    .1517541          0          1

    Variable |        Obs        Mean    Std. dev.       Min        Max
-------------+---------------------------------------------------------
  fam4plus_1 |      1,069    .0149673    .1214786          0          1

    Variable |        Obs        Mean    Std. dev.       Min        Max
-------------+---------------------------------------------------------
       dupac |      1,197    10.44779    8.113121          0         49

    Variable |        Obs        Mean    Std. dev.       Min        Max
-------------+---------------------------------------------------------
       dupac |      1,225    11.16571    10.13469          0         44

 ( 1)  dupac = 0
 ( 2)  c.height#c.dupac = 0

       F(  2,   151) =    4.28
            Prob > F =    0.0156

 ( 1)  height = 0
 ( 2)  c.height#c.dupac = 0

       F(  2,   151) =    4.33
            Prob > F =    0.0148

    Variable |        Obs        Mean    Std. dev.       Min        Max
-------------+---------------------------------------------------------
  fam4plus_1 |        159    .1320755    .3396425          0          1

    Variable |        Obs        Mean    Std. dev.       Min        Max
-------------+---------------------------------------------------------
  fam4plus_1 |        153    .1111111    .3153018          0          1

    Variable |        Obs        Mean    Std. dev.       Min        Max
-------------+---------------------------------------------------------
       dupac |        239    44.57322     40.6876          0        145

    Variable |        Obs        Mean    Std. dev.       Min        Max
-------------+---------------------------------------------------------
       dupac |        255    17.90196    13.68207          0         66

    Variable |        Obs        Mean    Std. dev.       Min        Max
-------------+---------------------------------------------------------
      height |        239    5.415481    2.633872          3         14

    Variable |        Obs        Mean    Std. dev.       Min        Max
-------------+---------------------------------------------------------
      height |        255    3.226667    .8358094          0          4

 ( 1)  1.mf_allowed = 0
 ( 2)  height = 0
 ( 3)  dupac = 0

       F(  3,   139) =   11.54
            Prob > F =    0.0000

 ( 1)  1.mf_allowed = 0
 ( 2)  height = 0

       F(  2,   139) =    2.85
            Prob > F =    0.0613

 ( 1)  1.mf_allowed = 0
 ( 2)  dupac = 0

       F(  2,   139) =    0.76
            Prob > F =    0.4698

 ( 1)  height = 0
 ( 2)  dupac = 0

       F(  2,   139) =   17.17
            Prob > F =    0.0000

 ( 1)  dupac = 0
 ( 2)  c.height#c.dupac = 0
 ( 3)  1.mf_allowed#c.dupac = 0
 ( 4)  1.mf_allowed#c.height#c.dupac = 0

       F(  4,   139) =    7.30
            Prob > F =    0.0000

 ( 1)  height = 0
 ( 2)  c.height#c.dupac = 0
 ( 3)  1.mf_allowed#c.height = 0
 ( 4)  1.mf_allowed#c.height#c.dupac = 0

       F(  4,   139) =    2.46
            Prob > F =    0.0485

 ( 1)  1.mf_allowed = 0
 ( 2)  1.mf_allowed#c.dupac = 0
 ( 3)  1.mf_allowed#c.height = 0
 ( 4)  1.mf_allowed#c.height#c.dupac = 0

       F(  4,   139) =    6.25
            Prob > F =    0.0001

    Variable |        Obs        Mean    Std. dev.       Min        Max
-------------+---------------------------------------------------------
  fam4plus_1 |        191    .0837696    .2777701          0          1

    Variable |        Obs        Mean    Std. dev.       Min        Max
-------------+---------------------------------------------------------
  fam4plus_1 |        246    .0243902    .1545719          0          1

Part 7a: high density baseline after 1918 @ .20 miles (distance polynomial trends degree 3)
----------------------------------------------------------------------------------------------------------------------------------------------------
                              (1)             (2)             (3)             (4)             (5)             (6)             (7)             (8)   
                          only_mf         only_he         only_du           mf_he           mf_du           du_he             All               H   
----------------------------------------------------------------------------------------------------------------------------------------------------
mf_allowed=1               0.0122                                          -0.144         -0.0129         -0.0129                           0.407   
                         (0.0125)                                         (0.240)        (0.0159)        (0.0159)                         (0.539)   

r_dist_relax               -0.175           0.713          0.0708           0.981           0.730           0.730           4.961           0.219   
                          (0.860)         (0.554)        (0.0793)         (0.587)         (0.431)         (0.431)         (4.395)         (2.665)   

r_dist_strict               0.487          -1.370         -0.0612           0.916           0.429           0.429           1.576          -1.679   
                          (0.339)         (1.815)        (0.0888)         (0.756)         (0.340)         (0.340)         (1.863)         (1.251)   

r_dist_relax2               5.034          -10.03          -0.843          -14.45          -8.886          -8.886          -45.51          -8.936   
                          (12.70)         (7.247)         (0.984)         (9.251)         (5.523)         (5.523)         (65.09)         (34.96)   

r_dist_strict2              7.078          -42.56          -0.995           13.19           3.982           3.982           4.501          -23.63   
                          (4.385)         (43.13)         (1.172)         (10.88)         (3.819)         (3.819)         (20.42)         (14.06)   

r_dist_relax3              -21.63           34.15           2.799           49.07           29.33           29.33           79.96           78.85   
                          (45.06)         (24.25)         (3.330)         (32.34)         (19.38)         (19.38)         (254.8)         (119.3)   

r_dist_strict3              26.03          -182.5          -3.806           46.04           10.13           10.13          -4.287          -80.13   
                          (14.55)         (210.9)         (4.039)         (40.80)         (11.97)         (11.97)         (63.23)         (44.88)   

height                                    -0.0185                         -0.0562                                         -0.0828*         -0.112   
                                         (0.0159)                        (0.0807)                                        (0.0392)        (0.0607)   

dupac                                                    0.000994                        0.000734        0.000734         -0.0106*        0.00755   
                                                       (0.000552)                       (0.00118)       (0.00118)       (0.00409)       (0.00620)   

mf_allowed=1 # hei~t                                                       0.0439                                                         -0.0159   
                                                                         (0.0719)                                                         (0.137)   

mf_allowed=1 # dupac                                                                      0.00179         0.00179                         -0.0827   
                                                                                        (0.00171)       (0.00171)                        (0.0423)   

height # dupac                                                                                                            0.00131**       0.00223   
                                                                                                                       (0.000447)       (0.00212)   

mf_allowed=1 # hei~c                                                                                                                       0.0170   
                                                                                                                                         (0.0108)   

Constant                 -0.00585           0.109        -0.00156           0.174       -0.000905       -0.000905           0.121*         0.0952   
                        (0.00560)        (0.0952)       (0.00221)         (0.248)       (0.00951)       (0.00951)        (0.0463)         (0.226)   

Boundary f.e.                 Yes             Yes             Yes             Yes             Yes             Yes             Yes             Yes   
----------------------------------------------------------------------------------------------------------------------------------------------------
Observations                 1165            1722           31835             431            9477            9477            1163            1874   
R-squared                   0.599           0.496           0.565           0.076           0.310           0.310           0.570           0.483   
----------------------------------------------------------------------------------------------------------------------------------------------------
Standard errors in parentheses
* p<0.05, ** p<0.01, *** p<0.001

. 
. ** 7b: high density baseline after 1956 @ .20 miles
. *loop over different degrees of distance polynomial trends
. forvalues i = 1(1)1 {  // <- nfc: fix that I am not sure will work
  2.         * A: only_mf
.         quietly reg fam4plus_1 i.mf_allowed i.lam_seg `distance_varlist`i'' ///
>                 if only_mf == 1 & dist <= 0.2 & year_built >= 1956 & year == 2018, vce(cluster lam_seg) 
  3.                 
.                 eststo A
  4.                 
.         sum fam4plus_1 if only_mf == 1 & year==2018 & year_built>=1956 & (dist_both<=0.02 & dist_both>0) & res_typex!="Condominiums"
  5.         sum fam4plus_1 if only_mf == 1 & year==2018 & year_built>=1956 & (dist_both<=0 & dist_both>-0.02) & res_typex!="Condominiums"                   
  6. 
.         * B: only_he
.         quietly reg fam4plus_1 height i.lam_seg `distance_varlist`i'' ///
>                 if only_he == 1 & dist <= 0.2 & year_built >= 1956 & year == 2018, vce(cluster lam_seg) 
  7. 
.                 eststo B        
  8.                 
.         sum fam4plus_1 if only_he == 1 & year==2018 & year_built>=1956 & (dist_both<=0.02 & dist_both>0) & res_typex!="Condominiums"
  9.         sum fam4plus_1 if only_he == 1 & year==2018 & year_built>=1956 & (dist_both<=0 & dist_both>-0.02) & res_typex!="Condominiums"                   
 10. 
.         * C: only_du
.         quietly reg fam4plus_1 dupac i.lam_seg `distance_varlist`i'' ///
>                 if only_du == 1 & dist <= 0.2 & year_built >= 1956 & year == 2018, vce(cluster lam_seg)                 
 11. 
.                 eststo C
 12.                 
.         sum fam4plus_1 if only_du == 1 & year==2018 & year_built>=1956 & (dist_both<=0.02 & dist_both>0) & res_typex!="Condominiums"
 13.         sum fam4plus_1 if only_du == 1 & year==2018 & year_built>=1956 & (dist_both<=0 & dist_both>-0.02) & res_typex!="Condominiums"                   
 14. 
.         * D: mf_he
.         quietly reg fam4plus_1 i.mf_allowed##c.height i.lam_seg `distance_varlist`i'' ///
>                 if mf_he == 1 & dist <= 0.2 & year_built >= 1956 & year == 2018, vce(cluster lam_seg)                                   
 15. 
.                 eststo D                
 16.                 
.                 * height
.                 test height 1.mf_allowed#c.height
 17.                 
.                 * mf_allowed
.                 test 1.mf_allowed 1.mf_allowed#c.height
 18.                 
.         sum fam4plus_1 if mf_he == 1 & year==2018 & year_built>=1956 & (dist_both<=0.02 & dist_both>0) & res_typex!="Condominiums"
 19.         sum fam4plus_1 if mf_he == 1 & year==2018 & year_built>=1956 & (dist_both<=0 & dist_both>-0.02) & res_typex!="Condominiums"                     
 20. 
.         * E: mf_du
.         quietly reg fam4plus_1 i.mf_allowed##c.dupac i.lam_seg `distance_varlist`i'' ///
>                 if mf_du == 1 & dist <= 0.2 & year_built >= 1956 & year == 2018, vce(cluster lam_seg)
 21.                 
.                 eststo E
 22.                 
.         sum fam4plus_1 if mf_du == 1 & year==2018 & year_built>=1956 & (dist_both<=0.02 & dist_both>0) & res_typex!="Condominiums"
 23.         sum fam4plus_1 if mf_du == 1 & year==2018 & year_built>=1956 & (dist_both<=0 & dist_both>-0.02) & res_typex!="Condominiums"                     
 24. 
.         * F: mf du, relaxed 2
.         quietly reg fam4plus_1 i.mf_allowed##c.dupac i.lam_seg `distance_varlist`i'' ///
>                 if mf_du == 1 & dist <= 0.2 & year_built >= 1956 & year == 2018, vce(cluster lam_seg)
 25. 
.                 eststo F
 26. 
.                 * dupac
.                 test dupac 1.mf_allowed#c.dupac
 27.                 
.                 * mf_allowed
.                 test 1.mf_allowed 1.mf_allowed#c.dupac
 28.                 
.         sum fam4plus_1 if mf_du == 1 & year==2018 & year_built>=1956 & (dist_both<=0.02 & dist_both>0) & res_typex!="Condominiums"
 29.         sum fam4plus_1 if mf_du == 1 & year==2018 & year_built>=1956 & (dist_both<=0 & dist_both>-0.02) & res_typex!="Condominiums"                     
 30. 
.         * G: du_he
.         quietly reg fam4plus_1 c.height##c.dupac i.lam_seg `distance_varlist`i'' ///
>                 if du_he == 1 & dist <= 0.2 & year_built >= 1956 & year == 2018, vce(cluster lam_seg)
 31. 
.                 eststo G
 32. 
.                 * dupac 
.                 test dupac c.height#c.dupac
 33.                 
.                 * height
.                 test height c.height#c.dupac
 34.                 
.         sum fam4plus_1 if du_he == 1 & year==2018 & year_built>=1956 & (dist_both<=0.02 & dist_both>0) & res_typex!="Condominiums"
 35.         sum fam4plus_1 if du_he == 1 & year==2018 & year_built>=1956 & (dist_both<=0 & dist_both>-0.02) & res_typex!="Condominiums"                     
 36. 
.         * H: all (mf du he)
.         quietly reg fam4plus_1 i.mf_allowed##c.height##c.dupac i.lam_seg `distance_varlist`i'' ///
>                 if mf_he_du == 1 & dist <= 0.2 & year_built >= 1956 & year == 2018, vce(cluster lam_seg) 
 37.                 
.                 eststo H
 38.                 
.                 test 1.mf_allowed height dupac
 39.                 test 1.mf_allowed height 
 40.                 test 1.mf_allowed dupac
 41.                 test height dupac       
 42.                 
.                 * dupac
.                 test dupac c.height#c.dupac 1.mf_allowed#c.dupac 1.mf_allowed#c.height#c.dupac
 43. 
.                 * height
.                 test height c.height#c.dupac 1.mf_allowed#c.height 1.mf_allowed#c.height#c.dupac
 44.                 
.                 * mf allowed
.                 test 1.mf_allowed 1.mf_allowed#c.dupac 1.mf_allowed#c.height 1.mf_allowed#c.height#c.dupac
 45.                 
.         sum fam4plus_1 if mf_he_du == 1 & year==2018 & year_built>=1956 & (dist_both<=0.02 & dist_both>0) & res_typex!="Condominiums"
 46.         sum fam4plus_1 if mf_he_du == 1 & year==2018 & year_built>=1956 & (dist_both<=0 & dist_both>-0.02) & res_typex!="Condominiums"                  
 47. 
.         * combine results
.         esttab A B C D E F G H, se r2 nobase indicate("Boundary f.e.=*lam_seg") ///
>                 label mtitles("only_mf" "only_he" "only_du" "mf_he" "mf_du" "du_he" "All") ///
>                 title("Part 7b: high density baseline after 1956 @ .20 miles (distance polynomial trends degree `i')") 
 48.                 
.         eststo clear
 49. }

    Variable |        Obs        Mean    Std. dev.       Min        Max
-------------+---------------------------------------------------------
  fam4plus_1 |         25         .08    .2768875          0          1

    Variable |        Obs        Mean    Std. dev.       Min        Max
-------------+---------------------------------------------------------
  fam4plus_1 |         83           0           0          0          0

    Variable |        Obs        Mean    Std. dev.       Min        Max
-------------+---------------------------------------------------------
  fam4plus_1 |         93    .0322581    .1776423          0          1

    Variable |        Obs        Mean    Std. dev.       Min        Max
-------------+---------------------------------------------------------
  fam4plus_1 |         70    .0285714    .1678015          0          1

    Variable |        Obs        Mean    Std. dev.       Min        Max
-------------+---------------------------------------------------------
  fam4plus_1 |      1,802     .008879    .0938353          0          1

    Variable |        Obs        Mean    Std. dev.       Min        Max
-------------+---------------------------------------------------------
  fam4plus_1 |      1,390    .0079137     .088638          0          1

 ( 1)  height = 0
 ( 2)  1.mf_allowed#c.height = 0

       F(  2,    20) =   10.26
            Prob > F =    0.0009

 ( 1)  1.mf_allowed = 0
 ( 2)  1.mf_allowed#c.height = 0

       F(  2,    20) =   49.65
            Prob > F =    0.0000

    Variable |        Obs        Mean    Std. dev.       Min        Max
-------------+---------------------------------------------------------
  fam4plus_1 |         26           0           0          0          0

    Variable |        Obs        Mean    Std. dev.       Min        Max
-------------+---------------------------------------------------------
  fam4plus_1 |         41           0           0          0          0

    Variable |        Obs        Mean    Std. dev.       Min        Max
-------------+---------------------------------------------------------
  fam4plus_1 |        392    .0306122    .1724849          0          1

    Variable |        Obs        Mean    Std. dev.       Min        Max
-------------+---------------------------------------------------------
  fam4plus_1 |        541    .0110906    .1048231          0          1

 ( 1)  dupac = 0
 ( 2)  1.mf_allowed#c.dupac = 0

       F(  2,   295) =    1.69
            Prob > F =    0.1864

 ( 1)  1.mf_allowed = 0
 ( 2)  1.mf_allowed#c.dupac = 0

       F(  2,   295) =    3.92
            Prob > F =    0.0208

    Variable |        Obs        Mean    Std. dev.       Min        Max
-------------+---------------------------------------------------------
  fam4plus_1 |        392    .0306122    .1724849          0          1

    Variable |        Obs        Mean    Std. dev.       Min        Max
-------------+---------------------------------------------------------
  fam4plus_1 |        541    .0110906    .1048231          0          1

 ( 1)  dupac = 0
 ( 2)  c.height#c.dupac = 0

       F(  2,    95) =    0.42
            Prob > F =    0.6551

 ( 1)  height = 0
 ( 2)  c.height#c.dupac = 0

       F(  2,    95) =    0.79
            Prob > F =    0.4584

    Variable |        Obs        Mean    Std. dev.       Min        Max
-------------+---------------------------------------------------------
  fam4plus_1 |         63    .1269841    .3356296          0          1

    Variable |        Obs        Mean    Std. dev.       Min        Max
-------------+---------------------------------------------------------
  fam4plus_1 |         67    .1044776    .3081877          0          1

 ( 1)  1.mf_allowed = 0
 ( 2)  height = 0
 ( 3)  dupac = 0

       F(  3,    96) =   12.08
            Prob > F =    0.0000

 ( 1)  1.mf_allowed = 0
 ( 2)  height = 0

       F(  2,    96) =    1.59
            Prob > F =    0.2085

 ( 1)  1.mf_allowed = 0
 ( 2)  dupac = 0

       F(  2,    96) =    0.87
            Prob > F =    0.4231

 ( 1)  height = 0
 ( 2)  dupac = 0

       F(  2,    96) =   16.39
            Prob > F =    0.0000

 ( 1)  dupac = 0
 ( 2)  c.height#c.dupac = 0
 ( 3)  1.mf_allowed#c.dupac = 0
 ( 4)  1.mf_allowed#c.height#c.dupac = 0

       F(  4,    96) =    8.33
            Prob > F =    0.0000

 ( 1)  height = 0
 ( 2)  c.height#c.dupac = 0
 ( 3)  1.mf_allowed#c.height = 0
 ( 4)  1.mf_allowed#c.height#c.dupac = 0

       F(  4,    96) =    8.60
            Prob > F =    0.0000

 ( 1)  1.mf_allowed = 0
 ( 2)  1.mf_allowed#c.dupac = 0
 ( 3)  1.mf_allowed#c.height = 0
 ( 4)  1.mf_allowed#c.height#c.dupac = 0

       F(  4,    96) =   12.18
            Prob > F =    0.0000

    Variable |        Obs        Mean    Std. dev.       Min        Max
-------------+---------------------------------------------------------
  fam4plus_1 |         55    .1636364     .373355          0          1

    Variable |        Obs        Mean    Std. dev.       Min        Max
-------------+---------------------------------------------------------
  fam4plus_1 |         60         .05    .2197842          0          1

Part 7b: high density baseline after 1956 @ .20 miles (distance polynomial trends degree 1)
----------------------------------------------------------------------------------------------------------------------------------------------------
                              (1)             (2)             (3)             (4)             (5)             (6)             (7)             (8)   
                          only_mf         only_he         only_du           mf_he           mf_du           du_he             All               H   
----------------------------------------------------------------------------------------------------------------------------------------------------
mf_allowed=1               0.0295                                           0.193*        -0.0100         -0.0100                           0.784   
                         (0.0264)                                        (0.0749)        (0.0248)        (0.0248)                         (0.841)   

r_dist_relax               -0.117         -0.0824        -0.00153         -0.0211        -0.00549        -0.00549           0.588           2.719** 
                          (0.136)        (0.0588)       (0.00770)        (0.0265)        (0.0832)        (0.0832)         (2.120)         (1.033)   

r_dist_strict              0.0450           0.735         0.00977          -0.181          0.0910          0.0910           0.625*          0.718*  
                         (0.0584)         (1.162)       (0.00825)         (0.221)        (0.0468)        (0.0468)         (0.274)         (0.346)   

height                                    -0.0356                          0.0430                                         -0.0129          -0.114   
                                         (0.0337)                        (0.0287)                                        (0.0537)         (0.105)   

dupac                                                    0.000834                         0.00142         0.00142        -0.00473          0.0121   
                                                       (0.000538)                       (0.00250)       (0.00250)       (0.00546)       (0.00944)   

mf_allowed=1 # hei~t                                                      -0.0489                                                          -0.103   
                                                                         (0.0262)                                                         (0.204)   

mf_allowed=1 # dupac                                                                      0.00571         0.00571                          -0.145***
                                                                                        (0.00312)       (0.00312)                        (0.0425)   

height # dupac                                                                                                           0.000522         0.00164   
                                                                                                                       (0.000569)       (0.00324)   

mf_allowed=1 # hei~c                                                                                                                       0.0317** 
                                                                                                                                         (0.0101)   

Constant                 -0.00918           0.122       -0.000115          -0.146*       -0.00344        -0.00344          0.0935*          0.217   
                        (0.00946)         (0.116)       (0.00110)        (0.0696)        (0.0137)        (0.0137)        (0.0410)         (0.346)   

Boundary f.e.                 Yes             Yes             Yes             Yes             Yes             Yes             Yes             Yes   
----------------------------------------------------------------------------------------------------------------------------------------------------
Observations                  454            1026           20789             177            4765            4765             511             567   
R-squared                   0.821           0.632           0.477           0.068           0.432           0.432           0.741           0.549   
----------------------------------------------------------------------------------------------------------------------------------------------------
Standard errors in parentheses
* p<0.05, ** p<0.01, *** p<0.001

. 
. 
. ********************************************************************************
. ** Another Endogeneity Check
. ** up to 0.2 miles from boundary, no year built restriction
. ********************************************************************************
. ** 2-3 family buildings, no year-built restriction
. *loop over different degrees of distance polynomial trends
. forvalues i = 1(1)1 {  // <- nfc: fix that I am not sure will work
  2.         * only mf
.         quietly reg fam23_1 i.mf_allowed i.lam_seg `distance_varlist`i'' ///
>                 if only_mf == 1 & dist<=0.2 & year == 2018, vce(cluster lam_seg) 
  3.                 
.                 eststo A
  4.                 
.         sum fam23_1 if only_mf == 1 & year==2018 & (dist_both<=0.02 & dist_both>0) & res_typex!="Condominiums"
  5.         sum fam23_1 if only_mf == 1 & year==2018 & (dist_both<=0 & dist_both>-0.02) & res_typex!="Condominiums"
  6. 
.         *only he
.         quietly reg fam23_1 height i.lam_seg `distance_varlist`i'' ///
>                 if only_he == 1 & dist<=0.2 & year == 2018 , vce(cluster lam_seg) 
  7. 
.                 eststo B
  8.                 
.         sum fam23_1 if only_he == 1 & year==2018 & (dist_both<=0.02 & dist_both>0) & res_typex!="Condominiums"
  9.         sum fam23_1 if only_he == 1 & year==2018 & (dist_both<=0 & dist_both>-0.02) & res_typex!="Condominiums"
 10.         sum fam23_1 if height == 1 & year==2018 & (dist_both<=0.02 & dist_both>0) & res_typex!="Condominiums"
 11.         sum fam23_1 if height == 1 & year==2018 & (dist_both<=0 & dist_both>-0.02) & res_typex!="Condominiums"
 12. 
.         *only du
.         quietly reg fam23_1 dupac i.lam_seg `distance_varlist`i'' ///
>                 if only_du == 1 & dist<=0.2 & year == 2018 , vce(cluster lam_seg)               
 13. 
.                 eststo C
 14. 
.         sum fam23_1 if only_du == 1 & year==2018 & (dist_both<=0.02 & dist_both>0) & res_typex!="Condominiums"
 15.         sum fam23_1 if only_du == 1 & year==2018 & (dist_both<=0 & dist_both>-0.02) & res_typex!="Condominiums"
 16.         sum dupac if only_du == 1 & year==2018 & (dist_both<=0.02 & dist_both>0) & res_typex!="Condominiums"
 17.         sum dupac if only_du == 1 & year==2018 & (dist_both<=0 & dist_both>-0.02) & res_typex!="Condominiums"
 18.                 
.         * mf he
.         quietly reg fam23_1 i.mf_allowed##c.height i.lam_seg `distance_varlist`i'' ///
>                 if mf_he == 1 & dist<=0.2  & year == 2018, vce(cluster lam_seg)                                         
 19. 
.                 eststo D
 20.                 
.                 * height
.                 test height 1.mf_allowed#c.height
 21.                 
.                 * mf_allowed
.                 test 1.mf_allowed 1.mf_allowed#c.height
 22. 
.         sum fam23_1 if mf_he == 1 & year==2018 & (dist_both<=0.02 & dist_both>0) & res_typex!="Condominiums"
 23.         sum fam23_1 if mf_he == 1 & year==2018 & (dist_both<=0 & dist_both>-0.02) & res_typex!="Condominiums"
 24.         sum height if mf_he == 1 & year==2018 & (dist_both<=0.02 & dist_both>0) & res_typex!="Condominiums"
 25.         sum height if mf_he == 1 & year==2018 & (dist_both<=0 & dist_both>-0.02) & res_typex!="Condominiums"
 26.                 
.         * mf du
.         quietly reg fam23_1 i.mf_allowed##c.dupac i.lam_seg `distance_varlist`i'' ///
>                 if mf_du == 1 & dist<=0.2  & year == 2018, vce(cluster lam_seg)
 27.                 
.                 eststo E
 28.                 
.         sum fam23_1 if mf_du == 1 & year==2018 & (dist_both<=0.02 & dist_both>0) & res_typex!="Condominiums"
 29.         sum fam23_1 if mf_du == 1 & year==2018 & (dist_both<=0 & dist_both>-0.02) & res_typex!="Condominiums"
 30.         sum dupac if mf_du == 1 & year==2018 & (dist_both<=0.02 & dist_both>0) & res_typex!="Condominiums"
 31.         sum dupac if mf_du == 1 & year==2018 & (dist_both<=0 & dist_both>-0.02) & res_typex!="Condominiums"
 32. 
.         * mf du, relaxed 2
.         quietly reg fam23_1 i.mf_allowed##c.dupac i.lam_seg `distance_varlist`i'' ///
>                 if mf_du == 1 & dist<=0.2  & year == 2018, vce(cluster lam_seg)
 33. 
.                 eststo F
 34. 
.                 * dupac
.                 test dupac 1.mf_allowed#c.dupac
 35.                 
.                 * mf_allowed
.                 test 1.mf_allowed 1.mf_allowed#c.dupac
 36.                 
.         sum fam23_1 if mf_du == 1 & year==2018 & (dist_both<=0.02 & dist_both>0) & res_typex!="Condominiums"
 37.         sum fam23_1 if mf_du == 1 & year==2018 & (dist_both<=0 & dist_both>-0.02) & res_typex!="Condominiums"
 38.         sum dupac if mf_du == 1 & year==2018 & (dist_both<=0.02 & dist_both>0) & res_typex!="Condominiums"
 39.         sum dupac if mf_du == 1 & year==2018 & (dist_both<=0 & dist_both>-0.02) & res_typex!="Condominiums"
 40. 
.         * du he
.         quietly reg fam23_1 c.height##c.dupac i.lam_seg `distance_varlist`i'' ///
>                 if du_he == 1 & dist<=0.2  & year == 2018, vce(cluster lam_seg)
 41. 
.                 eststo G
 42. 
.                 * dupac 
.                 test dupac c.height#c.dupac
 43.                 
.                 * height
.                 test height c.height#c.dupac
 44.                 
.         sum fam23_1 if du_he == 1 & year==2018 & (dist_both<=0.02 & dist_both>0) & res_typex!="Condominiums"
 45.         sum fam23_1 if du_he == 1 & year==2018 & (dist_both<=0 & dist_both>-0.02) & res_typex!="Condominiums"
 46.         sum dupac if du_he == 1 & year==2018 & (dist_both<=0.02 & dist_both>0) & res_typex!="Condominiums"
 47.         sum dupac if du_he == 1 & year==2018 & (dist_both<=0 & dist_both>-0.02) & res_typex!="Condominiums"
 48.         sum height if du_he == 1 & year==2018 & (dist_both<=0.02 & dist_both>0) & res_typex!="Condominiums"
 49.         sum height if du_he == 1 & year==2018 & (dist_both<=0 & dist_both>-0.02) & res_typex!="Condominiums"
 50. 
.         * all (mf du he)
.         quietly reg fam23_1 i.mf_allowed##c.height##c.dupac i.lam_seg `distance_varlist`i'' ///
>                 if mf_he_du == 1 & dist<=0.2  & year == 2018, vce(cluster lam_seg) 
 51.                 
.                 eststo H
 52.                 
.                 test 1.mf_allowed height dupac
 53.                 test 1.mf_allowed height 
 54.                 test 1.mf_allowed dupac
 55.                 test height dupac       
 56.                 
.                 * dupac
.                 test dupac c.height#c.dupac 1.mf_allowed#c.dupac 1.mf_allowed#c.height#c.dupac
 57. 
.                 * height
.                 test height c.height#c.dupac 1.mf_allowed#c.height 1.mf_allowed#c.height#c.dupac
 58.                 
.                 * mf allowed
.                 test 1.mf_allowed 1.mf_allowed#c.dupac 1.mf_allowed#c.height 1.mf_allowed#c.height#c.dupac
 59.                 
.         sum fam23_1 if mf_he_du == 1 & year==2018 & (dist_both<=0.02 & dist_both>0) & res_typex!="Condominiums"
 60.         sum fam23_1 if mf_he_du == 1 & year==2018 & (dist_both<=0 & dist_both>-0.02) & res_typex!="Condominiums"
 61. 
.         * 2-3 family, before 1918, endogeneity check                            
.         esttab A B C D E F G H, se r2 nobase indicate("Boundary f.e.=*lam_seg" ) label ///
>                 mtitles("Only MF" "Only height" "Only DUPAC" "MF and height" "MF and DUPAC" "MFDU, relaxed2" "DUPAC and height" "All") ///
>                 title("2-3 family, no year-built restriction, endogeneity check (distance polynomial trends degree `i')")
 62.         eststo clear 
 63. }

    Variable |        Obs        Mean    Std. dev.       Min        Max
-------------+---------------------------------------------------------
     fam23_1 |        366    .4918033    .5006172          0          1

    Variable |        Obs        Mean    Std. dev.       Min        Max
-------------+---------------------------------------------------------
     fam23_1 |        392     .255102    .4364756          0          1

    Variable |        Obs        Mean    Std. dev.       Min        Max
-------------+---------------------------------------------------------
     fam23_1 |        281    .1209964     .326705          0          1

    Variable |        Obs        Mean    Std. dev.       Min        Max
-------------+---------------------------------------------------------
     fam23_1 |        231    .2034632    .4034483          0          1

    Variable |        Obs        Mean    Std. dev.       Min        Max
-------------+---------------------------------------------------------
     fam23_1 |          0

    Variable |        Obs        Mean    Std. dev.       Min        Max
-------------+---------------------------------------------------------
     fam23_1 |          0

    Variable |        Obs        Mean    Std. dev.       Min        Max
-------------+---------------------------------------------------------
     fam23_1 |      4,260     .163615    .3699693          0          1

    Variable |        Obs        Mean    Std. dev.       Min        Max
-------------+---------------------------------------------------------
     fam23_1 |      3,321    .2026498    .4020342          0          1

    Variable |        Obs        Mean    Std. dev.       Min        Max
-------------+---------------------------------------------------------
       dupac |      4,487    14.56318    18.48593          2        175

    Variable |        Obs        Mean    Std. dev.       Min        Max
-------------+---------------------------------------------------------
       dupac |      3,461    8.567466     10.9864          0        131

 ( 1)  height = 0
 ( 2)  1.mf_allowed#c.height = 0

       F(  2,    35) =    0.64
            Prob > F =    0.5314

 ( 1)  1.mf_allowed = 0
 ( 2)  1.mf_allowed#c.height = 0

       F(  2,    35) =    9.73
            Prob > F =    0.0004

    Variable |        Obs        Mean    Std. dev.       Min        Max
-------------+---------------------------------------------------------
     fam23_1 |        113    .2123894    .4108208          0          1

    Variable |        Obs        Mean    Std. dev.       Min        Max
-------------+---------------------------------------------------------
     fam23_1 |        128    .1328125    .3407055          0          1

    Variable |        Obs        Mean    Std. dev.       Min        Max
-------------+---------------------------------------------------------
      height |        119    3.786555    1.479059          0        6.5

    Variable |        Obs        Mean    Std. dev.       Min        Max
-------------+---------------------------------------------------------
      height |        132    3.738636    .3978276          3        4.5

    Variable |        Obs        Mean    Std. dev.       Min        Max
-------------+---------------------------------------------------------
     fam23_1 |      1,929    .3670295    .4821196          0          1

    Variable |        Obs        Mean    Std. dev.       Min        Max
-------------+---------------------------------------------------------
     fam23_1 |      1,931    .2547903    .4358561          0          1

    Variable |        Obs        Mean    Std. dev.       Min        Max
-------------+---------------------------------------------------------
       dupac |      1,983    11.64044    7.763814          0         49

    Variable |        Obs        Mean    Std. dev.       Min        Max
-------------+---------------------------------------------------------
       dupac |      1,979    12.54725    10.18361          0         44

 ( 1)  dupac = 0
 ( 2)  1.mf_allowed#c.dupac = 0

       F(  2,   417) =    2.57
            Prob > F =    0.0779

 ( 1)  1.mf_allowed = 0
 ( 2)  1.mf_allowed#c.dupac = 0

       F(  2,   417) =   12.44
            Prob > F =    0.0000

    Variable |        Obs        Mean    Std. dev.       Min        Max
-------------+---------------------------------------------------------
     fam23_1 |      1,929    .3670295    .4821196          0          1

    Variable |        Obs        Mean    Std. dev.       Min        Max
-------------+---------------------------------------------------------
     fam23_1 |      1,931    .2547903    .4358561          0          1

    Variable |        Obs        Mean    Std. dev.       Min        Max
-------------+---------------------------------------------------------
       dupac |      1,983    11.64044    7.763814          0         49

    Variable |        Obs        Mean    Std. dev.       Min        Max
-------------+---------------------------------------------------------
       dupac |      1,979    12.54725    10.18361          0         44

 ( 1)  dupac = 0
 ( 2)  c.height#c.dupac = 0

       F(  2,   228) =    1.24
            Prob > F =    0.2927

 ( 1)  height = 0
 ( 2)  c.height#c.dupac = 0

       F(  2,   228) =    1.15
            Prob > F =    0.3192

    Variable |        Obs        Mean    Std. dev.       Min        Max
-------------+---------------------------------------------------------
     fam23_1 |        462    .5194805     .500162          0          1

    Variable |        Obs        Mean    Std. dev.       Min        Max
-------------+---------------------------------------------------------
     fam23_1 |        635    .5275591    .4996335          0          1

    Variable |        Obs        Mean    Std. dev.       Min        Max
-------------+---------------------------------------------------------
       dupac |        565    49.28496    42.04302          0        349

    Variable |        Obs        Mean    Std. dev.       Min        Max
-------------+---------------------------------------------------------
       dupac |        711     19.9353    14.67714          0         73

    Variable |        Obs        Mean    Std. dev.       Min        Max
-------------+---------------------------------------------------------
      height |        565    5.182478    2.460863          3         14

    Variable |        Obs        Mean    Std. dev.       Min        Max
-------------+---------------------------------------------------------
      height |        711    3.261041    .8750298          0        7.5

 ( 1)  1.mf_allowed = 0
 ( 2)  height = 0
 ( 3)  dupac = 0

       F(  3,   182) =   57.36
            Prob > F =    0.0000

 ( 1)  1.mf_allowed = 0
 ( 2)  height = 0

       F(  2,   182) =   29.54
            Prob > F =    0.0000

 ( 1)  1.mf_allowed = 0
 ( 2)  dupac = 0

       F(  2,   182) =   12.71
            Prob > F =    0.0000

 ( 1)  height = 0
 ( 2)  dupac = 0

       F(  2,   182) =   85.34
            Prob > F =    0.0000

 ( 1)  dupac = 0
 ( 2)  c.height#c.dupac = 0
 ( 3)  1.mf_allowed#c.dupac = 0
 ( 4)  1.mf_allowed#c.height#c.dupac = 0

       F(  4,   182) =   23.78
            Prob > F =    0.0000

 ( 1)  height = 0
 ( 2)  c.height#c.dupac = 0
 ( 3)  1.mf_allowed#c.height = 0
 ( 4)  1.mf_allowed#c.height#c.dupac = 0

       F(  4,   182) =   16.35
            Prob > F =    0.0000

 ( 1)  1.mf_allowed = 0
 ( 2)  1.mf_allowed#c.dupac = 0
 ( 3)  1.mf_allowed#c.height = 0
 ( 4)  1.mf_allowed#c.height#c.dupac = 0

       F(  4,   182) =   12.70
            Prob > F =    0.0000

    Variable |        Obs        Mean    Std. dev.       Min        Max
-------------+---------------------------------------------------------
     fam23_1 |        613    .5252855     .499768          0          1

    Variable |        Obs        Mean    Std. dev.       Min        Max
-------------+---------------------------------------------------------
     fam23_1 |        729    .4814815          .5          0          1

2-3 family, no year-built restriction, endogeneity check (distance polynomial trends degree 1)
----------------------------------------------------------------------------------------------------------------------------------------------------
                              (1)             (2)             (3)             (4)             (5)             (6)             (7)             (8)   
                          Only MF     Only height      Only DUPAC    MF and hei~t    MF and DUPAC    MFDU, rela~2    DUPAC and ~t             All   
----------------------------------------------------------------------------------------------------------------------------------------------------
mf_allowed=1                0.304**                                        -0.247          0.0439          0.0439                           1.387***
                         (0.0953)                                         (0.509)        (0.0296)        (0.0296)                         (0.320)   

r_dist_relax               -0.652         -0.0844           0.151**         0.628           0.312           0.312          -0.484           0.230   
                          (0.390)         (0.108)        (0.0470)         (0.530)         (0.187)         (0.187)         (0.390)         (0.577)   

r_dist_strict              -0.323          -0.198           0.143**      -0.00167           0.191           0.191           0.580           0.216   
                          (0.499)         (0.859)        (0.0495)         (0.462)         (0.157)         (0.157)         (0.478)         (0.241)   

height                                     0.0345                         -0.0918                                         -0.0233         -0.0853   
                                         (0.0238)                         (0.116)                                        (0.0204)        (0.0586)   

dupac                                                     0.00197*                       -0.00356        -0.00356        -0.00190          0.0116   
                                                       (0.000817)                       (0.00298)       (0.00298)       (0.00202)       (0.00687)   

mf_allowed=1 # hei~t                                                        0.127                                                          -0.237***
                                                                          (0.133)                                                        (0.0663)   

mf_allowed=1 # dupac                                                                      0.00618*        0.00618*                        -0.0477***
                                                                                        (0.00283)       (0.00283)                       (0.00982)   

height # dupac                                                                                                           0.000313        0.000950   
                                                                                                                       (0.000209)       (0.00176)   

mf_allowed=1 # hei~c                                                                                                                      0.00877***
                                                                                                                                        (0.00199)   

Constant                   -0.105          -0.207         0.00977*          0.275         -0.0981***      -0.0981***       0.0868          -0.123   
                         (0.0559)         (0.142)       (0.00450)         (0.341)        (0.0290)        (0.0290)        (0.0715)         (0.277)   

Boundary f.e.                 Yes             Yes             Yes             Yes             Yes             Yes             Yes             Yes   
----------------------------------------------------------------------------------------------------------------------------------------------------
Observations                 2214            2401           41156             722           16706           16706            3977            4684   
R-squared                   0.464           0.448           0.447           0.343           0.357           0.357           0.292           0.378   
----------------------------------------------------------------------------------------------------------------------------------------------------
Standard errors in parentheses
* p<0.05, ** p<0.01, *** p<0.001

. 
. ** 4+ family buildings , no year-built restriction
. *loop over different degrees of distance polynomial trends
. forvalues i = 1(1)1 {  // <- nfc: fix that I am not sure will work
  2.         * only mf
.         quietly reg fam4plus_1 i.mf_allowed i.lam_seg `distance_varlist`i'' ///
>                 if only_mf == 1 & dist<=0.2  & year == 2018 , vce(cluster lam_seg) 
  3.                 
.                 eststo A
  4.                 
.         sum fam4plus_1 if only_mf == 1 & year==2018 & (dist_both<=0.02 & dist_both>0) & res_typex!="Condominiums"
  5.         sum fam4plus_1 if only_mf == 1 & year==2018 & (dist_both<=0 & dist_both>-0.02) & res_typex!="Condominiums"
  6. 
.         *only he
.         quietly reg fam4plus_1 height i.lam_seg `distance_varlist`i'' ///
>                 if only_he == 1 & dist<=0.2  & year == 2018 , vce(cluster lam_seg) 
  7. 
.                 eststo B
  8.                 
.         sum fam4plus_1 if only_he == 1 & year==2018 & (dist_both<=0.02 & dist_both>0) & res_typex!="Condominiums"
  9.         sum fam4plus_1 if only_he == 1 & year==2018 & (dist_both<=0 & dist_both>-0.02) & res_typex!="Condominiums"
 10.         sum height if only_he == 1 & year==2018 & (dist_both<=0.02 & dist_both>0) & res_typex!="Condominiums"
 11.         sum height if only_he == 1 & year==2018 & (dist_both<=0 & dist_both>-0.02) & res_typex!="Condominiums"
 12. 
.         *only du
.         quietly reg fam4plus_1 dupac i.lam_seg `distance_varlist`i'' ///
>                 if only_du == 1 & dist<=0.2  & year == 2018, vce(cluster lam_seg)               
 13. 
.                 eststo C
 14.                 
.         sum fam4plus_1 if only_du == 1 & year==2018 & (dist_both<=0.02 & dist_both>0) & res_typex!="Condominiums"
 15.         sum fam4plus_1 if only_du == 1 & year==2018 & (dist_both<=0 & dist_both>-0.02) & res_typex!="Condominiums"
 16.         sum dupac if only_du == 1 & year==2018 & (dist_both<=0.02 & dist_both>0) & res_typex!="Condominiums"
 17.         sum dupac if only_du == 1 & year==2018 & (dist_both<=0 & dist_both>-0.02) & res_typex!="Condominiums"
 18. 
.         * mf he
.         quietly reg fam4plus_1 i.mf_allowed##c.height i.lam_seg `distance_varlist`i'' ///
>                 if mf_he == 1 & dist<=0.2  & year == 2018 , vce(cluster lam_seg)                                        
 19. 
.                 eststo D
 20.                 
.                 * height
.                 test height 1.mf_allowed#c.height
 21.                 
.                 * mf_allowed
.                 test 1.mf_allowed 1.mf_allowed#c.height
 22.                 
.         sum fam4plus_1 if mf_he == 1 & year==2018 & (dist_both<=0.02 & dist_both>0) & res_typex!="Condominiums"
 23.         sum fam4plus_1 if mf_he == 1 & year==2018 & (dist_both<=0 & dist_both>-0.02) & res_typex!="Condominiums"
 24.         sum height if mf_he == 1 & year==2018 & (dist_both<=0.02 & dist_both>0) & res_typex!="Condominiums"
 25.         sum height if mf_he == 1 & year==2018 & (dist_both<=0 & dist_both>-0.02) & res_typex!="Condominiums"
 26. 
.         * mf du
.         quietly reg fam4plus_1 i.mf_allowed##c.dupac i.lam_seg `distance_varlist`i'' ///
>                 if mf_du == 1 & dist<=0.2  & year == 2018 , vce(cluster lam_seg)
 27.                 
.                 eststo E
 28.                 
.         sum fam4plus_1 if mf_du == 1 & year==2018 & (dist_both<=0.02 & dist_both>0) & res_typex!="Condominiums"
 29.         sum fam4plus_1 if mf_du == 1 & year==2018 & (dist_both<=0 & dist_both>-0.02) & res_typex!="Condominiums"
 30.         sum dupac if mf_du == 1 & year==2018 & (dist_both<=0.02 & dist_both>0) & res_typex!="Condominiums"
 31.         sum dupac if mf_du == 1 & year==2018 & (dist_both<=0 & dist_both>-0.02) & res_typex!="Condominiums"
 32. 
.         * mf du, relaxed 2
.         quietly reg fam4plus_1 i.mf_allowed##c.dupac i.lam_seg `distance_varlist`i'' ///
>                 if mf_du == 1 & dist<=0.2  & year == 2018 , vce(cluster lam_seg)
 33. 
.                 eststo F
 34. 
.                 * dupac
.                 test dupac 1.mf_allowed#c.dupac
 35.                 
.                 * mf_allowed
.                 test 1.mf_allowed 1.mf_allowed#c.dupac
 36.                 
.         sum fam4plus_1 if mf_du == 1 & year==2018 & (dist_both<=0.02 & dist_both>0) & res_typex!="Condominiums"
 37.         sum fam4plus_1 if mf_du == 1 & year==2018 & (dist_both<=0 & dist_both>-0.02) & res_typex!="Condominiums"
 38.         sum dupac if mf_du == 1 & year==2018 & (dist_both<=0.02 & dist_both>0) & res_typex!="Condominiums"
 39.         sum dupac if mf_du == 1 & year==2018 & (dist_both<=0 & dist_both>-0.02) & res_typex!="Condominiums"
 40. 
.         * du he
.         quietly reg fam4plus_1 c.height##c.dupac i.lam_seg `distance_varlist`i'' ///
>                 if du_he == 1 & dist<=0.2  & year == 2018 , vce(cluster lam_seg)
 41. 
.                 eststo G
 42. 
.                 * dupac 
.                 test dupac c.height#c.dupac
 43.                 
.                 * height
.                 test height c.height#c.dupac
 44.                 
.         sum fam4plus_1 if du_he == 1 & year==2018 & (dist_both<=0.02 & dist_both>0) & res_typex!="Condominiums"
 45.         sum fam4plus_1 if du_he == 1 & year==2018 & (dist_both<=0 & dist_both>-0.02) & res_typex!="Condominiums"
 46.         sum dupac if du_he == 1 & year==2018 & (dist_both<=0.02 & dist_both>0) & res_typex!="Condominiums"
 47.         sum dupac if du_he == 1 & year==2018 & (dist_both<=0 & dist_both>-0.02) & res_typex!="Condominiums"
 48.         sum height if du_he == 1 & year==2018 & (dist_both<=0.02 & dist_both>0) & res_typex!="Condominiums"
 49.         sum height if du_he == 1 & year==2018 & (dist_both<=0 & dist_both>-0.02) & res_typex!="Condominiums"
 50. 
.         * all (mf du he)
.         quietly reg fam4plus_1 i.mf_allowed##c.height##c.dupac i.lam_seg `distance_varlist`i'' ///
>                 if mf_he_du == 1 & dist<=0.2  & year == 2018 , vce(cluster lam_seg) 
 51.                 
.                 eststo H
 52.                 
.                 test 1.mf_allowed height dupac
 53.                 test 1.mf_allowed height 
 54.                 test 1.mf_allowed dupac
 55.                 test height dupac       
 56.                 
.                 * dupac
.                 test dupac c.height#c.dupac 1.mf_allowed#c.dupac 1.mf_allowed#c.height#c.dupac
 57. 
.                 * height
.                 test height c.height#c.dupac 1.mf_allowed#c.height 1.mf_allowed#c.height#c.dupac
 58.                 
.                 * mf allowed
.                 test 1.mf_allowed 1.mf_allowed#c.dupac 1.mf_allowed#c.height 1.mf_allowed#c.height#c.dupac
 59.                 
.         sum fam4plus_1 if mf_he_du == 1 & year==2018 & (dist_both<=0.02 & dist_both>0) & res_typex!="Condominiums"
 60.         sum fam4plus_1 if mf_he_du == 1 & year==2018 & (dist_both<=0 & dist_both>-0.02) & res_typex!="Condominiums"
 61. 
.         * 4+ family, no year-built restriction, robustness check                                
.         esttab A B C D E F G H, se r2 nobase indicate("Boundary f.e.=*lam_seg" ) label ///
>                 mtitles("Only MF" "Only height" "Only DUPAC" "MF and height" "MF and DUPAC" "MFDU, relaxed2" "DUPAC and height" "All") ///
>                 title("4+ family, no year-built restriction, endogeneity check (distance polynomial trends degree `i')")
 62.         eststo clear 
 63. }

    Variable |        Obs        Mean    Std. dev.       Min        Max
-------------+---------------------------------------------------------
  fam4plus_1 |        198    .0606061    .2392111          0          1

    Variable |        Obs        Mean    Std. dev.       Min        Max
-------------+---------------------------------------------------------
  fam4plus_1 |        296    .0135135     .115655          0          1

    Variable |        Obs        Mean    Std. dev.       Min        Max
-------------+---------------------------------------------------------
  fam4plus_1 |        259     .046332    .2106102          0          1

    Variable |        Obs        Mean    Std. dev.       Min        Max
-------------+---------------------------------------------------------
  fam4plus_1 |        194    .0515464    .2216815          0          1

    Variable |        Obs        Mean    Std. dev.       Min        Max
-------------+---------------------------------------------------------
      height |        300    3.840333    1.984608        3.5       35.6

    Variable |        Obs        Mean    Std. dev.       Min        Max
-------------+---------------------------------------------------------
      height |        251     3.00996     .585577          0        5.5

    Variable |        Obs        Mean    Std. dev.       Min        Max
-------------+---------------------------------------------------------
  fam4plus_1 |      3,668     .028626    .1667756          0          1

    Variable |        Obs        Mean    Std. dev.       Min        Max
-------------+---------------------------------------------------------
  fam4plus_1 |      2,749    .0367406    .1881585          0          1

    Variable |        Obs        Mean    Std. dev.       Min        Max
-------------+---------------------------------------------------------
       dupac |      4,487    14.56318    18.48593          2        175

    Variable |        Obs        Mean    Std. dev.       Min        Max
-------------+---------------------------------------------------------
       dupac |      3,461    8.567466     10.9864          0        131

 ( 1)  height = 0
 ( 2)  1.mf_allowed#c.height = 0

       F(  2,    30) =    1.82
            Prob > F =    0.1793

 ( 1)  1.mf_allowed = 0
 ( 2)  1.mf_allowed#c.height = 0

       F(  2,    30) =    3.26
            Prob > F =    0.0525

    Variable |        Obs        Mean    Std. dev.       Min        Max
-------------+---------------------------------------------------------
  fam4plus_1 |         91     .021978     .147424          0          1

    Variable |        Obs        Mean    Std. dev.       Min        Max
-------------+---------------------------------------------------------
  fam4plus_1 |        112    .0089286    .0944911          0          1

    Variable |        Obs        Mean    Std. dev.       Min        Max
-------------+---------------------------------------------------------
      height |        119    3.786555    1.479059          0        6.5

    Variable |        Obs        Mean    Std. dev.       Min        Max
-------------+---------------------------------------------------------
      height |        132    3.738636    .3978276          3        4.5

    Variable |        Obs        Mean    Std. dev.       Min        Max
-------------+---------------------------------------------------------
  fam4plus_1 |      1,265    .0347826    .1833012          0          1

    Variable |        Obs        Mean    Std. dev.       Min        Max
-------------+---------------------------------------------------------
  fam4plus_1 |      1,468    .0197548    .1392039          0          1

    Variable |        Obs        Mean    Std. dev.       Min        Max
-------------+---------------------------------------------------------
       dupac |      1,983    11.64044    7.763814          0         49

    Variable |        Obs        Mean    Std. dev.       Min        Max
-------------+---------------------------------------------------------
       dupac |      1,979    12.54725    10.18361          0         44

 ( 1)  dupac = 0
 ( 2)  1.mf_allowed#c.dupac = 0

       F(  2,   402) =    0.04
            Prob > F =    0.9585

 ( 1)  1.mf_allowed = 0
 ( 2)  1.mf_allowed#c.dupac = 0

       F(  2,   402) =    3.03
            Prob > F =    0.0493

    Variable |        Obs        Mean    Std. dev.       Min        Max
-------------+---------------------------------------------------------
  fam4plus_1 |      1,265    .0347826    .1833012          0          1

    Variable |        Obs        Mean    Std. dev.       Min        Max
-------------+---------------------------------------------------------
  fam4plus_1 |      1,468    .0197548    .1392039          0          1

    Variable |        Obs        Mean    Std. dev.       Min        Max
-------------+---------------------------------------------------------
       dupac |      1,983    11.64044    7.763814          0         49

    Variable |        Obs        Mean    Std. dev.       Min        Max
-------------+---------------------------------------------------------
       dupac |      1,979    12.54725    10.18361          0         44

 ( 1)  dupac = 0
 ( 2)  c.height#c.dupac = 0

       F(  2,   209) =    0.93
            Prob > F =    0.3963

 ( 1)  height = 0
 ( 2)  c.height#c.dupac = 0

       F(  2,   209) =    0.05
            Prob > F =    0.9484

    Variable |        Obs        Mean    Std. dev.       Min        Max
-------------+---------------------------------------------------------
  fam4plus_1 |        274     .189781    .3928453          0          1

    Variable |        Obs        Mean    Std. dev.       Min        Max
-------------+---------------------------------------------------------
  fam4plus_1 |        349    .1404011    .3479015          0          1

    Variable |        Obs        Mean    Std. dev.       Min        Max
-------------+---------------------------------------------------------
       dupac |        565    49.28496    42.04302          0        349

    Variable |        Obs        Mean    Std. dev.       Min        Max
-------------+---------------------------------------------------------
       dupac |        711     19.9353    14.67714          0         73

    Variable |        Obs        Mean    Std. dev.       Min        Max
-------------+---------------------------------------------------------
      height |        565    5.182478    2.460863          3         14

    Variable |        Obs        Mean    Std. dev.       Min        Max
-------------+---------------------------------------------------------
      height |        711    3.261041    .8750298          0        7.5

 ( 1)  1.mf_allowed = 0
 ( 2)  height = 0
 ( 3)  dupac = 0

       F(  3,   162) =    2.10
            Prob > F =    0.1021

 ( 1)  1.mf_allowed = 0
 ( 2)  height = 0

       F(  2,   162) =    0.32
            Prob > F =    0.7230

 ( 1)  1.mf_allowed = 0
 ( 2)  dupac = 0

       F(  2,   162) =    1.76
            Prob > F =    0.1754

 ( 1)  height = 0
 ( 2)  dupac = 0

       F(  2,   162) =    2.79
            Prob > F =    0.0641

 ( 1)  dupac = 0
 ( 2)  c.height#c.dupac = 0
 ( 3)  1.mf_allowed#c.dupac = 0
 ( 4)  1.mf_allowed#c.height#c.dupac = 0

       F(  4,   162) =    2.41
            Prob > F =    0.0517

 ( 1)  height = 0
 ( 2)  c.height#c.dupac = 0
 ( 3)  1.mf_allowed#c.height = 0
 ( 4)  1.mf_allowed#c.height#c.dupac = 0

       F(  4,   162) =    0.53
            Prob > F =    0.7143

 ( 1)  1.mf_allowed = 0
 ( 2)  1.mf_allowed#c.dupac = 0
 ( 3)  1.mf_allowed#c.height = 0
 ( 4)  1.mf_allowed#c.height#c.dupac = 0

       F(  4,   162) =    2.21
            Prob > F =    0.0701

    Variable |        Obs        Mean    Std. dev.       Min        Max
-------------+---------------------------------------------------------
  fam4plus_1 |        319    .0877743    .2834109          0          1

    Variable |        Obs        Mean    Std. dev.       Min        Max
-------------+---------------------------------------------------------
  fam4plus_1 |        396    .0454545    .2085624          0          1

4+ family, no year-built restriction, endogeneity check (distance polynomial trends degree 1)
----------------------------------------------------------------------------------------------------------------------------------------------------
                              (1)             (2)             (3)             (4)             (5)             (6)             (7)             (8)   
                          Only MF     Only height      Only DUPAC    MF and hei~t    MF and DUPAC    MFDU, rela~2    DUPAC and ~t             All   
----------------------------------------------------------------------------------------------------------------------------------------------------
mf_allowed=1               0.0260*                                       -0.00573          0.0184          0.0184                           0.249   
                         (0.0127)                                         (0.107)        (0.0134)        (0.0134)                         (0.324)   

r_dist_relax               0.0373         -0.0258         0.00297         -0.0755          0.0139          0.0139           0.434          -0.241   
                          (0.154)        (0.0581)        (0.0109)        (0.0471)        (0.0526)        (0.0526)         (0.688)         (0.385)   

r_dist_strict             -0.0240           0.644          0.0316*        0.00519          0.0404          0.0404           0.864*          0.100   
                         (0.0535)         (0.651)        (0.0130)        (0.0426)        (0.0438)        (0.0438)         (0.412)         (0.140)   

height                                   -0.00343                         -0.0150                                        -0.00825          0.0203   
                                         (0.0133)                        (0.0361)                                        (0.0276)        (0.0553)   

dupac                                                    0.000893                        0.000200        0.000200         0.00137          0.0109   
                                                       (0.000506)                      (0.000924)      (0.000924)       (0.00216)       (0.00583)   

mf_allowed=1 # hei~t                                                      0.00865                                                         -0.0166   
                                                                         (0.0334)                                                        (0.0856)   

mf_allowed=1 # dupac                                                                    -0.000170       -0.000170                        -0.00616   
                                                                                        (0.00123)       (0.00123)                        (0.0106)   

height # dupac                                                                                                          0.0000402        -0.00123   
                                                                                                                       (0.000261)       (0.00202)   

mf_allowed=1 # hei~c                                                                                                                    -0.000263   
                                                                                                                                        (0.00290)   

Constant                  -0.0139*         0.0206         0.00173          0.0455         -0.0206*        -0.0206*          0.129*         -0.249   
                        (0.00604)        (0.0797)       (0.00148)         (0.108)       (0.00996)       (0.00996)        (0.0617)         (0.195)   

Boundary f.e.                 Yes             Yes             Yes             Yes             Yes             Yes             Yes             Yes   
----------------------------------------------------------------------------------------------------------------------------------------------------
Observations                 1530            2216           37101             589           12570           12570            2315            2776   
R-squared                   0.316           0.496           0.416           0.450           0.194           0.194           0.362           0.334   
----------------------------------------------------------------------------------------------------------------------------------------------------
Standard errors in parentheses
* p<0.05, ** p<0.01, *** p<0.001

. 
. 
. ********************************************************************************
. ** end
. ********************************************************************************
. log off
      name:  <unnamed>
       log:  /shared/boston_zoning/working_paper/replication_package/analysis/within_town_mtlines_output/within_town_mtlines_log_2025-04-18.log
  log type:  text
 paused on:  18 Apr 2025, 15:25:48
---------------------------------------------------------------------------------------------------------------------------------------------------------------------------------------------------------------------------------------------------------------
