---------------------------------------------------------------------------------------------------------------------------------------------------------------------------------------------------------------------------------------------------------------
      name:  <unnamed>
       log:  /shared/boston_zoning/working_paper/replication_package/analysis/amenities_muni_boundary_output/amenities_muni_boundary_log_2025-04-18.log
  log type:  text
 opened on:  18 Apr 2025, 11:58:51

. 
. 
. ********************************************************************************
. * File name:            amenities_muni_boundary.do
. *
. * Project title:        Boston Zoning Paper
. *
. * Description:          Is the same as amenities except comparing across town 
. *                                       boundaries instead of zoning boundaries
. *
. * Inputs:                       dist_south_station_2022_09_29.csv
. *                                       transit_distance.csv
. *                                       soil_quality_matches.dta
. *                                       warren_group_walkability.dta
. *                                       final_dataset_town_comparisons.dta
. *
. * Outputs:                      multiple .tex files
. *                                       log output
. *
. * Created:                      06/23/2021
. * Updated:                      03/19/2025
. ********************************************************************************
. 
. confirm file "$DATAPATH/dist_south_station_2022_09_29.csv"

. confirm file "$DATAPATH/transit_distance.csv"

. confirm file "$DATAPATH/soil_quality_matches.dta"

. confirm file "$DATAPATH/warren_group_walkability.dta"

. confirm file "$DATAPATH/final_dataset_town_comparisons.dta"

. 
. * set to 1 to run setup code
. scalar UPDATE_INT_FILE = 1

. if UPDATE_INT_FILE {
. 
. ********************************************************************************
. ** load and tempsave the transit data
. ********************************************************************************
. import delimited "$DATAPATH/dist_south_station_2022_09_29.csv", clear stringcols(_all)
(encoding automatically selected: ISO-8859-1)
(10 vars, 303 obs)
. 
. tempfile dist_south_station
. save `dist_south_station', replace
(file /tmp/343956.1.sta.q/St2124155.000001 not found)
file /tmp/343956.1.sta.q/St2124155.000001 saved as .dta format
. 
. import delimited "$DATAPATH/transit_distance.csv", clear stringcols(_all)
(encoding automatically selected: ISO-8859-1)
(10 vars, 821,237 obs)
. 
. merge m:1 station_id using `dist_south_station'

    Result                      Number of obs
    -----------------------------------------
    Not matched                            11
        from master                         0  (_merge==1)
        from using                         11  (_merge==2)

    Matched                           821,237  (_merge==3)
    -----------------------------------------
.                 
.                 * merge error check
.                 sum _merge

    Variable |        Obs        Mean    Std. dev.       Min        Max
-------------+---------------------------------------------------------
      _merge |    821,248    2.999987    .0036598          2          3
.                 drop if _merge == 2
(11 observations deleted)
.                 drop _merge
.         
. keep prop_id station_id station_name distance_m_* length_m
. 
. destring prop_id distance_m_* length_m, replace
prop_id: all characters numeric; replaced as long
distance_m_euc: all characters numeric; replaced as double
distance_m_man: all characters numeric; replaced as double
length_m: all characters numeric; replaced as long
(3660 missing values generated)
. 
. gen transit_dist_m = distance_m_man + length_m
(3,660 missing values generated)
. 
. tempfile transit
. save `transit', replace
(file /tmp/343956.1.sta.q/St2124155.000002 not found)
file /tmp/343956.1.sta.q/St2124155.000002 saved as .dta format
. 
. 
. ********************************************************************************
. ** load and tempsave the soil data
. ********************************************************************************
. use "$DATAPATH/soil_quality_matches.dta", clear
. 
. keep prop_id avg_slope slope_15 avg_restri avg_sand avg_clay
. 
. destring  avg_slope slope_15 avg_restri avg_sand avg_clay, replace
avg_slope: all characters numeric; replaced as double
(164372 missing values generated)
slope_15: all characters numeric; replaced as double
(164372 missing values generated)
avg_restri: all characters numeric; replaced as double
(164372 missing values generated)
avg_sand: all characters numeric; replaced as double
(164372 missing values generated)
avg_clay: all characters numeric; replaced as double
(164372 missing values generated)
. 
. tempfile soil
. save `soil', replace
(file /tmp/343956.1.sta.q/St2124155.000003 not found)
file /tmp/343956.1.sta.q/St2124155.000003 saved as .dta format
. 
. 
. ********************************************************************************
. ** load and tempsave the walk score data 19.05.2024
. ********************************************************************************
. use "$DATAPATH/warren_group_walkability.dta"
. 
. keep prop_id d2b_e8mixa d2a_ephhm d3b d2a_ranked d2b_ranked d3b_ranked natwalkind
. 
. tempfile walkscore
. save `walkscore', replace
(file /tmp/343956.1.sta.q/St2124155.000004 not found)
file /tmp/343956.1.sta.q/St2124155.000004 saved as .dta format
. 
. 
. ********************************************************************************
. ** load final town comparisons dataset and run the setup
. ********************************************************************************
. use "$DATAPATH/final_dataset_town_comparisons.dta", clear
. 
. run "$DOPATH/analysis_town_comparisons_setup.do"
Running analysis_town_comparisons_setup.do...
If called with <run> this file will run quietly and not display in log.
Call with <do> to show the output in log file.
Trimming input dataset...
Merging on closest stuff dataset...
Merging on CPI dataset...
Merging on CoStar datasets...
Merging on warren group sales price data...
Generating building and neighborhood characteristics...
Generating zoning regulation variables...
Calculating blah_sum, dropping if blah_sum == 1...
Generating relaxed side of boundary indicators...
Generating distance to boundary variables...
Generating rents and house price variables...
Done!
** END OF SETUP FILE **
. 
. 
. ********************************************************************************
. ** merge on transit data
. ********************************************************************************
. merge m:1 prop_id using `transit'

    Result                      Number of obs
    -----------------------------------------
    Not matched                       109,353
        from master                         0  (_merge==1)
        from using                    109,353  (_merge==2)

    Matched                         6,038,508  (_merge==3)
    -----------------------------------------
. 
.         * merge error check
.         sum _merge      

    Variable |        Obs        Mean    Std. dev.       Min        Max
-------------+---------------------------------------------------------
      _merge |  6,147,861    2.982213    .1321771          2          3
.         drop if _merge == 2
(109,353 observations deleted)
.         drop _merge
. 
.         
. ********************************************************************************
. ** merge on soil quality data
. ********************************************************************************
. merge m:1 prop_id using `soil'

    Result                      Number of obs
    -----------------------------------------
    Not matched                       109,353
        from master                         0  (_merge==1)
        from using                    109,353  (_merge==2)

    Matched                         6,038,508  (_merge==3)
    -----------------------------------------
. 
.         * merge error check
.         sum _merge

    Variable |        Obs        Mean    Std. dev.       Min        Max
-------------+---------------------------------------------------------
      _merge |  6,147,861    2.982213    .1321771          2          3
.         drop if _merge == 2
(109,353 observations deleted)
.         drop _merge 
. 
.         
. ********************************************************************************
. ** merge on walkscore variables 
. ********************************************************************************
. merge m:1 prop_id using `walkscore', 

    Result                      Number of obs
    -----------------------------------------
    Not matched                     1,961,334
        from master                 1,875,040  (_merge==1)
        from using                     86,294  (_merge==2)

    Matched                         4,163,468  (_merge==3)
    -----------------------------------------
. 
.         * merge error check
.     sum _merge

    Variable |        Obs        Mean    Std. dev.       Min        Max
-------------+---------------------------------------------------------
      _merge |  6,124,802    2.373633    .9199507          1          3
.     drop if _merge == 2
(86,294 observations deleted)
.     drop _merge 
. 
. 
. ********************************************************************************
. ** drop out of scope years
. ********************************************************************************
. keep if (year >= 2010 & year <= 2018)
(0 observations deleted)
. 
. tab year

       year |      Freq.     Percent        Cum.
------------+-----------------------------------
       2010 |    651,484       10.79       10.79
       2011 |    674,925       11.18       21.97
       2012 |    670,678       11.11       33.07
       2013 |    670,997       11.11       44.18
       2014 |    659,177       10.92       55.10
       2015 |    675,012       11.18       66.28
       2016 |    677,217       11.21       77.49
       2017 |    678,900       11.24       88.74
       2018 |    680,118       11.26      100.00
------------+-----------------------------------
      Total |  6,038,508      100.00
. 
. 
. ********************************************************************************
. ** gen amenity variables
. ********************************************************************************
. gen dist_school = closest_school_dist
. gen dist_center = closest_city_dist
. gen dist_road = closest_road_dist
. gen dist_river = closest_river_dist
. gen dist_space = closest_green_dist
. 
. gen transit_dist = transit_dist_m/1609
(28,762 missing values generated)
. 
. gen soil_avgslope = avg_slope
(1,127,713 missing values generated)
. gen soil_slope15 = slope_15
(1,127,713 missing values generated)
. gen soil_avgrestri = avg_restri
(1,127,713 missing values generated)
. gen soil_avgsand = avg_sand
(1,127,713 missing values generated)
. gen soil_avgclay = avg_clay
(1,127,713 missing values generated)
. 
. * save a mid-point version to cut down on run time while error checking code
. // save "$DATAPATH/final_dataset_town_comparisons_postsetup_20240930.dta", replace
. }

. * load mid-point version to cut down on run time while error checking code
. // use  "$DATAPATH/final_dataset_town_comparisons_postsetup_20240930.dta", clear
. 
. 
. ********************************************************************************
. ** distance to highway 
. ********************************************************************************
. capture noisily {
. ** regressions
. quietly eststo road_du: reg dist_road ib26.dist3 i.lam_seg i.year if year==2018 & (dist_both<=0.21 & dist_both>=-0.2 & only_du == 1 & res_typex !="Condominiums") , vce(cluster lam_seg)
. sum dist_road if only_du == 1 & year==2018 & (dist_both<=0.02 & dist_both>0) & res_typex != "Condominiums" 

    Variable |        Obs        Mean    Std. dev.       Min        Max
-------------+---------------------------------------------------------
   dist_road |         51    .2721226    .3278468   .0061866   .9221408
. sum dist_road if only_du == 1 & year==2018 & (dist_both<=0 & dist_both>-0.02) & res_typex != "Condominiums"

    Variable |        Obs        Mean    Std. dev.       Min        Max
-------------+---------------------------------------------------------
   dist_road |         66     .163283    .2516419   .0013941   .9109693
.         
. quietly eststo road_duhe: reg dist_road ib26.dist3 i.lam_seg i.year if year==2018 & (dist_both<=0.21 & dist_both>=-0.2 & du_he == 1 & res_typex !="Condominiums") , vce(cluster lam_seg)
. sum dist_road if du_he == 1 & year==2018 & (dist_both<=0.02 & dist_both>0) & res_typex != "Condominiums" 

    Variable |        Obs        Mean    Std. dev.       Min        Max
-------------+---------------------------------------------------------
   dist_road |        251    .1842356    .2529263   .0025013    1.45525
. sum dist_road if du_he == 1 & year==2018 & (dist_both<=0 & dist_both>-0.02) & res_typex != "Condominiums"

    Variable |        Obs        Mean    Std. dev.       Min        Max
-------------+---------------------------------------------------------
   dist_road |        327    .2045982    .2632758   1.36e-07   1.466352
. 
. quietly eststo road_mfdu: reg dist_road ib26.dist3 i.lam_seg i.year if year==2018 & (dist_both<=0.21 & dist_both>=-0.2 & mf_du == 1 & res_typex !="Condominiums") , vce(cluster lam_seg)
. sum dist_road if mf_du == 1 & year==2018 & (dist_both<=0.02 & dist_both>0) & res_typex != "Condominiums" 

    Variable |        Obs        Mean    Std. dev.       Min        Max
-------------+---------------------------------------------------------
   dist_road |         63    .1666103    .1120203   .0062092   .4358872
. sum dist_road if mf_du == 1 & year==2018 & (dist_both<=0 & dist_both>-0.02) & res_typex != "Condominiums"

    Variable |        Obs        Mean    Std. dev.       Min        Max
-------------+---------------------------------------------------------
   dist_road |         48    .1711199    .0832109   .0074525   .3309873
. 
. quietly eststo road_mf: reg dist_road ib26.dist3 i.lam_seg i.year if year==2018 & (dist_both<=0.21 & dist_both>=-0.2 & only_mf== 1 & res_typex !="Condominiums") , vce(cluster lam_seg)
. sum dist_road if only_mf == 1 & year==2018 & (dist_both<=0.02 & dist_both>0) & res_typex != "Condominiums" 

    Variable |        Obs        Mean    Std. dev.       Min        Max
-------------+---------------------------------------------------------
   dist_road |         11    .2148537    .0237093   .1796274   .2435235
. sum dist_road if only_mf == 1 & year==2018 & (dist_both<=0 & dist_both>-0.02) & res_typex != "Condominiums"

    Variable |        Obs        Mean    Std. dev.       Min        Max
-------------+---------------------------------------------------------
   dist_road |         17    .1434419    .0588808   .0595123   .2428897
. 
. quietly eststo road_mfhe: reg dist_road ib26.dist3 i.lam_seg i.year if year==2018 & (dist_both<=0.21 & dist_both>=-0.2 & mf_he == 1 & res_typex !="Condominiums") , vce(cluster lam_seg)
. sum dist_road if mf_he == 1 & year==2018 & (dist_both<=0.02 & dist_both>0) & res_typex != "Condominiums" 

    Variable |        Obs        Mean    Std. dev.       Min        Max
-------------+---------------------------------------------------------
   dist_road |         16    .1889691    .2711152   .0057264     .83249
. sum dist_road if mf_he == 1 & year==2018 & (dist_both<=0 & dist_both>-0.02) & res_typex != "Condominiums"

    Variable |        Obs        Mean    Std. dev.       Min        Max
-------------+---------------------------------------------------------
   dist_road |         17    .2121044    .2407041   .0022666   .8371645
. 
. quietly eststo road_he: reg dist_road ib26.dist3 i.lam_seg i.year if year==2018 & (dist_both<=0.21 & dist_both>=-0.2 & only_he == 1 & res_typex !="Condominiums") , vce(cluster lam_seg)
. sum dist_road if only_he == 1 & year==2018 & (dist_both<=0.02 & dist_both>0) & res_typex != "Condominiums" 

    Variable |        Obs        Mean    Std. dev.       Min        Max
-------------+---------------------------------------------------------
   dist_road |        185    .1212271    .1639116   .0030246   .9711106
. sum dist_road if only_he == 1 & year==2018 & (dist_both<=0 & dist_both>-0.02) & res_typex != "Condominiums"

    Variable |        Obs        Mean    Std. dev.       Min        Max
-------------+---------------------------------------------------------
   dist_road |        131    .1411884    .1797899   .0047926   .9679023
. 
. esttab road_du road_duhe road_mfdu road_mf road_mfhe road_he, ///
>         se r2 indicate("Boundary f.e.=*lam_seg" "Year f.e.=*year") interaction(" X ") ///
>         label mtitles("road_du" "road_duhe" "road_mfdu" "road_mf" "road_mfhe" "road_he") title("Distance to Highway (miles)") 

Distance to Highway (miles)
--------------------------------------------------------------------------------------------------------------------
                              (1)             (2)             (3)             (4)             (5)             (6)   
                          road_du       road_duhe       road_mfdu         road_mf       road_mfhe         road_he   
--------------------------------------------------------------------------------------------------------------------
-.2                        0.0114          0.0314          0.0214          -0.195          0.0245          0.0475*  
                         (0.0302)        (0.0182)        (0.0301)             (.)        (0.0497)        (0.0219)   

-.18                     -0.00717          0.0299          0.0140          -0.183          0.0385          0.0382   
                         (0.0247)        (0.0182)        (0.0356)             (.)        (0.0447)        (0.0208)   

-.16                      -0.0219          0.0352*       -0.00792          -0.203        -0.00678          0.0327   
                         (0.0275)        (0.0162)        (0.0269)             (.)        (0.0671)        (0.0197)   

-.14                      -0.0381          0.0314*         0.0144          -0.169         0.00754          0.0235   
                         (0.0351)        (0.0152)        (0.0244)             (.)        (0.0532)        (0.0194)   

-.12                      -0.0345          0.0325*        0.00736          -0.164          0.0242          0.0261   
                         (0.0336)        (0.0158)        (0.0276)             (.)        (0.0459)        (0.0205)   

-.1                       -0.0329          0.0336          0.0107          -0.118          0.0342          0.0195   
                         (0.0268)        (0.0181)        (0.0254)             (.)        (0.0395)        (0.0199)   

-.08                      -0.0366          0.0348          0.0281          -0.140         0.00645          0.0123   
                         (0.0315)        (0.0191)        (0.0328)             (.)        (0.0378)        (0.0165)   

-.06                      -0.0724          0.0395       -0.000696         -0.0782          0.0425         0.00160   
                         (0.0518)        (0.0204)        (0.0276)             (.)        (0.0476)        (0.0164)   

-.04                     -0.00786          0.0482*         0.0172         -0.0793         -0.0806        -0.00289   
                         (0.0268)        (0.0212)        (0.0279)             (.)        (0.0472)        (0.0168)   

-.02                     -0.00534          0.0441          0.0115         -0.0714          0.0237          0.0173   
                         (0.0194)        (0.0258)        (0.0308)             (.)        (0.0294)        (0.0147)   

0                               0               0               0               0               0               0   
                              (.)             (.)             (.)             (.)             (.)             (.)   

.02                        0.0161          0.0526*        0.00250         -0.0720         0.00602         0.00974   
                         (0.0150)        (0.0221)        (0.0245)             (.)        (0.0497)        (0.0151)   

.04                       0.00539          0.0432*        -0.0104         -0.0520        -0.00898         0.00124   
                         (0.0210)        (0.0193)        (0.0276)             (.)        (0.0354)        (0.0164)   

.06                       -0.0332          0.0526*       -0.00272                         -0.0155        -0.00454   
                         (0.0594)        (0.0205)        (0.0279)                        (0.0551)        (0.0174)   

.08                       -0.0200          0.0344         -0.0395                         -0.0237        -0.00420   
                         (0.0369)        (0.0182)        (0.0279)                        (0.0482)        (0.0203)   

.1                       -0.00949          0.0401*        -0.0230                         -0.0104         0.00469   
                         (0.0242)        (0.0169)        (0.0302)                        (0.0447)        (0.0191)   

.12                       -0.0238          0.0472**       -0.0353                         -0.0101         0.00212   
                         (0.0353)        (0.0176)        (0.0332)                        (0.0447)        (0.0216)   

.14                      -0.00530          0.0376         -0.0274                        -0.00369         0.00769   
                         (0.0327)        (0.0202)        (0.0333)                        (0.0441)        (0.0198)   

.16                       -0.0136          0.0484*        -0.0222                         0.00153          0.0226   
                         (0.0364)        (0.0210)        (0.0368)                        (0.0534)        (0.0202)   

.18                       -0.0103          0.0454*        -0.0104                         0.00665          0.0170   
                         (0.0336)        (0.0222)        (0.0376)                        (0.0496)        (0.0217)   

.2                       -0.00693          0.0452        -0.00491                          0.0107          0.0185   
                         (0.0318)        (0.0238)        (0.0401)                        (0.0581)        (0.0242)   

Constant                    0.275***     -0.00444        -0.00511           0.215         0.00281           0.914***
                         (0.0276)        (0.0180)        (0.0225)             (.)        (0.0456)        (0.0178)   

Boundary f.e.                 Yes             Yes             Yes             Yes             Yes             Yes   

Year f.e.                     Yes             Yes             Yes             Yes             Yes             Yes   
--------------------------------------------------------------------------------------------------------------------
Observations                 3768           17020            4522             129            1930           10336   
R-squared                   0.846           0.806           0.545           0.464           0.817           0.818   
--------------------------------------------------------------------------------------------------------------------
Standard errors in parentheses
* p<0.05, ** p<0.01, *** p<0.001
. 
. esttab road_du road_duhe road_mfdu road_mf road_mfhe road_he using "$EXPORTPATH/amenities_table_road.tex", replace keep(25.dist3) ///
>         se r2 indicate("Boundary f.e.=*lam_seg" "Year f.e.=*year") interaction(" X ") ///
>         label mtitles("road_du" "road_duhe" "road_mfdu" "road_mf" "road_mfhe" "road_he") ///
>         title("Distance to Highway (miles)") 
(file /shared/boston_zoning/working_paper/replication_package/analysis/amenities_muni_boundary_output/amenities_table_road.tex not found)
(output written to /shared/boston_zoning/working_paper/replication_package/analysis/amenities_muni_boundary_output/amenities_table_road.tex)
.         
. * robust s.e.
. quietly eststo road_du_robust: reg dist_road ib26.dist3 i.lam_seg i.year if year==2018 & (dist_both<=0.21 & dist_both>=-0.2 & only_du == 1 & res_typex !="Condominiums") , vce(robust)
.         
. quietly eststo road_duhe_robust: reg dist_road ib26.dist3 i.lam_seg i.year if year==2018 & (dist_both<=0.21 & dist_both>=-0.2 & du_he == 1 & res_typex !="Condominiums") , vce(robust)
. 
. quietly eststo road_mfdu_robust: reg dist_road ib26.dist3 i.lam_seg i.year if year==2018 & (dist_both<=0.21 & dist_both>=-0.2 & mf_du == 1 & res_typex !="Condominiums") , vce(robust)
. 
. quietly eststo road_mf_robust: reg dist_road ib26.dist3 i.lam_seg i.year if year==2018 & (dist_both<=0.21 & dist_both>=-0.2 & only_mf== 1 & res_typex !="Condominiums") , vce(robust)
. 
. quietly eststo road_mfhe_robust: reg dist_road ib26.dist3 i.lam_seg i.year if year==2018 & (dist_both<=0.21 & dist_both>=-0.2 & mf_he == 1 & res_typex !="Condominiums") , vce(robust)
. 
. quietly eststo road_he_robust: reg dist_road ib26.dist3 i.lam_seg i.year if year==2018 & (dist_both<=0.21 & dist_both>=-0.2 & only_he == 1 & res_typex !="Condominiums") , vce(robust)
. 
. esttab road_du_robust road_duhe_robust road_mfdu_robust road_mf_robust road_mfhe_robust road_he_robust, ///
>         se r2 indicate("Boundary f.e.=*lam_seg" "Year f.e.=*year") interaction(" X ") ///
>         label mtitles("road_du" "road_duhe" "road_mfdu" "road_mf" "road_mfhe" "road_he") title("Distance to Highway (miles), robust s.e.") 

Distance to Highway (miles), robust s.e.
--------------------------------------------------------------------------------------------------------------------
                              (1)             (2)             (3)             (4)             (5)             (6)   
                          road_du       road_duhe       road_mfdu         road_mf       road_mfhe         road_he   
--------------------------------------------------------------------------------------------------------------------
-.2                        0.0114          0.0314**        0.0214          -0.195***       0.0245          0.0475***
                         (0.0129)        (0.0113)        (0.0138)       (0.00978)        (0.0321)       (0.00688)   

-.18                     -0.00717          0.0299**        0.0140          -0.183***       0.0385          0.0382***
                         (0.0132)        (0.0113)        (0.0143)       (0.00799)        (0.0330)       (0.00661)   

-.16                      -0.0219          0.0352**      -0.00792          -0.203***     -0.00678          0.0327***
                         (0.0141)        (0.0114)        (0.0137)       (0.00732)        (0.0334)       (0.00663)   

-.14                      -0.0381**        0.0314**        0.0144          -0.169***      0.00754          0.0235***
                         (0.0138)        (0.0113)        (0.0136)        (0.0214)        (0.0312)       (0.00672)   

-.12                      -0.0345*         0.0325**       0.00736          -0.164***       0.0242          0.0261***
                         (0.0140)        (0.0113)        (0.0138)        (0.0321)        (0.0313)       (0.00678)   

-.1                       -0.0329*         0.0336**        0.0107          -0.118***       0.0342          0.0195** 
                         (0.0132)        (0.0114)        (0.0140)        (0.0167)        (0.0322)       (0.00666)   

-.08                      -0.0366**        0.0348**        0.0281          -0.140***      0.00645          0.0123   
                         (0.0142)        (0.0114)        (0.0150)        (0.0139)        (0.0315)       (0.00691)   

-.06                      -0.0724***       0.0395***    -0.000696         -0.0782*         0.0425         0.00160   
                         (0.0167)        (0.0114)        (0.0148)        (0.0305)        (0.0342)       (0.00697)   

-.04                     -0.00786          0.0482***       0.0172         -0.0793***      -0.0806*       -0.00289   
                         (0.0140)        (0.0115)        (0.0154)        (0.0201)        (0.0319)       (0.00798)   

-.02                     -0.00534          0.0441***       0.0115         -0.0714***       0.0237          0.0173*  
                         (0.0173)        (0.0126)        (0.0188)        (0.0163)        (0.0480)       (0.00864)   

0                               0               0               0               0               0               0   
                              (.)             (.)             (.)             (.)             (.)             (.)   

.02                        0.0161          0.0526***      0.00250         -0.0720***      0.00602         0.00974   
                         (0.0149)        (0.0122)        (0.0141)        (0.0123)        (0.0334)       (0.00685)   

.04                       0.00539          0.0432***      -0.0104         -0.0520***     -0.00898         0.00124   
                         (0.0141)        (0.0121)        (0.0142)       (0.00769)        (0.0338)       (0.00708)   

.06                       -0.0332          0.0526***     -0.00272                         -0.0155        -0.00454   
                         (0.0173)        (0.0114)        (0.0134)                        (0.0324)       (0.00638)   

.08                       -0.0200          0.0344**       -0.0395**                       -0.0237        -0.00420   
                         (0.0159)        (0.0114)        (0.0134)                        (0.0311)       (0.00652)   

.1                       -0.00949          0.0401***      -0.0230                         -0.0104         0.00469   
                         (0.0144)        (0.0116)        (0.0132)                        (0.0314)       (0.00642)   

.12                       -0.0238          0.0472***      -0.0353**                       -0.0101         0.00212   
                         (0.0156)        (0.0114)        (0.0130)                        (0.0316)       (0.00664)   

.14                      -0.00530          0.0376***      -0.0274*                       -0.00369         0.00769   
                         (0.0139)        (0.0112)        (0.0133)                        (0.0310)       (0.00667)   

.16                       -0.0136          0.0484***      -0.0222                         0.00153          0.0226***
                         (0.0143)        (0.0112)        (0.0135)                        (0.0310)       (0.00665)   

.18                       -0.0103          0.0454***      -0.0104                         0.00665          0.0170*  
                         (0.0136)        (0.0112)        (0.0134)                        (0.0323)       (0.00679)   

.2                       -0.00693          0.0452***     -0.00491                          0.0107          0.0185*  
                         (0.0149)        (0.0118)        (0.0154)                        (0.0331)       (0.00796)   

Constant                    0.275***     -0.00444        -0.00511           0.215***      0.00281           0.914***
                         (0.0183)        (0.0146)        (0.0133)       (0.00719)        (0.0319)        (0.0125)   

Boundary f.e.                 Yes             Yes             Yes             Yes             Yes             Yes   

Year f.e.                     Yes             Yes             Yes             Yes             Yes             Yes   
--------------------------------------------------------------------------------------------------------------------
Observations                 3768           17020            4522             129            1930           10336   
R-squared                   0.846           0.806           0.545           0.464           0.817           0.818   
--------------------------------------------------------------------------------------------------------------------
Standard errors in parentheses
* p<0.05, ** p<0.01, *** p<0.001
. }       

.         
.         
. ********************************************************************************
. ** distance to water body
. ********************************************************************************
. capture noisily {
. ** regressions
. quietly eststo river_du: reg dist_river ib26.dist3 i.lam_seg i.year if year==2018 & (dist_both<=0.21 & dist_both>=-0.2 & only_du == 1 & res_typex !="Condominiums") , vce(cluster lam_seg)
. sum dist_river if only_du == 1 & year==2018 & (dist_both<=0.02 & dist_both>0) & res_typex != "Condominiums" 

    Variable |        Obs        Mean    Std. dev.       Min        Max
-------------+---------------------------------------------------------
  dist_river |         51    .4728538     .246285   .1038694   1.367517
. sum dist_river if only_du == 1 & year==2018 & (dist_both<=0 & dist_both>-0.02) & res_typex != "Condominiums"

    Variable |        Obs        Mean    Std. dev.       Min        Max
-------------+---------------------------------------------------------
  dist_river |         66    .5018558    .3152099   .0320433   1.352265
. 
. quietly eststo river_duhe: reg dist_river ib26.dist3 i.lam_seg i.year if year==2018 & (dist_both<=0.21 & dist_both>=-0.2 & du_he == 1 & res_typex !="Condominiums") , vce(cluster lam_seg)
. sum dist_river if du_he == 1 & year==2018 & (dist_both<=0.02 & dist_both>0) & res_typex != "Condominiums" 

    Variable |        Obs        Mean    Std. dev.       Min        Max
-------------+---------------------------------------------------------
  dist_river |        251    .3950456    .2362868   .0207193   .9965137
. sum dist_river if du_he == 1 & year==2018 & (dist_both<=0 & dist_both>-0.02) & res_typex != "Condominiums"

    Variable |        Obs        Mean    Std. dev.       Min        Max
-------------+---------------------------------------------------------
  dist_river |        327    .4009013    .2625697    .003535   1.011303
. 
. quietly eststo river_mfdu: reg dist_river ib26.dist3 i.lam_seg i.year if year==2018 & (dist_both<=0.21 & dist_both>=-0.2 & mf_du == 1 & res_typex !="Condominiums") , vce(cluster lam_seg)
. sum dist_river if mf_du == 1 & year==2018 & (dist_both<=0.02 & dist_both>0) & res_typex != "Condominiums" 

    Variable |        Obs        Mean    Std. dev.       Min        Max
-------------+---------------------------------------------------------
  dist_river |         63     .445613    .2607299   .0251993   1.036334
. sum dist_river if mf_du == 1 & year==2018 & (dist_both<=0 & dist_both>-0.02) & res_typex != "Condominiums"

    Variable |        Obs        Mean    Std. dev.       Min        Max
-------------+---------------------------------------------------------
  dist_river |         48    .5118118    .3567883   .0282198   1.047613
. 
. quietly eststo river_mf: reg dist_river ib26.dist3 i.lam_seg i.year if year==2018 & (dist_both<=0.21 & dist_both>=-0.2 & only_mf== 1 & res_typex !="Condominiums") , vce(cluster lam_seg)
. sum dist_river if only_mf == 1 & year==2018 & (dist_both<=0.02 & dist_both>0) & res_typex != "Condominiums" 

    Variable |        Obs        Mean    Std. dev.       Min        Max
-------------+---------------------------------------------------------
  dist_river |         11    .0901187    .0136675   .0690879     .10328
. sum dist_river if only_mf == 1 & year==2018 & (dist_both<=0 & dist_both>-0.02) & res_typex != "Condominiums"

    Variable |        Obs        Mean    Std. dev.       Min        Max
-------------+---------------------------------------------------------
  dist_river |         17    .1370048    .0282052   .0930304   .1852959
. 
. quietly eststo river_mfhe: reg dist_river ib26.dist3 i.lam_seg i.year if year==2018 & (dist_both<=0.21 & dist_both>=-0.2 & mf_he == 1 & res_typex !="Condominiums") , vce(cluster lam_seg)
. sum dist_river if mf_he == 1 & year==2018 & (dist_both<=0.02 & dist_both>0) & res_typex != "Condominiums" 

    Variable |        Obs        Mean    Std. dev.       Min        Max
-------------+---------------------------------------------------------
  dist_river |         16    .4713871    .3135372   .0483848   1.009513
. sum dist_river if mf_he == 1 & year==2018 & (dist_both<=0 & dist_both>-0.02) & res_typex != "Condominiums"

    Variable |        Obs        Mean    Std. dev.       Min        Max
-------------+---------------------------------------------------------
  dist_river |         17    .3696719    .3359872   .0830951   .9939974
. 
. quietly eststo river_he: reg dist_river ib26.dist3 i.lam_seg i.year if year==2018 & (dist_both<=0.21 & dist_both>=-0.2 & only_he == 1 & res_typex !="Condominiums") , vce(cluster lam_seg)
. sum dist_river if only_he == 1 & year==2018 & (dist_both<=0.02 & dist_both>0) & res_typex != "Condominiums" 

    Variable |        Obs        Mean    Std. dev.       Min        Max
-------------+---------------------------------------------------------
  dist_river |        185    .4012803    .3157374   .0387023   1.391956
. sum dist_river if only_he == 1 & year==2018 & (dist_both<=0 & dist_both>-0.02) & res_typex != "Condominiums"

    Variable |        Obs        Mean    Std. dev.       Min        Max
-------------+---------------------------------------------------------
  dist_river |        131    .3757448    .3345568   .0087531    1.37844
. 
. esttab river_du river_duhe river_mfdu river_mf river_mfhe river_he, se r2 indicate("Boundary f.e.=*lam_seg" "Year f.e.=*year") interaction(" X ") ///
>         label mtitles("river_du" "river_duhe" "river_mfdu" "river_mf" "river_mfhe" "river_he") title("Distance to River (miles)") 

Distance to River (miles)
--------------------------------------------------------------------------------------------------------------------
                              (1)             (2)             (3)             (4)             (5)             (6)   
                         river_du      river_duhe      river_mfdu        river_mf      river_mfhe        river_he   
--------------------------------------------------------------------------------------------------------------------
-.2                       -0.0323          0.0115         -0.0220           0.253         -0.0805          0.0580** 
                         (0.0501)        (0.0213)        (0.0293)             (.)        (0.0413)        (0.0191)   

-.18                      -0.0353         0.00579         -0.0392           0.243          -0.100*         0.0300   
                         (0.0505)        (0.0230)        (0.0300)             (.)        (0.0377)        (0.0229)   

-.16                      -0.0528         0.00626         -0.0264           0.214          -0.108*         0.0342   
                         (0.0505)        (0.0199)        (0.0276)             (.)        (0.0406)        (0.0226)   

-.14                      -0.0581       -0.000888         -0.0117           0.185          -0.103**        0.0183   
                         (0.0451)        (0.0188)        (0.0210)             (.)        (0.0270)        (0.0173)   

-.12                      -0.0268        -0.00568         -0.0151           0.169         -0.0860**        0.0392   
                         (0.0432)        (0.0175)        (0.0231)             (.)        (0.0242)        (0.0225)   

-.1                       -0.0242         0.00755        -0.00935           0.126         -0.0615**        0.0186   
                         (0.0415)        (0.0192)        (0.0266)             (.)        (0.0180)        (0.0178)   

-.08                      -0.0331        -0.00600         -0.0154           0.121         -0.0601**        0.0333   
                         (0.0443)        (0.0198)        (0.0256)             (.)        (0.0200)        (0.0179)   

-.06                      -0.0263         -0.0175         -0.0178          0.0803         -0.0177          0.0373   
                         (0.0462)        (0.0178)        (0.0381)             (.)        (0.0252)        (0.0227)   

-.04                      -0.0604         -0.0192          0.0146          0.0665         -0.0117        -0.00238   
                         (0.0425)        (0.0176)        (0.0363)             (.)        (0.0189)        (0.0196)   

-.02                      -0.0635         -0.0278         -0.0409          0.0469         -0.0234*         0.0155   
                         (0.0462)        (0.0184)        (0.0272)             (.)        (0.0101)        (0.0220)   

0                               0               0               0               0               0               0   
                              (.)             (.)             (.)             (.)             (.)             (.)   

.02                       -0.0475         -0.0161         -0.0236          0.0211         0.00113        -0.00776   
                         (0.0425)        (0.0153)        (0.0352)             (.)        (0.0149)        (0.0146)   

.04                       -0.0188         -0.0175         -0.0204        -0.00631         -0.0105       -0.000117   
                         (0.0405)        (0.0147)        (0.0394)             (.)        (0.0279)        (0.0151)   

.06                       -0.0220         -0.0243         -0.0346                         0.00906         0.00988   
                         (0.0399)        (0.0163)        (0.0272)                        (0.0260)        (0.0150)   

.08                       -0.0180         -0.0350*        -0.0354                         0.00780         -0.0174   
                         (0.0291)        (0.0143)        (0.0356)                        (0.0271)        (0.0158)   

.1                         0.0172         -0.0505**       -0.0131                          0.0198        -0.00938   
                         (0.0249)        (0.0166)        (0.0458)                        (0.0254)        (0.0144)   

.12                      -0.00888         -0.0418*        -0.0254                          0.0185         -0.0147   
                         (0.0346)        (0.0176)        (0.0481)                        (0.0322)        (0.0162)   

.14                       -0.0237         -0.0286         -0.0268                          0.0378         -0.0185   
                         (0.0348)        (0.0187)        (0.0463)                        (0.0315)        (0.0165)   

.16                       -0.0215         -0.0334         -0.0162                          0.0411         -0.0119   
                         (0.0340)        (0.0191)        (0.0483)                        (0.0385)        (0.0175)   

.18                       -0.0360         -0.0238        -0.00487                         0.00812         -0.0258   
                         (0.0368)        (0.0210)        (0.0451)                        (0.0433)        (0.0192)   

.2                        -0.0329         -0.0283         -0.0160                          0.0327         -0.0256   
                         (0.0390)        (0.0218)        (0.0529)                        (0.0430)        (0.0198)   

Constant                    0.521***        0.398***        0.440***       0.0901           0.213***       0.0741***
                         (0.0384)        (0.0151)        (0.0220)             (.)        (0.0314)        (0.0135)   

Boundary f.e.                 Yes             Yes             Yes             Yes             Yes             Yes   

Year f.e.                     Yes             Yes             Yes             Yes             Yes             Yes   
--------------------------------------------------------------------------------------------------------------------
Observations                 3768           17020            4522             129            1930           10336   
R-squared                   0.935           0.836           0.820           0.876           0.930           0.907   
--------------------------------------------------------------------------------------------------------------------
Standard errors in parentheses
* p<0.05, ** p<0.01, *** p<0.001
. 
. esttab river_du river_duhe river_mfdu river_mf river_mfhe river_he using "$EXPORTPATH/amenities_table_river.tex", replace keep(25.dist3) ///
>         se r2 indicate("Boundary f.e.=*lam_seg" "Year f.e.=*year") interaction(" X ") ///
>         label mtitles("river_du" "river_duhe" "river_mfdu" "river_mf" "river_mfhe" "river_he") ///
>         title("Distance to River (miles)") 
(file /shared/boston_zoning/working_paper/replication_package/analysis/amenities_muni_boundary_output/amenities_table_river.tex not found)
(output written to /shared/boston_zoning/working_paper/replication_package/analysis/amenities_muni_boundary_output/amenities_table_river.tex)
.         
. * robust s.e.
. quietly eststo river_du_robust: reg dist_river ib26.dist3 i.lam_seg i.year if year==2018 & (dist_both<=0.21 & dist_both>=-0.2 & only_du == 1 & res_typex !="Condominiums") , vce(robust)
. 
. quietly eststo river_duhe_robust: reg dist_river ib26.dist3 i.lam_seg i.year if year==2018 & (dist_both<=0.21 & dist_both>=-0.2 & du_he == 1 & res_typex !="Condominiums") , vce(robust)
. 
. quietly eststo river_mfdu_robust: reg dist_river ib26.dist3 i.lam_seg i.year if year==2018 & (dist_both<=0.21 & dist_both>=-0.2 & mf_du == 1 & res_typex !="Condominiums") , vce(robust)
. 
. quietly eststo river_mf_robust: reg dist_river ib26.dist3 i.lam_seg i.year if year==2018 & (dist_both<=0.21 & dist_both>=-0.2 & only_mf== 1 & res_typex !="Condominiums") , vce(robust)
. 
. quietly eststo river_mfhe_robust: reg dist_river ib26.dist3 i.lam_seg i.year if year==2018 & (dist_both<=0.21 & dist_both>=-0.2 & mf_he == 1 & res_typex !="Condominiums") , vce(robust)
. 
. quietly eststo river_he_robust: reg dist_river ib26.dist3 i.lam_seg i.year if year==2018 & (dist_both<=0.21 & dist_both>=-0.2 & only_he == 1 & res_typex !="Condominiums") , vce(robust)
. 
. esttab river_du_robust river_duhe_robust river_mfdu_robust river_mf_robust river_mfhe_robust river_he_robust, se r2 indicate("Boundary f.e.=*lam_seg" "Year f.e.=*year") interaction(" X ") ///
>         label mtitles("river_du" "river_duhe" "river_mfdu" "river_mf" "river_mfhe" "river_he") title("Distance to River (miles), robust s.e.") 

Distance to River (miles), robust s.e.
--------------------------------------------------------------------------------------------------------------------
                              (1)             (2)             (3)             (4)             (5)             (6)   
                         river_du      river_duhe      river_mfdu        river_mf      river_mfhe        river_he   
--------------------------------------------------------------------------------------------------------------------
-.2                       -0.0323*         0.0115         -0.0220           0.253***      -0.0805***       0.0580***
                         (0.0163)       (0.00656)        (0.0180)       (0.00464)        (0.0177)       (0.00898)   

-.18                      -0.0353*        0.00579         -0.0392*          0.243***       -0.100***       0.0300** 
                         (0.0161)       (0.00679)        (0.0183)       (0.00459)        (0.0167)       (0.00921)   

-.16                      -0.0528**       0.00626         -0.0264           0.214***       -0.108***       0.0342***
                         (0.0166)       (0.00654)        (0.0184)       (0.00436)        (0.0172)       (0.00903)   

-.14                      -0.0581***    -0.000888         -0.0117           0.185***       -0.103***       0.0183*  
                         (0.0162)       (0.00644)        (0.0186)        (0.0113)        (0.0167)       (0.00899)   

-.12                      -0.0268        -0.00568         -0.0151           0.169***      -0.0860***       0.0392***
                         (0.0162)       (0.00635)        (0.0189)        (0.0162)        (0.0165)       (0.00891)   

-.1                       -0.0242         0.00755        -0.00935           0.126***      -0.0615***       0.0186*  
                         (0.0157)       (0.00663)        (0.0186)       (0.00795)        (0.0180)       (0.00885)   

-.08                      -0.0331*       -0.00600         -0.0154           0.121***      -0.0601***       0.0333***
                         (0.0160)       (0.00659)        (0.0198)       (0.00674)        (0.0170)       (0.00924)   

-.06                      -0.0263         -0.0175**       -0.0178          0.0803***      -0.0177          0.0373***
                         (0.0161)       (0.00650)        (0.0194)        (0.0137)        (0.0177)       (0.00883)   

-.04                      -0.0604***      -0.0192**        0.0146          0.0665***      -0.0117        -0.00238   
                         (0.0157)       (0.00636)        (0.0198)        (0.0101)        (0.0172)        (0.0104)   

-.02                      -0.0635**       -0.0278***      -0.0409          0.0469***      -0.0234          0.0155   
                         (0.0194)       (0.00738)        (0.0252)       (0.00813)        (0.0200)        (0.0135)   

0                               0               0               0               0               0               0   
                              (.)             (.)             (.)             (.)             (.)             (.)   

.02                       -0.0475**       -0.0161*        -0.0236          0.0211**       0.00113        -0.00776   
                         (0.0158)       (0.00642)        (0.0200)       (0.00800)        (0.0167)       (0.00917)   

.04                       -0.0188         -0.0175**       -0.0204        -0.00631         -0.0105       -0.000117   
                         (0.0155)       (0.00644)        (0.0195)       (0.00452)        (0.0174)       (0.00958)   

.06                       -0.0220         -0.0243***      -0.0346                         0.00906         0.00988   
                         (0.0152)       (0.00646)        (0.0190)                        (0.0187)       (0.00921)   

.08                       -0.0180         -0.0350***      -0.0354                         0.00780         -0.0174   
                         (0.0164)       (0.00644)        (0.0188)                        (0.0169)       (0.00926)   

.1                         0.0172         -0.0505***      -0.0131                          0.0198        -0.00938   
                         (0.0167)       (0.00636)        (0.0185)                        (0.0169)       (0.00885)   

.12                      -0.00888         -0.0418***      -0.0254                          0.0185         -0.0147   
                         (0.0156)       (0.00617)        (0.0182)                        (0.0174)       (0.00887)   

.14                       -0.0237         -0.0286***      -0.0268                          0.0378*        -0.0185*  
                         (0.0158)       (0.00634)        (0.0185)                        (0.0164)       (0.00911)   

.16                       -0.0215         -0.0334***      -0.0162                          0.0411*        -0.0119   
                         (0.0158)       (0.00634)        (0.0185)                        (0.0170)       (0.00911)   

.18                       -0.0360*        -0.0238***     -0.00487                         0.00812         -0.0258** 
                         (0.0161)       (0.00656)        (0.0182)                        (0.0185)       (0.00924)   

.2                        -0.0329         -0.0283***      -0.0160                          0.0327         -0.0256*  
                         (0.0175)       (0.00736)        (0.0208)                        (0.0198)        (0.0106)   

Constant                    0.521***        0.398***        0.440***       0.0901***        0.213***       0.0741***
                         (0.0207)       (0.00803)        (0.0188)       (0.00414)        (0.0348)        (0.0104)   

Boundary f.e.                 Yes             Yes             Yes             Yes             Yes             Yes   

Year f.e.                     Yes             Yes             Yes             Yes             Yes             Yes   
--------------------------------------------------------------------------------------------------------------------
Observations                 3768           17020            4522             129            1930           10336   
R-squared                   0.935           0.836           0.820           0.876           0.930           0.907   
--------------------------------------------------------------------------------------------------------------------
Standard errors in parentheses
* p<0.05, ** p<0.01, *** p<0.001
. }

. 
. 
. ********************************************************************************
. ** distance to green space
. ********************************************************************************
. capture noisily {
. ** regressions
. quietly eststo space_du: reg dist_space ib26.dist3 i.lam_seg i.year if year==2018 & (dist_both<=0.21 & dist_both>=-0.2 & only_du == 1 & res_typex !="Condominiums") , vce(cluster lam_seg)
. sum dist_space if only_du == 1 & year==2018 & (dist_both<=0.02 & dist_both>0) & res_typex != "Condominiums" 

    Variable |        Obs        Mean    Std. dev.       Min        Max
-------------+---------------------------------------------------------
  dist_space |         51    3.564903    3.584759   .2918504   9.428658
. sum dist_space if only_du == 1 & year==2018 & (dist_both<=0 & dist_both>-0.02) & res_typex != "Condominiums"

    Variable |        Obs        Mean    Std. dev.       Min        Max
-------------+---------------------------------------------------------
  dist_space |         66    2.789103    3.141052   .1378127   11.79695
.         
. quietly eststo space_duhe: reg dist_space ib26.dist3 i.lam_seg i.year if year==2018 & (dist_both<=0.21 & dist_both>=-0.2 & du_he == 1 & res_typex !="Condominiums") , vce(cluster lam_seg)
. sum dist_space if du_he == 1 & year==2018 & (dist_both<=0.02 & dist_both>0) & res_typex != "Condominiums" 

    Variable |        Obs        Mean    Std. dev.       Min        Max
-------------+---------------------------------------------------------
  dist_space |        251     1.99715    2.940354   .0134449   9.612556
. sum dist_space if du_he == 1 & year==2018 & (dist_both<=0 & dist_both>-0.02) & res_typex != "Condominiums"

    Variable |        Obs        Mean    Std. dev.       Min        Max
-------------+---------------------------------------------------------
  dist_space |        327    1.966358    2.119955   .0107444   9.943648
. 
. quietly eststo space_mfdu: reg dist_space ib26.dist3 i.lam_seg i.year if year==2018 & (dist_both<=0.21 & dist_both>=-0.2 & mf_du == 1 & res_typex !="Condominiums") , vce(cluster lam_seg)
. sum dist_space if mf_du == 1 & year==2018 & (dist_both<=0.02 & dist_both>0) & res_typex != "Condominiums" 

    Variable |        Obs        Mean    Std. dev.       Min        Max
-------------+---------------------------------------------------------
  dist_space |         63      3.5634    3.793828   .0536038   8.934984
. sum dist_space if mf_du == 1 & year==2018 & (dist_both<=0 & dist_both>-0.02) & res_typex != "Condominiums"

    Variable |        Obs        Mean    Std. dev.       Min        Max
-------------+---------------------------------------------------------
  dist_space |         48    2.503502    3.286805   .0401827   8.738323
. 
. quietly eststo space_mf: reg dist_space ib26.dist3 i.lam_seg i.year if year==2018 & (dist_both<=0.21 & dist_both>=-0.2 & only_mf== 1 & res_typex !="Condominiums") , vce(cluster lam_seg)
. sum dist_space if only_mf == 1 & year==2018 & (dist_both<=0.02 & dist_both>0) & res_typex != "Condominiums" 

    Variable |        Obs        Mean    Std. dev.       Min        Max
-------------+---------------------------------------------------------
  dist_space |         11    .1154129    .0213478   .0848433    .138221
. sum dist_space if only_mf == 1 & year==2018 & (dist_both<=0 & dist_both>-0.02) & res_typex != "Condominiums"

    Variable |        Obs        Mean    Std. dev.       Min        Max
-------------+---------------------------------------------------------
  dist_space |         17    .1618777     .028228    .104475   .1994404
. 
. quietly eststo space_mfhe: reg dist_space ib26.dist3 i.lam_seg i.year if year==2018 & (dist_both<=0.21 & dist_both>=-0.2 & mf_he == 1 & res_typex !="Condominiums") , vce(cluster lam_seg)
. sum dist_space if mf_he == 1 & year==2018 & (dist_both<=0.02 & dist_both>0) & res_typex != "Condominiums" 

    Variable |        Obs        Mean    Std. dev.       Min        Max
-------------+---------------------------------------------------------
  dist_space |         16    3.618776    3.363155   .0024813   7.604884
. sum dist_space if mf_he == 1 & year==2018 & (dist_both<=0 & dist_both>-0.02) & res_typex != "Condominiums"

    Variable |        Obs        Mean    Std. dev.       Min        Max
-------------+---------------------------------------------------------
  dist_space |         17    5.345607    2.979866   .1066682   8.795199
. 
. quietly eststo space_he: reg dist_space ib26.dist3 i.lam_seg i.year if year==2018 & (dist_both<=0.21 & dist_both>=-0.2 & only_he == 1 & res_typex !="Condominiums") , vce(cluster lam_seg)
. sum dist_space if only_he == 1 & year==2018 & (dist_both<=0.02 & dist_both>0) & res_typex != "Condominiums" 

    Variable |        Obs        Mean    Std. dev.       Min        Max
-------------+---------------------------------------------------------
  dist_space |        185    1.021105    1.134273   .0125462   6.549077
. sum dist_space if only_he == 1 & year==2018 & (dist_both<=0 & dist_both>-0.02) & res_typex != "Condominiums"

    Variable |        Obs        Mean    Std. dev.       Min        Max
-------------+---------------------------------------------------------
  dist_space |        131    .7243572    1.247485   .0216554   11.20646
. 
. esttab space_du space_duhe space_mfdu space_mf space_mfhe space_he, se r2 indicate("Boundary f.e.=*lam_seg" "Year f.e.=*year") interaction(" X ") ///
>         label mtitles("space_du" "space_duhe" "space_mfdu" "space_mf" "space_mfhe" "space_he") title("Distance to Green Space (miles)") 

Distance to Green Space (miles)
--------------------------------------------------------------------------------------------------------------------
                              (1)             (2)             (3)             (4)             (5)             (6)   
                         space_du      space_duhe      space_mfdu        space_mf      space_mfhe        space_he   
--------------------------------------------------------------------------------------------------------------------
-.2                       -0.0621         0.00621         -0.0395           0.254         -0.0315          0.0370   
                         (0.0691)        (0.0380)        (0.0224)             (.)        (0.0310)        (0.0474)   

-.18                      -0.0754        -0.00469         -0.0226           0.240         -0.0350         0.00604   
                         (0.0811)        (0.0407)        (0.0265)             (.)        (0.0304)        (0.0409)   

-.16                       -0.113        -0.00615         -0.0324           0.212         -0.0913          0.0295   
                         (0.0791)        (0.0367)        (0.0231)             (.)        (0.0648)        (0.0386)   

-.14                      -0.0646          0.0110         -0.0397*          0.182         -0.0852**        0.0186   
                         (0.0531)        (0.0322)        (0.0189)             (.)        (0.0297)        (0.0426)   

-.12                      -0.0642        -0.00132         -0.0293           0.170         -0.0665**        0.0186   
                         (0.0541)        (0.0317)        (0.0193)             (.)        (0.0228)        (0.0428)   

-.1                       -0.0375         0.00750        -0.00246           0.121         -0.0242          0.0167   
                         (0.0465)        (0.0334)        (0.0214)             (.)        (0.0296)        (0.0371)   

-.08                     -0.00561        -0.00998        -0.00195           0.120         -0.0476*         0.0163   
                         (0.0431)        (0.0406)        (0.0159)             (.)        (0.0199)        (0.0347)   

-.06                       0.0553         -0.0416         0.00731          0.0697          0.0377          0.0121   
                         (0.0388)        (0.0339)        (0.0180)             (.)        (0.0423)        (0.0347)   

-.04                      -0.0391         -0.0267        -0.00465          0.0596         -0.0857          0.0277   
                         (0.0600)        (0.0324)        (0.0177)             (.)        (0.0420)        (0.0363)   

-.02                       -0.126        -0.00894        -0.00817          0.0465          0.0237          0.0182   
                         (0.0945)        (0.0346)        (0.0249)             (.)        (0.0122)        (0.0316)   

0                               0               0               0               0               0               0   
                              (.)             (.)             (.)             (.)             (.)             (.)   

.02                        -0.164         -0.0127         0.00684          0.0232          0.0224         0.00240   
                          (0.111)        (0.0530)        (0.0181)             (.)        (0.0384)        (0.0251)   

.04                        -0.118         -0.0191       -0.000353        -0.00476         -0.0119          0.0230   
                         (0.0900)        (0.0354)        (0.0236)             (.)        (0.0170)        (0.0305)   

.06                        0.0226         -0.0158          0.0163                         -0.0486          0.0229   
                         (0.0367)        (0.0409)        (0.0251)                        (0.0257)        (0.0314)   

.08                       -0.0135         0.00133         0.00693                         0.00214          0.0160   
                         (0.0497)        (0.0367)        (0.0348)                        (0.0227)        (0.0336)   

.1                        0.00454         -0.0124          0.0289                          0.0385          0.0198   
                         (0.0303)        (0.0312)        (0.0346)                        (0.0202)        (0.0337)   

.12                        0.0183         -0.0159         0.00572                          0.0281          0.0129   
                         (0.0374)        (0.0355)        (0.0419)                        (0.0234)        (0.0356)   

.14                       -0.0344        -0.00597          0.0229                          0.0461         0.00766   
                         (0.0419)        (0.0362)        (0.0365)                        (0.0315)        (0.0362)   

.16                       -0.0609         -0.0122          0.0354                          0.0577         0.00689   
                         (0.0444)        (0.0371)        (0.0411)                        (0.0312)        (0.0386)   

.18                       -0.0573         0.00804         0.00228                          0.0593          0.0119   
                         (0.0488)        (0.0416)        (0.0407)                        (0.0397)        (0.0410)   

.2                        -0.0795         0.00711          0.0395                          0.0415        -0.00753   
                         (0.0570)        (0.0422)        (0.0449)                        (0.0426)        (0.0412)   

Constant                    12.90***        0.146***        0.162***        0.115           0.162***       0.0913** 
                         (0.0379)        (0.0345)        (0.0168)             (.)        (0.0190)        (0.0335)   

Boundary f.e.                 Yes             Yes             Yes             Yes             Yes             Yes   

Year f.e.                     Yes             Yes             Yes             Yes             Yes             Yes   
--------------------------------------------------------------------------------------------------------------------
Observations                 3768           17020            4522             129            1930           10336   
R-squared                   0.996           0.993           0.999           0.870           0.998           0.997   
--------------------------------------------------------------------------------------------------------------------
Standard errors in parentheses
* p<0.05, ** p<0.01, *** p<0.001
.           
. esttab space_du space_duhe space_mfdu space_mf space_mfhe space_he using "$EXPORTPATH/amenities_table_space.tex", replace keep(25.dist3) ///
>         se r2 indicate("Boundary f.e.=*lam_seg" "Year f.e.=*year") interaction(" X ") ///
>         label mtitles("space_du" "space_duhe" "space_mfdu" "space_mf" "space_mfhe" "space_he") ///
>         title("Distance to Green Space (miles)") 
(file /shared/boston_zoning/working_paper/replication_package/analysis/amenities_muni_boundary_output/amenities_table_space.tex not found)
(output written to /shared/boston_zoning/working_paper/replication_package/analysis/amenities_muni_boundary_output/amenities_table_space.tex)
.         
. * robust s.e.
. quietly eststo space_du_robust: reg dist_space ib26.dist3 i.lam_seg i.year if year==2018 & (dist_both<=0.21 & dist_both>=-0.2 & only_du == 1 & res_typex !="Condominiums") , vce(robust)
.         
. quietly eststo space_duhe_robust: reg dist_space ib26.dist3 i.lam_seg i.year if year==2018 & (dist_both<=0.21 & dist_both>=-0.2 & du_he == 1 & res_typex !="Condominiums") , vce(robust)
. 
. quietly eststo space_mfdu_robust: reg dist_space ib26.dist3 i.lam_seg i.year if year==2018 & (dist_both<=0.21 & dist_both>=-0.2 & mf_du == 1 & res_typex !="Condominiums") , vce(robust)
. 
. quietly eststo space_mf_robust: reg dist_space ib26.dist3 i.lam_seg i.year if year==2018 & (dist_both<=0.21 & dist_both>=-0.2 & only_mf== 1 & res_typex !="Condominiums") , vce(robust)
. 
. quietly eststo space_mfhe_robust: reg dist_space ib26.dist3 i.lam_seg i.year if year==2018 & (dist_both<=0.21 & dist_both>=-0.2 & mf_he == 1 & res_typex !="Condominiums") , vce(robust)
. 
. quietly eststo space_he_robust: reg dist_space ib26.dist3 i.lam_seg i.year if year==2018 & (dist_both<=0.21 & dist_both>=-0.2 & only_he == 1 & res_typex !="Condominiums") , vce(robust)
. 
. esttab space_du_robust space_duhe_robust space_mfdu_robust space_mf_robust space_mfhe_robust space_he_robust, se r2 indicate("Boundary f.e.=*lam_seg" "Year f.e.=*year") interaction(" X ") ///
>         label mtitles("space_du" "space_duhe" "space_mfdu" "space_mf" "space_mfhe" "space_he") title("Distance to Green Space (miles), robust s.e.") 

Distance to Green Space (miles), robust s.e.
--------------------------------------------------------------------------------------------------------------------
                              (1)             (2)             (3)             (4)             (5)             (6)   
                         space_du      space_duhe      space_mfdu        space_mf      space_mfhe        space_he   
--------------------------------------------------------------------------------------------------------------------
-.2                       -0.0621*        0.00621         -0.0395**         0.254***      -0.0315          0.0370** 
                         (0.0260)        (0.0138)        (0.0121)       (0.00667)        (0.0203)        (0.0117)   

-.18                      -0.0754**      -0.00469         -0.0226           0.240***      -0.0350         0.00604   
                         (0.0269)        (0.0142)        (0.0125)       (0.00677)        (0.0225)        (0.0114)   

-.16                       -0.113***     -0.00615         -0.0324**         0.212***      -0.0913***       0.0295** 
                         (0.0279)        (0.0141)        (0.0124)       (0.00666)        (0.0242)        (0.0111)   

-.14                      -0.0646*         0.0110         -0.0397***        0.182***      -0.0852***       0.0186   
                         (0.0280)        (0.0138)        (0.0120)        (0.0117)        (0.0183)        (0.0112)   

-.12                      -0.0642*       -0.00132         -0.0293*          0.170***      -0.0665***       0.0186   
                         (0.0285)        (0.0137)        (0.0122)        (0.0130)        (0.0174)        (0.0112)   

-.1                       -0.0375         0.00750        -0.00246           0.121***      -0.0242          0.0167   
                         (0.0265)        (0.0138)        (0.0125)       (0.00978)        (0.0237)        (0.0108)   

-.08                     -0.00561        -0.00998        -0.00195           0.120***      -0.0476*         0.0163   
                         (0.0268)        (0.0145)        (0.0128)       (0.00853)        (0.0200)        (0.0108)   

-.06                       0.0553         -0.0416**       0.00731          0.0697***       0.0377          0.0121   
                         (0.0312)        (0.0138)        (0.0128)        (0.0161)        (0.0262)        (0.0108)   

-.04                      -0.0391         -0.0267*       -0.00465          0.0596***      -0.0857***       0.0277*  
                         (0.0258)        (0.0133)        (0.0139)        (0.0115)        (0.0217)        (0.0113)   

-.02                       -0.126**      -0.00894        -0.00817          0.0465***       0.0237          0.0182   
                         (0.0412)        (0.0140)        (0.0153)       (0.00954)        (0.0171)        (0.0114)   

0                               0               0               0               0               0               0   
                              (.)             (.)             (.)             (.)             (.)             (.)   

.02                        -0.164***      -0.0127         0.00684          0.0232**        0.0224         0.00240   
                         (0.0322)        (0.0161)        (0.0122)       (0.00764)        (0.0196)        (0.0111)   

.04                        -0.118***      -0.0191       -0.000353        -0.00476         -0.0119          0.0230*  
                         (0.0292)        (0.0139)        (0.0125)       (0.00666)        (0.0237)        (0.0116)   

.06                        0.0226         -0.0158          0.0163                         -0.0486*         0.0229*  
                         (0.0308)        (0.0140)        (0.0115)                        (0.0190)        (0.0109)   

.08                       -0.0135         0.00133         0.00693                         0.00214          0.0160   
                         (0.0308)        (0.0139)        (0.0122)                        (0.0166)        (0.0107)   

.1                        0.00454         -0.0124          0.0289*                         0.0385*         0.0198   
                         (0.0254)        (0.0138)        (0.0119)                        (0.0169)        (0.0108)   

.12                        0.0183         -0.0159         0.00572                          0.0281          0.0129   
                         (0.0278)        (0.0141)        (0.0121)                        (0.0178)        (0.0108)   

.14                       -0.0344        -0.00597          0.0229                          0.0461**       0.00766   
                         (0.0265)        (0.0136)        (0.0120)                        (0.0152)        (0.0111)   

.16                       -0.0609*        -0.0122          0.0354**                        0.0577***      0.00689   
                         (0.0266)        (0.0134)        (0.0133)                        (0.0161)        (0.0111)   

.18                       -0.0573*        0.00804         0.00228                          0.0593*         0.0119   
                         (0.0259)        (0.0139)        (0.0134)                        (0.0231)        (0.0114)   

.2                        -0.0795**       0.00711          0.0395*                         0.0415        -0.00753   
                         (0.0291)        (0.0143)        (0.0173)                        (0.0223)        (0.0127)   

Constant                    12.90***        0.146***        0.162***        0.115***        0.162***       0.0913***
                         (0.0503)        (0.0161)        (0.0108)       (0.00647)        (0.0305)        (0.0125)   

Boundary f.e.                 Yes             Yes             Yes             Yes             Yes             Yes   

Year f.e.                     Yes             Yes             Yes             Yes             Yes             Yes   
--------------------------------------------------------------------------------------------------------------------
Observations                 3768           17020            4522             129            1930           10336   
R-squared                   0.996           0.993           0.999           0.870           0.998           0.997   
--------------------------------------------------------------------------------------------------------------------
Standard errors in parentheses
* p<0.05, ** p<0.01, *** p<0.001
. }

. 
. 
. ********************************************************************************
. * distance to school
. ********************************************************************************
. capture noisily {
. ** regressions
. quietly eststo school_du: reg dist_school ib26.dist3 i.lam_seg i.year if year==2018 & (dist_both<=0.21 & dist_both>=-0.2 & only_du == 1 & res_typex !="Condominiums") , vce(cluster lam_seg)
. sum dist_school if only_du == 1 & year==2018 & (dist_both<=0.02 & dist_both>0) & res_typex != "Condominiums" 

    Variable |        Obs        Mean    Std. dev.       Min        Max
-------------+---------------------------------------------------------
 dist_school |         51    1.241263    .6229305   .2742374    2.95855
. sum dist_school if only_du == 1 & year==2018 & (dist_both<=0 & dist_both>-0.02) & res_typex != "Condominiums"

    Variable |        Obs        Mean    Std. dev.       Min        Max
-------------+---------------------------------------------------------
 dist_school |         66    1.056552    .6387063   .4323704   3.264035
.         
. quietly eststo school_duhe: reg dist_school ib26.dist3 i.lam_seg i.year if year==2018 & (dist_both<=0.21 & dist_both>=-0.2 & du_he == 1 & res_typex !="Condominiums") , vce(cluster lam_seg)
. sum dist_school if du_he == 1 & year==2018 & (dist_both<=0.02 & dist_both>0) & res_typex != "Condominiums" 

    Variable |        Obs        Mean    Std. dev.       Min        Max
-------------+---------------------------------------------------------
 dist_school |        251    .9754245     .637329    .139541   3.442651
. sum dist_school if du_he == 1 & year==2018 & (dist_both<=0 & dist_both>-0.02) & res_typex != "Condominiums"

    Variable |        Obs        Mean    Std. dev.       Min        Max
-------------+---------------------------------------------------------
 dist_school |        327     1.27061    .9571488   .1436967   4.284804
. 
. quietly eststo school_mfdu: reg dist_school ib26.dist3 i.lam_seg i.year if year==2018 & (dist_both<=0.21 & dist_both>=-0.2 & mf_du == 1 & res_typex !="Condominiums") , vce(cluster lam_seg)
. sum dist_school if mf_du == 1 & year==2018 & (dist_both<=0.02 & dist_both>0) & res_typex != "Condominiums" 

    Variable |        Obs        Mean    Std. dev.       Min        Max
-------------+---------------------------------------------------------
 dist_school |         63    .7684042    .7663796   .1471035   3.978559
. sum dist_school if mf_du == 1 & year==2018 & (dist_both<=0 & dist_both>-0.02) & res_typex != "Condominiums"

    Variable |        Obs        Mean    Std. dev.       Min        Max
-------------+---------------------------------------------------------
 dist_school |         48    .4616893    .3812649   .1770893   2.593281
. 
. quietly eststo school_mf: reg dist_school ib26.dist3 i.lam_seg i.year if year==2018 & (dist_both<=0.21 & dist_both>=-0.2 & only_mf== 1 & res_typex !="Condominiums") , vce(cluster lam_seg)
. sum dist_school if only_mf == 1 & year==2018 & (dist_both<=0.02 & dist_both>0) & res_typex != "Condominiums" 

    Variable |        Obs        Mean    Std. dev.       Min        Max
-------------+---------------------------------------------------------
 dist_school |         11    .8005926    .0244796   .7570994   .8287815
. sum dist_school if only_mf == 1 & year==2018 & (dist_both<=0 & dist_both>-0.02) & res_typex != "Condominiums"

    Variable |        Obs        Mean    Std. dev.       Min        Max
-------------+---------------------------------------------------------
 dist_school |         17    .5603412    .0580807   .4770455   .6580037
. 
. quietly eststo school_mfhe: reg dist_school ib26.dist3 i.lam_seg i.year if year==2018 & (dist_both<=0.21 & dist_both>=-0.2 & mf_he == 1 & res_typex !="Condominiums") , vce(cluster lam_seg)
. sum dist_school if mf_he == 1 & year==2018 & (dist_both<=0.02 & dist_both>0) & res_typex != "Condominiums" 

    Variable |        Obs        Mean    Std. dev.       Min        Max
-------------+---------------------------------------------------------
 dist_school |         16    1.343097    .8943033   .3332325   2.476659
. sum dist_school if mf_he == 1 & year==2018 & (dist_both<=0 & dist_both>-0.02) & res_typex != "Condominiums"

    Variable |        Obs        Mean    Std. dev.       Min        Max
-------------+---------------------------------------------------------
 dist_school |         17    1.256185     .727813   .1629466   2.888746
. 
. quietly eststo school_he: reg dist_school ib26.dist3 i.lam_seg i.year if year==2018 & (dist_both<=0.21 & dist_both>=-0.2 & only_he == 1 & res_typex !="Condominiums") , vce(cluster lam_seg)
. sum dist_school if only_he == 1 & year==2018 & (dist_both<=0.02 & dist_both>0) & res_typex != "Condominiums" 

    Variable |        Obs        Mean    Std. dev.       Min        Max
-------------+---------------------------------------------------------
 dist_school |        185    .7606018    .4511618   .2078781   3.128894
. sum dist_school if only_he == 1 & year==2018 & (dist_both<=0 & dist_both>-0.02) & res_typex != "Condominiums"

    Variable |        Obs        Mean    Std. dev.       Min        Max
-------------+---------------------------------------------------------
 dist_school |        131    .7249111    .4699574   .3564807   2.746007
. 
. esttab school_du school_duhe school_mfdu school_mf school_mfhe school_he, se r2 indicate("Boundary f.e.=*lam_seg" "Year f.e.=*year") interaction(" X ") ///
>         label mtitles("school_du" "school_duhe" "school_mfdu" "school_mf" "school_mfhe" "school_he") title("Distance to School (miles)") 

Distance to School (miles)
--------------------------------------------------------------------------------------------------------------------
                              (1)             (2)             (3)             (4)             (5)             (6)   
                        school_du     school_duhe     school_mfdu       school_mf     school_mfhe       school_he   
--------------------------------------------------------------------------------------------------------------------
-.2                        -0.104        -0.00383          -0.253*         -0.405          -0.163         -0.0937   
                          (0.175)        (0.0809)         (0.125)             (.)         (0.177)         (0.121)   

-.18                      -0.0515         -0.0167          -0.203          -0.421          -0.101         -0.0962   
                          (0.187)        (0.0729)         (0.128)             (.)         (0.209)         (0.121)   

-.16                      -0.0280         0.00756          -0.196          -0.397         -0.0950         -0.0679   
                          (0.190)        (0.0730)         (0.127)             (.)         (0.185)         (0.117)   

-.14                      -0.0697          0.0622          -0.212          -0.357          -0.165         -0.0888   
                          (0.165)        (0.0746)         (0.122)             (.)         (0.171)         (0.120)   

-.12                      -0.0390          0.0437          -0.243          -0.347          -0.179         -0.0466   
                          (0.151)        (0.0725)         (0.139)             (.)         (0.176)         (0.122)   

-.1                       -0.0159         0.00677          -0.160          -0.292         0.00950         -0.0410   
                          (0.150)        (0.0741)         (0.135)             (.)         (0.210)         (0.124)   

-.08                       0.0480          0.0961          -0.151          -0.312          0.0378          0.0270   
                          (0.158)        (0.0862)         (0.129)             (.)         (0.187)         (0.138)   

-.06                       0.0865          0.0909          -0.202          -0.246           0.196        -0.00178   
                          (0.157)        (0.0686)         (0.144)             (.)         (0.220)         (0.121)   

-.04                       0.0540          0.0986          -0.276          -0.249          0.0577          0.0608   
                          (0.188)        (0.0685)         (0.168)             (.)         (0.177)         (0.146)   

-.02                       0.0108           0.119          -0.191          -0.240          -0.415         -0.0809   
                          (0.251)        (0.0761)         (0.109)             (.)         (0.372)         (0.120)   

0                               0               0               0               0               0               0   
                              (.)             (.)             (.)             (.)             (.)             (.)   

.02                       -0.0498         -0.0872          0.0404         -0.0891          -0.153          0.0806   
                         (0.0748)        (0.0474)        (0.0582)             (.)         (0.108)        (0.0556)   

.04                        -0.111         -0.0694*        -0.0561         -0.0875          -0.260        -0.00551   
                         (0.0865)        (0.0306)        (0.0686)             (.)         (0.136)        (0.0625)   

.06                       -0.0437         -0.0591*        -0.0682                          -0.193         -0.0141   
                         (0.0679)        (0.0288)        (0.0616)                         (0.167)        (0.0664)   

.08                       -0.0744         -0.0541         -0.0541                          -0.202        -0.00452   
                         (0.0757)        (0.0377)        (0.0740)                         (0.124)        (0.0753)   

.1                         -0.166         -0.0962*        -0.0157                          -0.198         -0.0405   
                         (0.0967)        (0.0430)        (0.0867)                         (0.119)        (0.0752)   

.12                        -0.177         -0.0907**       -0.0581                          -0.160         -0.0322   
                          (0.109)        (0.0344)        (0.0858)                        (0.0991)        (0.0749)   

.14                        -0.138          -0.121***      -0.0846                          -0.120         -0.0440   
                          (0.115)        (0.0337)        (0.0757)                        (0.0830)        (0.0786)   

.16                        -0.212          -0.153***      -0.0898                          -0.183         -0.0197   
                          (0.121)        (0.0401)        (0.0822)                         (0.104)        (0.0771)   

.18                        -0.201          -0.162***      -0.0983                          -0.262         -0.0484   
                          (0.117)        (0.0314)        (0.0936)                         (0.132)        (0.0831)   

.2                         -0.210          -0.175***      -0.0949                          -0.277*        -0.0425   
                          (0.114)        (0.0357)         (0.102)                         (0.120)        (0.0833)   

Constant                    1.893***        1.678***        2.302***        0.801           1.706***        2.101***
                          (0.139)        (0.0299)        (0.0940)             (.)         (0.148)        (0.0734)   

Boundary f.e.                 Yes             Yes             Yes             Yes             Yes             Yes   

Year f.e.                     Yes             Yes             Yes             Yes             Yes             Yes   
--------------------------------------------------------------------------------------------------------------------
Observations                 3768           17020            4522             129            1930           10336   
R-squared                   0.842           0.818           0.830           0.820           0.885           0.719   
--------------------------------------------------------------------------------------------------------------------
Standard errors in parentheses
* p<0.05, ** p<0.01, *** p<0.001
.           
. esttab school_du school_duhe school_mfdu school_mf school_mfhe school_he using "$EXPORTPATH/amenities_table_school.tex", replace keep(25.dist3) ///
>         se r2 indicate("Boundary f.e.=*lam_seg" "Year f.e.=*year") interaction(" X ") ///
>         label mtitles("school_du" "school_duhe" "school_mfdu" "school_mf" "school_mfhe" "school_he") ///
>         title("Distance to School (miles)") 
(file /shared/boston_zoning/working_paper/replication_package/analysis/amenities_muni_boundary_output/amenities_table_school.tex not found)
(output written to /shared/boston_zoning/working_paper/replication_package/analysis/amenities_muni_boundary_output/amenities_table_school.tex)
.         
. * robust s.e.
. quietly eststo school_du_robust: reg dist_school ib26.dist3 i.lam_seg i.year if year==2018 & (dist_both<=0.21 & dist_both>=-0.2 & only_du == 1 & res_typex !="Condominiums") , vce(robust)
.         
. quietly eststo school_duhe_robust: reg dist_school ib26.dist3 i.lam_seg i.year if year==2018 & (dist_both<=0.21 & dist_both>=-0.2 & du_he == 1 & res_typex !="Condominiums") , vce(robust)
. 
. quietly eststo school_mfdu_robust: reg dist_school ib26.dist3 i.lam_seg i.year if year==2018 & (dist_both<=0.21 & dist_both>=-0.2 & mf_du == 1 & res_typex !="Condominiums") , vce(robust)
. 
. quietly eststo school_mf_robust: reg dist_school ib26.dist3 i.lam_seg i.year if year==2018 & (dist_both<=0.21 & dist_both>=-0.2 & only_mf== 1 & res_typex !="Condominiums") , vce(robust)
. 
. quietly eststo school_mfhe_robust: reg dist_school ib26.dist3 i.lam_seg i.year if year==2018 & (dist_both<=0.21 & dist_both>=-0.2 & mf_he == 1 & res_typex !="Condominiums") , vce(robust)
. 
. quietly eststo school_he_robust: reg dist_school ib26.dist3 i.lam_seg i.year if year==2018 & (dist_both<=0.21 & dist_both>=-0.2 & only_he == 1 & res_typex !="Condominiums") , vce(robust)
. 
. esttab school_du_robust school_duhe_robust school_mfdu_robust school_mf_robust school_mfhe_robust school_he_robust, se r2 indicate("Boundary f.e.=*lam_seg" "Year f.e.=*year") interaction(" X ") ///
>         label mtitles("school_du" "school_duhe" "school_mfdu" "school_mf" "school_mfhe" "school_he") title("Distance to School (miles), robust s.e.") 

Distance to School (miles), robust s.e.
--------------------------------------------------------------------------------------------------------------------
                              (1)             (2)             (3)             (4)             (5)             (6)   
                        school_du     school_duhe     school_mfdu       school_mf     school_mfhe       school_he   
--------------------------------------------------------------------------------------------------------------------
-.2                        -0.104*       -0.00383          -0.253***       -0.405***       -0.163*        -0.0937** 
                         (0.0455)        (0.0197)        (0.0359)        (0.0106)        (0.0756)        (0.0298)   

-.18                      -0.0515         -0.0167          -0.203***       -0.421***       -0.101         -0.0962** 
                         (0.0463)        (0.0196)        (0.0363)       (0.00830)        (0.0747)        (0.0295)   

-.16                      -0.0280         0.00756          -0.196***       -0.397***      -0.0950         -0.0679*  
                         (0.0502)        (0.0194)        (0.0366)       (0.00742)        (0.0747)        (0.0297)   

-.14                      -0.0697          0.0622**        -0.212***       -0.357***       -0.165*        -0.0888** 
                         (0.0451)        (0.0191)        (0.0354)        (0.0263)        (0.0700)        (0.0298)   

-.12                      -0.0390          0.0437*         -0.243***       -0.347***       -0.179*        -0.0466   
                         (0.0451)        (0.0190)        (0.0384)        (0.0370)        (0.0706)        (0.0297)   

-.1                       -0.0159         0.00677          -0.160***       -0.292***      0.00950         -0.0410   
                         (0.0442)        (0.0197)        (0.0379)        (0.0165)        (0.0714)        (0.0302)   

-.08                       0.0480          0.0961***       -0.151***       -0.312***       0.0378          0.0270   
                         (0.0493)        (0.0198)        (0.0398)        (0.0137)        (0.0732)        (0.0338)   

-.06                       0.0865          0.0909***       -0.202***       -0.246***        0.196*       -0.00178   
                         (0.0486)        (0.0194)        (0.0407)        (0.0314)        (0.0793)        (0.0326)   

-.04                       0.0540          0.0986***       -0.276***       -0.249***       0.0577          0.0608   
                         (0.0484)        (0.0195)        (0.0462)        (0.0199)        (0.0775)        (0.0370)   

-.02                       0.0108           0.119***       -0.191***       -0.240***       -0.415**       -0.0809*  
                         (0.0786)        (0.0225)        (0.0500)        (0.0162)         (0.139)        (0.0337)   

0                               0               0               0               0               0               0   
                              (.)             (.)             (.)             (.)             (.)             (.)   

.02                       -0.0498         -0.0872***       0.0404         -0.0891***       -0.153*         0.0806** 
                         (0.0485)        (0.0217)        (0.0386)        (0.0125)        (0.0711)        (0.0291)   

.04                        -0.111*        -0.0694***      -0.0561         -0.0875***       -0.260***     -0.00551   
                         (0.0465)        (0.0192)        (0.0371)       (0.00839)        (0.0746)        (0.0308)   

.06                       -0.0437         -0.0591**       -0.0682*                         -0.193*        -0.0141   
                         (0.0454)        (0.0184)        (0.0343)                        (0.0754)        (0.0286)   

.08                       -0.0744         -0.0541**       -0.0541                          -0.202**      -0.00452   
                         (0.0466)        (0.0188)        (0.0356)                        (0.0708)        (0.0281)   

.1                         -0.166***      -0.0962***      -0.0157                          -0.198**       -0.0405   
                         (0.0448)        (0.0189)        (0.0353)                        (0.0687)        (0.0286)   

.12                        -0.177***      -0.0907***      -0.0581                          -0.160*        -0.0322   
                         (0.0447)        (0.0182)        (0.0342)                        (0.0682)        (0.0279)   

.14                        -0.138**        -0.121***      -0.0846*                         -0.120         -0.0440   
                         (0.0442)        (0.0188)        (0.0339)                        (0.0664)        (0.0281)   

.16                        -0.212***       -0.153***      -0.0898**                        -0.183**       -0.0197   
                         (0.0442)        (0.0191)        (0.0342)                        (0.0678)        (0.0283)   

.18                        -0.201***       -0.162***      -0.0983**                        -0.262***      -0.0484   
                         (0.0436)        (0.0184)        (0.0345)                        (0.0702)        (0.0287)   

.2                         -0.210***       -0.175***      -0.0949*                         -0.277***      -0.0425   
                         (0.0442)        (0.0202)        (0.0386)                        (0.0711)        (0.0320)   

Constant                    1.893***        1.678***        2.302***        0.801***        1.706***        2.101***
                         (0.0437)        (0.0680)         (0.282)       (0.00742)        (0.0796)        (0.0406)   

Boundary f.e.                 Yes             Yes             Yes             Yes             Yes             Yes   

Year f.e.                     Yes             Yes             Yes             Yes             Yes             Yes   
--------------------------------------------------------------------------------------------------------------------
Observations                 3768           17020            4522             129            1930           10336   
R-squared                   0.842           0.818           0.830           0.820           0.885           0.719   
--------------------------------------------------------------------------------------------------------------------
Standard errors in parentheses
* p<0.05, ** p<0.01, *** p<0.001
. }

. 
. 
. ********************************************************************************
. ** distance to city center
. ********************************************************************************
. capture noisily {
. ** regressions
. quietly eststo center_du: reg dist_center ib26.dist3 i.lam_seg i.year if year==2018 & (dist_both<=0.21 & dist_both>=-0.2 & only_du == 1 & res_typex !="Condominiums") , vce(cluster lam_seg)
. sum dist_center if only_du == 1 & year==2018 & (dist_both<=0.02 & dist_both>0) & res_typex != "Condominiums" 

    Variable |        Obs        Mean    Std. dev.       Min        Max
-------------+---------------------------------------------------------
 dist_center |         51    2.041217    .7885489   .7755081    3.13158
. sum dist_center if only_du == 1 & year==2018 & (dist_both<=0 & dist_both>-0.02) & res_typex != "Condominiums"

    Variable |        Obs        Mean    Std. dev.       Min        Max
-------------+---------------------------------------------------------
 dist_center |         66    1.797495    .5482682   1.020793   2.907255
.         
. quietly eststo center_duhe: reg dist_center ib26.dist3 i.lam_seg i.year if year==2018 & (dist_both<=0.21 & dist_both>=-0.2 & du_he == 1 & res_typex !="Condominiums") , vce(cluster lam_seg)
. sum dist_center if du_he == 1 & year==2018 & (dist_both<=0.02 & dist_both>0) & res_typex != "Condominiums" 

    Variable |        Obs        Mean    Std. dev.       Min        Max
-------------+---------------------------------------------------------
 dist_center |        251    1.743557    .6793052   .7974955   4.800797
. sum dist_center if du_he == 1 & year==2018 & (dist_both<=0 & dist_both>-0.02) & res_typex != "Condominiums"

    Variable |        Obs        Mean    Std. dev.       Min        Max
-------------+---------------------------------------------------------
 dist_center |        327    1.985827    1.054855   .6366286   5.781582
. 
. quietly eststo center_mfdu: reg dist_center ib26.dist3 i.lam_seg i.year if year==2018 & (dist_both<=0.21 & dist_both>=-0.2 & mf_du == 1 & res_typex !="Condominiums") , vce(cluster lam_seg)
. sum dist_center if mf_du == 1 & year==2018 & (dist_both<=0.02 & dist_both>0) & res_typex != "Condominiums" 

    Variable |        Obs        Mean    Std. dev.       Min        Max
-------------+---------------------------------------------------------
 dist_center |         63    1.872423    .6005102   1.064496   3.237396
. sum dist_center if mf_du == 1 & year==2018 & (dist_both<=0 & dist_both>-0.02) & res_typex != "Condominiums"

    Variable |        Obs        Mean    Std. dev.       Min        Max
-------------+---------------------------------------------------------
 dist_center |         48    1.574743    .4862641   .7852829   2.500337
. 
. quietly eststo center_mf: reg dist_center ib26.dist3 i.lam_seg i.year if year==2018 & (dist_both<=0.21 & dist_both>=-0.2 & only_mf== 1 & res_typex !="Condominiums") , vce(cluster lam_seg)
. sum dist_center if only_mf == 1 & year==2018 & (dist_both<=0.02 & dist_both>0) & res_typex != "Condominiums" 

    Variable |        Obs        Mean    Std. dev.       Min        Max
-------------+---------------------------------------------------------
 dist_center |         11     2.41903    .0159972   2.386076   2.437747
. sum dist_center if only_mf == 1 & year==2018 & (dist_both<=0 & dist_both>-0.02) & res_typex != "Condominiums"

    Variable |        Obs        Mean    Std. dev.       Min        Max
-------------+---------------------------------------------------------
 dist_center |         17    1.370828    .0066333   1.360557   1.381525
. 
. quietly eststo center_mfhe: reg dist_center ib26.dist3 i.lam_seg i.year if year==2018 & (dist_both<=0.21 & dist_both>=-0.2 & mf_he == 1 & res_typex !="Condominiums") , vce(cluster lam_seg)
. sum dist_center if mf_he == 1 & year==2018 & (dist_both<=0.02 & dist_both>0) & res_typex != "Condominiums" 

    Variable |        Obs        Mean    Std. dev.       Min        Max
-------------+---------------------------------------------------------
 dist_center |         16     1.68861    .8557818    .766964   2.629977
. sum dist_center if mf_he == 1 & year==2018 & (dist_both<=0 & dist_both>-0.02) & res_typex != "Condominiums"

    Variable |        Obs        Mean    Std. dev.       Min        Max
-------------+---------------------------------------------------------
 dist_center |         17    1.683638    .6143137    .613747   2.796649
. 
. quietly eststo center_he: reg dist_center ib26.dist3 i.lam_seg i.year if year==2018 & (dist_both<=0.21 & dist_both>=-0.2 & only_he == 1 & res_typex !="Condominiums") , vce(cluster lam_seg)
. sum dist_center if only_he == 1 & year==2018 & (dist_both<=0.02 & dist_both>0) & res_typex != "Condominiums" 

    Variable |        Obs        Mean    Std. dev.       Min        Max
-------------+---------------------------------------------------------
 dist_center |        185    2.048505    .6771698    .830676   3.349884
. sum dist_center if only_he == 1 & year==2018 & (dist_both<=0 & dist_both>-0.02) & res_typex != "Condominiums"

    Variable |        Obs        Mean    Std. dev.       Min        Max
-------------+---------------------------------------------------------
 dist_center |        131    1.765789    1.043912   .8602055   5.765629
. 
. esttab center_du center_duhe center_mfdu center_mf center_mfhe center_he, se r2 indicate("Boundary f.e.=*lam_seg" "Year f.e.=*year") interaction(" X ") ///
>         label mtitles("center_du" "center_duhe" "center_mfdu" "center_mf" "center_mfhe" "center_he") title("Distance to City Center (miles)") 

Distance to City Center (miles)
--------------------------------------------------------------------------------------------------------------------
                              (1)             (2)             (3)             (4)             (5)             (6)   
                        center_du     center_duhe     center_mfdu       center_mf     center_mfhe       center_he   
--------------------------------------------------------------------------------------------------------------------
-.2                        -0.270         -0.0438          -0.265          -1.229         0.00593          -0.509*  
                          (0.191)         (0.202)         (0.261)             (.)         (0.227)         (0.230)   

-.18                       -0.231         -0.0252          -0.291          -1.205          0.0202          -0.590** 
                          (0.181)         (0.211)         (0.294)             (.)         (0.229)         (0.223)   

-.16                       -0.142         -0.0228          -0.218          -1.184         -0.0312          -0.545*  
                          (0.160)         (0.202)         (0.279)             (.)         (0.221)         (0.217)   

-.14                       -0.246          0.0115          -0.224          -1.166          0.0273          -0.532*  
                          (0.202)         (0.223)         (0.285)             (.)         (0.221)         (0.212)   

-.12                       -0.180          0.0472          -0.184          -1.152          0.0618          -0.482   
                          (0.178)         (0.222)         (0.254)             (.)         (0.239)         (0.246)   

-.1                        -0.105          0.0540          -0.180          -1.124           0.153          -0.434   
                          (0.171)         (0.228)         (0.245)             (.)         (0.211)         (0.253)   

-.08                       -0.171           0.104          -0.241          -1.111          -0.168          -0.556*  
                          (0.186)         (0.246)         (0.281)             (.)         (0.331)         (0.246)   

-.06                       -0.169           0.128          -0.183          -1.082         -0.0168          -0.615** 
                          (0.181)         (0.207)         (0.266)             (.)         (0.247)         (0.218)   

-.04                       -0.283           0.310          -0.188          -1.065          0.0555          -0.742** 
                          (0.189)         (0.277)         (0.290)             (.)         (0.271)         (0.238)   

-.02                       -0.161         -0.0215          -0.543          -1.048          -0.297          -0.618*  
                          (0.183)         (0.242)         (0.385)             (.)         (0.286)         (0.242)   

0                               0               0               0               0               0               0   
                              (.)             (.)             (.)             (.)             (.)             (.)   

.02                         0.245          0.0325          0.0215         -0.0667          0.0264           0.233*  
                          (0.123)        (0.0789)        (0.0867)             (.)         (0.139)         (0.103)   

.04                        0.0476           0.105          -0.126         -0.0775         -0.0361           0.102   
                         (0.0746)         (0.102)        (0.0917)             (.)         (0.164)         (0.109)   

.06                        0.0110          0.0746         -0.0654                          -0.103          0.0817   
                         (0.0620)        (0.0856)        (0.0703)                         (0.203)         (0.109)   

.08                        0.0377          0.0131         -0.0208                         -0.0770           0.102   
                         (0.0773)        (0.0933)        (0.0854)                         (0.156)         (0.139)   

.1                         0.0199          0.0244          -0.104                         -0.0557          0.0645   
                         (0.0968)         (0.102)        (0.0919)                         (0.145)         (0.118)   

.12                       -0.0501        -0.00930          -0.133                         -0.0934          0.0660   
                         (0.0787)        (0.0795)        (0.0934)                         (0.124)         (0.126)   

.14                        0.0478          0.0110          -0.172                         -0.0363          0.0927   
                          (0.100)        (0.0926)         (0.100)                         (0.121)         (0.141)   

.16                        0.0238         -0.0702          -0.184                         -0.0717          0.0716   
                         (0.0963)        (0.0831)         (0.100)                         (0.123)         (0.136)   

.18                        0.0361          -0.127          -0.103                         -0.0588          0.0892   
                          (0.132)        (0.0779)         (0.120)                         (0.145)         (0.150)   

.2                        -0.0150         -0.0862          -0.107                         -0.0932          0.0701   
                         (0.0780)        (0.0711)         (0.120)                         (0.136)         (0.149)   

Constant                    3.282***        1.628***        2.832***        2.419           2.697***        3.162***
                          (0.112)        (0.0884)         (0.196)             (.)         (0.188)         (0.126)   

Boundary f.e.                 Yes             Yes             Yes             Yes             Yes             Yes   

Year f.e.                     Yes             Yes             Yes             Yes             Yes             Yes   
--------------------------------------------------------------------------------------------------------------------
Observations                 3768           17020            4522             129            1930           10336   
R-squared                   0.712           0.672           0.666           0.999           0.912           0.719   
--------------------------------------------------------------------------------------------------------------------
Standard errors in parentheses
* p<0.05, ** p<0.01, *** p<0.001
.           
. esttab center_du center_duhe center_mfdu center_mf center_mfhe center_he using "$EXPORTPATH/amenities_table_center.tex", replace keep(25.dist3) ///
>         se r2 indicate("Boundary f.e.=*lam_seg" "Year f.e.=*year") interaction(" X ") ///
>         label mtitles("center_du" "center_duhe" "center_mfdu" "center_mf" "center_mfhe" "center_he") ///
>         title("Distance to City Center (miles)") 
(file /shared/boston_zoning/working_paper/replication_package/analysis/amenities_muni_boundary_output/amenities_table_center.tex not found)
(output written to /shared/boston_zoning/working_paper/replication_package/analysis/amenities_muni_boundary_output/amenities_table_center.tex)
.         
. * robust s.e.
. quietly eststo center_du_robust: reg dist_center ib26.dist3 i.lam_seg i.year if year==2018 & (dist_both<=0.21 & dist_both>=-0.2 & only_du == 1 & res_typex !="Condominiums") , vce(robust)
.         
. quietly eststo center_duhe_robust: reg dist_center ib26.dist3 i.lam_seg i.year if year==2018 & (dist_both<=0.21 & dist_both>=-0.2 & du_he == 1 & res_typex !="Condominiums") , vce(robust)
. 
. quietly eststo center_mfdu_robust: reg dist_center ib26.dist3 i.lam_seg i.year if year==2018 & (dist_both<=0.21 & dist_both>=-0.2 & mf_du == 1 & res_typex !="Condominiums") , vce(robust)
. 
. quietly eststo center_mf_robust: reg dist_center ib26.dist3 i.lam_seg i.year if year==2018 & (dist_both<=0.21 & dist_both>=-0.2 & only_mf== 1 & res_typex !="Condominiums") , vce(robust)
. 
. quietly eststo center_mfhe_robust: reg dist_center ib26.dist3 i.lam_seg i.year if year==2018 & (dist_both<=0.21 & dist_both>=-0.2 & mf_he == 1 & res_typex !="Condominiums") , vce(robust)
. 
. quietly eststo center_he_robust: reg dist_center ib26.dist3 i.lam_seg i.year if year==2018 & (dist_both<=0.21 & dist_both>=-0.2 & only_he == 1 & res_typex !="Condominiums") , vce(robust)
. 
. esttab center_du_robust center_duhe_robust center_mfdu_robust center_mf_robust center_mfhe_robust center_he_robust, se r2 indicate("Boundary f.e.=*lam_seg" "Year f.e.=*year") interaction(" X ") ///
>         label mtitles("center_du" "center_duhe" "center_mfdu" "center_mf" "center_mfhe" "center_he") title("Distance to City Center (miles), robust s.e.") 

Distance to City Center (miles), robust s.e.
--------------------------------------------------------------------------------------------------------------------
                              (1)             (2)             (3)             (4)             (5)             (6)   
                        center_du     center_duhe     center_mfdu       center_mf     center_mfhe       center_he   
--------------------------------------------------------------------------------------------------------------------
-.2                        -0.270***      -0.0438          -0.265***       -1.229***      0.00593          -0.509***
                         (0.0505)        (0.0406)        (0.0575)       (0.00606)        (0.0784)        (0.0612)   

-.18                       -0.231***      -0.0252          -0.291***       -1.205***       0.0202          -0.590***
                         (0.0509)        (0.0415)        (0.0597)       (0.00570)        (0.0769)        (0.0618)   

-.16                       -0.142**       -0.0228          -0.218***       -1.184***      -0.0312          -0.545***
                         (0.0514)        (0.0418)        (0.0584)       (0.00525)        (0.0752)        (0.0611)   

-.14                       -0.246***       0.0115          -0.224***       -1.166***       0.0273          -0.532***
                         (0.0523)        (0.0427)        (0.0576)       (0.00524)        (0.0775)        (0.0604)   

-.12                       -0.180***       0.0472          -0.184**        -1.152***       0.0618          -0.482***
                         (0.0529)        (0.0425)        (0.0565)       (0.00547)        (0.0780)        (0.0635)   

-.1                        -0.105          0.0540          -0.180**        -1.124***        0.153*         -0.434***
                         (0.0536)        (0.0434)        (0.0586)       (0.00513)        (0.0758)        (0.0622)   

-.08                       -0.171**         0.104*         -0.241***       -1.111***       -0.168          -0.556***
                         (0.0552)        (0.0459)        (0.0622)       (0.00501)         (0.104)        (0.0659)   

-.06                       -0.169**         0.128**        -0.183**        -1.082***      -0.0168          -0.615***
                         (0.0553)        (0.0421)        (0.0628)       (0.00563)        (0.0949)        (0.0636)   

-.04                       -0.283***        0.310***       -0.188**        -1.065***       0.0555          -0.742***
                         (0.0575)        (0.0476)        (0.0657)       (0.00535)         (0.103)        (0.0717)   

-.02                       -0.161*        -0.0215          -0.543***       -1.048***       -0.297**        -0.618***
                         (0.0657)        (0.0579)        (0.0928)       (0.00512)         (0.108)        (0.0693)   

0                               0               0               0               0               0               0   
                              (.)             (.)             (.)             (.)             (.)             (.)   

.02                         0.245***       0.0325          0.0215         -0.0667***       0.0264           0.233***
                         (0.0592)        (0.0444)        (0.0618)       (0.00786)        (0.0790)        (0.0591)   

.04                        0.0476           0.105*         -0.126*        -0.0775***      -0.0361           0.102   
                         (0.0542)        (0.0421)        (0.0566)       (0.00586)        (0.0807)        (0.0593)   

.06                        0.0110          0.0746         -0.0654                          -0.103          0.0817   
                         (0.0505)        (0.0390)        (0.0554)                        (0.0810)        (0.0592)   

.08                        0.0377          0.0131         -0.0208                         -0.0770           0.102   
                         (0.0542)        (0.0393)        (0.0568)                        (0.0783)        (0.0579)   

.1                         0.0199          0.0244          -0.104                         -0.0557          0.0645   
                         (0.0527)        (0.0387)        (0.0546)                        (0.0748)        (0.0600)   

.12                       -0.0501        -0.00930          -0.133*                        -0.0934          0.0660   
                         (0.0503)        (0.0384)        (0.0540)                        (0.0740)        (0.0589)   

.14                        0.0478          0.0110          -0.172**                       -0.0363          0.0927   
                         (0.0536)        (0.0383)        (0.0543)                        (0.0736)        (0.0588)   

.16                        0.0238         -0.0702          -0.184***                      -0.0717          0.0716   
                         (0.0516)        (0.0384)        (0.0547)                        (0.0734)        (0.0583)   

.18                        0.0361          -0.127**        -0.103                         -0.0588          0.0892   
                         (0.0542)        (0.0388)        (0.0559)                        (0.0743)        (0.0591)   

.2                        -0.0150         -0.0862*         -0.107                         -0.0932          0.0701   
                         (0.0561)        (0.0408)        (0.0643)                        (0.0743)        (0.0641)   

Constant                    3.282***        1.628***        2.832***        2.419***        2.697***        3.162***
                         (0.0696)         (0.104)         (0.393)       (0.00485)         (0.170)        (0.0651)   

Boundary f.e.                 Yes             Yes             Yes             Yes             Yes             Yes   

Year f.e.                     Yes             Yes             Yes             Yes             Yes             Yes   
--------------------------------------------------------------------------------------------------------------------
Observations                 3768           17020            4522             129            1930           10336   
R-squared                   0.712           0.672           0.666           0.999           0.912           0.719   
--------------------------------------------------------------------------------------------------------------------
Standard errors in parentheses
* p<0.05, ** p<0.01, *** p<0.001
. }

. 
. 
. ********************************************************************************
. ** commuting distance to downtown distance (south station)
. ********************************************************************************
. capture noisily {
. ** regressions
. quietly eststo transit_du: reg transit_dist ib26.dist3 i.lam_seg i.year if year==2018 & (dist_both<=0.21 & dist_both>=-0.2 & only_du == 1 & res_typex !="Condominiums") , vce(cluster lam_seg)
. sum transit_dist if only_du == 1 & year==2018 & (dist_both<=0.02 & dist_both>0) & res_typex != "Condominiums" 

    Variable |        Obs        Mean    Std. dev.       Min        Max
-------------+---------------------------------------------------------
transit_dist |         51    18.35499    9.635225   4.432065   34.86579
. sum transit_dist if only_du == 1 & year==2018 & (dist_both<=0 & dist_both>-0.02) & res_typex != "Condominiums"

    Variable |        Obs        Mean    Std. dev.       Min        Max
-------------+---------------------------------------------------------
transit_dist |         66    17.52324    9.782107   4.450782   38.46724
. 
. quietly eststo transit_duhe: reg transit_dist ib26.dist3 i.lam_seg i.year if year==2018 & (dist_both<=0.21 & dist_both>=-0.2 & du_he == 1 & res_typex !="Condominiums") , vce(cluster lam_seg)
. sum transit_dist if du_he == 1 & year==2018 & (dist_both<=0.02 & dist_both>0) & res_typex != "Condominiums" 

    Variable |        Obs        Mean    Std. dev.       Min        Max
-------------+---------------------------------------------------------
transit_dist |        248    15.08665    8.052544   3.227837   34.88372
. sum transit_dist if du_he == 1 & year==2018 & (dist_both<=0 & dist_both>-0.02) & res_typex != "Condominiums"

    Variable |        Obs        Mean    Std. dev.       Min        Max
-------------+---------------------------------------------------------
transit_dist |        321    16.50027    9.384375   3.172997   37.98049
. 
. quietly eststo transit_mfdu: reg transit_dist ib26.dist3 i.lam_seg i.year if year==2018 & (dist_both<=0.21 & dist_both>=-0.2 & mf_du == 1 & res_typex !="Condominiums") , vce(cluster lam_seg)
. sum transit_dist if mf_du == 1 & year==2018 & (dist_both<=0.02 & dist_both>0) & res_typex != "Condominiums" 

    Variable |        Obs        Mean    Std. dev.       Min        Max
-------------+---------------------------------------------------------
transit_dist |         63     17.8373      8.6833   4.995284    38.3714
. sum transit_dist if mf_du == 1 & year==2018 & (dist_both<=0 & dist_both>-0.02) & res_typex != "Condominiums"

    Variable |        Obs        Mean    Std. dev.       Min        Max
-------------+---------------------------------------------------------
transit_dist |         48    14.72547    8.641116   5.033774   38.15319
. 
. quietly eststo transit_mf: reg transit_dist ib26.dist3 i.lam_seg i.year if year==2018 & (dist_both<=0.21 & dist_both>=-0.2 & only_mf== 1 & res_typex !="Condominiums") , vce(cluster lam_seg)
. sum transit_dist if only_mf == 1 & year==2018 & (dist_both<=0.02 & dist_both>0) & res_typex != "Condominiums" 

    Variable |        Obs        Mean    Std. dev.       Min        Max
-------------+---------------------------------------------------------
transit_dist |         11    9.197587    .0442488   9.144167   9.272289
. sum transit_dist if only_mf == 1 & year==2018 & (dist_both<=0 & dist_both>-0.02) & res_typex != "Condominiums"

    Variable |        Obs        Mean    Std. dev.       Min        Max
-------------+---------------------------------------------------------
transit_dist |         17    9.308198    .1042665   9.134413   9.457619
. 
. quietly eststo transit_mfhe: reg transit_dist ib26.dist3 i.lam_seg i.year if year==2018 & (dist_both<=0.21 & dist_both>=-0.2 & mf_he == 1 & res_typex !="Condominiums") , vce(cluster lam_seg)
. sum transit_dist if mf_he == 1 & year==2018 & (dist_both<=0.02 & dist_both>0) & res_typex != "Condominiums" 

    Variable |        Obs        Mean    Std. dev.       Min        Max
-------------+---------------------------------------------------------
transit_dist |         16    16.89364    8.951983   5.319955   25.62473
. sum transit_dist if mf_he == 1 & year==2018 & (dist_both<=0 & dist_both>-0.02) & res_typex != "Condominiums"

    Variable |        Obs        Mean    Std. dev.       Min        Max
-------------+---------------------------------------------------------
transit_dist |         17    21.14564    8.497037   5.292011    27.7983
. 
. quietly eststo transit_he: reg transit_dist ib26.dist3 i.lam_seg i.year if year==2018 & (dist_both<=0.21 & dist_both>=-0.2 & only_he == 1 & res_typex !="Condominiums") , vce(cluster lam_seg)
. sum transit_dist if only_he == 1 & year==2018 & (dist_both<=0.02 & dist_both>0) & res_typex != "Condominiums" 

    Variable |        Obs        Mean    Std. dev.       Min        Max
-------------+---------------------------------------------------------
transit_dist |        185    14.18913    6.826715   7.641861   36.99719
. sum transit_dist if only_he == 1 & year==2018 & (dist_both<=0 & dist_both>-0.02) & res_typex != "Condominiums"

    Variable |        Obs        Mean    Std. dev.       Min        Max
-------------+---------------------------------------------------------
transit_dist |        131    11.45836    5.686928   7.620507   35.78399
. 
. esttab transit_du transit_duhe transit_mfdu transit_mf transit_mfhe transit_he, se r2 indicate("Boundary f.e.=*lam_seg" "Year f.e.=*year") interaction(" X ") ///
>         label mtitles("transit_du" "transit_duhe" "transit_mfdu" "transit_mf" "transit_mfhe" "transit_he") title("Public Transit Distance to Downtown Boston (miles)") 

Public Transit Distance to Downtown Boston (miles)
--------------------------------------------------------------------------------------------------------------------
                              (1)             (2)             (3)             (4)             (5)             (6)   
                       transit_du    transit_duhe    transit_mfdu      transit_mf    transit_mfhe      transit_he   
--------------------------------------------------------------------------------------------------------------------
-.2                         0.201          -0.115          -0.203           0.249          -0.354          0.0469   
                          (0.186)         (0.106)         (0.114)             (.)         (0.429)        (0.0828)   

-.18                        0.163          0.0174         -0.0885           0.292          -0.200          0.0852   
                          (0.143)         (0.126)         (0.117)             (.)         (0.287)        (0.0680)   

-.16                        0.170         -0.0215          -0.214           0.264          -0.309          0.0352   
                          (0.155)         (0.107)         (0.137)             (.)         (0.364)        (0.0606)   

-.14                        0.290         -0.0375          -0.118           0.210          -0.183        -0.00795   
                          (0.203)        (0.0885)         (0.130)             (.)         (0.207)        (0.0657)   

-.12                        0.324          -0.101          -0.109           0.205          -0.178         -0.0174   
                          (0.219)        (0.0762)         (0.115)             (.)         (0.241)        (0.0583)   

-.1                         0.193          0.0145          -0.114           0.130         -0.0529         0.00107   
                          (0.218)        (0.0753)        (0.0885)             (.)         (0.148)        (0.0517)   

-.08                        0.186         -0.0460         -0.0463           0.178          0.0348         0.00564   
                          (0.193)        (0.0749)        (0.0716)             (.)         (0.117)        (0.0442)   

-.06                        0.224         -0.0366         -0.0454          0.0860          0.0319          0.0583   
                          (0.226)        (0.0794)         (0.108)             (.)         (0.102)        (0.0570)   

-.04                        0.158          0.0103         0.00389           0.109        -0.00562          -0.109   
                          (0.161)        (0.0976)        (0.0834)             (.)         (0.112)         (0.108)   

-.02                        0.161          0.0571           0.235*          0.111          0.0513          0.0429   
                          (0.160)         (0.116)        (0.0994)             (.)        (0.0484)        (0.0493)   

0                               0               0               0               0               0               0   
                              (.)             (.)             (.)             (.)             (.)             (.)   

.02                         0.115         -0.0557        -0.00374           0.154          0.0369          0.0715   
                          (0.126)        (0.0975)        (0.0981)             (.)         (0.102)        (0.0582)   

.04                         0.220          0.0131          0.0547           0.142          0.0979           0.104   
                          (0.184)        (0.0949)         (0.111)             (.)        (0.0864)        (0.0578)   

.06                         0.603        -0.00472           0.101                          0.0943          0.0567   
                          (0.489)        (0.0802)         (0.100)                         (0.110)        (0.0570)   

.08                         0.625         -0.0657          0.0202                           0.216          0.0499   
                          (0.423)        (0.0823)        (0.0805)                         (0.165)        (0.0559)   

.1                          0.750         -0.0885          0.0183                           0.316           0.100   
                          (0.601)        (0.0873)         (0.108)                         (0.248)        (0.0723)   

.12                         0.642         -0.0913         0.00850                           0.407          0.0970   
                          (0.507)        (0.0851)         (0.149)                         (0.235)        (0.0710)   

.14                         0.498         -0.0999         -0.0511                           0.340          0.0801   
                          (0.367)         (0.106)         (0.124)                         (0.196)        (0.0788)   

.16                         0.465          -0.112         -0.0604                           0.364          0.0698   
                          (0.380)        (0.0971)         (0.108)                         (0.214)        (0.0921)   

.18                         0.355          -0.138          -0.178                           0.237           0.128   
                          (0.329)         (0.117)         (0.120)                         (0.187)        (0.0949)   

.2                          0.442          -0.175          -0.194                           0.288           0.169   
                          (0.343)         (0.121)         (0.134)                         (0.212)        (0.0968)   

Constant                    34.07***        35.52***        35.27***        9.198           53.94***        32.89***
                          (0.256)        (0.0841)        (0.0855)             (.)         (0.237)        (0.0583)   

Boundary f.e.                 Yes             Yes             Yes             Yes             Yes             Yes   

Year f.e.                     Yes             Yes             Yes             Yes             Yes             Yes   
--------------------------------------------------------------------------------------------------------------------
Observations                 3768           16794            4522             129            1930           10336   
R-squared                   0.997           0.995           0.997           0.302           0.994           0.997   
--------------------------------------------------------------------------------------------------------------------
Standard errors in parentheses
* p<0.05, ** p<0.01, *** p<0.001
.         
. esttab transit_du transit_duhe transit_mfdu transit_mf transit_mfhe transit_he using "$EXPORTPATH/amenities_table_transit.tex", replace keep(25.dist3) ///
> se r2 indicate("Boundary f.e.=*lam_seg" "Year f.e.=*year") interaction(" X ") ///
>         label mtitles("transit_du" "transit_duhe" "transit_mfdu" "transit_mf" "transit_mfhe" "transit_he") ///
>         title("Public Transit Distance to Downtown Boston (miles)") 
(file /shared/boston_zoning/working_paper/replication_package/analysis/amenities_muni_boundary_output/amenities_table_transit.tex not found)
(output written to /shared/boston_zoning/working_paper/replication_package/analysis/amenities_muni_boundary_output/amenities_table_transit.tex)
.         
. * robust s.e.
. quietly eststo transit_du_robust: reg transit_dist ib26.dist3 i.lam_seg i.year if year==2018 & (dist_both<=0.21 & dist_both>=-0.2 & only_du == 1 & res_typex !="Condominiums") , vce(robust)
. 
. quietly eststo transit_duhe_robust: reg transit_dist ib26.dist3 i.lam_seg i.year if year==2018 & (dist_both<=0.21 & dist_both>=-0.2 & du_he == 1 & res_typex !="Condominiums") , vce(robust)
. 
. quietly eststo transit_mfdu_robust: reg transit_dist ib26.dist3 i.lam_seg i.year if year==2018 & (dist_both<=0.21 & dist_both>=-0.2 & mf_du == 1 & res_typex !="Condominiums") , vce(robust)
. 
. quietly eststo transit_mf_robust: reg transit_dist ib26.dist3 i.lam_seg i.year if year==2018 & (dist_both<=0.21 & dist_both>=-0.2 & only_mf== 1 & res_typex !="Condominiums") , vce(robust)
. 
. quietly eststo transit_mfhe_robust: reg transit_dist ib26.dist3 i.lam_seg i.year if year==2018 & (dist_both<=0.21 & dist_both>=-0.2 & mf_he == 1 & res_typex !="Condominiums") , vce(robust)
. 
. quietly eststo transit_he_robust: reg transit_dist ib26.dist3 i.lam_seg i.year if year==2018 & (dist_both<=0.21 & dist_both>=-0.2 & only_he == 1 & res_typex !="Condominiums") , vce(robust)
. 
. esttab transit_du_robust transit_duhe_robust transit_mfdu_robust transit_mf_robust transit_mfhe_robust transit_he_robust, se r2 indicate("Boundary f.e.=*lam_seg" "Year f.e.=*year") interaction(" X ") ///
>         label mtitles("transit_du" "transit_duhe" "transit_mfdu" "transit_mf" "transit_mfhe" "transit_he") title("Public Transit Distance to Downtown Boston (miles), robust s.e.") 

Public Transit Distance to Downtown Boston (miles), robust s.e.
--------------------------------------------------------------------------------------------------------------------
                              (1)             (2)             (3)             (4)             (5)             (6)   
                       transit_du    transit_duhe    transit_mfdu      transit_mf    transit_mfhe      transit_he   
--------------------------------------------------------------------------------------------------------------------
-.2                         0.201*         -0.115*         -0.203***        0.249***       -0.354          0.0469   
                         (0.0963)        (0.0455)        (0.0599)        (0.0195)         (0.220)        (0.0337)   

-.18                        0.163          0.0174         -0.0885           0.292***       -0.200          0.0852** 
                         (0.0985)        (0.0490)        (0.0671)        (0.0154)         (0.131)        (0.0302)   

-.16                        0.170         -0.0215          -0.214**         0.264***       -0.309          0.0352   
                          (0.100)        (0.0461)        (0.0670)        (0.0135)         (0.178)        (0.0288)   

-.14                        0.290**       -0.0375          -0.118*          0.210***       -0.183*       -0.00795   
                         (0.0980)        (0.0430)        (0.0555)        (0.0459)        (0.0804)        (0.0294)   

-.12                        0.324***       -0.101*         -0.109           0.205**        -0.178*        -0.0174   
                         (0.0973)        (0.0425)        (0.0566)        (0.0661)        (0.0878)        (0.0297)   

-.1                         0.193          0.0145          -0.114*          0.130***      -0.0529         0.00107   
                         (0.0988)        (0.0415)        (0.0569)        (0.0283)        (0.0596)        (0.0287)   

-.08                        0.186         -0.0460         -0.0463           0.178***       0.0348         0.00564   
                         (0.0995)        (0.0421)        (0.0595)        (0.0243)        (0.0563)        (0.0311)   

-.06                        0.224*        -0.0366         -0.0454          0.0860          0.0319          0.0583*  
                          (0.107)        (0.0417)        (0.0597)        (0.0562)        (0.0560)        (0.0270)   

-.04                        0.158          0.0103         0.00389           0.109**      -0.00562          -0.109*  
                         (0.0974)        (0.0423)        (0.0588)        (0.0352)        (0.0555)        (0.0490)   

-.02                        0.161          0.0571           0.235***        0.111***       0.0513          0.0429   
                          (0.106)        (0.0549)        (0.0703)        (0.0291)        (0.0671)        (0.0356)   

0                               0               0               0               0               0               0   
                              (.)             (.)             (.)             (.)             (.)             (.)   

.02                         0.115         -0.0557        -0.00374           0.154***       0.0369          0.0715** 
                          (0.109)        (0.0468)        (0.0617)        (0.0229)        (0.0558)        (0.0274)   

.04                         0.220*         0.0131          0.0547           0.142***       0.0979           0.104***
                         (0.0969)        (0.0420)        (0.0617)        (0.0149)        (0.0651)        (0.0305)   

.06                         0.603***     -0.00472           0.101                          0.0943          0.0567*  
                          (0.113)        (0.0401)        (0.0599)                        (0.0577)        (0.0275)   

.08                         0.625***      -0.0657          0.0202                           0.216**        0.0499   
                          (0.116)        (0.0396)        (0.0574)                        (0.0693)        (0.0267)   

.1                          0.750***      -0.0885*         0.0183                           0.316***        0.100***
                          (0.120)        (0.0390)        (0.0566)                        (0.0799)        (0.0293)   

.12                         0.642***      -0.0913*        0.00850                           0.407***       0.0970***
                          (0.114)        (0.0398)        (0.0566)                         (0.106)        (0.0293)   

.14                         0.498***      -0.0999*        -0.0511                           0.340***       0.0801*  
                          (0.107)        (0.0403)        (0.0579)                        (0.0874)        (0.0334)   

.16                         0.465***       -0.112**       -0.0604                           0.364***       0.0698   
                          (0.105)        (0.0403)        (0.0553)                        (0.0868)        (0.0362)   

.18                         0.355***       -0.138***       -0.178**                         0.237*          0.128***
                          (0.102)        (0.0404)        (0.0577)                        (0.0942)        (0.0360)   

.2                          0.442***       -0.175***       -0.194**                         0.288**         0.169***
                          (0.106)        (0.0450)        (0.0694)                         (0.102)        (0.0413)   

Constant                    34.07***        35.52***        35.27***        9.198***        53.94***        32.89***
                          (0.105)        (0.0433)        (0.0555)        (0.0134)         (0.165)        (0.0315)   

Boundary f.e.                 Yes             Yes             Yes             Yes             Yes             Yes   

Year f.e.                     Yes             Yes             Yes             Yes             Yes             Yes   
--------------------------------------------------------------------------------------------------------------------
Observations                 3768           16794            4522             129            1930           10336   
R-squared                   0.997           0.995           0.997           0.302           0.994           0.997   
--------------------------------------------------------------------------------------------------------------------
Standard errors in parentheses
* p<0.05, ** p<0.01, *** p<0.001
. }

. 
. 
. ********************************************************************************
. ** Mean slope of lot
. ********************************************************************************
. capture noisily {
. ** regressions
. quietly eststo slope_du: reg soil_avgslope ib26.dist3 i.lam_seg i.year if year==2018 & (dist_both<=0.21 & dist_both>=-0.2 & only_du == 1 & res_typex !="Condominiums") , vce(cluster lam_seg)
. sum soil_avgslope if only_du == 1 & year==2018 & (dist_both<=0.02 & dist_both>0) & res_typex != "Condominiums" 

    Variable |        Obs        Mean    Std. dev.       Min        Max
-------------+---------------------------------------------------------
soil_avgsl~e |         41    5.540062    6.741259          0         25
. sum soil_avgslope if only_du == 1 & year==2018 & (dist_both<=0 & dist_both>-0.02) & res_typex != "Condominiums"

    Variable |        Obs        Mean    Std. dev.       Min        Max
-------------+---------------------------------------------------------
soil_avgsl~e |         54      5.8941      5.3861          0   24.94041
.         
. quietly eststo slope_duhe: reg soil_avgslope ib26.dist3 i.lam_seg i.year if year==2018 & (dist_both<=0.21 & dist_both>=-0.2 & du_he == 1 & res_typex !="Condominiums") , vce(cluster lam_seg)
. sum soil_avgslope if du_he == 1 & year==2018 & (dist_both<=0.02 & dist_both>0) & res_typex != "Condominiums" 

    Variable |        Obs        Mean    Std. dev.       Min        Max
-------------+---------------------------------------------------------
soil_avgsl~e |        192    7.501167    3.785879          0         25
. sum soil_avgslope if du_he == 1 & year==2018 & (dist_both<=0 & dist_both>-0.02) & res_typex != "Condominiums"

    Variable |        Obs        Mean    Std. dev.       Min        Max
-------------+---------------------------------------------------------
soil_avgsl~e |        259    7.160835    4.076669          0         20
. 
. quietly eststo slope_mfdu: reg soil_avgslope ib26.dist3 i.lam_seg i.year if year==2018 & (dist_both<=0.21 & dist_both>=-0.2 & mf_du == 1 & res_typex !="Condominiums") , vce(cluster lam_seg)
. sum soil_avgslope if mf_du == 1 & year==2018 & (dist_both<=0.02 & dist_both>0) & res_typex != "Condominiums" 

    Variable |        Obs        Mean    Std. dev.       Min        Max
-------------+---------------------------------------------------------
soil_avgsl~e |         55    7.923697    5.140249          0         25
. sum soil_avgslope if mf_du == 1 & year==2018 & (dist_both<=0 & dist_both>-0.02) & res_typex != "Condominiums"

    Variable |        Obs        Mean    Std. dev.       Min        Max
-------------+---------------------------------------------------------
soil_avgsl~e |         39    8.874615    5.466134          0         25
. 
. quietly eststo slope_mf: reg soil_avgslope ib26.dist3 i.lam_seg i.year if year==2018 & (dist_both<=0.21 & dist_both>=-0.2 & only_mf== 1 & res_typex !="Condominiums") , vce(cluster lam_seg)
. sum soil_avgslope if only_mf == 1 & year==2018 & (dist_both<=0.02 & dist_both>0) & res_typex != "Condominiums" 

    Variable |        Obs        Mean    Std. dev.       Min        Max
-------------+---------------------------------------------------------
soil_avgsl~e |          7    2.249624    2.330481          0        5.5
. sum soil_avgslope if only_mf == 1 & year==2018 & (dist_both<=0 & dist_both>-0.02) & res_typex != "Condominiums"

    Variable |        Obs        Mean    Std. dev.       Min        Max
-------------+---------------------------------------------------------
soil_avgsl~e |         15    4.858219    1.713424          0        5.5
. 
. quietly eststo slope_mfhe: reg soil_avgslope ib26.dist3 i.lam_seg i.year if year==2018 & (dist_both<=0.21 & dist_both>=-0.2 & mf_he == 1 & res_typex !="Condominiums") , vce(cluster lam_seg)
. sum soil_avgslope if mf_he == 1 & year==2018 & (dist_both<=0.02 & dist_both>0) & res_typex != "Condominiums" 

    Variable |        Obs        Mean    Std. dev.       Min        Max
-------------+---------------------------------------------------------
soil_avgsl~e |         12     6.18866    4.989175          0       11.5
. sum soil_avgslope if mf_he == 1 & year==2018 & (dist_both<=0 & dist_both>-0.02) & res_typex != "Condominiums"

    Variable |        Obs        Mean    Std. dev.       Min        Max
-------------+---------------------------------------------------------
soil_avgsl~e |         10    8.467726    3.270186    3.87765       11.5
. 
. quietly eststo slope_he: reg soil_avgslope ib26.dist3 i.lam_seg i.year if year==2018 & (dist_both<=0.21 & dist_both>=-0.2 & only_he == 1 & res_typex !="Condominiums") , vce(cluster lam_seg)
. sum soil_avgslope if only_he == 1 & year==2018 & (dist_both<=0.02 & dist_both>0) & res_typex != "Condominiums" 

    Variable |        Obs        Mean    Std. dev.       Min        Max
-------------+---------------------------------------------------------
soil_avgsl~e |        147    7.559288    3.777079          0   19.87656
. sum soil_avgslope if only_he == 1 & year==2018 & (dist_both<=0 & dist_both>-0.02) & res_typex != "Condominiums"

    Variable |        Obs        Mean    Std. dev.       Min        Max
-------------+---------------------------------------------------------
soil_avgsl~e |        100    6.460932    3.712342          0   11.60253
. 
. esttab slope_du slope_duhe slope_mfdu slope_mf slope_mfhe slope_he, se r2 indicate("Boundary f.e.=*lam_seg" "Year f.e.=*year") interaction(" X ") ///
>         label mtitles("slope_du" "slope_duhe" "slope_mfdu" "slope_mf" "slope_mfhe" "slope_he") title("Mean Slope of Lot (degrees)") 

Mean Slope of Lot (degrees)
--------------------------------------------------------------------------------------------------------------------
                              (1)             (2)             (3)             (4)             (5)             (6)   
                         slope_du      slope_duhe      slope_mfdu        slope_mf      slope_mfhe        slope_he   
--------------------------------------------------------------------------------------------------------------------
-.2                         6.808*          0.824        -0.00118           1.948           3.094***        0.790   
                          (2.951)         (0.440)         (1.369)             (.)         (0.567)         (0.931)   

-.18                        5.481           0.603          -0.203           1.500           2.674***        1.031   
                          (2.776)         (0.336)         (1.298)             (.)         (0.584)         (0.942)   

-.16                        5.974*          0.560           0.922          -2.250           2.601***        0.232   
                          (2.905)         (0.343)         (1.276)             (.)         (0.675)         (0.857)   

-.14                        6.441*          0.655           0.774           1.695           3.298***       0.0995   
                          (2.738)         (0.354)         (1.135)             (.)         (0.709)         (0.864)   

-.12                        4.804           0.352           0.405           3.250           2.672***        0.553   
                          (2.514)         (0.334)         (1.024)             (.)         (0.669)         (0.848)   

-.1                         4.902           0.101           0.212           3.012           2.445**         0.416   
                          (2.507)         (0.311)         (1.112)             (.)         (0.791)         (0.770)   

-.08                        4.194           0.317           1.223           3.250           2.520**         0.200   
                          (2.474)         (0.338)         (0.915)             (.)         (0.691)         (0.738)   

-.06                        3.949           0.431           0.139           2.057           2.317***        0.229   
                          (2.337)         (0.331)         (1.377)             (.)         (0.531)         (0.826)   

-.04                        3.920           0.369           0.419           2.661           4.412**        -0.708   
                          (2.894)         (0.328)         (1.453)             (.)         (1.469)         (0.921)   

-.02                        2.620           0.176           2.030           2.609           2.634***       -0.859   
                          (2.767)         (0.462)         (1.805)             (.)         (0.557)         (0.835)   

0                               0               0               0               0               0               0   
                              (.)             (.)             (.)             (.)             (.)             (.)   

.02                         3.477           0.282           1.226           2.150           0.743           0.269   
                          (3.374)         (0.297)         (1.322)             (.)         (0.467)         (0.621)   

.04                         4.290         -0.0435          -0.119          -2.250           2.194**        0.0708   
                          (2.795)         (0.386)         (1.376)             (.)         (0.639)         (0.693)   

.06                         5.132           0.378          -0.187                           1.739*         -0.412   
                          (2.605)         (0.476)         (0.918)                         (0.722)         (0.714)   

.08                         3.690          0.0166          -0.662                           1.428**        0.0156   
                          (2.216)         (0.411)         (1.184)                         (0.492)         (0.757)   

.1                          5.234           0.354          -0.178                           1.147***       -0.298   
                          (2.730)         (0.417)         (1.231)                         (0.296)         (0.828)   

.12                         3.500           0.117          -1.109                           1.541***       -0.350   
                          (2.592)         (0.455)         (1.616)                         (0.262)         (0.851)   

.14                         1.870           0.277          -0.246                           2.370*         -0.496   
                          (2.931)         (0.479)         (1.208)                         (0.887)         (0.878)   

.16                        0.0477           0.548          -0.534                           2.810**        -0.357   
                          (3.210)         (0.431)         (1.562)                         (0.961)         (0.834)   

.18                         1.006           0.658          -0.748                           3.210*         -0.202   
                          (3.208)         (0.452)         (1.470)                         (1.350)         (0.831)   

.2                          1.902           0.148          -1.146                           3.135*         -0.415   
                          (3.339)         (0.430)         (1.777)                         (1.133)         (0.812)   

Constant                    5.433*          4.073***        4.377***        2.250           1.585*          7.634***
                          (2.487)         (0.318)      (1.30e-11)             (.)         (0.586)         (0.783)   

Boundary f.e.                 Yes             Yes             Yes             Yes             Yes             Yes   

Year f.e.                     Yes             Yes             Yes             Yes             Yes             Yes   
--------------------------------------------------------------------------------------------------------------------
Observations                 3006           13449            3669             111            1545            8623   
R-squared                   0.391           0.466           0.379           0.375           0.504           0.420   
--------------------------------------------------------------------------------------------------------------------
Standard errors in parentheses
* p<0.05, ** p<0.01, *** p<0.001
.           
. esttab slope_du slope_duhe slope_mfdu slope_mf slope_mfhe slope_he using "$EXPORTPATH/amenities_table_slope.tex", replace keep(25.dist3) ///
> se r2 indicate("Boundary f.e.=*lam_seg" "Year f.e.=*year") interaction(" X ") ///
>         label mtitles("slope_du" "slope_duhe" "slope_mfdu" "slope_mf" "slope_mfhe" "slope_he") ///
>         title("Mean Slope of Lot (degrees)") 
(file /shared/boston_zoning/working_paper/replication_package/analysis/amenities_muni_boundary_output/amenities_table_slope.tex not found)
(output written to /shared/boston_zoning/working_paper/replication_package/analysis/amenities_muni_boundary_output/amenities_table_slope.tex)
. 
. * robust s.e.
. quietly eststo slope_du_robust: reg soil_avgslope ib26.dist3 i.lam_seg i.year if year==2018 & (dist_both<=0.21 & dist_both>=-0.2 & only_du == 1 & res_typex !="Condominiums") , vce(robust)
.         
. quietly eststo slope_duhe_robust: reg soil_avgslope ib26.dist3 i.lam_seg i.year if year==2018 & (dist_both<=0.21 & dist_both>=-0.2 & du_he == 1 & res_typex !="Condominiums") , vce(robust)
. 
. quietly eststo slope_mfdu_robust: reg soil_avgslope ib26.dist3 i.lam_seg i.year if year==2018 & (dist_both<=0.21 & dist_both>=-0.2 & mf_du == 1 & res_typex !="Condominiums") , vce(robust)
. 
. quietly eststo slope_mf_robust: reg soil_avgslope ib26.dist3 i.lam_seg i.year if year==2018 & (dist_both<=0.21 & dist_both>=-0.2 & only_mf== 1 & res_typex !="Condominiums") , vce(robust)
. 
. quietly eststo slope_mfhe_robust: reg soil_avgslope ib26.dist3 i.lam_seg i.year if year==2018 & (dist_both<=0.21 & dist_both>=-0.2 & mf_he == 1 & res_typex !="Condominiums") , vce(robust)
. 
. quietly eststo slope_he_robust: reg soil_avgslope ib26.dist3 i.lam_seg i.year if year==2018 & (dist_both<=0.21 & dist_both>=-0.2 & only_he == 1 & res_typex !="Condominiums") , vce(robust)
. 
. esttab slope_du_robust slope_duhe_robust slope_mfdu_robust slope_mf_robust slope_mfhe_robust slope_he_robust, se r2 indicate("Boundary f.e.=*lam_seg" "Year f.e.=*year") interaction(" X ") ///
>         label mtitles("slope_du" "slope_duhe" "slope_mfdu" "slope_mf" "slope_mfhe" "slope_he") title("Mean Slope of Lot (degrees), robust s.e.") 

Mean Slope of Lot (degrees), robust s.e.
--------------------------------------------------------------------------------------------------------------------
                              (1)             (2)             (3)             (4)             (5)             (6)   
                         slope_du      slope_duhe      slope_mfdu        slope_mf      slope_mfhe        slope_he   
--------------------------------------------------------------------------------------------------------------------
-.2                         6.808***        0.824***     -0.00118           1.948           3.094**         0.790*  
                          (1.217)         (0.236)         (0.640)         (3.275)         (1.084)         (0.331)   

-.18                        5.481***        0.603**        -0.203           1.500           2.674*          1.031** 
                          (1.209)         (0.232)         (0.672)         (3.152)         (1.081)         (0.329)   

-.16                        5.974***        0.560*          0.922          -2.250*          2.601*          0.232   
                          (1.228)         (0.230)         (0.686)         (0.868)         (1.098)         (0.323)   

-.14                        6.441***        0.655**         0.774           1.695           3.298**        0.0995   
                          (1.234)         (0.234)         (0.676)         (1.492)         (1.107)         (0.317)   

-.12                        4.804***        0.352           0.405           3.250***        2.672*          0.553   
                          (1.242)         (0.228)         (0.664)         (0.868)         (1.086)         (0.320)   

-.1                         4.902***        0.101           0.212           3.012**         2.445*          0.416   
                          (1.221)         (0.234)         (0.664)         (0.902)         (1.127)         (0.315)   

-.08                        4.194***        0.317           1.223           3.250***        2.520*          0.200   
                          (1.244)         (0.240)         (0.697)         (0.868)         (1.094)         (0.333)   

-.06                        3.949**         0.431           0.139           2.057           2.317*          0.229   
                          (1.242)         (0.253)         (0.663)         (1.166)         (1.123)         (0.328)   

-.04                        3.920**         0.369           0.419           2.661**         4.412**        -0.708   
                          (1.242)         (0.232)         (0.683)         (0.962)         (1.531)         (0.374)   

-.02                        2.620*          0.176           2.030*          2.609**         2.634*         -0.859*  
                          (1.252)         (0.281)         (1.034)         (0.980)         (1.158)         (0.367)   

0                               0               0               0               0               0               0   
                              (.)             (.)             (.)             (.)             (.)             (.)   

.02                         3.477**         0.282           1.226           2.150*          0.743           0.269   
                          (1.259)         (0.244)         (0.757)         (1.058)         (1.092)         (0.304)   

.04                         4.290***      -0.0435          -0.119          -2.250*          2.194*         0.0708   
                          (1.235)         (0.249)         (0.716)         (0.868)         (1.091)         (0.328)   

.06                         5.132***        0.378          -0.187                           1.739          -0.412   
                          (1.205)         (0.238)         (0.680)                         (1.069)         (0.305)   

.08                         3.690**        0.0166          -0.662                           1.428          0.0156   
                          (1.236)         (0.241)         (0.669)                         (1.074)         (0.314)   

.1                          5.234***        0.354          -0.178                           1.147          -0.298   
                          (1.254)         (0.247)         (0.657)                         (1.090)         (0.311)   

.12                         3.500**         0.117          -1.109                           1.541          -0.350   
                          (1.267)         (0.243)         (0.643)                         (1.106)         (0.317)   

.14                         1.870           0.277          -0.246                           2.370*         -0.496   
                          (1.243)         (0.237)         (0.637)                         (1.103)         (0.323)   

.16                        0.0477           0.548*         -0.534                           2.810*         -0.357   
                          (1.261)         (0.227)         (0.655)                         (1.109)         (0.312)   

.18                         1.006           0.658**        -0.748                           3.210**        -0.202   
                          (1.256)         (0.232)         (0.631)                         (1.110)         (0.306)   

.2                          1.902           0.148          -1.146                           3.135**        -0.415   
                          (1.369)         (0.249)         (0.711)                         (1.130)         (0.332)   

Constant                    5.433***        4.073***        4.377***        2.250*          1.585           7.634***
                          (1.248)         (0.406)    (0.00000210)         (0.868)         (1.212)         (0.473)   

Boundary f.e.                 Yes             Yes             Yes             Yes             Yes             Yes   

Year f.e.                     Yes             Yes             Yes             Yes             Yes             Yes   
--------------------------------------------------------------------------------------------------------------------
Observations                 3006           13449            3669             111            1545            8623   
R-squared                   0.391           0.466           0.379           0.375           0.504           0.420   
--------------------------------------------------------------------------------------------------------------------
Standard errors in parentheses
* p<0.05, ** p<0.01, *** p<0.001
. }

. 
. 
. ********************************************************************************
. ** percent of lot >15 degrees
. ********************************************************************************
. capture noisily {
. ** regressions
. quietly eststo slope15_du: reg soil_slope15 ib26.dist3 i.lam_seg i.year if year==2018 & (dist_both<=0.21 & dist_both>=-0.2 & only_du == 1 & res_typex !="Condominiums") , vce(cluster lam_seg)
. sum soil_slope15 if only_du == 1 & year==2018 & (dist_both<=0.02 & dist_both>0) & res_typex != "Condominiums" 

    Variable |        Obs        Mean    Std. dev.       Min        Max
-------------+---------------------------------------------------------
soil_slope15 |         41    .0487805    .2180848          0          1
. sum soil_slope15 if only_du == 1 & year==2018 & (dist_both<=0 & dist_both>-0.02) & res_typex != "Condominiums"

    Variable |        Obs        Mean    Std. dev.       Min        Max
-------------+---------------------------------------------------------
soil_slope15 |         54     .079297    .2641847          0          1
. 
. quietly eststo slope15_duhe: reg soil_slope15 ib26.dist3 i.lam_seg i.year if year==2018 & (dist_both<=0.21 & dist_both>=-0.2 & du_he == 1 & res_typex !="Condominiums") , vce(cluster lam_seg)
. sum soil_slope15 if du_he == 1 & year==2018 & (dist_both<=0.02 & dist_both>0) & res_typex != "Condominiums" 

    Variable |        Obs        Mean    Std. dev.       Min        Max
-------------+---------------------------------------------------------
soil_slope15 |        192    .0099416    .0827422          0          1
. sum soil_slope15 if du_he == 1 & year==2018 & (dist_both<=0 & dist_both>-0.02) & res_typex != "Condominiums"

    Variable |        Obs        Mean    Std. dev.       Min        Max
-------------+---------------------------------------------------------
soil_slope15 |        259    .0326958    .1449346          0          1
. 
. quietly eststo slope15_mfdu: reg soil_slope15 ib26.dist3 i.lam_seg i.year if year==2018 & (dist_both<=0.21 & dist_both>=-0.2 & mf_du == 1 & res_typex !="Condominiums") , vce(cluster lam_seg)
. sum soil_slope15 if mf_du == 1 & year==2018 & (dist_both<=0.02 & dist_both>0) & res_typex != "Condominiums" 

    Variable |        Obs        Mean    Std. dev.       Min        Max
-------------+---------------------------------------------------------
soil_slope15 |         55    .0702857    .2045046          0          1
. sum soil_slope15 if mf_du == 1 & year==2018 & (dist_both<=0 & dist_both>-0.02) & res_typex != "Condominiums"

    Variable |        Obs        Mean    Std. dev.       Min        Max
-------------+---------------------------------------------------------
soil_slope15 |         39    .0645902    .2354545          0          1
. 
. quietly eststo slope15_mf: reg soil_slope15 ib26.dist3 i.lam_seg i.year if year==2018 & (dist_both<=0.21 & dist_both>=-0.2 & only_mf== 1 & res_typex !="Condominiums") , vce(cluster lam_seg)
. sum soil_slope15 if only_mf == 1 & year==2018 & (dist_both<=0.02 & dist_both>0) & res_typex != "Condominiums" 

    Variable |        Obs        Mean    Std. dev.       Min        Max
-------------+---------------------------------------------------------
soil_slope15 |          7           0           0          0          0
. sum soil_slope15 if only_mf == 1 & year==2018 & (dist_both<=0 & dist_both>-0.02) & res_typex != "Condominiums"

    Variable |        Obs        Mean    Std. dev.       Min        Max
-------------+---------------------------------------------------------
soil_slope15 |         15           0           0          0          0
. 
. quietly eststo slope15_mfhe: reg soil_slope15 ib26.dist3 i.lam_seg i.year if year==2018 & (dist_both<=0.21 & dist_both>=-0.2 & mf_he == 1 & res_typex !="Condominiums") , vce(cluster lam_seg)
. sum soil_slope15 if mf_he == 1 & year==2018 & (dist_both<=0.02 & dist_both>0) & res_typex != "Condominiums" 

    Variable |        Obs        Mean    Std. dev.       Min        Max
-------------+---------------------------------------------------------
soil_slope15 |         12           0           0          0          0
. sum soil_slope15 if mf_he == 1 & year==2018 & (dist_both<=0 & dist_both>-0.02) & res_typex != "Condominiums"

    Variable |        Obs        Mean    Std. dev.       Min        Max
-------------+---------------------------------------------------------
soil_slope15 |         10           0           0          0          0
. 
. quietly eststo slope15_he: reg soil_slope15 ib26.dist3 i.lam_seg i.year if year==2018 & (dist_both<=0.21 & dist_both>=-0.2 & only_he == 1 & res_typex !="Condominiums") , vce(cluster lam_seg)
. sum soil_slope15 if only_he == 1 & year==2018 & (dist_both<=0.02 & dist_both>0) & res_typex != "Condominiums" 

    Variable |        Obs        Mean    Std. dev.       Min        Max
-------------+---------------------------------------------------------
soil_slope15 |        147    .0416734    .1173574          0    .993828
. sum soil_slope15 if only_he == 1 & year==2018 & (dist_both<=0 & dist_both>-0.02) & res_typex != "Condominiums"

    Variable |        Obs        Mean    Std. dev.       Min        Max
-------------+---------------------------------------------------------
soil_slope15 |        100    .0059671    .0430965          0    .420864
. 
. esttab slope15_du slope15_duhe slope15_mfdu slope15_mf slope15_mfhe slope15_he, se r2 indicate("Boundary f.e.=*lam_seg" "Year f.e.=*year") interaction(" X ") ///
>         label mtitles("slope15_du" "slope15_duhe" "slope15_mfdu" "slope15_mf" "slope15_mfhe" "slope15_he") title("Percent of Lot with Slope >15 Degrees") 

Percent of Lot with Slope >15 Degrees
--------------------------------------------------------------------------------------------------------------------
                              (1)             (2)             (3)             (4)             (5)             (6)   
                       slope15_du    slope15_duhe    slope15_mfdu      slope15_mf    slope15_mfhe      slope15_he   
--------------------------------------------------------------------------------------------------------------------
-.2                         0.259*         0.0768        -0.00682               0           0.104         0.00618   
                          (0.119)        (0.0434)        (0.0161)             (.)        (0.0517)        (0.0449)   

-.18                        0.207          0.0584         0.00865               0          0.0985        -0.00226   
                          (0.112)        (0.0415)        (0.0244)             (.)        (0.0604)        (0.0358)   

-.16                        0.257*         0.0620          0.0248               0          0.0958         -0.0209   
                          (0.124)        (0.0384)        (0.0227)             (.)        (0.0477)        (0.0285)   

-.14                        0.198          0.0736          0.0290               0           0.110*        -0.0210   
                          (0.104)        (0.0396)        (0.0250)             (.)        (0.0477)        (0.0238)   

-.12                        0.151          0.0748         0.00451               0          0.0981*        0.00151   
                         (0.0941)        (0.0399)        (0.0246)             (.)        (0.0428)        (0.0332)   

-.1                         0.201*         0.0501          0.0186               0           0.109        -0.00277   
                         (0.0978)        (0.0399)        (0.0204)             (.)        (0.0531)        (0.0297)   

-.08                        0.215*         0.0392          0.0365               0          0.0955         0.00190   
                          (0.101)        (0.0421)        (0.0380)             (.)        (0.0477)        (0.0319)   

-.06                        0.180*         0.0642         -0.0331               0          0.0800         0.00153   
                         (0.0858)        (0.0497)        (0.0165)             (.)        (0.0458)        (0.0341)   

-.04                        0.258*         0.0495         -0.0210               0           0.205         -0.0148   
                          (0.117)        (0.0454)        (0.0183)             (.)         (0.104)        (0.0341)   

-.02                        0.229          0.0608          0.0113               0        -0.00418         -0.0422   
                          (0.116)        (0.0399)        (0.0167)             (.)        (0.0194)        (0.0217)   

0                               0               0               0               0               0               0   
                              (.)             (.)             (.)             (.)             (.)             (.)   

.02                         0.272*         0.0519          0.0281               0          0.0710         -0.0164   
                          (0.107)        (0.0349)        (0.0251)             (.)        (0.0503)        (0.0232)   

.04                         0.254*         0.0246          0.0445               0          0.0878*        0.00415   
                         (0.0971)        (0.0369)        (0.0649)             (.)        (0.0409)        (0.0353)   

.06                         0.261**        0.0404        -0.00767                          0.0703         -0.0195   
                         (0.0925)        (0.0388)        (0.0207)                        (0.0498)        (0.0326)   

.08                         0.224**        0.0421         -0.0279                          0.0828        -0.00611   
                         (0.0787)        (0.0379)        (0.0247)                        (0.0481)        (0.0285)   

.1                          0.273*         0.0525         -0.0133                          0.0880         -0.0265   
                          (0.110)        (0.0398)        (0.0144)                        (0.0462)        (0.0241)   

.12                         0.226*         0.0393         -0.0328                           0.103         -0.0302   
                         (0.0968)        (0.0429)        (0.0223)                        (0.0576)        (0.0232)   

.14                         0.195          0.0394         -0.0162                          0.0848*        -0.0196   
                          (0.112)        (0.0400)        (0.0111)                        (0.0370)        (0.0232)   

.16                         0.122          0.0469         -0.0269                          0.0996         -0.0115   
                          (0.126)        (0.0378)        (0.0243)                        (0.0482)        (0.0263)   

.18                         0.143          0.0494         -0.0320                          0.0980*        -0.0238   
                          (0.135)        (0.0397)        (0.0187)                        (0.0452)        (0.0242)   

.2                          0.166          0.0312         -0.0190                          0.0953*        -0.0282   
                          (0.138)        (0.0364)        (0.0337)                        (0.0438)        (0.0238)   

Constant                  -0.0607         -0.0441       -2.14e-13               0         -0.0985          0.0423   
                         (0.0969)        (0.0382)      (2.18e-13)             (.)        (0.0498)        (0.0224)   

Boundary f.e.                 Yes             Yes             Yes             Yes             Yes             Yes   

Year f.e.                     Yes             Yes             Yes             Yes             Yes             Yes   
--------------------------------------------------------------------------------------------------------------------
Observations                 3006           13449            3669             111            1545            8623   
R-squared                   0.443           0.338           0.235               .           0.157           0.190   
--------------------------------------------------------------------------------------------------------------------
Standard errors in parentheses
* p<0.05, ** p<0.01, *** p<0.001
.         
. esttab slope15_du slope15_duhe slope15_mfdu slope15_mf slope15_mfhe slope15_he using "$EXPORTPATH/amenities_table_slope15.tex", replace keep(25.dist3) ///
> se r2 indicate("Boundary f.e.=*lam_seg" "Year f.e.=*year") interaction(" X ") ///
>         label mtitles("slope15_du" "slope15_duhe" "slope15_mfdu" "slope15_mf" "slope15_mfhe" "slope15_he") ///
>         title("Percent of Lot with Slope >15 Degrees") 
(file /shared/boston_zoning/working_paper/replication_package/analysis/amenities_muni_boundary_output/amenities_table_slope15.tex not found)
(output written to /shared/boston_zoning/working_paper/replication_package/analysis/amenities_muni_boundary_output/amenities_table_slope15.tex)
.         
. * robust s.e.
. quietly eststo slope15_du_robust: reg soil_slope15 ib26.dist3 i.lam_seg i.year if year==2018 & (dist_both<=0.21 & dist_both>=-0.2 & only_du == 1 & res_typex !="Condominiums") , vce(robust)
. 
. quietly eststo slope15_duhe_robust: reg soil_slope15 ib26.dist3 i.lam_seg i.year if year==2018 & (dist_both<=0.21 & dist_both>=-0.2 & du_he == 1 & res_typex !="Condominiums") , vce(robust)
. 
. quietly eststo slope15_mfdu_robust: reg soil_slope15 ib26.dist3 i.lam_seg i.year if year==2018 & (dist_both<=0.21 & dist_both>=-0.2 & mf_du == 1 & res_typex !="Condominiums") , vce(robust)
. 
. quietly eststo slope15_mf_robust: reg soil_slope15 ib26.dist3 i.lam_seg i.year if year==2018 & (dist_both<=0.21 & dist_both>=-0.2 & only_mf== 1 & res_typex !="Condominiums") , vce(robust)
. 
. quietly eststo slope15_mfhe_robust: reg soil_slope15 ib26.dist3 i.lam_seg i.year if year==2018 & (dist_both<=0.21 & dist_both>=-0.2 & mf_he == 1 & res_typex !="Condominiums") , vce(robust)
. 
. quietly eststo slope15_he_robust: reg soil_slope15 ib26.dist3 i.lam_seg i.year if year==2018 & (dist_both<=0.21 & dist_both>=-0.2 & only_he == 1 & res_typex !="Condominiums") , vce(robust)
. 
. esttab slope15_du_robust slope15_duhe_robust slope15_mfdu_robust slope15_mf_robust slope15_mfhe_robust slope15_he_robust, se r2 indicate("Boundary f.e.=*lam_seg" "Year f.e.=*year") interaction(" X ") ///
>         label mtitles("slope15_du" "slope15_duhe" "slope15_mfdu" "slope15_mf" "slope15_mfhe" "slope15_he") title("Percent of Lot with Slope >15 Degrees, robust s.e.") 

Percent of Lot with Slope >15 Degrees, robust s.e.
--------------------------------------------------------------------------------------------------------------------
                              (1)             (2)             (3)             (4)             (5)             (6)   
                       slope15_du    slope15_duhe    slope15_mfdu      slope15_mf    slope15_mfhe      slope15_he   
--------------------------------------------------------------------------------------------------------------------
-.2                         0.259***       0.0768***     -0.00682               0           0.104**       0.00618   
                         (0.0501)        (0.0124)        (0.0246)             (.)        (0.0330)        (0.0154)   

-.18                        0.207***       0.0584***      0.00865               0          0.0985**      -0.00226   
                         (0.0492)        (0.0120)        (0.0261)             (.)        (0.0333)        (0.0147)   

-.16                        0.257***       0.0620***       0.0248               0          0.0958**       -0.0209   
                         (0.0507)        (0.0118)        (0.0272)             (.)        (0.0329)        (0.0136)   

-.14                        0.198***       0.0736***       0.0290               0           0.110**       -0.0210   
                         (0.0487)        (0.0120)        (0.0267)             (.)        (0.0353)        (0.0127)   

-.12                        0.151**        0.0748***      0.00451               0          0.0981**       0.00151   
                         (0.0491)        (0.0119)        (0.0274)             (.)        (0.0324)        (0.0138)   

-.1                         0.201***       0.0501***       0.0186               0           0.109**      -0.00277   
                         (0.0492)        (0.0117)        (0.0278)             (.)        (0.0378)        (0.0134)   

-.08                        0.215***       0.0392***       0.0365               0          0.0955**       0.00190   
                         (0.0501)        (0.0117)        (0.0295)             (.)        (0.0341)        (0.0143)   

-.06                        0.180***       0.0642***      -0.0331               0          0.0800*        0.00153   
                         (0.0505)        (0.0129)        (0.0244)             (.)        (0.0364)        (0.0147)   

-.04                        0.258***       0.0495***      -0.0210               0           0.205**       -0.0148   
                         (0.0519)        (0.0116)        (0.0249)             (.)        (0.0743)        (0.0181)   

-.02                        0.229***       0.0608***       0.0113               0        -0.00418         -0.0422** 
                         (0.0516)        (0.0136)        (0.0417)             (.)        (0.0331)        (0.0131)   

0                               0               0               0               0               0               0   
                              (.)             (.)             (.)             (.)             (.)             (.)   

.02                         0.272***       0.0519***       0.0281               0          0.0710*        -0.0164   
                         (0.0523)        (0.0129)        (0.0305)             (.)        (0.0318)        (0.0112)   

.04                         0.254***       0.0246*         0.0445               0          0.0878**       0.00415   
                         (0.0516)        (0.0117)        (0.0322)             (.)        (0.0336)        (0.0152)   

.06                         0.261***       0.0404***     -0.00767                          0.0703*        -0.0195   
                         (0.0514)        (0.0119)        (0.0280)                        (0.0312)        (0.0126)   

.08                         0.224***       0.0421***      -0.0279                          0.0828**      -0.00611   
                         (0.0519)        (0.0119)        (0.0263)                        (0.0312)        (0.0132)   

.1                          0.273***       0.0525***      -0.0133                          0.0880**       -0.0265*  
                         (0.0528)        (0.0124)        (0.0263)                        (0.0314)        (0.0123)   

.12                         0.226***       0.0393**       -0.0328                           0.103**       -0.0302*  
                         (0.0532)        (0.0122)        (0.0247)                        (0.0367)        (0.0120)   

.14                         0.195***       0.0394***      -0.0162                          0.0848**       -0.0196   
                         (0.0505)        (0.0118)        (0.0247)                        (0.0293)        (0.0120)   

.16                         0.122*         0.0469***      -0.0269                          0.0996**       -0.0115   
                         (0.0509)        (0.0112)        (0.0255)                        (0.0327)        (0.0121)   

.18                         0.143**        0.0494***      -0.0320                          0.0980**       -0.0238*  
                         (0.0509)        (0.0114)        (0.0245)                        (0.0326)        (0.0121)   

.2                          0.166**        0.0312**       -0.0190                          0.0953**       -0.0282*  
                         (0.0570)        (0.0115)        (0.0290)                        (0.0331)        (0.0138)   

Constant                  -0.0607         -0.0441***    -2.14e-13               0         -0.0985**        0.0423** 
                         (0.0535)        (0.0108)             (.)             (.)        (0.0316)        (0.0133)   

Boundary f.e.                 Yes             Yes             Yes             Yes             Yes             Yes   

Year f.e.                     Yes             Yes             Yes             Yes             Yes             Yes   
--------------------------------------------------------------------------------------------------------------------
Observations                 3006           13449            3669             111            1545            8623   
R-squared                   0.443           0.338           0.235               .           0.157           0.190   
--------------------------------------------------------------------------------------------------------------------
Standard errors in parentheses
* p<0.05, ** p<0.01, *** p<0.001
. }

. 
.         
. ********************************************************************************
. ** depth to restrictive layer
. ********************************************************************************
. capture noisily {
. ** regressions
. quietly eststo depth_du: reg soil_avgrestri ib26.dist3 i.lam_seg i.year if year==2018 & (dist_both<=0.21 & dist_both>=-0.2 & only_du == 1 & res_typex !="Condominiums") , vce(cluster lam_seg)
. sum soil_avgrestri if only_du == 1 & year==2018 & (dist_both<=0.02 & dist_both>0) & res_typex != "Condominiums" 

    Variable |        Obs        Mean    Std. dev.       Min        Max
-------------+---------------------------------------------------------
soil_avgre~i |         41    145.6348    66.21754   27.87287   200.0001
. sum soil_avgrestri if only_du == 1 & year==2018 & (dist_both<=0 & dist_both>-0.02) & res_typex != "Condominiums"

    Variable |        Obs        Mean    Std. dev.       Min        Max
-------------+---------------------------------------------------------
soil_avgre~i |         54    158.0177    58.41083   55.66125        200
.         
. quietly eststo depth_duhe: reg soil_avgrestri ib26.dist3 i.lam_seg i.year if year==2018 & (dist_both<=0.21 & dist_both>=-0.2 & du_he == 1 & res_typex !="Condominiums") , vce(cluster lam_seg)
. sum soil_avgrestri if du_he == 1 & year==2018 & (dist_both<=0.02 & dist_both>0) & res_typex != "Condominiums" 

    Variable |        Obs        Mean    Std. dev.       Min        Max
-------------+---------------------------------------------------------
soil_avgre~i |        192    125.8305    67.75109         41        200
. sum soil_avgrestri if du_he == 1 & year==2018 & (dist_both<=0 & dist_both>-0.02) & res_typex != "Condominiums"

    Variable |        Obs        Mean    Std. dev.       Min        Max
-------------+---------------------------------------------------------
soil_avgre~i |        259    127.5945     64.6345   36.76653   200.0003
. 
. quietly eststo depth_mfdu: reg soil_avgrestri ib26.dist3 i.lam_seg i.year if year==2018 & (dist_both<=0.21 & dist_both>=-0.2 & mf_du == 1 & res_typex !="Condominiums") , vce(cluster lam_seg)
. sum soil_avgrestri if mf_du == 1 & year==2018 & (dist_both<=0.02 & dist_both>0) & res_typex != "Condominiums" 

    Variable |        Obs        Mean    Std. dev.       Min        Max
-------------+---------------------------------------------------------
soil_avgre~i |         55    160.9305     59.7971         56   200.0003
. sum soil_avgrestri if mf_du == 1 & year==2018 & (dist_both<=0 & dist_both>-0.02) & res_typex != "Condominiums"

    Variable |        Obs        Mean    Std. dev.       Min        Max
-------------+---------------------------------------------------------
soil_avgre~i |         39    136.8834    69.28084   19.72031   200.0002
. 
. quietly eststo depth_mf: reg soil_avgrestri ib26.dist3 i.lam_seg i.year if year==2018 & (dist_both<=0.21 & dist_both>=-0.2 & only_mf== 1 & res_typex !="Condominiums") , vce(cluster lam_seg)
. sum soil_avgrestri if only_mf == 1 & year==2018 & (dist_both<=0.02 & dist_both>0) & res_typex != "Condominiums" 

    Variable |        Obs        Mean    Std. dev.       Min        Max
-------------+---------------------------------------------------------
soil_avgre~i |          7    151.3263    50.42313         81        200
. sum soil_avgrestri if only_mf == 1 & year==2018 & (dist_both<=0 & dist_both>-0.02) & res_typex != "Condominiums"

    Variable |        Obs        Mean    Std. dev.       Min        Max
-------------+---------------------------------------------------------
soil_avgre~i |         15     94.8858    37.07226         81        200
. 
. quietly eststo depth_mfhe: reg soil_avgrestri ib26.dist3 i.lam_seg i.year if year==2018 & (dist_both<=0.21 & dist_both>=-0.2 & mf_he == 1 & res_typex !="Condominiums") , vce(cluster lam_seg)
. sum soil_avgrestri if mf_he == 1 & year==2018 & (dist_both<=0.02 & dist_both>0) & res_typex != "Condominiums" 

    Variable |        Obs        Mean    Std. dev.       Min        Max
-------------+---------------------------------------------------------
soil_avgre~i |         12    143.2773    70.44355   53.16362        200
. sum soil_avgrestri if mf_he == 1 & year==2018 & (dist_both<=0 & dist_both>-0.02) & res_typex != "Condominiums"

    Variable |        Obs        Mean    Std. dev.       Min        Max
-------------+---------------------------------------------------------
soil_avgre~i |         10    197.7103    5.236931   184.2432        200
. 
. quietly eststo depth_he: reg soil_avgrestri ib26.dist3 i.lam_seg i.year if year==2018 & (dist_both<=0.21 & dist_both>=-0.2 & only_he == 1 & res_typex !="Condominiums") , vce(cluster lam_seg)
. sum soil_avgrestri if only_he == 1 & year==2018 & (dist_both<=0.02 & dist_both>0) & res_typex != "Condominiums" 

    Variable |        Obs        Mean    Std. dev.       Min        Max
-------------+---------------------------------------------------------
soil_avgre~i |        147    153.6075    56.53786         41   200.0001
. sum soil_avgrestri if only_he == 1 & year==2018 & (dist_both<=0 & dist_both>-0.02) & res_typex != "Condominiums"

    Variable |        Obs        Mean    Std. dev.       Min        Max
-------------+---------------------------------------------------------
soil_avgre~i |        100    185.8657    39.71477         53   200.0004
. 
. esttab depth_du depth_duhe depth_mfdu depth_mf depth_mfhe depth_he, se r2 indicate("Boundary f.e.=*lam_seg" "Year f.e.=*year") interaction(" X ") ///
>         label mtitles("depth_du" "depth_duhe" "depth_mfdu" "depth_mf" "depth_mfhe" "depth_he") title("Depth to Restrictive Layer (cm)") 

Depth to Restrictive Layer (cm)
--------------------------------------------------------------------------------------------------------------------
                              (1)             (2)             (3)             (4)             (5)             (6)   
                         depth_du      depth_duhe      depth_mfdu        depth_mf      depth_mfhe        depth_he   
--------------------------------------------------------------------------------------------------------------------
-.2                        -7.346           19.82          -13.77          -2.064           5.449          -15.05   
                          (29.39)         (14.69)         (12.44)             (.)         (5.974)         (14.16)   

-.18                       -1.757           22.50          -10.91           3.347          -0.293          -12.12   
                          (25.96)         (14.56)         (11.07)             (.)         (4.954)         (13.31)   

-.16                        4.290           19.05          -15.15           48.67           5.640          -8.943   
                          (25.24)         (14.51)         (12.92)             (.)         (10.07)         (12.90)   

-.14                       -15.44           19.44          -13.15          -10.83           13.80          -7.982   
                          (25.59)         (15.13)         (13.80)             (.)         (11.72)         (12.75)   

-.12                        5.625           21.76          -12.04          -10.83           4.967          -4.118   
                          (21.22)         (14.61)         (12.62)             (.)         (8.349)         (12.39)   

-.1                         9.847           23.92          -9.743          -58.41           4.940          -6.584   
                          (19.85)         (14.58)         (11.72)             (.)         (3.887)         (12.26)   

-.08                        11.01           23.15          -8.453          -58.13           3.863           2.160   
                          (18.60)         (14.81)         (13.28)             (.)         (5.047)         (11.80)   

-.06                        11.89           21.73          -12.01          -44.50           11.13**        0.0886   
                          (17.66)         (15.11)         (12.92)             (.)         (3.051)         (11.98)   

-.04                        17.07           20.02          -18.34          -57.57           1.454          -1.112   
                          (17.55)         (15.86)         (16.32)             (.)         (3.441)         (12.35)   

-.02                        22.06           14.08          -24.19          -56.44           39.67**         16.04   
                          (18.85)         (16.34)         (25.06)             (.)         (11.24)         (12.20)   

0                               0               0               0               0               0               0   
                              (.)             (.)             (.)             (.)             (.)             (.)   

.02                         32.91           17.58          -15.24          -46.53          -8.621           0.746   
                          (20.31)         (12.86)         (14.68)             (.)         (4.512)         (11.03)   

.04                         23.00           21.37          -0.575           48.67          -1.133           7.692   
                          (17.34)         (13.70)         (8.788)             (.)         (6.699)         (10.65)   

.06                         8.462           23.24           6.622                          -0.193           10.68   
                          (14.58)         (13.46)         (7.871)                         (6.930)         (11.44)   

.08                         6.399           27.36           1.562                           1.404           1.323   
                          (14.97)         (14.07)         (8.902)                         (8.811)         (12.12)   

.1                         -1.734           24.57          -1.940                           4.160           4.173   
                          (16.18)         (14.74)         (7.860)                         (7.646)         (12.28)   

.12                         1.114           25.68           2.845                          -4.477          -1.426   
                          (17.20)         (14.46)         (8.213)                         (5.587)         (12.54)   

.14                         11.04           25.18          -0.295                          -17.54           4.168   
                          (20.43)         (14.09)         (9.013)                         (13.40)         (13.16)   

.16                         25.08           18.23          -4.570                          -19.38          -2.160   
                          (21.29)         (14.36)         (10.81)                         (16.57)         (12.64)   

.18                         21.55           17.88           1.479                          -22.91          -1.137   
                          (21.64)         (14.44)         (10.15)                         (19.79)         (12.86)   

.2                          14.21           16.96           9.903                          -11.76           5.452   
                          (23.22)         (14.05)         (8.344)                         (17.89)         (13.24)   

Constant                    141.9***        58.31***        119.4***        151.3           200.8***        164.1***
                          (18.34)         (13.84)      (8.95e-11)             (.)         (3.221)         (11.72)   

Boundary f.e.                 Yes             Yes             Yes             Yes             Yes             Yes   

Year f.e.                     Yes             Yes             Yes             Yes             Yes             Yes   
--------------------------------------------------------------------------------------------------------------------
Observations                 3006           13449            3669             111            1545            8623   
R-squared                   0.481           0.608           0.711           0.400           0.718           0.432   
--------------------------------------------------------------------------------------------------------------------
Standard errors in parentheses
* p<0.05, ** p<0.01, *** p<0.001
.         
. esttab depth_du depth_duhe depth_mfdu depth_mf depth_mfhe depth_he using "$EXPORTPATH/amenities_table_depth.tex", replace keep(25.dist3) ///
> se r2 indicate("Boundary f.e.=*lam_seg" "Year f.e.=*year") interaction(" X ") ///
>         label mtitles("depth_du" "depth_duhe" "depth_mfdu" "depth_mf" "depth_mfhe" "depth_he") ///
>         title("Depth to Restrictive Layer (cm)") 
(file /shared/boston_zoning/working_paper/replication_package/analysis/amenities_muni_boundary_output/amenities_table_depth.tex not found)
(output written to /shared/boston_zoning/working_paper/replication_package/analysis/amenities_muni_boundary_output/amenities_table_depth.tex)
.         
. * robust s.e.
. quietly eststo depth_du_r: reg soil_avgrestri ib26.dist3 i.lam_seg i.year if year==2018 & (dist_both<=0.21 & dist_both>=-0.2 & only_du == 1 & res_typex !="Condominiums") , vce(robust)
.         
. quietly eststo depth_duhe_r: reg soil_avgrestri ib26.dist3 i.lam_seg i.year if year==2018 & (dist_both<=0.21 & dist_both>=-0.2 & du_he == 1 & res_typex !="Condominiums") , vce(robust)
. 
. quietly eststo depth_mfdu_r: reg soil_avgrestri ib26.dist3 i.lam_seg i.year if year==2018 & (dist_both<=0.21 & dist_both>=-0.2 & mf_du == 1 & res_typex !="Condominiums") , vce(robust)
. 
. quietly eststo depth_mf_r: reg soil_avgrestri ib26.dist3 i.lam_seg i.year if year==2018 & (dist_both<=0.21 & dist_both>=-0.2 & only_mf== 1 & res_typex !="Condominiums") , vce(robust)
. 
. quietly eststo depth_mfhe_r: reg soil_avgrestri ib26.dist3 i.lam_seg i.year if year==2018 & (dist_both<=0.21 & dist_both>=-0.2 & mf_he == 1 & res_typex !="Condominiums") , vce(robust)
. 
. quietly eststo depth_he_r: reg soil_avgrestri ib26.dist3 i.lam_seg i.year if year==2018 & (dist_both<=0.21 & dist_both>=-0.2 & only_he == 1 & res_typex !="Condominiums") , vce(robust)
. 
. esttab depth_du_r depth_duhe_r depth_mfdu_r depth_mf_r depth_mfhe_r depth_he_r, se r2 indicate("Boundary f.e.=*lam_seg" "Year f.e.=*year") interaction(" X ") ///
>         label mtitles("depth_du" "depth_duhe" "depth_mfdu" "depth_mf" "depth_mfhe" "depth_he") title("Depth to Restrictive Layer (cm), robust s.e.") 

Depth to Restrictive Layer (cm), robust s.e.
--------------------------------------------------------------------------------------------------------------------
                              (1)             (2)             (3)             (4)             (5)             (6)   
                         depth_du      depth_duhe      depth_mfdu        depth_mf      depth_mfhe        depth_he   
--------------------------------------------------------------------------------------------------------------------
-.2                        -7.346           19.82***       -13.77*         -2.064           5.449          -15.05***
                          (9.242)         (3.566)         (5.625)         (42.54)         (14.55)         (3.973)   

-.18                       -1.757           22.50***       -10.91           3.347          -0.293          -12.12** 
                          (9.143)         (3.527)         (5.907)         (41.16)         (14.50)         (3.950)   

-.16                        4.290           19.05***       -15.15**         48.67*          5.640          -8.943*  
                          (9.391)         (3.518)         (5.660)         (18.78)         (14.79)         (4.014)   

-.14                       -15.44           19.44***       -13.15*         -10.83           13.80          -7.982*  
                          (9.436)         (3.565)         (5.751)         (36.81)         (15.06)         (3.903)   

-.12                        5.625           21.76***       -12.04*         -10.83           4.967          -4.118   
                          (9.296)         (3.524)         (5.608)         (48.55)         (14.87)         (3.906)   

-.1                         9.847           23.92***       -9.743          -58.41**         4.940          -6.584   
                          (9.057)         (3.571)         (5.539)         (20.59)         (14.80)         (3.853)   

-.08                        11.01           23.15***       -8.453          -58.13**         3.863           2.160   
                          (9.052)         (3.658)         (5.659)         (20.61)         (14.60)         (4.101)   

-.06                        11.89           21.73***       -12.01*         -44.50           11.13          0.0886   
                          (9.083)         (3.648)         (5.986)         (25.22)         (15.03)         (4.044)   

-.04                        17.07           20.02***       -18.34**        -57.57**         1.454          -1.112   
                          (9.099)         (3.645)         (6.854)         (20.81)         (15.10)         (4.414)   

-.02                        22.06*          14.08***       -24.19**        -56.44**         39.67*          16.04***
                          (10.74)         (3.849)         (9.348)         (21.20)         (16.25)         (4.414)   

0                               0               0               0               0               0               0   
                              (.)             (.)             (.)             (.)             (.)             (.)   

.02                         32.91***        17.58***       -15.24*         -46.53*         -8.621           0.746   
                          (9.054)         (3.746)         (6.487)         (22.88)         (15.17)         (4.179)   

.04                         23.00**         21.37***       -0.575           48.67*         -1.133           7.692   
                          (8.897)         (3.818)         (5.645)         (18.78)         (14.97)         (4.214)   

.06                         8.462           23.24***        6.622                          -0.193           10.68** 
                          (8.729)         (3.643)         (5.499)                         (14.71)         (4.013)   

.08                         6.399           27.36***        1.562                           1.404           1.323   
                          (8.777)         (3.636)         (5.822)                         (14.66)         (4.247)   

.1                         -1.734           24.57***       -1.940                           4.160           4.173   
                          (9.345)         (3.704)         (5.587)                         (14.62)         (4.071)   

.12                         1.114           25.68***        2.845                          -4.477          -1.426   
                          (9.080)         (3.591)         (5.638)                         (14.71)         (4.129)   

.14                         11.04           25.18***       -0.295                          -17.54           4.168   
                          (9.213)         (3.568)         (5.570)                         (15.06)         (4.243)   

.16                         25.08**         18.23***       -4.570                          -19.38          -2.160   
                          (9.057)         (3.588)         (5.995)                         (14.98)         (4.175)   

.18                         21.55*          17.88***        1.479                          -22.91          -1.137   
                          (9.132)         (3.561)         (5.748)                         (15.03)         (4.079)   

.2                          14.21           16.96***        9.903                          -11.76           5.452   
                          (10.09)         (3.851)         (6.348)                         (15.40)         (4.752)   

Constant                    141.9***        58.31***        119.4           151.3***        200.8***        164.1***
                          (9.827)         (5.401)             (.)         (18.78)         (14.79)         (7.385)   

Boundary f.e.                 Yes             Yes             Yes             Yes             Yes             Yes   

Year f.e.                     Yes             Yes             Yes             Yes             Yes             Yes   
--------------------------------------------------------------------------------------------------------------------
Observations                 3006           13449            3669             111            1545            8623   
R-squared                   0.481           0.608           0.711           0.400           0.718           0.432   
--------------------------------------------------------------------------------------------------------------------
Standard errors in parentheses
* p<0.05, ** p<0.01, *** p<0.001
. }

. 
.         
. ********************************************************************************
. ** mean percent sand
. ********************************************************************************
. capture noisily {
. ** regressions
. quietly eststo sand_du: reg soil_avgsand ib26.dist3 i.lam_seg i.year if year==2018 & (dist_both<=0.21 & dist_both>=-0.2 & only_du == 1 & res_typex !="Condominiums") , vce(cluster lam_seg)
. sum soil_avgsand if only_du == 1 & year==2018 & (dist_both<=0.02 & dist_both>0) & res_typex != "Condominiums" 

    Variable |        Obs        Mean    Std. dev.       Min        Max
-------------+---------------------------------------------------------
soil_avgsand |         41    46.28039     28.8322          0   84.99997
. sum soil_avgsand if only_du == 1 & year==2018 & (dist_both<=0 & dist_both>-0.02) & res_typex != "Condominiums"

    Variable |        Obs        Mean    Std. dev.       Min        Max
-------------+---------------------------------------------------------
soil_avgsand |         54    53.69969    21.44912          0         81
.         
. quietly eststo sand_duhe: reg soil_avgsand ib26.dist3 i.lam_seg i.year if year==2018 & (dist_both<=0.21 & dist_both>=-0.2 & du_he == 1 & res_typex !="Condominiums") , vce(cluster lam_seg)
. sum soil_avgsand if du_he == 1 & year==2018 & (dist_both<=0.02 & dist_both>0) & res_typex != "Condominiums" 

    Variable |        Obs        Mean    Std. dev.       Min        Max
-------------+---------------------------------------------------------
soil_avgsand |        192    55.40202    17.15389          0       70.8
. sum soil_avgsand if du_he == 1 & year==2018 & (dist_both<=0 & dist_both>-0.02) & res_typex != "Condominiums"

    Variable |        Obs        Mean    Std. dev.       Min        Max
-------------+---------------------------------------------------------
soil_avgsand |        259    55.99974    19.91049          0   84.07573
. 
. quietly eststo sand_mfdu: reg soil_avgsand ib26.dist3 i.lam_seg i.year if year==2018 & (dist_both<=0.21 & dist_both>=-0.2 & mf_du == 1 & res_typex !="Condominiums") , vce(cluster lam_seg)
. sum soil_avgsand if mf_du == 1 & year==2018 & (dist_both<=0.02 & dist_both>0) & res_typex != "Condominiums" 

    Variable |        Obs        Mean    Std. dev.       Min        Max
-------------+---------------------------------------------------------
soil_avgsand |         55    53.51705    20.67717          0   81.59238
. sum soil_avgsand if mf_du == 1 & year==2018 & (dist_both<=0 & dist_both>-0.02) & res_typex != "Condominiums"

    Variable |        Obs        Mean    Std. dev.       Min        Max
-------------+---------------------------------------------------------
soil_avgsand |         39    48.78521    20.12103          0         81
. 
. quietly eststo sand_mf: reg soil_avgsand ib26.dist3 i.lam_seg i.year if year==2018 & (dist_both<=0.21 & dist_both>=-0.2 & only_mf== 1 & res_typex !="Condominiums") , vce(cluster lam_seg)
. sum soil_avgsand if only_mf == 1 & year==2018 & (dist_both<=0.02 & dist_both>0) & res_typex != "Condominiums" 

    Variable |        Obs        Mean    Std. dev.       Min        Max
-------------+---------------------------------------------------------
soil_avgsand |          7    13.21143    13.68628          0       32.3
. sum soil_avgsand if only_mf == 1 & year==2018 & (dist_both<=0 & dist_both>-0.02) & res_typex != "Condominiums"

    Variable |        Obs        Mean    Std. dev.       Min        Max
-------------+---------------------------------------------------------
soil_avgsand |         15      28.531    10.06247          0       32.3
. 
. quietly eststo sand_mfhe: reg soil_avgsand ib26.dist3 i.lam_seg i.year if year==2018 & (dist_both<=0.21 & dist_both>=-0.2 & mf_he == 1 & res_typex !="Condominiums") , vce(cluster lam_seg)
. sum soil_avgsand if mf_he == 1 & year==2018 & (dist_both<=0.02 & dist_both>0) & res_typex != "Condominiums" 

    Variable |        Obs        Mean    Std. dev.       Min        Max
-------------+---------------------------------------------------------
soil_avgsand |         12     50.5445    23.92577          0       70.8
. sum soil_avgsand if mf_he == 1 & year==2018 & (dist_both<=0 & dist_both>-0.02) & res_typex != "Condominiums"

    Variable |        Obs        Mean    Std. dev.       Min        Max
-------------+---------------------------------------------------------
soil_avgsand |         10    58.86207    2.958014   55.80101       63.9
. 
. quietly eststo sand_he: reg soil_avgsand ib26.dist3 i.lam_seg i.year if year==2018 & (dist_both<=0.21 & dist_both>=-0.2 & only_he == 1 & res_typex !="Condominiums") , vce(cluster lam_seg)
. sum soil_avgsand if only_he == 1 & year==2018 & (dist_both<=0.02 & dist_both>0) & res_typex != "Condominiums" 

    Variable |        Obs        Mean    Std. dev.       Min        Max
-------------+---------------------------------------------------------
soil_avgsand |        147    54.18856    19.65297          0         85
. sum soil_avgsand if only_he == 1 & year==2018 & (dist_both<=0 & dist_both>-0.02) & res_typex != "Condominiums"

    Variable |        Obs        Mean    Std. dev.       Min        Max
-------------+---------------------------------------------------------
soil_avgsand |        100    51.80898    20.95009          0         81
. 
. esttab sand_du sand_duhe sand_mfdu sand_mf sand_mfhe sand_he, se r2 indicate("Boundary f.e.=*lam_seg" "Year f.e.=*year") interaction(" X ") ///
>         label mtitles("sand_du" "sand_duhe" "sand_mfdu" "sand_mf" "sand_mfhe" "sand_he") title("Avg. Percent Sand") 

Avg. Percent Sand
--------------------------------------------------------------------------------------------------------------------
                              (1)             (2)             (3)             (4)             (5)             (6)   
                          sand_du       sand_duhe       sand_mfdu         sand_mf       sand_mfhe         sand_he   
--------------------------------------------------------------------------------------------------------------------
-.2                         12.91           5.485*         -1.057           12.63           15.61           3.203   
                          (7.800)         (2.611)         (2.700)             (.)         (11.41)         (4.637)   

-.18                        13.96           3.954          -1.879           9.876           11.52           4.474   
                          (7.522)         (2.653)         (3.112)             (.)         (10.89)         (4.150)   

-.16                        13.92           5.051           1.795          -13.21           9.254           3.933   
                          (7.381)         (2.708)         (2.646)             (.)         (13.36)         (4.204)   

-.14                        14.46           3.590           1.310           16.00           12.50           2.480   
                          (9.152)         (2.831)         (2.638)             (.)         (12.48)         (4.419)   

-.12                        11.54           3.511           2.601           32.99           12.32           4.392   
                          (7.587)         (2.838)         (2.107)             (.)         (12.82)         (4.220)   

-.1                         8.560           3.307           1.784           21.98           11.64           2.943   
                          (6.866)         (2.807)         (2.368)             (.)         (11.76)         (4.598)   

-.08                        1.238           4.822           3.640           21.94           15.42           1.813   
                          (6.708)         (2.918)         (2.216)             (.)         (11.34)         (4.562)   

-.06                       -0.944           3.128          -0.843           12.08           11.51           3.906   
                          (6.964)         (2.604)         (3.149)             (.)         (9.787)         (3.972)   

-.04                        1.117           2.046           2.584           15.63           7.881          -0.776   
                          (5.572)         (2.712)         (2.624)             (.)         (10.91)         (5.337)   

-.02                        9.328           1.670           5.400           15.32           7.152           2.456   
                          (6.016)         (3.156)         (4.541)             (.)         (10.98)         (4.009)   

0                               0               0               0               0               0               0   
                              (.)             (.)             (.)             (.)             (.)             (.)   

.02                        -0.613           5.164*          4.088           12.63           2.238           4.317   
                          (6.970)         (2.216)         (3.369)             (.)         (2.904)         (3.140)   

.04                         0.821           0.577          -1.401          -13.21           8.210           3.776   
                          (7.409)         (2.741)         (2.155)             (.)         (6.526)         (3.502)   

.06                         5.463           3.397          -0.611                           7.797           2.404   
                          (7.537)         (2.681)         (2.770)                         (7.323)         (3.548)   

.08                         0.235           2.832           0.869                           3.837           3.276   
                          (7.655)         (2.845)         (2.555)                         (5.348)         (3.656)   

.1                         -2.787           3.530           0.885                          -1.759           1.168   
                          (6.874)         (2.888)         (4.008)                         (3.227)         (4.168)   

.12                        -1.088           3.948          -2.192                          -0.651           1.325   
                          (5.489)         (3.010)         (3.895)                         (2.878)         (4.356)   

.14                        -0.580           5.345          -1.330                           5.483           0.863   
                          (5.536)         (3.043)         (3.606)                         (5.898)         (4.505)   

.16                         1.711           6.411*         -0.794                           9.051          -0.750   
                          (7.146)         (3.132)         (3.757)                         (6.460)         (4.313)   

.18                        -4.333           6.324*          0.635                           9.636           1.852   
                          (6.491)         (3.085)         (3.642)                         (9.629)         (4.417)   

.2                         -4.825           4.515          -0.422                           11.03           2.965   
                          (6.426)         (3.021)         (4.045)                         (8.297)         (3.896)   

Constant                    56.66***        79.14***        81.59***        13.21           71.62***        76.64***
                          (6.211)         (2.734)      (3.80e-11)             (.)         (9.933)         (3.906)   

Boundary f.e.                 Yes             Yes             Yes             Yes             Yes             Yes   

Year f.e.                     Yes             Yes             Yes             Yes             Yes             Yes   
--------------------------------------------------------------------------------------------------------------------
Observations                 3006           13449            3669             111            1545            8623   
R-squared                   0.502           0.534           0.568           0.390           0.387           0.440   
--------------------------------------------------------------------------------------------------------------------
Standard errors in parentheses
* p<0.05, ** p<0.01, *** p<0.001
.         
. esttab sand_du sand_duhe sand_mfdu sand_mf sand_mfhe sand_he using "$EXPORTPATH/amenities_table_sand.tex", replace keep(25.dist3) ///
>         se r2 indicate("Boundary f.e.=*lam_seg" "Year f.e.=*year") interaction(" X ") ///
>         label mtitles("sand_du" "sand_duhe" "sand_mfdu" "sand_mf" "sand_mfhe" "sand_he") ///
>         title("Avg. Percent Sand") 
(file /shared/boston_zoning/working_paper/replication_package/analysis/amenities_muni_boundary_output/amenities_table_sand.tex not found)
(output written to /shared/boston_zoning/working_paper/replication_package/analysis/amenities_muni_boundary_output/amenities_table_sand.tex)
.         
. * robust s.e.
. quietly eststo sand_du_r: reg soil_avgsand ib26.dist3 i.lam_seg i.year if year==2018 & (dist_both<=0.21 & dist_both>=-0.2 & only_du == 1 & res_typex !="Condominiums") , vce(robust)
.         
. quietly eststo sand_duhe_r: reg soil_avgsand ib26.dist3 i.lam_seg i.year if year==2018 & (dist_both<=0.21 & dist_both>=-0.2 & du_he == 1 & res_typex !="Condominiums") , vce(robust)
. 
. quietly eststo sand_mfdu_r: reg soil_avgsand ib26.dist3 i.lam_seg i.year if year==2018 & (dist_both<=0.21 & dist_both>=-0.2 & mf_du == 1 & res_typex !="Condominiums") , vce(robust)
. 
. quietly eststo sand_mf_r: reg soil_avgsand ib26.dist3 i.lam_seg i.year if year==2018 & (dist_both<=0.21 & dist_both>=-0.2 & only_mf== 1 & res_typex !="Condominiums") , vce(robust)
. 
. quietly eststo sand_mfhe_r: reg soil_avgsand ib26.dist3 i.lam_seg i.year if year==2018 & (dist_both<=0.21 & dist_both>=-0.2 & mf_he == 1 & res_typex !="Condominiums") , vce(robust)
. 
. quietly eststo sand_he_r: reg soil_avgsand ib26.dist3 i.lam_seg i.year if year==2018 & (dist_both<=0.21 & dist_both>=-0.2 & only_he == 1 & res_typex !="Condominiums") , vce(robust)
. 
. esttab sand_du_r sand_duhe_r sand_mfdu_r sand_mf_r sand_mfhe_r sand_he_r, se r2 indicate("Boundary f.e.=*lam_seg" "Year f.e.=*year") interaction(" X ") ///
>         label mtitles("sand_du" "sand_duhe" "sand_mfdu" "sand_mf" "sand_mfhe" "sand_he") title("Avg. Percent Sand, robust s.e.") 

Avg. Percent Sand, robust s.e.
--------------------------------------------------------------------------------------------------------------------
                              (1)             (2)             (3)             (4)             (5)             (6)   
                          sand_du       sand_duhe       sand_mfdu         sand_mf       sand_mfhe         sand_he   
--------------------------------------------------------------------------------------------------------------------
-.2                         12.91***        5.485***       -1.057           12.63           15.61**         3.203   
                          (2.965)         (1.111)         (2.102)         (20.10)         (5.846)         (1.708)   

-.18                        13.96***        3.954***       -1.879           9.876           11.52*          4.474** 
                          (2.925)         (1.118)         (2.158)         (19.34)         (5.766)         (1.665)   

-.16                        13.92***        5.051***        1.795          -13.21*          9.254           3.933*  
                          (2.994)         (1.122)         (2.050)         (5.097)         (6.040)         (1.687)   

-.14                        14.46***        3.590**         1.310           16.00           12.50*          2.480   
                          (3.144)         (1.129)         (2.055)         (11.08)         (6.059)         (1.676)   

-.12                        11.54***        3.511**         2.601           32.99**         12.32*          4.392** 
                          (3.109)         (1.110)         (2.031)         (11.64)         (5.829)         (1.636)   

-.1                         8.560**         3.307**         1.784           21.98***        11.64*          2.943   
                          (2.987)         (1.135)         (1.984)         (5.499)         (5.908)         (1.688)   

-.08                        1.238           4.822***        3.640           21.94***        15.42**         1.813   
                          (3.167)         (1.133)         (1.995)         (5.470)         (5.844)         (1.744)   

-.06                       -0.944           3.128**        -0.843           12.08           11.51           3.906*  
                          (3.070)         (1.168)         (2.239)         (6.845)         (5.894)         (1.680)   

-.04                        1.117           2.046           2.584           15.63**         7.881          -0.776   
                          (3.031)         (1.118)         (1.995)         (5.650)         (5.903)         (1.891)   

-.02                        9.328**         1.670           5.400*          15.32**         7.152           2.456   
                          (3.404)         (1.353)         (2.545)         (5.755)         (5.791)         (2.171)   

0                               0               0               0               0               0               0   
                              (.)             (.)             (.)             (.)             (.)             (.)   

.02                        -0.613           5.164***        4.088           12.63*          2.238           4.317** 
                          (3.182)         (1.082)         (2.350)         (6.212)         (6.139)         (1.656)   

.04                         0.821           0.577          -1.401          -13.21*          8.210           3.776*  
                          (3.179)         (1.215)         (2.277)         (5.097)         (5.694)         (1.667)   

.06                         5.463           3.397**        -0.611                           7.797           2.404   
                          (3.012)         (1.132)         (2.148)                         (5.810)         (1.645)   

.08                         0.235           2.832*          0.869                           3.837           3.276*  
                          (3.320)         (1.166)         (2.071)                         (5.908)         (1.665)   

.1                         -2.787           3.530**         0.885                          -1.759           1.168   
                          (3.107)         (1.151)         (2.043)                         (6.107)         (1.716)   

.12                        -1.088           3.948***       -2.192                          -0.651           1.325   
                          (3.119)         (1.152)         (2.135)                         (5.895)         (1.758)   

.14                        -0.580           5.345***       -1.330                           5.483           0.863   
                          (3.147)         (1.128)         (2.088)                         (5.815)         (1.782)   

.16                         1.711           6.411***       -0.794                           9.051          -0.750   
                          (3.138)         (1.101)         (2.115)                         (5.875)         (1.710)   

.18                        -4.333           6.324***        0.635                           9.636           1.852   
                          (3.022)         (1.110)         (2.037)                         (5.782)         (1.684)   

.2                         -4.825           4.515***       -0.422                           11.03           2.965   
                          (3.351)         (1.230)         (2.205)                         (5.809)         (1.777)   

Constant                    56.66***        79.14***        81.59           13.21*          71.62***        76.64***
                          (2.843)         (2.443)             (.)         (5.097)         (5.728)         (2.656)   

Boundary f.e.                 Yes             Yes             Yes             Yes             Yes             Yes   

Year f.e.                     Yes             Yes             Yes             Yes             Yes             Yes   
--------------------------------------------------------------------------------------------------------------------
Observations                 3006           13449            3669             111            1545            8623   
R-squared                   0.502           0.534           0.568           0.390           0.387           0.440   
--------------------------------------------------------------------------------------------------------------------
Standard errors in parentheses
* p<0.05, ** p<0.01, *** p<0.001
. }

. 
. 
. ********************************************************************************
. ** mean percent clay
. ********************************************************************************
. capture noisily {
. ** regressions
. quietly eststo clay_du: reg soil_avgclay ib26.dist3 i.lam_seg i.year if year==2018 & (dist_both<=0.21 & dist_both>=-0.2 & only_du == 1 & res_typex !="Condominiums") , vce(cluster lam_seg)
. sum soil_avgclay if only_du == 1 & year==2018 & (dist_both<=0.02 & dist_both>0) & res_typex != "Condominiums" 

    Variable |        Obs        Mean    Std. dev.       Min        Max
-------------+---------------------------------------------------------
soil_avgclay |         41    4.155112    3.138577          0          9
. sum soil_avgclay if only_du == 1 & year==2018 & (dist_both<=0 & dist_both>-0.02) & res_typex != "Condominiums"

    Variable |        Obs        Mean    Std. dev.       Min        Max
-------------+---------------------------------------------------------
soil_avgclay |         54    4.894454    2.269974          0   8.970207
.         
. quietly eststo clay_duhe: reg soil_avgclay ib26.dist3 i.lam_seg i.year if year==2018 & (dist_both<=0.21 & dist_both>=-0.2 & du_he == 1 & res_typex !="Condominiums") , vce(cluster lam_seg)
. sum soil_avgclay if du_he == 1 & year==2018 & (dist_both<=0.02 & dist_both>0) & res_typex != "Condominiums" 

    Variable |        Obs        Mean    Std. dev.       Min        Max
-------------+---------------------------------------------------------
soil_avgclay |        192    6.496325    2.572477          0       11.5
. sum soil_avgclay if du_he == 1 & year==2018 & (dist_both<=0 & dist_both>-0.02) & res_typex != "Condominiums"

    Variable |        Obs        Mean    Std. dev.       Min        Max
-------------+---------------------------------------------------------
soil_avgclay |        259    5.682881    2.365421          0       11.5
. 
. quietly eststo clay_mfdu: reg soil_avgclay ib26.dist3 i.lam_seg i.year if year==2018 & (dist_both<=0.21 & dist_both>=-0.2 & mf_du == 1 & res_typex !="Condominiums") , vce(cluster lam_seg)
. sum soil_avgclay if mf_du == 1 & year==2018 & (dist_both<=0.02 & dist_both>0) & res_typex != "Condominiums" 

    Variable |        Obs        Mean    Std. dev.       Min        Max
-------------+---------------------------------------------------------
soil_avgclay |         55    4.530547    2.282028          0          9
. sum soil_avgclay if mf_du == 1 & year==2018 & (dist_both<=0 & dist_both>-0.02) & res_typex != "Condominiums"

    Variable |        Obs        Mean    Std. dev.       Min        Max
-------------+---------------------------------------------------------
soil_avgclay |         39    5.368831    2.059125          0          7
. 
. quietly eststo clay_mf: reg soil_avgclay ib26.dist3 i.lam_seg i.year if year==2018 & (dist_both<=0.21 & dist_both>=-0.2 & only_mf== 1 & res_typex !="Condominiums") , vce(cluster lam_seg)
. sum soil_avgclay if only_mf == 1 & year==2018 & (dist_both<=0.02 & dist_both>0) & res_typex != "Condominiums" 

    Variable |        Obs        Mean    Std. dev.       Min        Max
-------------+---------------------------------------------------------
soil_avgclay |          7     4.70376    4.872823          0       11.5
. sum soil_avgclay if only_mf == 1 & year==2018 & (dist_both<=0 & dist_both>-0.02) & res_typex != "Condominiums"

    Variable |        Obs        Mean    Std. dev.       Min        Max
-------------+---------------------------------------------------------
soil_avgclay |         15     10.1581    3.582613          0       11.5
. 
. quietly eststo clay_mfhe: reg soil_avgclay ib26.dist3 i.lam_seg i.year if year==2018 & (dist_both<=0.21 & dist_both>=-0.2 & mf_he == 1 & res_typex !="Condominiums") , vce(cluster lam_seg)
. sum soil_avgclay if mf_he == 1 & year==2018 & (dist_both<=0.02 & dist_both>0) & res_typex != "Condominiums" 

    Variable |        Obs        Mean    Std. dev.       Min        Max
-------------+---------------------------------------------------------
soil_avgclay |         12    6.550725    3.191741          0          9
. sum soil_avgclay if mf_he == 1 & year==2018 & (dist_both<=0 & dist_both>-0.02) & res_typex != "Condominiums"

    Variable |        Obs        Mean    Std. dev.       Min        Max
-------------+---------------------------------------------------------
soil_avgclay |         10    7.296403    1.918448   4.434847          9
. 
. quietly eststo clay_he: reg soil_avgclay ib26.dist3 i.lam_seg i.year if year==2018 & (dist_both<=0.21 & dist_both>=-0.2 & only_he == 1 & res_typex !="Condominiums") , vce(cluster lam_seg)
. sum soil_avgclay if only_he == 1 & year==2018 & (dist_both<=0.02 & dist_both>0) & res_typex != "Condominiums" 

    Variable |        Obs        Mean    Std. dev.       Min        Max
-------------+---------------------------------------------------------
soil_avgclay |        147    4.687919    2.180736          0   10.17285
. sum soil_avgclay if only_he == 1 & year==2018 & (dist_both<=0 & dist_both>-0.02) & res_typex != "Condominiums"

    Variable |        Obs        Mean    Std. dev.       Min        Max
-------------+---------------------------------------------------------
soil_avgclay |        100    4.581509    2.112897          0         10
. 
. esttab clay_du clay_duhe clay_mfdu clay_mf clay_mfhe clay_he, se r2 indicate("Boundary f.e.=*lam_seg" "Year f.e.=*year") interaction(" X ") ///
>         label mtitles("clay_du" "clay_duhe" "clay_mfdu" "clay_mf" "clay_mfhe" "clay_he") title("Mean Percent Clay") 

Mean Percent Clay
--------------------------------------------------------------------------------------------------------------------
                              (1)             (2)             (3)             (4)             (5)             (6)   
                          clay_du       clay_duhe       clay_mfdu         clay_mf       clay_mfhe         clay_he   
--------------------------------------------------------------------------------------------------------------------
-.2                         1.021          -0.999           0.719          -2.149           0.726           0.182   
                          (1.235)         (0.653)         (0.585)             (.)         (1.223)         (0.494)   

-.18                        0.870          -1.157           0.321          -2.421           0.310           0.263   
                          (1.173)         (0.676)         (0.587)             (.)         (1.184)         (0.430)   

-.16                        0.468          -1.081           0.897          -4.704         -0.0885           0.129   
                          (1.192)         (0.666)         (0.590)             (.)         (1.432)         (0.460)   

-.14                        0.867          -1.164           0.523           2.219           0.528          0.0289   
                          (1.149)         (0.673)         (0.624)             (.)         (1.280)         (0.444)   

-.12                        0.941          -1.218           0.634           3.746           0.347           0.205   
                          (1.066)         (0.663)         (0.619)             (.)         (1.382)         (0.427)   

-.1                         0.738          -1.455*          0.709           6.345           0.286        0.000384   
                          (0.990)         (0.669)         (0.577)             (.)         (1.278)         (0.442)   

-.08                        0.298          -1.189           0.411           6.171           0.473         -0.0605   
                          (0.959)         (0.672)         (0.650)             (.)         (1.236)         (0.402)   

-.06                       -0.139          -1.308           0.578           4.300           0.257           0.133   
                          (0.992)         (0.674)         (0.547)             (.)         (1.109)         (0.387)   

-.04                     -0.00588          -0.995           1.004           5.563           0.503           0.244   
                          (0.992)         (0.693)         (0.640)             (.)         (1.121)         (0.530)   

-.02                        0.198          -1.288           1.422           5.454           1.095          0.0380   
                          (0.856)         (0.681)         (1.056)             (.)         (0.839)         (0.430)   

0                               0               0               0               0               0               0   
                              (.)             (.)             (.)             (.)             (.)             (.)   

.02                        -0.805          -0.872           0.592           4.496          -0.282           0.305   
                          (0.890)         (0.635)         (0.741)             (.)         (0.630)         (0.341)   

.04                        -0.155          -1.323*         -0.105          -4.704          0.0126          0.0613   
                          (0.975)         (0.644)         (0.363)             (.)         (0.922)         (0.357)   

.06                        0.0958          -0.937          -0.435                          -0.290          0.0557   
                          (0.990)         (0.646)         (0.418)                         (1.001)         (0.362)   

.08                        -0.560          -1.088          -0.120                          -0.582          0.0825   
                          (0.982)         (0.654)         (0.470)                         (0.893)         (0.383)   

.1                         -0.693          -1.035           0.173                          -1.048         -0.0403   
                          (1.019)         (0.656)         (0.543)                         (0.704)         (0.380)   

.12                        -0.708          -0.989          -0.277                          -0.809        -0.00452   
                          (0.827)         (0.699)         (0.501)                         (0.729)         (0.414)   

.14                        -1.420          -1.052         0.00884                          -0.257         -0.0211   
                          (0.905)         (0.670)         (0.525)                         (0.930)         (0.418)   

.16                        -1.648          -0.973           0.201                         0.00781         -0.0237   
                          (0.919)         (0.681)         (0.490)                         (0.999)         (0.389)   

.18                        -1.458          -0.839           0.178                           0.200           0.143   
                          (1.069)         (0.693)         (0.625)                         (1.245)         (0.425)   

.2                         -1.322          -0.946         -0.0841                          0.0678           0.239   
                          (1.107)         (0.665)         (0.601)                         (1.162)         (0.362)   

Constant                    5.893***        2.573***        1.599***        4.704           1.815           1.804***
                          (0.964)         (0.655)      (2.78e-12)             (.)         (1.133)         (0.377)   

Boundary f.e.                 Yes             Yes             Yes             Yes             Yes             Yes   

Year f.e.                     Yes             Yes             Yes             Yes             Yes             Yes   
--------------------------------------------------------------------------------------------------------------------
Observations                 3006           13449            3669             111            1545            8623   
R-squared                   0.440           0.533           0.493           0.511           0.504           0.429   
--------------------------------------------------------------------------------------------------------------------
Standard errors in parentheses
* p<0.05, ** p<0.01, *** p<0.001
.                   
. esttab clay_du clay_duhe clay_mfdu clay_mf clay_mfhe clay_he using "$EXPORTPATH/amenities_table_clay.tex", replace keep(25.dist3) ///
>         se r2 indicate("Boundary f.e.=*lam_seg" "Year f.e.=*year") interaction(" X ") ///
>         label mtitles("clay_du" "clay_duhe" "clay_mfdu" "clay_mf" "clay_mfhe" "clay_he") ///
>         title("Mean Percent Clay") 
(file /shared/boston_zoning/working_paper/replication_package/analysis/amenities_muni_boundary_output/amenities_table_clay.tex not found)
(output written to /shared/boston_zoning/working_paper/replication_package/analysis/amenities_muni_boundary_output/amenities_table_clay.tex)
.         
. * robust s.e.
. quietly eststo clay_du_r: reg soil_avgclay ib26.dist3 i.lam_seg i.year if year==2018 & (dist_both<=0.21 & dist_both>=-0.2 & only_du == 1 & res_typex !="Condominiums") , vce(robust)
.         
. quietly eststo clay_duhe_r: reg soil_avgclay ib26.dist3 i.lam_seg i.year if year==2018 & (dist_both<=0.21 & dist_both>=-0.2 & du_he == 1 & res_typex !="Condominiums") , vce(robust)
. 
. quietly eststo clay_mfdu_r: reg soil_avgclay ib26.dist3 i.lam_seg i.year if year==2018 & (dist_both<=0.21 & dist_both>=-0.2 & mf_du == 1 & res_typex !="Condominiums") , vce(robust)
. 
. quietly eststo clay_mf_r: reg soil_avgclay ib26.dist3 i.lam_seg i.year if year==2018 & (dist_both<=0.21 & dist_both>=-0.2 & only_mf== 1 & res_typex !="Condominiums") , vce(robust)
. 
. quietly eststo clay_mfhe_r: reg soil_avgclay ib26.dist3 i.lam_seg i.year if year==2018 & (dist_both<=0.21 & dist_both>=-0.2 & mf_he == 1 & res_typex !="Condominiums") , vce(robust)
. 
. quietly eststo clay_he_r: reg soil_avgclay ib26.dist3 i.lam_seg i.year if year==2018 & (dist_both<=0.21 & dist_both>=-0.2 & only_he == 1 & res_typex !="Condominiums") , vce(robust)
. 
. esttab clay_du_r clay_duhe_r clay_mfdu_r clay_mf_r clay_mfhe_r clay_he_r, se r2 indicate("Boundary f.e.=*lam_seg" "Year f.e.=*year") interaction(" X ") ///
>         label mtitles("clay_du" "clay_duhe" "clay_mfdu" "clay_mf" "clay_mfhe" "clay_he") title("Mean Percent Clay, robust s.e.") 

Mean Percent Clay, robust s.e.
--------------------------------------------------------------------------------------------------------------------
                              (1)             (2)             (3)             (4)             (5)             (6)   
                          clay_du       clay_duhe       clay_mfdu         clay_mf       clay_mfhe         clay_he   
--------------------------------------------------------------------------------------------------------------------
-.2                         1.021**        -0.999***        0.719*         -2.149           0.726           0.182   
                          (0.393)         (0.177)         (0.284)         (2.644)         (0.683)         (0.188)   

-.18                        0.870*         -1.157***        0.321          -2.421           0.310           0.263   
                          (0.389)         (0.178)         (0.295)         (2.588)         (0.676)         (0.184)   

-.16                        0.468          -1.081***        0.897**        -4.704*        -0.0885           0.129   
                          (0.400)         (0.178)         (0.279)         (1.815)         (0.705)         (0.186)   

-.14                        0.867*         -1.164***        0.523           2.219           0.528          0.0289   
                          (0.396)         (0.178)         (0.283)         (3.160)         (0.696)         (0.183)   

-.12                        0.941*         -1.218***        0.634*          3.746           0.347           0.205   
                          (0.404)         (0.179)         (0.278)         (2.926)         (0.682)         (0.181)   

-.1                         0.738          -1.455***        0.709*          6.345***        0.286        0.000384   
                          (0.387)         (0.179)         (0.277)         (1.842)         (0.683)         (0.183)   

-.08                        0.298          -1.189***        0.411           6.171**         0.473         -0.0605   
                          (0.410)         (0.179)         (0.287)         (1.866)         (0.675)         (0.187)   

-.06                       -0.139          -1.308***        0.578           4.300           0.257           0.133   
                          (0.398)         (0.183)         (0.295)         (2.437)         (0.681)         (0.181)   

-.04                     -0.00588          -0.995***        1.004***        5.563**         0.503           0.244   
                          (0.402)         (0.182)         (0.298)         (2.012)         (0.669)         (0.203)   

-.02                        0.198          -1.288***        1.422***        5.454**         1.095          0.0380   
                          (0.425)         (0.195)         (0.404)         (2.049)         (0.688)         (0.227)   

0                               0               0               0               0               0               0   
                              (.)             (.)             (.)             (.)             (.)             (.)   

.02                        -0.805*         -0.872***        0.592           4.496*         -0.282           0.305   
                          (0.406)         (0.183)         (0.329)         (2.212)         (0.717)         (0.180)   

.04                        -0.155          -1.323***       -0.105          -4.704*         0.0126          0.0613   
                          (0.408)         (0.186)         (0.295)         (1.815)         (0.674)         (0.184)   

.06                        0.0958          -0.937***       -0.435                          -0.290          0.0557   
                          (0.393)         (0.182)         (0.280)                         (0.677)         (0.176)   

.08                        -0.560          -1.088***       -0.120                          -0.582          0.0825   
                          (0.407)         (0.184)         (0.289)                         (0.684)         (0.178)   

.1                         -0.693          -1.035***        0.173                          -1.048         -0.0403   
                          (0.398)         (0.181)         (0.277)                         (0.698)         (0.181)   

.12                        -0.708          -0.989***       -0.277                          -0.809        -0.00452   
                          (0.421)         (0.182)         (0.280)                         (0.684)         (0.183)   

.14                        -1.420***       -1.052***      0.00884                          -0.257         -0.0211   
                          (0.410)         (0.179)         (0.279)                         (0.681)         (0.186)   

.16                        -1.648***       -0.973***        0.201                         0.00781         -0.0237   
                          (0.405)         (0.178)         (0.287)                         (0.685)         (0.181)   

.18                        -1.458***       -0.839***        0.178                           0.200           0.143   
                          (0.406)         (0.178)         (0.290)                         (0.681)         (0.181)   

.2                         -1.322**        -0.946***      -0.0841                          0.0678           0.239   
                          (0.458)         (0.185)         (0.317)                         (0.686)         (0.192)   

Constant                    5.893***        2.573***        1.599***        4.704*          1.815**         1.804***
                          (0.394)         (0.521)    (0.00000170)         (1.815)         (0.675)         (0.178)   

Boundary f.e.                 Yes             Yes             Yes             Yes             Yes             Yes   

Year f.e.                     Yes             Yes             Yes             Yes             Yes             Yes   
--------------------------------------------------------------------------------------------------------------------
Observations                 3006           13449            3669             111            1545            8623   
R-squared                   0.440           0.533           0.493           0.511           0.504           0.429   
--------------------------------------------------------------------------------------------------------------------
Standard errors in parentheses
* p<0.05, ** p<0.01, *** p<0.001
. }

. 
. 
. ********************************************************************************
. *WALKABILITY VARIABLES
. ********************************************************************************
. ********************************************************************************
. ** National Walkability Index score
. ********************************************************************************
. capture noisily {
. ** regressions
. quietly eststo walk_du: reg natwalkind ib26.dist3 i.lam_seg i.year if year==2018 & (dist_both<=0.21 & dist_both>=-0.2 & only_du == 1 & res_typex !="Condominiums") , vce(cluster lam_seg)
. sum natwalkind if only_du == 1 & year==2018 & (dist_both<=0.02 & dist_both>0) & res_typex != "Condominiums" 

    Variable |        Obs        Mean    Std. dev.       Min        Max
-------------+---------------------------------------------------------
  natwalkind |         26    7.916667    3.400408   5.166667   15.33333
. sum natwalkind if only_du == 1 & year==2018 & (dist_both<=0 & dist_both>-0.02) & res_typex != "Condominiums"

    Variable |        Obs        Mean    Std. dev.       Min        Max
-------------+---------------------------------------------------------
  natwalkind |         40    9.629167    4.579075   4.333333       16.5
.         
. quietly eststo walk_duhe: reg natwalkind ib26.dist3 i.lam_seg i.year if year==2018 & (dist_both<=0.21 & dist_both>=-0.2 & du_he == 1 & res_typex !="Condominiums") , vce(cluster lam_seg)
. sum natwalkind if du_he == 1 & year==2018 & (dist_both<=0.02 & dist_both>0) & res_typex != "Condominiums" 

    Variable |        Obs        Mean    Std. dev.       Min        Max
-------------+---------------------------------------------------------
  natwalkind |        176    12.15057    4.110408   3.833333   17.33333
. sum natwalkind if du_he == 1 & year==2018 & (dist_both<=0 & dist_both>-0.02) & res_typex != "Condominiums"

    Variable |        Obs        Mean    Std. dev.       Min        Max
-------------+---------------------------------------------------------
  natwalkind |        187    9.731729    3.670666   4.333333   17.16667
. 
. quietly eststo walk_mfdu: reg natwalkind ib26.dist3 i.lam_seg i.year if year==2018 & (dist_both<=0.21 & dist_both>=-0.2 & mf_du == 1 & res_typex !="Condominiums") , vce(cluster lam_seg)
. sum natwalkind if mf_du == 1 & year==2018 & (dist_both<=0.02 & dist_both>0) & res_typex != "Condominiums" 

    Variable |        Obs        Mean    Std. dev.       Min        Max
-------------+---------------------------------------------------------
  natwalkind |         22    12.82576    4.717825   4.666667   17.33333
. sum natwalkind if mf_du == 1 & year==2018 & (dist_both<=0 & dist_both>-0.02) & res_typex != "Condominiums"

    Variable |        Obs        Mean    Std. dev.       Min        Max
-------------+---------------------------------------------------------
  natwalkind |         33    13.99495    3.288101          5         17
. 
. quietly eststo walk_mf: reg natwalkind ib26.dist3 i.lam_seg i.year if year==2018 & (dist_both<=0.21 & dist_both>=-0.2 & only_mf== 1 & res_typex !="Condominiums") , vce(cluster lam_seg)
. sum natwalkind if only_mf == 1 & year==2018 & (dist_both<=0.02 & dist_both>0) & res_typex != "Condominiums" 

    Variable |        Obs        Mean    Std. dev.       Min        Max
-------------+---------------------------------------------------------
  natwalkind |         11    16.83333           0   16.83333   16.83333
. sum natwalkind if only_mf == 1 & year==2018 & (dist_both<=0 & dist_both>-0.02) & res_typex != "Condominiums"

    Variable |        Obs        Mean    Std. dev.       Min        Max
-------------+---------------------------------------------------------
  natwalkind |          0
. 
. quietly eststo walk_mfhe: reg natwalkind ib26.dist3 i.lam_seg i.year if year==2018 & (dist_both<=0.21 & dist_both>=-0.2 & mf_he == 1 & res_typex !="Condominiums") , vce(cluster lam_seg)
. sum natwalkind if mf_he == 1 & year==2018 & (dist_both<=0.02 & dist_both>0) & res_typex != "Condominiums" 

    Variable |        Obs        Mean    Std. dev.       Min        Max
-------------+---------------------------------------------------------
  natwalkind |         11     9.19697    4.373416   5.666667       16.5
. sum natwalkind if mf_he == 1 & year==2018 & (dist_both<=0 & dist_both>-0.02) & res_typex != "Condominiums"

    Variable |        Obs        Mean    Std. dev.       Min        Max
-------------+---------------------------------------------------------
  natwalkind |         16    10.02083    4.563898   4.333333   17.16667
. 
. quietly eststo walk_he: reg natwalkind ib26.dist3 i.lam_seg i.year if year==2018 & (dist_both<=0.21 & dist_both>=-0.2 & only_he == 1 & res_typex !="Condominiums") , vce(cluster lam_seg)
. sum natwalkind if only_he == 1 & year==2018 & (dist_both<=0.02 & dist_both>0) & res_typex != "Condominiums" 

    Variable |        Obs        Mean    Std. dev.       Min        Max
-------------+---------------------------------------------------------
  natwalkind |        159    11.07652    4.126632   4.833333   18.83333
. sum natwalkind if only_he == 1 & year==2018 & (dist_both<=0 & dist_both>-0.02) & res_typex != "Condominiums"

    Variable |        Obs        Mean    Std. dev.       Min        Max
-------------+---------------------------------------------------------
  natwalkind |         55    12.52121    3.021877   4.333333   15.33333
. 
. esttab walk_du walk_duhe walk_mfdu walk_mf walk_mfhe walk_he, se r2 indicate("Boundary f.e.=*lam_seg" "Year f.e.=*year") interaction(" X ") ///
>         label mtitles("walk_du" "walk_duhe" "walk_mfdu" "walk_mf" "walk_mfhe" "walk_he") title("Walkability Index") 

Walkability Index
--------------------------------------------------------------------------------------------------------------------
                              (1)             (2)             (3)             (4)             (5)             (6)   
                          walk_du       walk_duhe       walk_mfdu         walk_mf       walk_mfhe         walk_he   
--------------------------------------------------------------------------------------------------------------------
-.2                        -0.272           0.163           0.179                          -0.406          -0.766   
                          (0.545)         (0.682)         (0.567)                         (0.727)         (0.687)   

-.18                      -0.0358           0.228           0.493                         -0.0198          -0.799   
                          (0.541)         (0.711)         (0.580)                         (0.613)         (0.613)   

-.16                       -0.227           0.179           0.303                          -0.291          -0.599   
                          (0.554)         (0.684)         (0.551)                         (0.545)         (0.597)   

-.14                       -0.135           0.109           0.306                           0.476          -0.475   
                          (0.650)         (0.714)         (0.600)                         (0.662)         (0.580)   

-.12                       -0.622           0.230           0.361                           0.282          -0.509   
                          (0.623)         (0.721)         (0.581)                         (0.672)         (0.664)   

-.1                        -0.576           0.399          -0.205                          -0.153          -0.400   
                          (0.614)         (0.734)         (0.631)                         (0.607)         (0.710)   

-.08                       -0.241           0.232          0.0626                          0.0600          -0.279   
                          (0.632)         (0.751)         (0.545)                         (0.738)         (0.607)   

-.06                       -0.333           0.423          -0.542                          0.0395          -0.413   
                          (0.606)         (0.717)         (0.855)                         (0.745)         (0.599)   

-.04                       -0.113           0.513         -0.0791                          0.0143          -0.665   
                          (0.679)         (0.763)         (0.629)                         (0.739)         (0.591)   

-.02                       -0.330          -0.171          0.0161                           0.806          -0.270   
                          (0.594)         (0.740)         (0.462)                         (0.407)         (0.576)   

0                               0               0               0               0               0               0   
                              (.)             (.)             (.)             (.)             (.)             (.)   

.02                        -0.618         -0.0158          -1.570**             0           0.289           0.254   
                          (0.424)         (0.220)         (0.516)             (.)         (0.300)         (0.212)   

.04                         0.102           0.428          -0.346               0           0.419           0.457   
                          (0.143)         (0.222)         (0.236)             (.)         (0.279)         (0.325)   

.06                         0.244          0.0631          -0.318                           0.409           0.558   
                          (0.278)         (0.219)         (0.195)                         (0.264)         (0.284)   

.08                        0.0883           0.149          -0.427                           0.399           0.364   
                          (0.225)         (0.225)         (0.301)                         (0.255)         (0.336)   

.1                         0.0810           0.329          -0.650**                         0.468           0.546   
                          (0.182)         (0.275)         (0.217)                         (0.254)         (0.327)   

.12                         0.488           0.261          -0.736***                        0.249           0.621*  
                          (0.274)         (0.241)         (0.171)                         (0.221)         (0.303)   

.14                         0.499*          0.359          -0.848***                        0.311           0.271   
                          (0.240)         (0.244)         (0.229)                         (0.180)         (0.430)   

.16                         0.539**         0.272          -0.507                           0.472           0.224   
                          (0.182)         (0.290)         (0.362)                         (0.227)         (0.402)   

.18                         0.673**         0.341          -0.449                           0.361           0.242   
                          (0.220)         (0.251)         (0.502)                         (0.280)         (0.444)   

.2                          0.848**         0.259          -0.438                           0.400           0.278   
                          (0.283)         (0.266)         (0.397)                         (0.273)         (0.486)   

Constant                    6.042***        6.715***        6.616***        16.83           7.598***        4.267***
                          (0.591)         (0.209)         (0.425)             (.)         (0.525)         (0.350)   

Boundary f.e.                 Yes             Yes             Yes             Yes             Yes             Yes   

Year f.e.                     Yes             Yes             Yes             Yes             Yes             Yes   
--------------------------------------------------------------------------------------------------------------------
Observations                 2724           11278            2959              34            1650            7609   
R-squared                   0.943           0.853           0.870               .           0.968           0.815   
--------------------------------------------------------------------------------------------------------------------
Standard errors in parentheses
* p<0.05, ** p<0.01, *** p<0.001
.         
. esttab clay_du clay_duhe clay_mfdu clay_mf clay_mfhe clay_he using "$EXPORTPATH/amenities_table_walkability.tex", replace keep(25.dist3) ///
>         se r2 indicate("Boundary f.e.=*lam_seg" "Year f.e.=*year") interaction(" X ") ///
>         label mtitles("walk_du" "walk_duhe" "walk_mfdu" "walk_mf" "walk_mfhe" "walk_he") ///
>         title("Walkability Index") 
(file /shared/boston_zoning/working_paper/replication_package/analysis/amenities_muni_boundary_output/amenities_table_walkability.tex not found)
(output written to /shared/boston_zoning/working_paper/replication_package/analysis/amenities_muni_boundary_output/amenities_table_walkability.tex)
.         
. * robust s.e.
. quietly eststo walk_du_r: reg natwalkind ib26.dist3 i.lam_seg i.year if year==2018 & (dist_both<=0.21 & dist_both>=-0.2 & only_du == 1 & res_typex !="Condominiums") , vce(robust)
.         
. quietly eststo walk_duhe_r: reg natwalkind ib26.dist3 i.lam_seg i.year if year==2018 & (dist_both<=0.21 & dist_both>=-0.2 & du_he == 1 & res_typex !="Condominiums") , vce(robust)
. 
. quietly eststo walk_mfdu_r: reg natwalkind ib26.dist3 i.lam_seg i.year if year==2018 & (dist_both<=0.21 & dist_both>=-0.2 & mf_du == 1 & res_typex !="Condominiums") , vce(robust)
. 
. quietly eststo walk_mf_r: reg natwalkind ib26.dist3 i.lam_seg i.year if year==2018 & (dist_both<=0.21 & dist_both>=-0.2 & only_mf== 1 & res_typex !="Condominiums") , vce(robust)
. 
. quietly eststo walk_mfhe_r: reg natwalkind ib26.dist3 i.lam_seg i.year if year==2018 & (dist_both<=0.21 & dist_both>=-0.2 & mf_he == 1 & res_typex !="Condominiums") , vce(robust)
. 
. quietly eststo walk_he_r: reg natwalkind ib26.dist3 i.lam_seg i.year if year==2018 & (dist_both<=0.21 & dist_both>=-0.2 & only_he == 1 & res_typex !="Condominiums") , vce(robust)
. 
. esttab walk_du_r walk_duhe_r walk_mfdu_r walk_mf_r walk_mfhe_r walk_he_r, se r2 indicate("Boundary f.e.=*lam_seg" "Year f.e.=*year") interaction(" X ") ///
>         label mtitles("walk_du" "walk_duhe" "walk_mfdu" "walk_mf" "walk_mfhe" "walk_he") title("Walkability Index, robust s.e.") 

Walkability Index, robust s.e.
--------------------------------------------------------------------------------------------------------------------
                              (1)             (2)             (3)             (4)             (5)             (6)   
                          walk_du       walk_duhe       walk_mfdu         walk_mf       walk_mfhe         walk_he   
--------------------------------------------------------------------------------------------------------------------
-.2                        -0.272           0.163           0.179                          -0.406          -0.766***
                          (0.150)         (0.133)         (0.385)                         (0.311)         (0.176)   

-.18                      -0.0358           0.228           0.493                         -0.0198          -0.799***
                          (0.143)         (0.135)         (0.389)                         (0.286)         (0.175)   

-.16                       -0.227           0.179           0.303                          -0.291          -0.599***
                          (0.146)         (0.136)         (0.384)                         (0.301)         (0.168)   

-.14                       -0.135           0.109           0.306                           0.476          -0.475** 
                          (0.148)         (0.137)         (0.384)                         (0.269)         (0.159)   

-.12                       -0.622***        0.230           0.361                           0.282          -0.509** 
                          (0.161)         (0.135)         (0.384)                         (0.270)         (0.172)   

-.1                        -0.576***        0.399**        -0.205                          -0.153          -0.400*  
                          (0.159)         (0.138)         (0.388)                         (0.258)         (0.178)   

-.08                       -0.241           0.232          0.0626                          0.0600          -0.279   
                          (0.148)         (0.140)         (0.391)                         (0.270)         (0.168)   

-.06                       -0.333*          0.423**        -0.542                          0.0395          -0.413*  
                          (0.142)         (0.143)         (0.431)                         (0.276)         (0.165)   

-.04                       -0.113           0.513***      -0.0791                          0.0143          -0.665***
                          (0.147)         (0.143)         (0.413)                         (0.318)         (0.173)   

-.02                       -0.330          -0.171          0.0161                           0.806          -0.270   
                          (0.179)         (0.168)         (0.460)                         (0.562)         (0.169)   

0                               0               0               0               0               0               0   
                              (.)             (.)             (.)             (.)             (.)             (.)   

.02                        -0.618***      -0.0158          -1.570***            0           0.289           0.254   
                          (0.162)         (0.139)         (0.412)             (.)         (0.238)         (0.153)   

.04                         0.102           0.428**        -0.346               0           0.419           0.457** 
                          (0.139)         (0.130)         (0.397)             (.)         (0.235)         (0.157)   

.06                         0.244          0.0631          -0.318                           0.409           0.558***
                          (0.179)         (0.130)         (0.396)                         (0.239)         (0.154)   

.08                        0.0883           0.149          -0.427                           0.399           0.364*  
                          (0.176)         (0.123)         (0.402)                         (0.236)         (0.158)   

.1                         0.0810           0.329**        -0.650                           0.468*          0.546***
                          (0.145)         (0.126)         (0.385)                         (0.236)         (0.158)   

.12                         0.488**         0.261*         -0.736                           0.249           0.621***
                          (0.149)         (0.124)         (0.385)                         (0.230)         (0.154)   

.14                         0.499***        0.359**        -0.848*                          0.311           0.271   
                          (0.142)         (0.122)         (0.387)                         (0.226)         (0.159)   

.16                         0.539***        0.272*         -0.507                           0.472           0.224   
                          (0.143)         (0.126)         (0.393)                         (0.243)         (0.158)   

.18                         0.673***        0.341**        -0.449                           0.361           0.242   
                          (0.152)         (0.124)         (0.393)                         (0.241)         (0.160)   

.2                          0.848***        0.259          -0.438                           0.400           0.278   
                          (0.176)         (0.137)         (0.415)                         (0.247)         (0.181)   

Constant                    6.042***        6.715***        6.616***        16.83           7.598***        4.267***
                          (0.135)         (0.117)         (0.313)             (.)         (0.346)         (0.158)   

Boundary f.e.                 Yes             Yes             Yes             Yes             Yes             Yes   

Year f.e.                     Yes             Yes             Yes             Yes             Yes             Yes   
--------------------------------------------------------------------------------------------------------------------
Observations                 2724           11278            2959              34            1650            7609   
R-squared                   0.943           0.853           0.870               .           0.968           0.815   
--------------------------------------------------------------------------------------------------------------------
Standard errors in parentheses
* p<0.05, ** p<0.01, *** p<0.001
. }

. 
. 
. ********************************************************************************
. ** Employment mix  (only tables)
. ********************************************************************************
. capture noisily {
. ** regressions
. quietly eststo empl_du: reg d2b_e8mixa ib26.dist3 i.lam_seg i.year if year==2018 & (dist_both<=0.21 & dist_both>=-0.2 & only_du == 1 & res_typex !="Condominiums") , vce(cluster lam_seg)
. sum d2b_e8mixa if only_du == 1 & year==2018 & (dist_both<=0.02 & dist_both>0) & res_typex != "Condominiums" 

    Variable |        Obs        Mean    Std. dev.       Min        Max
-------------+---------------------------------------------------------
  d2b_e8mixa |         26     .545638    .1271703   .2363828   .6549203
. sum d2b_e8mixa if only_du == 1 & year==2018 & (dist_both<=0 & dist_both>-0.02) & res_typex != "Condominiums"

    Variable |        Obs        Mean    Std. dev.       Min        Max
-------------+---------------------------------------------------------
  d2b_e8mixa |         40    .5168057    .0835266   .3903142   .6646599
.         
. quietly eststo empl_duhe: reg d2b_e8mixa ib26.dist3 i.lam_seg i.year if year==2018 & (dist_both<=0.21 & dist_both>=-0.2 & du_he == 1 & res_typex !="Condominiums") , vce(cluster lam_seg)
. sum d2b_e8mixa if du_he == 1 & year==2018 & (dist_both<=0.02 & dist_both>0) & res_typex != "Condominiums" 

    Variable |        Obs        Mean    Std. dev.       Min        Max
-------------+---------------------------------------------------------
  d2b_e8mixa |        176    .6416934    .1593027    .140104   .8517943
. sum d2b_e8mixa if du_he == 1 & year==2018 & (dist_both<=0 & dist_both>-0.02) & res_typex != "Condominiums"

    Variable |        Obs        Mean    Std. dev.       Min        Max
-------------+---------------------------------------------------------
  d2b_e8mixa |        187    .6872219    .1343422   .2109117   .8215034
. 
. quietly eststo empl_mfdu: reg d2b_e8mixa ib26.dist3 i.lam_seg i.year if year==2018 & (dist_both<=0.21 & dist_both>=-0.2 & mf_du == 1 & res_typex !="Condominiums") , vce(cluster lam_seg)
. sum d2b_e8mixa if mf_du == 1 & year==2018 & (dist_both<=0.02 & dist_both>0) & res_typex != "Condominiums" 

    Variable |        Obs        Mean    Std. dev.       Min        Max
-------------+---------------------------------------------------------
  d2b_e8mixa |         22    .5257934    .2002906          0   .6874531
. sum d2b_e8mixa if mf_du == 1 & year==2018 & (dist_both<=0 & dist_both>-0.02) & res_typex != "Condominiums"

    Variable |        Obs        Mean    Std. dev.       Min        Max
-------------+---------------------------------------------------------
  d2b_e8mixa |         33    .6345194    .0984888    .375075    .809559
. 
. quietly eststo empl_mf: reg d2b_e8mixa ib26.dist3 i.lam_seg i.year if year==2018 & (dist_both<=0.21 & dist_both>=-0.2 & only_mf== 1 & res_typex !="Condominiums") , vce(cluster lam_seg)
. sum d2b_e8mixa if only_mf == 1 & year==2018 & (dist_both<=0.02 & dist_both>0) & res_typex != "Condominiums" 

    Variable |        Obs        Mean    Std. dev.       Min        Max
-------------+---------------------------------------------------------
  d2b_e8mixa |         11    .5382948           0   .5382948   .5382948
. sum d2b_e8mixa if only_mf == 1 & year==2018 & (dist_both<=0 & dist_both>-0.02) & res_typex != "Condominiums"

    Variable |        Obs        Mean    Std. dev.       Min        Max
-------------+---------------------------------------------------------
  d2b_e8mixa |          0
. 
. quietly eststo empl_mfhe: reg d2b_e8mixa ib26.dist3 i.lam_seg i.year if year==2018 & (dist_both<=0.21 & dist_both>=-0.2 & mf_he == 1 & res_typex !="Condominiums") , vce(cluster lam_seg)
. sum d2b_e8mixa if mf_he == 1 & year==2018 & (dist_both<=0.02 & dist_both>0) & res_typex != "Condominiums" 

    Variable |        Obs        Mean    Std. dev.       Min        Max
-------------+---------------------------------------------------------
  d2b_e8mixa |         11    .6285771    .0794316   .5049978   .7999219
. sum d2b_e8mixa if mf_he == 1 & year==2018 & (dist_both<=0 & dist_both>-0.02) & res_typex != "Condominiums"

    Variable |        Obs        Mean    Std. dev.       Min        Max
-------------+---------------------------------------------------------
  d2b_e8mixa |         16    .6772274    .0749777   .5193276   .8522975
. 
. quietly eststo empl_he: reg d2b_e8mixa ib26.dist3 i.lam_seg i.year if year==2018 & (dist_both<=0.21 & dist_both>=-0.2 & only_he == 1 & res_typex !="Condominiums") , vce(cluster lam_seg)
. sum d2b_e8mixa if only_he == 1 & year==2018 & (dist_both<=0.02 & dist_both>0) & res_typex != "Condominiums" 

    Variable |        Obs        Mean    Std. dev.       Min        Max
-------------+---------------------------------------------------------
  d2b_e8mixa |        159    .5811421    .1812225   .1669039   .8407753
. sum d2b_e8mixa if only_he == 1 & year==2018 & (dist_both<=0 & dist_both>-0.02) & res_typex != "Condominiums"

    Variable |        Obs        Mean    Std. dev.       Min        Max
-------------+---------------------------------------------------------
  d2b_e8mixa |         55    .6093553    .1374345   .3260052   .8022805
. 
. esttab empl_du empl_duhe empl_mfdu empl_mf empl_mfhe empl_he, se r2 indicate("Boundary f.e.=*lam_seg" "Year f.e.=*year") interaction(" X ") ///
>         label mtitles("empl_du" "empl_duhe" "empl_mfdu" "empl_mf" "empl_mfhe" "empl_he") title("Employment mix") 

Employment mix
--------------------------------------------------------------------------------------------------------------------
                              (1)             (2)             (3)             (4)             (5)             (6)   
                          empl_du       empl_duhe       empl_mfdu         empl_mf       empl_mfhe         empl_he   
--------------------------------------------------------------------------------------------------------------------
-.2                        0.0180          0.0344           0.101                         -0.0850         0.00958   
                         (0.0712)        (0.0556)        (0.0781)                        (0.0477)        (0.0622)   

-.18                      0.00833          0.0344           0.110                         -0.0539          0.0102   
                         (0.0687)        (0.0545)        (0.0816)                        (0.0539)        (0.0541)   

-.16                      0.00788          0.0537          0.0935                         -0.0652          0.0365   
                         (0.0645)        (0.0506)        (0.0797)                        (0.0434)        (0.0553)   

-.14                       0.0102          0.0534          0.0932                       -0.000996          0.0306   
                         (0.0687)        (0.0522)        (0.0809)                        (0.0761)        (0.0591)   

-.12                       0.0223          0.0594          0.0988                         -0.0145          0.0352   
                         (0.0661)        (0.0496)        (0.0802)                        (0.0878)        (0.0648)   

-.1                        0.0269          0.0615          0.0714                         -0.0679          0.0538   
                         (0.0648)        (0.0511)        (0.0722)                        (0.0726)        (0.0589)   

-.08                       0.0162          0.0450          0.0831                         -0.0120          0.0777   
                         (0.0682)        (0.0511)        (0.0759)                        (0.0780)        (0.0541)   

-.06                     0.000356          0.0552          0.0733                         -0.0220          0.0723   
                         (0.0683)        (0.0509)        (0.0716)                        (0.0827)        (0.0633)   

-.04                       0.0199          0.0865          0.0729                         -0.0455          0.0522   
                         (0.0746)        (0.0530)        (0.0758)                        (0.0720)        (0.0598)   

-.02                      -0.0117           0.122*          0.118                          0.0489          0.0549   
                         (0.0705)        (0.0577)        (0.0892)                        (0.0407)        (0.0593)   

0                               0               0               0               0               0               0   
                              (.)             (.)             (.)             (.)             (.)             (.)   

.02                       -0.0821         -0.0310         -0.0598*              0         -0.0183        -0.00688   
                         (0.0515)        (0.0229)        (0.0247)             (.)        (0.0208)        (0.0161)   

.04                       -0.0159         -0.0340          0.0456               0         0.00370         -0.0115   
                         (0.0133)        (0.0270)        (0.0484)             (.)        (0.0212)        (0.0296)   

.06                       -0.0219         -0.0256          0.0475                          0.0173         -0.0128   
                         (0.0213)        (0.0279)        (0.0448)                        (0.0150)        (0.0252)   

.08                       -0.0163         -0.0266          0.0381                         0.00771         -0.0221   
                         (0.0191)        (0.0272)        (0.0456)                        (0.0128)        (0.0266)   

.1                       -0.00540         -0.0291          0.0291                          0.0192        -0.00707   
                        (0.00806)        (0.0275)        (0.0458)                       (0.00959)        (0.0266)   

.12                        0.0224         -0.0179          0.0383                          0.0128         0.00707   
                         (0.0147)        (0.0289)        (0.0466)                       (0.00862)        (0.0252)   

.14                        0.0253         -0.0267          0.0436                          0.0249         -0.0174   
                         (0.0233)        (0.0279)        (0.0472)                        (0.0149)        (0.0318)   

.16                        0.0264         -0.0133          0.0457                       -0.000171         -0.0230   
                         (0.0192)        (0.0314)        (0.0460)                        (0.0170)        (0.0313)   

.18                        0.0423         -0.0164          0.0409                        -0.00401        -0.00648   
                         (0.0246)        (0.0305)        (0.0431)                        (0.0193)        (0.0352)   

.2                         0.0663         -0.0206          0.0292                         0.00749         -0.0158   
                         (0.0350)        (0.0291)        (0.0399)                        (0.0267)        (0.0406)   

Constant                    0.640***        0.659***        0.635***        0.538           0.747***        0.318***
                         (0.0663)        (0.0268)        (0.0585)             (.)        (0.0350)        (0.0302)   

Boundary f.e.                 Yes             Yes             Yes             Yes             Yes             Yes   

Year f.e.                     Yes             Yes             Yes             Yes             Yes             Yes   
--------------------------------------------------------------------------------------------------------------------
Observations                 2724           11278            2959              34            1650            7609   
R-squared                   0.578           0.531           0.633               .           0.592           0.490   
--------------------------------------------------------------------------------------------------------------------
Standard errors in parentheses
* p<0.05, ** p<0.01, *** p<0.001
.         
. esttab empl_du empl_duhe empl_mfdu empl_mf empl_mfhe empl_he using "$EXPORTPATH/amenities_table_emplmix.tex", replace keep(25.dist3) ///
>         se r2 indicate("Boundary f.e.=*lam_seg" "Year f.e.=*year") interaction(" X ") ///
>         label mtitles("empl_du" "empl_duhe" "empl_mfdu" "empl_mf" "empl_mfhe" "empl_he") ///
>         title("Employment mix") 
(file /shared/boston_zoning/working_paper/replication_package/analysis/amenities_muni_boundary_output/amenities_table_emplmix.tex not found)
(output written to /shared/boston_zoning/working_paper/replication_package/analysis/amenities_muni_boundary_output/amenities_table_emplmix.tex)
.         
. * robust s.e.
. quietly eststo empl_du_r: reg d2b_e8mixa ib26.dist3 i.lam_seg i.year if year==2018 & (dist_both<=0.21 & dist_both>=-0.2 & only_du == 1 & res_typex !="Condominiums") , vce(robust)
.         
. quietly eststo empl_duhe_r: reg d2b_e8mixa ib26.dist3 i.lam_seg i.year if year==2018 & (dist_both<=0.21 & dist_both>=-0.2 & du_he == 1 & res_typex !="Condominiums") , vce(robust)
. 
. quietly eststo empl_mfdu_r: reg d2b_e8mixa ib26.dist3 i.lam_seg i.year if year==2018 & (dist_both<=0.21 & dist_both>=-0.2 & mf_du == 1 & res_typex !="Condominiums") , vce(robust)
. 
. quietly eststo empl_mf_r: reg d2b_e8mixa ib26.dist3 i.lam_seg i.year if year==2018 & (dist_both<=0.21 & dist_both>=-0.2 & only_mf== 1 & res_typex !="Condominiums") , vce(robust)
. 
. quietly eststo empl_mfhe_r: reg d2b_e8mixa ib26.dist3 i.lam_seg i.year if year==2018 & (dist_both<=0.21 & dist_both>=-0.2 & mf_he == 1 & res_typex !="Condominiums") , vce(robust)
. 
. quietly eststo empl_he_r: reg d2b_e8mixa ib26.dist3 i.lam_seg i.year if year==2018 & (dist_both<=0.21 & dist_both>=-0.2 & only_he == 1 & res_typex !="Condominiums") , vce(robust)
. 
. esttab empl_du_r empl_duhe_r empl_mfdu_r empl_mf_r empl_mfhe_r empl_he_r, se r2 indicate("Boundary f.e.=*lam_seg" "Year f.e.=*year") interaction(" X ") ///
>         label mtitles("empl_du" "empl_duhe" "empl_mfdu" "empl_mf" "empl_mfhe" "empl_he") title("Employment mix, robust s.e.") 

Employment mix, robust s.e.
--------------------------------------------------------------------------------------------------------------------
                              (1)             (2)             (3)             (4)             (5)             (6)   
                          empl_du       empl_duhe       empl_mfdu         empl_mf       empl_mfhe         empl_he   
--------------------------------------------------------------------------------------------------------------------
-.2                        0.0180          0.0344**         0.101**                       -0.0850**       0.00958   
                         (0.0162)        (0.0109)        (0.0354)                        (0.0261)        (0.0131)   

-.18                      0.00833          0.0344**         0.110**                       -0.0539*         0.0102   
                         (0.0158)        (0.0112)        (0.0357)                        (0.0231)        (0.0127)   

-.16                      0.00788          0.0537***       0.0935**                       -0.0652*         0.0365** 
                         (0.0156)        (0.0105)        (0.0355)                        (0.0260)        (0.0122)   

-.14                       0.0102          0.0534***       0.0932**                     -0.000996          0.0306** 
                         (0.0159)        (0.0107)        (0.0355)                        (0.0230)        (0.0119)   

-.12                       0.0223          0.0594***       0.0988**                       -0.0145          0.0352** 
                         (0.0162)        (0.0104)        (0.0355)                        (0.0237)        (0.0125)   

-.1                        0.0269          0.0615***       0.0714*                        -0.0679**        0.0538***
                         (0.0158)        (0.0107)        (0.0353)                        (0.0232)        (0.0128)   

-.08                       0.0162          0.0450***       0.0831*                        -0.0120          0.0777***
                         (0.0155)        (0.0110)        (0.0357)                        (0.0225)        (0.0125)   

-.06                     0.000356          0.0552***       0.0733*                        -0.0220          0.0723***
                         (0.0153)        (0.0109)        (0.0359)                        (0.0239)        (0.0134)   

-.04                       0.0199          0.0865***       0.0729*                        -0.0455          0.0522***
                         (0.0161)        (0.0112)        (0.0363)                        (0.0256)        (0.0138)   

-.02                      -0.0117           0.122***        0.118**                        0.0489*         0.0549***
                         (0.0179)        (0.0133)        (0.0395)                        (0.0232)        (0.0134)   

0                               0               0               0               0               0               0   
                              (.)             (.)             (.)             (.)             (.)             (.)   

.02                       -0.0821***      -0.0310**       -0.0598               0         -0.0183        -0.00688   
                         (0.0200)        (0.0104)        (0.0404)             (.)        (0.0213)        (0.0110)   

.04                       -0.0159         -0.0340***       0.0456               0         0.00370         -0.0115   
                         (0.0157)        (0.0101)        (0.0357)             (.)        (0.0206)        (0.0114)   

.06                       -0.0219         -0.0256*         0.0475                          0.0173         -0.0128   
                         (0.0194)        (0.0101)        (0.0357)                        (0.0208)        (0.0110)   

.08                       -0.0163         -0.0266**        0.0381                         0.00771         -0.0221*  
                         (0.0181)       (0.00981)        (0.0360)                        (0.0202)        (0.0112)   

.1                       -0.00540         -0.0291**        0.0291                          0.0192        -0.00707   
                         (0.0156)       (0.00965)        (0.0356)                        (0.0202)        (0.0108)   

.12                        0.0224         -0.0179          0.0383                          0.0128         0.00707   
                         (0.0155)       (0.00968)        (0.0353)                        (0.0202)        (0.0107)   

.14                        0.0253         -0.0267**        0.0436                          0.0249         -0.0174   
                         (0.0151)       (0.00940)        (0.0354)                        (0.0199)        (0.0108)   

.16                        0.0264         -0.0133          0.0457                       -0.000171         -0.0230*  
                         (0.0152)       (0.00973)        (0.0356)                        (0.0238)        (0.0108)   

.18                        0.0423**       -0.0164          0.0409                        -0.00401        -0.00648   
                         (0.0161)       (0.00967)        (0.0356)                        (0.0229)        (0.0110)   

.2                         0.0663***      -0.0206          0.0292                         0.00749         -0.0158   
                         (0.0176)        (0.0109)        (0.0362)                        (0.0254)        (0.0125)   

Constant                    0.640***        0.659***        0.635***        0.538           0.747***        0.318***
                         (0.0168)       (0.00907)        (0.0265)             (.)        (0.0220)        (0.0110)   

Boundary f.e.                 Yes             Yes             Yes             Yes             Yes             Yes   

Year f.e.                     Yes             Yes             Yes             Yes             Yes             Yes   
--------------------------------------------------------------------------------------------------------------------
Observations                 2724           11278            2959              34            1650            7609   
R-squared                   0.578           0.531           0.633               .           0.592           0.490   
--------------------------------------------------------------------------------------------------------------------
Standard errors in parentheses
* p<0.05, ** p<0.01, *** p<0.001
. }

. 
. 
. ********************************************************************************
. *Standard errors clustered by municipality
. ********************************************************************************
. ********************************************************************************
. ** distance to highway 
. ********************************************************************************
. capture noisily {
. ** regressions
. quietly eststo road_du: reg dist_road ib26.dist3 i.lam_seg i.year if year==2018 & (dist_both<=0.21 & dist_both>=-0.2 & only_du == 1 & res_typex !="Condominiums") , vce(cluster city)
.         
. quietly eststo road_duhe: reg dist_road ib26.dist3 i.lam_seg i.year if year==2018 & (dist_both<=0.21 & dist_both>=-0.2 & du_he == 1 & res_typex !="Condominiums") , vce(cluster city)
. 
. quietly eststo road_mfdu: reg dist_road ib26.dist3 i.lam_seg i.year if year==2018 & (dist_both<=0.21 & dist_both>=-0.2 & mf_du == 1 & res_typex !="Condominiums") , vce(cluster city)
. 
. quietly eststo road_mf: reg dist_road ib26.dist3 i.lam_seg i.year if year==2018 & (dist_both<=0.21 & dist_both>=-0.2 & only_mf== 1 & res_typex !="Condominiums") , vce(cluster city)
. 
. quietly eststo road_mfhe: reg dist_road ib26.dist3 i.lam_seg i.year if year==2018 & (dist_both<=0.21 & dist_both>=-0.2 & mf_he == 1 & res_typex !="Condominiums") , vce(cluster city)
. 
. quietly eststo road_he: reg dist_road ib26.dist3 i.lam_seg i.year if year==2018 & (dist_both<=0.21 & dist_both>=-0.2 & only_he == 1 & res_typex !="Condominiums") , vce(cluster city)
. 
. esttab road_du road_duhe road_mfdu road_mf road_mfhe road_he, ///
>         se r2 indicate("Boundary f.e.=*lam_seg" "Year f.e.=*year") interaction(" X ") ///
>         label mtitles("road_du" "road_duhe" "road_mfdu" "road_mf" "road_mfhe" "road_he") title("Distance to Highway (miles)") 

Distance to Highway (miles)
--------------------------------------------------------------------------------------------------------------------
                              (1)             (2)             (3)             (4)             (5)             (6)   
                          road_du       road_duhe       road_mfdu         road_mf       road_mfhe         road_he   
--------------------------------------------------------------------------------------------------------------------
-.2                        0.0114          0.0314          0.0214          -0.195***       0.0245          0.0475*  
                         (0.0303)        (0.0228)        (0.0300)      (9.41e-17)        (0.0498)        (0.0198)   

-.18                     -0.00717          0.0299          0.0140          -0.183***       0.0385          0.0382*  
                         (0.0259)        (0.0220)        (0.0330)      (1.40e-16)        (0.0441)        (0.0180)   

-.16                      -0.0219          0.0352        -0.00792          -0.203***     -0.00678          0.0327   
                         (0.0302)        (0.0224)        (0.0288)      (1.30e-16)        (0.0588)        (0.0185)   

-.14                      -0.0381          0.0314          0.0144          -0.169***      0.00754          0.0235   
                         (0.0315)        (0.0225)        (0.0315)      (9.41e-17)        (0.0472)        (0.0187)   

-.12                      -0.0345          0.0325         0.00736          -0.164***       0.0242          0.0261   
                         (0.0297)        (0.0219)        (0.0304)      (1.62e-16)        (0.0451)        (0.0181)   

-.1                       -0.0329          0.0336          0.0107          -0.118***       0.0342          0.0195   
                         (0.0319)        (0.0216)        (0.0306)      (1.20e-16)        (0.0463)        (0.0173)   

-.08                      -0.0366          0.0348          0.0281          -0.140***      0.00645          0.0123   
                         (0.0328)        (0.0218)        (0.0357)      (1.04e-16)        (0.0439)        (0.0174)   

-.06                      -0.0724          0.0395       -0.000696         -0.0782***       0.0425         0.00160   
                         (0.0377)        (0.0215)        (0.0312)      (1.14e-16)        (0.0588)        (0.0197)   

-.04                     -0.00786          0.0482*         0.0172         -0.0793***      -0.0806        -0.00289   
                         (0.0390)        (0.0208)        (0.0367)      (1.04e-16)        (0.0431)        (0.0212)   

-.02                     -0.00534          0.0441          0.0115         -0.0714***       0.0237          0.0173   
                         (0.0429)        (0.0249)        (0.0422)      (1.18e-16)        (0.0446)        (0.0209)   

0                               0               0               0               0               0               0   
                              (.)             (.)             (.)             (.)             (.)             (.)   

.02                        0.0161          0.0526*        0.00250         -0.0720***      0.00602         0.00974   
                         (0.0137)        (0.0238)        (0.0246)      (5.41e-17)        (0.0474)        (0.0135)   

.04                       0.00539          0.0432         -0.0104         -0.0520***     -0.00898         0.00124   
                         (0.0184)        (0.0221)        (0.0279)      (5.30e-17)        (0.0293)        (0.0168)   

.06                       -0.0332          0.0526*       -0.00272                         -0.0155        -0.00454   
                         (0.0531)        (0.0237)        (0.0281)                        (0.0356)        (0.0175)   

.08                       -0.0200          0.0344         -0.0395                         -0.0237        -0.00420   
                         (0.0296)        (0.0211)        (0.0285)                        (0.0459)        (0.0199)   

.1                       -0.00949          0.0401         -0.0230                         -0.0104         0.00469   
                         (0.0235)        (0.0205)        (0.0309)                        (0.0444)        (0.0194)   

.12                       -0.0238          0.0472*        -0.0353                         -0.0101         0.00212   
                         (0.0362)        (0.0203)        (0.0329)                        (0.0456)        (0.0221)   

.14                      -0.00530          0.0376         -0.0274                        -0.00369         0.00769   
                         (0.0354)        (0.0226)        (0.0341)                        (0.0457)        (0.0229)   

.16                       -0.0136          0.0484*        -0.0222                         0.00153          0.0226   
                         (0.0382)        (0.0234)        (0.0367)                        (0.0537)        (0.0233)   

.18                       -0.0103          0.0454         -0.0104                         0.00665          0.0170   
                         (0.0358)        (0.0258)        (0.0367)                        (0.0505)        (0.0257)   

.2                       -0.00693          0.0452        -0.00491                          0.0107          0.0185   
                         (0.0309)        (0.0282)        (0.0400)                        (0.0593)        (0.0288)   

Constant                    0.275***     -0.00444        -0.00511           0.215***      0.00281           0.914***
                         (0.0274)        (0.0211)        (0.0247)      (1.04e-16)        (0.0462)        (0.0351)   

Boundary f.e.                 Yes             Yes             Yes             Yes             Yes             Yes   

Year f.e.                     Yes             Yes             Yes             Yes             Yes             Yes   
--------------------------------------------------------------------------------------------------------------------
Observations                 3768           17020            4522             129            1930           10336   
R-squared                   0.846           0.806           0.545           0.464           0.817           0.818   
--------------------------------------------------------------------------------------------------------------------
Standard errors in parentheses
* p<0.05, ** p<0.01, *** p<0.001
.         
. esttab road_du road_duhe road_mfdu road_mf road_mfhe road_he using "$EXPORTPATH/amenities_table_road_municluster.tex", replace keep(25.dist3) ///
>         se r2 indicate("Boundary f.e.=*lam_seg" "Year f.e.=*year") interaction(" X ") ///
>         label mtitles("road_du" "road_duhe" "road_mfdu" "road_mf" "road_mfhe" "road_he") ///
>         title("Distance to Highway (miles)") 
(file /shared/boston_zoning/working_paper/replication_package/analysis/amenities_muni_boundary_output/amenities_table_road_municluster.tex not found)
(output written to /shared/boston_zoning/working_paper/replication_package/analysis/amenities_muni_boundary_output/amenities_table_road_municluster.tex)
. }

. 
. 
. ********************************************************************************
. ** distance to river
. ********************************************************************************
. capture noisily {
. ** regressions
. quietly eststo river_du: reg dist_river ib26.dist3 i.lam_seg i.year if year==2018 & (dist_both<=0.21 & dist_both>=-0.2 & only_du == 1 & res_typex !="Condominiums") , vce(cluster city)
. 
. quietly eststo river_duhe: reg dist_river ib26.dist3 i.lam_seg i.year if year==2018 & (dist_both<=0.21 & dist_both>=-0.2 & du_he == 1 & res_typex !="Condominiums") , vce(cluster city)
. 
. quietly eststo river_mfdu: reg dist_river ib26.dist3 i.lam_seg i.year if year==2018 & (dist_both<=0.21 & dist_both>=-0.2 & mf_du == 1 & res_typex !="Condominiums") , vce(cluster city)
. 
. quietly eststo river_mf: reg dist_river ib26.dist3 i.lam_seg i.year if year==2018 & (dist_both<=0.21 & dist_both>=-0.2 & only_mf== 1 & res_typex !="Condominiums") , vce(cluster city)
. 
. quietly eststo river_mfhe: reg dist_river ib26.dist3 i.lam_seg i.year if year==2018 & (dist_both<=0.21 & dist_both>=-0.2 & mf_he == 1 & res_typex !="Condominiums") , vce(cluster city)
. 
. quietly eststo river_he: reg dist_river ib26.dist3 i.lam_seg i.year if year==2018 & (dist_both<=0.21 & dist_both>=-0.2 & only_he == 1 & res_typex !="Condominiums") , vce(cluster city)
. 
. esttab river_du river_duhe river_mfdu river_mf river_mfhe river_he, se r2 indicate("Boundary f.e.=*lam_seg" "Year f.e.=*year") interaction(" X ") ///
>         label mtitles("river_du" "river_duhe" "river_mfdu" "river_mf" "river_mfhe" "river_he") title("Distance to River (miles)") 

Distance to River (miles)
--------------------------------------------------------------------------------------------------------------------
                              (1)             (2)             (3)             (4)             (5)             (6)   
                         river_du      river_duhe      river_mfdu        river_mf      river_mfhe        river_he   
--------------------------------------------------------------------------------------------------------------------
-.2                       -0.0323          0.0115         -0.0220           0.253***      -0.0805          0.0580** 
                         (0.0440)        (0.0222)        (0.0494)      (1.90e-16)        (0.0384)        (0.0177)   

-.18                      -0.0353         0.00579         -0.0392           0.243***       -0.100**        0.0300   
                         (0.0452)        (0.0240)        (0.0470)      (1.97e-16)        (0.0341)        (0.0215)   

-.16                      -0.0528         0.00626         -0.0264           0.214***       -0.108**        0.0342   
                         (0.0450)        (0.0219)        (0.0457)      (1.90e-16)        (0.0325)        (0.0200)   

-.14                      -0.0581       -0.000888         -0.0117           0.185***       -0.103**        0.0183   
                         (0.0431)        (0.0209)        (0.0468)      (1.94e-16)        (0.0324)        (0.0140)   

-.12                      -0.0268        -0.00568         -0.0151           0.169***      -0.0860*         0.0392*  
                         (0.0362)        (0.0207)        (0.0465)      (2.04e-16)        (0.0336)        (0.0189)   

-.1                       -0.0242         0.00755        -0.00935           0.126***      -0.0615          0.0186   
                         (0.0300)        (0.0205)        (0.0458)      (1.90e-16)        (0.0407)        (0.0138)   

-.08                      -0.0331        -0.00600         -0.0154           0.121***      -0.0601          0.0333*  
                         (0.0323)        (0.0213)        (0.0486)      (1.86e-16)        (0.0294)        (0.0143)   

-.06                      -0.0263         -0.0175         -0.0178          0.0803***      -0.0177          0.0373   
                         (0.0318)        (0.0208)        (0.0436)      (1.87e-16)        (0.0278)        (0.0192)   

-.04                      -0.0604         -0.0192          0.0146          0.0665***      -0.0117        -0.00238   
                         (0.0336)        (0.0193)        (0.0426)      (1.86e-16)        (0.0304)        (0.0136)   

-.02                      -0.0635         -0.0278         -0.0409          0.0469***      -0.0234          0.0155   
                         (0.0525)        (0.0225)        (0.0523)      (1.89e-16)        (0.0302)        (0.0167)   

0                               0               0               0               0               0               0   
                              (.)             (.)             (.)             (.)             (.)             (.)   

.02                       -0.0475         -0.0161         -0.0236          0.0211***      0.00113        -0.00776   
                         (0.0423)        (0.0149)        (0.0400)      (1.80e-16)        (0.0209)        (0.0106)   

.04                       -0.0188         -0.0175         -0.0204        -0.00631***      -0.0105       -0.000117   
                         (0.0370)        (0.0149)        (0.0458)      (1.46e-16)        (0.0357)        (0.0103)   

.06                       -0.0220         -0.0243         -0.0346                         0.00906         0.00988   
                         (0.0344)        (0.0165)        (0.0320)                        (0.0297)       (0.00998)   

.08                       -0.0180         -0.0350*        -0.0354                         0.00780         -0.0174   
                         (0.0247)        (0.0168)        (0.0425)                        (0.0305)        (0.0123)   

.1                         0.0172         -0.0505**       -0.0131                          0.0198        -0.00938   
                         (0.0219)        (0.0191)        (0.0539)                        (0.0285)        (0.0111)   

.12                      -0.00888         -0.0418*        -0.0254                          0.0185         -0.0147   
                         (0.0309)        (0.0196)        (0.0533)                        (0.0344)        (0.0124)   

.14                       -0.0237         -0.0286         -0.0268                          0.0378         -0.0185   
                         (0.0308)        (0.0212)        (0.0523)                        (0.0303)        (0.0118)   

.16                       -0.0215         -0.0334         -0.0162                          0.0411         -0.0119   
                         (0.0325)        (0.0212)        (0.0560)                        (0.0378)        (0.0103)   

.18                       -0.0360         -0.0238        -0.00487                         0.00812         -0.0258*  
                         (0.0348)        (0.0224)        (0.0574)                        (0.0455)        (0.0123)   

.2                        -0.0329         -0.0283         -0.0160                          0.0327         -0.0256   
                         (0.0358)        (0.0233)        (0.0664)                        (0.0410)        (0.0136)   

Constant                    0.521***        0.398***        0.440***       0.0901***        0.213*         0.0741** 
                         (0.0316)        (0.0180)        (0.0403)      (1.87e-16)        (0.0766)        (0.0239)   

Boundary f.e.                 Yes             Yes             Yes             Yes             Yes             Yes   

Year f.e.                     Yes             Yes             Yes             Yes             Yes             Yes   
--------------------------------------------------------------------------------------------------------------------
Observations                 3768           17020            4522             129            1930           10336   
R-squared                   0.935           0.836           0.820           0.876           0.930           0.907   
--------------------------------------------------------------------------------------------------------------------
Standard errors in parentheses
* p<0.05, ** p<0.01, *** p<0.001
. 
. esttab river_du river_duhe river_mfdu river_mf river_mfhe river_he using "$EXPORTPATH/amenities_table_river_municluster.tex", replace keep(25.dist3) ///
>         se r2 indicate("Boundary f.e.=*lam_seg" "Year f.e.=*year") interaction(" X ") ///
>         label mtitles("river_du" "river_duhe" "river_mfdu" "river_mf" "river_mfhe" "river_he") ///
>         title("Distance to River (miles)") 
(file /shared/boston_zoning/working_paper/replication_package/analysis/amenities_muni_boundary_output/amenities_table_river_municluster.tex not found)
(output written to /shared/boston_zoning/working_paper/replication_package/analysis/amenities_muni_boundary_output/amenities_table_river_municluster.tex)
. }

. 
. 
. ********************************************************************************
. ** distance to green space
. ********************************************************************************
. capture noisily {
. ** regressions
. quietly eststo space_du: reg dist_space ib26.dist3 i.lam_seg i.year if year==2018 & (dist_both<=0.21 & dist_both>=-0.2 & only_du == 1 & res_typex !="Condominiums") , vce(cluster city)
.         
. quietly eststo space_duhe: reg dist_space ib26.dist3 i.lam_seg i.year if year==2018 & (dist_both<=0.21 & dist_both>=-0.2 & du_he == 1 & res_typex !="Condominiums") , vce(cluster city)
. 
. quietly eststo space_mfdu: reg dist_space ib26.dist3 i.lam_seg i.year if year==2018 & (dist_both<=0.21 & dist_both>=-0.2 & mf_du == 1 & res_typex !="Condominiums") , vce(cluster city)
. 
. quietly eststo space_mf: reg dist_space ib26.dist3 i.lam_seg i.year if year==2018 & (dist_both<=0.21 & dist_both>=-0.2 & only_mf== 1 & res_typex !="Condominiums") , vce(cluster city)
. 
. quietly eststo space_mfhe: reg dist_space ib26.dist3 i.lam_seg i.year if year==2018 & (dist_both<=0.21 & dist_both>=-0.2 & mf_he == 1 & res_typex !="Condominiums") , vce(cluster city)
. 
. quietly eststo space_he: reg dist_space ib26.dist3 i.lam_seg i.year if year==2018 & (dist_both<=0.21 & dist_both>=-0.2 & only_he == 1 & res_typex !="Condominiums") , vce(cluster city)
. 
. esttab space_du space_duhe space_mfdu space_mf space_mfhe space_he, se r2 indicate("Boundary f.e.=*lam_seg" "Year f.e.=*year") interaction(" X ") ///
>         label mtitles("space_du" "space_duhe" "space_mfdu" "space_mf" "space_mfhe" "space_he") title("Distance to Green Space (miles)") 

Distance to Green Space (miles)
--------------------------------------------------------------------------------------------------------------------
                              (1)             (2)             (3)             (4)             (5)             (6)   
                         space_du      space_duhe      space_mfdu        space_mf      space_mfhe        space_he   
--------------------------------------------------------------------------------------------------------------------
-.2                       -0.0621         0.00621         -0.0395           0.254***      -0.0315          0.0370   
                         (0.0589)        (0.0462)        (0.0411)      (4.51e-17)        (0.0492)        (0.0470)   

-.18                      -0.0754        -0.00469         -0.0226           0.240***      -0.0350         0.00604   
                         (0.0708)        (0.0468)        (0.0422)      (4.02e-17)        (0.0500)        (0.0403)   

-.16                       -0.113        -0.00615         -0.0324           0.212***      -0.0913          0.0295   
                         (0.0661)        (0.0459)        (0.0437)      (5.31e-17)        (0.0714)        (0.0397)   

-.14                      -0.0646          0.0110         -0.0397           0.182***      -0.0852          0.0186   
                         (0.0568)        (0.0443)        (0.0399)      (8.90e-17)        (0.0480)        (0.0412)   

-.12                      -0.0642        -0.00132         -0.0293           0.170***      -0.0665          0.0186   
                         (0.0482)        (0.0445)        (0.0423)      (8.63e-17)        (0.0442)        (0.0384)   

-.1                       -0.0375         0.00750        -0.00246           0.121***      -0.0242          0.0167   
                         (0.0311)        (0.0433)        (0.0427)      (4.87e-17)        (0.0518)        (0.0368)   

-.08                     -0.00561        -0.00998        -0.00195           0.120***      -0.0476          0.0163   
                         (0.0313)        (0.0434)        (0.0449)      (5.31e-17)        (0.0388)        (0.0323)   

-.06                       0.0553         -0.0416         0.00731          0.0697***       0.0377          0.0121   
                         (0.0607)        (0.0436)        (0.0395)      (4.30e-17)        (0.0551)        (0.0304)   

-.04                      -0.0391         -0.0267        -0.00465          0.0596***      -0.0857          0.0277   
                         (0.0464)        (0.0413)        (0.0370)      (4.07e-17)        (0.0472)        (0.0290)   

-.02                       -0.126        -0.00894        -0.00817          0.0465***       0.0237          0.0182   
                         (0.0962)        (0.0396)        (0.0399)      (5.56e-17)        (0.0255)        (0.0319)   

0                               0               0               0               0               0               0   
                              (.)             (.)             (.)             (.)             (.)             (.)   

.02                        -0.164         -0.0127         0.00684          0.0232***       0.0224         0.00240   
                          (0.111)        (0.0582)        (0.0273)      (5.12e-17)        (0.0646)        (0.0221)   

.04                        -0.118         -0.0191       -0.000353        -0.00476***      -0.0119          0.0230   
                         (0.0849)        (0.0437)        (0.0336)      (4.21e-17)        (0.0225)        (0.0310)   

.06                        0.0226         -0.0158          0.0163                         -0.0486          0.0229   
                         (0.0372)        (0.0463)        (0.0277)                        (0.0330)        (0.0267)   

.08                       -0.0135         0.00133         0.00693                         0.00214          0.0160   
                         (0.0402)        (0.0437)        (0.0403)                        (0.0335)        (0.0296)   

.1                        0.00454         -0.0124          0.0289                          0.0385          0.0198   
                         (0.0283)        (0.0400)        (0.0428)                        (0.0460)        (0.0316)   

.12                        0.0183         -0.0159         0.00572                          0.0281          0.0129   
                         (0.0345)        (0.0427)        (0.0512)                        (0.0464)        (0.0324)   

.14                       -0.0344        -0.00597          0.0229                          0.0461         0.00766   
                         (0.0341)        (0.0438)        (0.0464)                        (0.0513)        (0.0323)   

.16                       -0.0609         -0.0122          0.0354                          0.0577         0.00689   
                         (0.0350)        (0.0462)        (0.0492)                        (0.0481)        (0.0334)   

.18                       -0.0573         0.00804         0.00228                          0.0593          0.0119   
                         (0.0391)        (0.0499)        (0.0506)                        (0.0638)        (0.0366)   

.2                        -0.0795         0.00711          0.0395                          0.0415        -0.00753   
                         (0.0505)        (0.0516)        (0.0547)                        (0.0576)        (0.0361)   

Constant                    12.90***        0.146**         0.162***        0.115***        0.162*         0.0913** 
                          (0.127)        (0.0432)        (0.0315)      (4.21e-17)        (0.0752)        (0.0318)   

Boundary f.e.                 Yes             Yes             Yes             Yes             Yes             Yes   

Year f.e.                     Yes             Yes             Yes             Yes             Yes             Yes   
--------------------------------------------------------------------------------------------------------------------
Observations                 3768           17020            4522             129            1930           10336   
R-squared                   0.996           0.993           0.999           0.870           0.998           0.997   
--------------------------------------------------------------------------------------------------------------------
Standard errors in parentheses
* p<0.05, ** p<0.01, *** p<0.001
.         
. esttab space_du space_duhe space_mfdu space_mf space_mfhe space_he using "$EXPORTPATH/amenities_table_space_municluster.tex", replace keep(25.dist3) ///
>         se r2 indicate("Boundary f.e.=*lam_seg" "Year f.e.=*year") interaction(" X ") ///
>         label mtitles("space_du" "space_duhe" "space_mfdu" "space_mf" "space_mfhe" "space_he") ///
>         title("Distance to Green Space (miles)") 
(file /shared/boston_zoning/working_paper/replication_package/analysis/amenities_muni_boundary_output/amenities_table_space_municluster.tex not found)
(output written to /shared/boston_zoning/working_paper/replication_package/analysis/amenities_muni_boundary_output/amenities_table_space_municluster.tex)
. }

. 
. 
. ********************************************************************************
. * distance to school
. ********************************************************************************
. capture noisily {
. ** regressions
. quietly eststo school_du: reg dist_school ib26.dist3 i.lam_seg i.year if year==2018 & (dist_both<=0.21 & dist_both>=-0.2 & only_du == 1 & res_typex !="Condominiums") , vce(cluster city)
.         
. quietly eststo school_duhe: reg dist_school ib26.dist3 i.lam_seg i.year if year==2018 & (dist_both<=0.21 & dist_both>=-0.2 & du_he == 1 & res_typex !="Condominiums") , vce(cluster city)
. 
. quietly eststo school_mfdu: reg dist_school ib26.dist3 i.lam_seg i.year if year==2018 & (dist_both<=0.21 & dist_both>=-0.2 & mf_du == 1 & res_typex !="Condominiums") , vce(cluster city)
. 
. quietly eststo school_mf: reg dist_school ib26.dist3 i.lam_seg i.year if year==2018 & (dist_both<=0.21 & dist_both>=-0.2 & only_mf== 1 & res_typex !="Condominiums") , vce(cluster city)
. 
. quietly eststo school_mfhe: reg dist_school ib26.dist3 i.lam_seg i.year if year==2018 & (dist_both<=0.21 & dist_both>=-0.2 & mf_he == 1 & res_typex !="Condominiums") , vce(cluster city)
. 
. quietly eststo school_he: reg dist_school ib26.dist3 i.lam_seg i.year if year==2018 & (dist_both<=0.21 & dist_both>=-0.2 & only_he == 1 & res_typex !="Condominiums") , vce(cluster city)
. 
. esttab school_du school_duhe school_mfdu school_mf school_mfhe school_he, se r2 indicate("Boundary f.e.=*lam_seg" "Year f.e.=*year") interaction(" X ") ///
>         label mtitles("school_du" "school_duhe" "school_mfdu" "school_mf" "school_mfhe" "school_he") title("Distance to School (miles)") 

Distance to School (miles)
--------------------------------------------------------------------------------------------------------------------
                              (1)             (2)             (3)             (4)             (5)             (6)   
                        school_du     school_duhe     school_mfdu       school_mf     school_mfhe       school_he   
--------------------------------------------------------------------------------------------------------------------
-.2                        -0.104        -0.00383          -0.253*         -0.405***       -0.163*        -0.0937   
                          (0.134)        (0.0733)         (0.105)      (3.41e-16)        (0.0617)        (0.0900)   

-.18                      -0.0515         -0.0167          -0.203          -0.421***       -0.101         -0.0962   
                          (0.140)        (0.0689)         (0.109)      (3.31e-16)        (0.0698)        (0.0938)   

-.16                      -0.0280         0.00756          -0.196          -0.397***      -0.0950         -0.0679   
                          (0.143)        (0.0683)         (0.111)      (3.01e-16)        (0.0726)        (0.0922)   

-.14                      -0.0697          0.0622          -0.212          -0.357***       -0.165*        -0.0888   
                          (0.127)        (0.0704)         (0.109)      (3.15e-16)        (0.0597)        (0.0986)   

-.12                      -0.0390          0.0437          -0.243          -0.347***       -0.179*        -0.0466   
                          (0.122)        (0.0730)         (0.129)      (3.01e-16)        (0.0681)         (0.102)   

-.1                       -0.0159         0.00677          -0.160          -0.292***      0.00950         -0.0410   
                          (0.121)        (0.0706)         (0.116)      (3.31e-16)        (0.0995)         (0.108)   

-.08                       0.0480          0.0961          -0.151          -0.312***       0.0378          0.0270   
                          (0.127)        (0.0752)         (0.113)      (3.58e-16)         (0.101)         (0.122)   

-.06                       0.0865          0.0909          -0.202          -0.246***        0.196        -0.00178   
                          (0.133)        (0.0678)         (0.116)      (3.31e-16)         (0.137)         (0.110)   

-.04                       0.0540          0.0986          -0.276          -0.249***       0.0577          0.0608   
                          (0.147)        (0.0692)         (0.144)      (3.12e-16)        (0.0649)         (0.111)   

-.02                       0.0108           0.119          -0.191*         -0.240***       -0.415*        -0.0809   
                          (0.193)        (0.0829)        (0.0942)      (3.00e-16)         (0.190)        (0.0977)   

0                               0               0               0               0               0               0   
                              (.)             (.)             (.)             (.)             (.)             (.)   

.02                       -0.0498         -0.0872*         0.0404         -0.0891***       -0.153          0.0806   
                         (0.0665)        (0.0404)        (0.0546)      (3.34e-16)         (0.103)        (0.0468)   

.04                        -0.111         -0.0694**       -0.0561         -0.0875***       -0.260        -0.00551   
                         (0.0690)        (0.0239)        (0.0558)      (3.01e-16)         (0.146)        (0.0452)   

.06                       -0.0437         -0.0591*        -0.0682                          -0.193         -0.0141   
                         (0.0586)        (0.0254)        (0.0472)                         (0.178)        (0.0519)   

.08                       -0.0744         -0.0541         -0.0541                          -0.202        -0.00452   
                         (0.0648)        (0.0281)        (0.0617)                         (0.150)        (0.0580)   

.1                         -0.166*        -0.0962**       -0.0157                          -0.198         -0.0405   
                         (0.0758)        (0.0315)        (0.0707)                         (0.132)        (0.0596)   

.12                        -0.177*        -0.0907**       -0.0581                          -0.160         -0.0322   
                         (0.0733)        (0.0272)        (0.0768)                         (0.108)        (0.0587)   

.14                        -0.138          -0.121***      -0.0846                          -0.120         -0.0440   
                         (0.0740)        (0.0272)        (0.0687)                        (0.0811)        (0.0598)   

.16                        -0.212*         -0.153***      -0.0898                          -0.183         -0.0197   
                         (0.0842)        (0.0370)        (0.0690)                         (0.102)        (0.0606)   

.18                        -0.201*         -0.162***      -0.0983                          -0.262         -0.0484   
                         (0.0816)        (0.0251)        (0.0793)                         (0.148)        (0.0626)   

.2                         -0.210*         -0.175***      -0.0949                          -0.277*        -0.0425   
                         (0.0825)        (0.0283)        (0.0821)                         (0.130)        (0.0671)   

Constant                    1.893***        1.678***        2.302***        0.801***        1.706***        2.101***
                          (0.104)        (0.0901)         (0.351)      (3.01e-16)        (0.0886)         (0.174)   

Boundary f.e.                 Yes             Yes             Yes             Yes             Yes             Yes   

Year f.e.                     Yes             Yes             Yes             Yes             Yes             Yes   
--------------------------------------------------------------------------------------------------------------------
Observations                 3768           17020            4522             129            1930           10336   
R-squared                   0.842           0.818           0.830           0.820           0.885           0.719   
--------------------------------------------------------------------------------------------------------------------
Standard errors in parentheses
* p<0.05, ** p<0.01, *** p<0.001
.           
. esttab school_du school_duhe school_mfdu school_mf school_mfhe school_he using "$EXPORTPATH/amenities_table_school_municluster.tex", replace keep(25.dist3) ///
>         se r2 indicate("Boundary f.e.=*lam_seg" "Year f.e.=*year") interaction(" X ") ///
>         label mtitles("school_du" "school_duhe" "school_mfdu" "school_mf" "school_mfhe" "school_he") ///
>         title("Distance to School (miles)") 
(file /shared/boston_zoning/working_paper/replication_package/analysis/amenities_muni_boundary_output/amenities_table_school_municluster.tex not found)
(output written to /shared/boston_zoning/working_paper/replication_package/analysis/amenities_muni_boundary_output/amenities_table_school_municluster.tex)
. }

. 
. 
. ********************************************************************************
. ** distance to city center
. ********************************************************************************
. capture noisily {
. ** regressions
. quietly eststo center_du: reg dist_center ib26.dist3 i.lam_seg i.year if year==2018 & (dist_both<=0.21 & dist_both>=-0.2 & only_du == 1 & res_typex !="Condominiums") , vce(cluster city)
.         
. quietly eststo center_duhe: reg dist_center ib26.dist3 i.lam_seg i.year if year==2018 & (dist_both<=0.21 & dist_both>=-0.2 & du_he == 1 & res_typex !="Condominiums") , vce(cluster city)
. 
. quietly eststo center_mfdu: reg dist_center ib26.dist3 i.lam_seg i.year if year==2018 & (dist_both<=0.21 & dist_both>=-0.2 & mf_du == 1 & res_typex !="Condominiums") , vce(cluster city)
. 
. quietly eststo center_mf: reg dist_center ib26.dist3 i.lam_seg i.year if year==2018 & (dist_both<=0.21 & dist_both>=-0.2 & only_mf== 1 & res_typex !="Condominiums") , vce(cluster city)
. 
. quietly eststo center_mfhe: reg dist_center ib26.dist3 i.lam_seg i.year if year==2018 & (dist_both<=0.21 & dist_both>=-0.2 & mf_he == 1 & res_typex !="Condominiums") , vce(cluster city)
. 
. quietly eststo center_he: reg dist_center ib26.dist3 i.lam_seg i.year if year==2018 & (dist_both<=0.21 & dist_both>=-0.2 & only_he == 1 & res_typex !="Condominiums") , vce(cluster city)
. 
. esttab center_du center_duhe center_mfdu center_mf center_mfhe center_he, se r2 indicate("Boundary f.e.=*lam_seg" "Year f.e.=*year") interaction(" X ") ///
>         label mtitles("center_du" "center_duhe" "center_mfdu" "center_mf" "center_mfhe" "center_he") title("Distance to City Center (miles)") 

Distance to City Center (miles)
--------------------------------------------------------------------------------------------------------------------
                              (1)             (2)             (3)             (4)             (5)             (6)   
                        center_du     center_duhe     center_mfdu       center_mf     center_mfhe       center_he   
--------------------------------------------------------------------------------------------------------------------
-.2                        -0.270         -0.0438          -0.265          -1.229***      0.00593          -0.509*  
                          (0.151)         (0.175)         (0.197)      (1.11e-15)         (0.197)         (0.202)   

-.18                       -0.231         -0.0252          -0.291          -1.205***       0.0202          -0.590** 
                          (0.144)         (0.181)         (0.214)      (1.08e-15)         (0.193)         (0.196)   

-.16                       -0.142         -0.0228          -0.218          -1.184***      -0.0312          -0.545** 
                          (0.126)         (0.185)         (0.204)      (1.08e-15)         (0.182)         (0.195)   

-.14                       -0.246          0.0115          -0.224          -1.166***       0.0273          -0.532** 
                          (0.156)         (0.193)         (0.206)      (1.20e-15)         (0.166)         (0.191)   

-.12                       -0.180          0.0472          -0.184          -1.152***       0.0618          -0.482*  
                          (0.140)         (0.192)         (0.187)      (1.27e-15)         (0.192)         (0.210)   

-.1                        -0.105          0.0540          -0.180          -1.124***        0.153          -0.434*  
                          (0.137)         (0.196)         (0.179)      (1.08e-15)         (0.167)         (0.208)   

-.08                       -0.171           0.104          -0.241          -1.111***       -0.168          -0.556*  
                          (0.147)         (0.218)         (0.210)      (1.08e-15)         (0.265)         (0.233)   

-.06                       -0.169           0.128          -0.183          -1.082***      -0.0168          -0.615** 
                          (0.144)         (0.186)         (0.201)      (1.17e-15)         (0.187)         (0.224)   

-.04                       -0.283           0.310          -0.188          -1.065***       0.0555          -0.742*  
                          (0.166)         (0.258)         (0.214)      (1.09e-15)         (0.186)         (0.286)   

-.02                       -0.161         -0.0215          -0.543          -1.048***       -0.297          -0.618** 
                          (0.159)         (0.211)         (0.286)      (1.25e-15)         (0.225)         (0.229)   

0                               0               0               0               0               0               0   
                              (.)             (.)             (.)             (.)             (.)             (.)   

.02                         0.245*         0.0325          0.0215         -0.0667***       0.0264           0.233*  
                          (0.105)        (0.0623)        (0.0665)      (1.21e-15)         (0.110)         (0.111)   

.04                        0.0476           0.105          -0.126         -0.0775***      -0.0361           0.102   
                         (0.0592)         (0.101)        (0.0733)      (1.74e-15)        (0.0565)        (0.0984)   

.06                        0.0110          0.0746         -0.0654                          -0.103          0.0817   
                         (0.0550)        (0.0778)        (0.0548)                        (0.0662)         (0.110)   

.08                        0.0377          0.0131         -0.0208                         -0.0770           0.102   
                         (0.0638)        (0.0729)        (0.0659)                        (0.0737)         (0.130)   

.1                         0.0199          0.0244          -0.104                         -0.0557          0.0645   
                         (0.0800)        (0.0830)        (0.0725)                        (0.0880)         (0.108)   

.12                       -0.0501        -0.00930          -0.133                         -0.0934          0.0660   
                         (0.0732)        (0.0723)        (0.0735)                        (0.0730)         (0.119)   

.14                        0.0478          0.0110          -0.172*                        -0.0363          0.0927   
                         (0.0854)        (0.0843)        (0.0753)                        (0.0785)         (0.132)   

.16                        0.0238         -0.0702          -0.184*                        -0.0717          0.0716   
                         (0.0843)        (0.0629)        (0.0754)                        (0.0767)         (0.123)   

.18                        0.0361          -0.127*         -0.103                         -0.0588          0.0892   
                          (0.106)        (0.0535)        (0.0912)                        (0.0948)         (0.139)   

.2                        -0.0150         -0.0862          -0.107                         -0.0932          0.0701   
                         (0.0699)        (0.0585)        (0.0915)                        (0.0938)         (0.143)   

Constant                    3.282***        1.628***        2.832***        2.419***        2.697***        3.162***
                          (0.330)         (0.153)         (0.499)      (1.08e-15)         (0.401)         (0.189)   

Boundary f.e.                 Yes             Yes             Yes             Yes             Yes             Yes   

Year f.e.                     Yes             Yes             Yes             Yes             Yes             Yes   
--------------------------------------------------------------------------------------------------------------------
Observations                 3768           17020            4522             129            1930           10336   
R-squared                   0.712           0.672           0.666           0.999           0.912           0.719   
--------------------------------------------------------------------------------------------------------------------
Standard errors in parentheses
* p<0.05, ** p<0.01, *** p<0.001
.           
. esttab center_du center_duhe center_mfdu center_mf center_mfhe center_he using "$EXPORTPATH/amenities_table_center_municluster.tex", replace keep(25.dist3) ///
>         se r2 indicate("Boundary f.e.=*lam_seg" "Year f.e.=*year") interaction(" X ") ///
>         label mtitles("center_du" "center_duhe" "center_mfdu" "center_mf" "center_mfhe" "center_he") ///
>         title("Distance to City Center (miles)") 
(file /shared/boston_zoning/working_paper/replication_package/analysis/amenities_muni_boundary_output/amenities_table_center_municluster.tex not found)
(output written to /shared/boston_zoning/working_paper/replication_package/analysis/amenities_muni_boundary_output/amenities_table_center_municluster.tex)
. }

. 
. 
. ********************************************************************************
. ** commuting distance to downtown distance (south station)
. ********************************************************************************
. capture noisily {
. ** regressions
. quietly eststo transit_du: reg transit_dist ib26.dist3 i.lam_seg i.year if year==2018 & (dist_both<=0.21 & dist_both>=-0.2 & only_du == 1 & res_typex !="Condominiums") , vce(cluster city)
. 
. quietly eststo transit_duhe: reg transit_dist ib26.dist3 i.lam_seg i.year if year==2018 & (dist_both<=0.21 & dist_both>=-0.2 & du_he == 1 & res_typex !="Condominiums") , vce(cluster city)
. 
. quietly eststo transit_mfdu: reg transit_dist ib26.dist3 i.lam_seg i.year if year==2018 & (dist_both<=0.21 & dist_both>=-0.2 & mf_du == 1 & res_typex !="Condominiums") , vce(cluster city)
. 
. quietly eststo transit_mf: reg transit_dist ib26.dist3 i.lam_seg i.year if year==2018 & (dist_both<=0.21 & dist_both>=-0.2 & only_mf== 1 & res_typex !="Condominiums") , vce(cluster city)
. 
. quietly eststo transit_mfhe: reg transit_dist ib26.dist3 i.lam_seg i.year if year==2018 & (dist_both<=0.21 & dist_both>=-0.2 & mf_he == 1 & res_typex !="Condominiums") , vce(cluster city)
. 
. quietly eststo transit_he: reg transit_dist ib26.dist3 i.lam_seg i.year if year==2018 & (dist_both<=0.21 & dist_both>=-0.2 & only_he == 1 & res_typex !="Condominiums") , vce(cluster city)
. 
. esttab transit_du transit_duhe transit_mfdu transit_mf transit_mfhe transit_he, se r2 indicate("Boundary f.e.=*lam_seg" "Year f.e.=*year") interaction(" X ") ///
>         label mtitles("transit_du" "transit_duhe" "transit_mfdu" "transit_mf" "transit_mfhe" "transit_he") title("Public Transit Distance to Downtown Boston (miles)") 

Public Transit Distance to Downtown Boston (miles)
--------------------------------------------------------------------------------------------------------------------
                              (1)             (2)             (3)             (4)             (5)             (6)   
                       transit_du    transit_duhe    transit_mfdu      transit_mf    transit_mfhe      transit_he   
--------------------------------------------------------------------------------------------------------------------
-.2                         0.201          -0.115          -0.203           0.249***       -0.354          0.0469   
                          (0.386)         (0.128)         (0.119)      (6.96e-15)         (0.390)        (0.0948)   

-.18                        0.163          0.0174         -0.0885           0.292***       -0.200          0.0852   
                          (0.376)         (0.126)         (0.148)      (6.96e-15)         (0.257)        (0.0730)   

-.16                        0.170         -0.0215          -0.214           0.264***       -0.309          0.0352   
                          (0.384)         (0.118)         (0.115)      (6.96e-15)         (0.324)        (0.0687)   

-.14                        0.290         -0.0375          -0.118           0.210***       -0.183        -0.00795   
                          (0.378)         (0.118)         (0.133)      (7.13e-15)         (0.180)        (0.0693)   

-.12                        0.324          -0.101          -0.109           0.205***       -0.178         -0.0174   
                          (0.395)         (0.115)         (0.124)      (7.08e-15)         (0.209)        (0.0699)   

-.1                         0.193          0.0145          -0.114           0.130***      -0.0529         0.00107   
                          (0.435)         (0.112)         (0.105)      (6.96e-15)         (0.149)        (0.0630)   

-.08                        0.186         -0.0460         -0.0463           0.178***       0.0348         0.00564   
                          (0.427)         (0.118)         (0.121)      (6.99e-15)         (0.128)        (0.0686)   

-.06                        0.224         -0.0366         -0.0454          0.0860***       0.0319          0.0583   
                          (0.377)         (0.107)         (0.131)      (6.96e-15)         (0.147)        (0.0554)   

-.04                        0.158          0.0103         0.00389           0.109***     -0.00562          -0.109   
                          (0.395)         (0.105)         (0.115)      (7.14e-15)         (0.134)         (0.119)   

-.02                        0.161          0.0571           0.235*          0.111***       0.0513          0.0429   
                          (0.332)         (0.126)         (0.114)      (7.10e-15)         (0.109)        (0.0696)   

0                               0               0               0               0               0               0   
                              (.)             (.)             (.)             (.)             (.)             (.)   

.02                         0.115         -0.0557        -0.00374           0.154***       0.0369          0.0715   
                          (0.146)        (0.0997)         (0.113)      (7.31e-15)         (0.108)        (0.0693)   

.04                         0.220          0.0131          0.0547           0.142***       0.0979           0.104   
                          (0.239)         (0.106)         (0.121)      (6.96e-15)        (0.0590)        (0.0682)   

.06                         0.603        -0.00472           0.101                          0.0943          0.0567   
                          (0.537)        (0.0924)         (0.106)                        (0.0977)        (0.0635)   

.08                         0.625         -0.0657          0.0202                           0.216          0.0499   
                          (0.477)        (0.0994)        (0.0905)                         (0.139)        (0.0715)   

.1                          0.750         -0.0885          0.0183                           0.316           0.100   
                          (0.669)         (0.107)         (0.116)                         (0.210)        (0.0844)   

.12                         0.642         -0.0913         0.00850                           0.407          0.0970   
                          (0.585)         (0.101)         (0.153)                         (0.221)        (0.0793)   

.14                         0.498         -0.0999         -0.0511                           0.340          0.0801   
                          (0.458)         (0.131)         (0.118)                         (0.187)        (0.0891)   

.16                         0.465          -0.112         -0.0604                           0.364          0.0698   
                          (0.464)         (0.115)         (0.117)                         (0.221)        (0.0968)   

.18                         0.355          -0.138          -0.178                           0.237           0.128   
                          (0.428)         (0.127)         (0.122)                         (0.190)         (0.100)   

.2                          0.442          -0.175          -0.194                           0.288           0.169   
                          (0.423)         (0.131)         (0.139)                         (0.225)         (0.105)   

Constant                    34.07***        35.52***        35.27***        9.198***        53.94***        32.89***
                          (0.517)         (0.103)        (0.0979)      (6.96e-15)         (0.407)        (0.0839)   

Boundary f.e.                 Yes             Yes             Yes             Yes             Yes             Yes   

Year f.e.                     Yes             Yes             Yes             Yes             Yes             Yes   
--------------------------------------------------------------------------------------------------------------------
Observations                 3768           16794            4522             129            1930           10336   
R-squared                   0.997           0.995           0.997           0.302           0.994           0.997   
--------------------------------------------------------------------------------------------------------------------
Standard errors in parentheses
* p<0.05, ** p<0.01, *** p<0.001
.           
. esttab transit_du transit_duhe transit_mfdu transit_mf transit_mfhe transit_he using "$EXPORTPATH/amenities_table_transit_municluster.tex", replace keep(25.dist3) ///
> se r2 indicate("Boundary f.e.=*lam_seg" "Year f.e.=*year") interaction(" X ") ///
>         label mtitles("transit_du" "transit_duhe" "transit_mfdu" "transit_mf" "transit_mfhe" "transit_he") ///
>         title("Public Transit Distance to Downtown Boston (miles)") 
(file /shared/boston_zoning/working_paper/replication_package/analysis/amenities_muni_boundary_output/amenities_table_transit_municluster.tex not found)
(output written to /shared/boston_zoning/working_paper/replication_package/analysis/amenities_muni_boundary_output/amenities_table_transit_municluster.tex)
. }

. 
. 
. ********************************************************************************
. ** Mean slope of lot
. ********************************************************************************
. capture noisily {
. ** regressions
. quietly eststo slope_du: reg soil_avgslope ib26.dist3 i.lam_seg i.year if year==2018 & (dist_both<=0.21 & dist_both>=-0.2 & only_du == 1 & res_typex !="Condominiums") , vce(cluster city)
.         
. quietly eststo slope_duhe: reg soil_avgslope ib26.dist3 i.lam_seg i.year if year==2018 & (dist_both<=0.21 & dist_both>=-0.2 & du_he == 1 & res_typex !="Condominiums") , vce(cluster city)
. 
. quietly eststo slope_mfdu: reg soil_avgslope ib26.dist3 i.lam_seg i.year if year==2018 & (dist_both<=0.21 & dist_both>=-0.2 & mf_du == 1 & res_typex !="Condominiums") , vce(cluster city)
. 
. quietly eststo slope_mf: reg soil_avgslope ib26.dist3 i.lam_seg i.year if year==2018 & (dist_both<=0.21 & dist_both>=-0.2 & only_mf== 1 & res_typex !="Condominiums") , vce(cluster city)
. 
. quietly eststo slope_mfhe: reg soil_avgslope ib26.dist3 i.lam_seg i.year if year==2018 & (dist_both<=0.21 & dist_both>=-0.2 & mf_he == 1 & res_typex !="Condominiums") , vce(cluster city)
. 
. quietly eststo slope_he: reg soil_avgslope ib26.dist3 i.lam_seg i.year if year==2018 & (dist_both<=0.21 & dist_both>=-0.2 & only_he == 1 & res_typex !="Condominiums") , vce(cluster city)
. 
. esttab slope_du slope_duhe slope_mfdu slope_mf slope_mfhe slope_he, se r2 indicate("Boundary f.e.=*lam_seg" "Year f.e.=*year") interaction(" X ") ///
>         label mtitles("slope_du" "slope_duhe" "slope_mfdu" "slope_mf" "slope_mfhe" "slope_he") title("Mean Slope of Lot (degrees)") 

Mean Slope of Lot (degrees)
--------------------------------------------------------------------------------------------------------------------
                              (1)             (2)             (3)             (4)             (5)             (6)   
                         slope_du      slope_duhe      slope_mfdu        slope_mf      slope_mfhe        slope_he   
--------------------------------------------------------------------------------------------------------------------
-.2                         6.808*          0.824*       -0.00118           1.948***        3.094***        0.790   
                          (2.886)         (0.397)         (1.437)      (4.38e-15)         (0.664)         (0.761)   

-.18                        5.481*          0.603          -0.203           1.500***        2.674**         1.031   
                          (2.670)         (0.364)         (1.411)      (4.37e-15)         (0.743)         (0.715)   

-.16                        5.974*          0.560           0.922          -2.250***        2.601**         0.232   
                          (2.609)         (0.353)         (1.435)      (4.39e-15)         (0.683)         (0.752)   

-.14                        6.441*          0.655           0.774           1.695***        3.298***       0.0995   
                          (2.675)         (0.341)         (1.511)      (4.46e-15)         (0.789)         (0.733)   

-.12                        4.804           0.352           0.405           3.250***        2.672***        0.553   
                          (2.544)         (0.355)         (1.470)      (4.70e-15)         (0.669)         (0.637)   

-.1                         4.902           0.101           0.212           3.012***        2.445***        0.416   
                          (2.530)         (0.389)         (1.375)      (4.71e-15)         (0.614)         (0.611)   

-.08                        4.194           0.317           1.223           3.250***        2.520***        0.200   
                          (2.860)         (0.421)         (1.528)      (4.98e-15)         (0.626)         (0.612)   

-.06                        3.949           0.431           0.139           2.057***        2.317**         0.229   
                          (2.946)         (0.420)         (1.489)      (4.50e-15)         (0.598)         (0.665)   

-.04                        3.920           0.369           0.419           2.661***        4.412**        -0.708   
                          (3.044)         (0.389)         (1.457)      (4.50e-15)         (1.354)         (0.726)   

-.02                        2.620           0.176           2.030           2.609***        2.634***       -0.859   
                          (2.513)         (0.550)         (1.764)      (4.44e-15)         (0.549)         (0.824)   

0                               0               0               0               0               0               0   
                              (.)             (.)             (.)             (.)             (.)             (.)   

.02                         3.477           0.282           1.226           2.150***        0.743           0.269   
                          (3.264)         (0.385)         (1.633)      (5.28e-15)         (0.540)         (0.610)   

.04                         4.290         -0.0435          -0.119          -2.250***        2.194***       0.0708   
                          (2.884)         (0.445)         (1.494)      (5.15e-15)         (0.331)         (0.773)   

.06                         5.132           0.378          -0.187                           1.739**        -0.412   
                          (2.785)         (0.522)         (1.011)                         (0.543)         (0.694)   

.08                         3.690          0.0166          -0.662                           1.428**        0.0156   
                          (2.339)         (0.479)         (1.302)                         (0.457)         (0.635)   

.1                          5.234           0.354          -0.178                           1.147*         -0.298   
                          (2.736)         (0.515)         (1.372)                         (0.413)         (0.623)   

.12                         3.500           0.117          -1.109                           1.541***       -0.350   
                          (2.691)         (0.471)         (1.652)                         (0.330)         (0.719)   

.14                         1.870           0.277          -0.246                           2.370*         -0.496   
                          (2.877)         (0.574)         (1.408)                         (0.949)         (0.746)   

.16                        0.0477           0.548          -0.534                           2.810*         -0.357   
                          (3.383)         (0.502)         (1.715)                         (1.007)         (0.698)   

.18                         1.006           0.658          -0.748                           3.210*         -0.202   
                          (3.253)         (0.484)         (1.669)                         (1.133)         (0.639)   

.2                          1.902           0.148          -1.146                           3.135*         -0.415   
                          (3.455)         (0.485)         (1.909)                         (1.154)         (0.595)   

Constant                    5.433           4.073***        4.377***        2.250***        1.585           7.634***
                          (3.128)         (0.446)     (0.0000100)      (4.50e-15)         (0.891)         (0.666)   

Boundary f.e.                 Yes             Yes             Yes             Yes             Yes             Yes   

Year f.e.                     Yes             Yes             Yes             Yes             Yes             Yes   
--------------------------------------------------------------------------------------------------------------------
Observations                 3006           13449            3669             111            1545            8623   
R-squared                   0.391           0.466           0.379           0.375           0.504           0.420   
--------------------------------------------------------------------------------------------------------------------
Standard errors in parentheses
* p<0.05, ** p<0.01, *** p<0.001
.           
. esttab slope_du slope_duhe slope_mfdu slope_mf slope_mfhe slope_he using "$EXPORTPATH/amenities_table_slope_municluster.tex", replace keep(25.dist3) ///
> se r2 indicate("Boundary f.e.=*lam_seg" "Year f.e.=*year") interaction(" X ") ///
>         label mtitles("slope_du" "slope_duhe" "slope_mfdu" "slope_mf" "slope_mfhe" "slope_he") ///
>         title("Mean Slope of Lot (degrees)") 
(file /shared/boston_zoning/working_paper/replication_package/analysis/amenities_muni_boundary_output/amenities_table_slope_municluster.tex not found)
(output written to /shared/boston_zoning/working_paper/replication_package/analysis/amenities_muni_boundary_output/amenities_table_slope_municluster.tex)
. }

. 
. 
. ********************************************************************************
. ** percent of lot >15 degrees
. ********************************************************************************
. capture noisily {
. ** regressions
. quietly eststo slope15_du: reg soil_slope15 ib26.dist3 i.lam_seg i.year if year==2018 & (dist_both<=0.21 & dist_both>=-0.2 & only_du == 1 & res_typex !="Condominiums") , vce(cluster city)
. 
. quietly eststo slope15_duhe: reg soil_slope15 ib26.dist3 i.lam_seg i.year if year==2018 & (dist_both<=0.21 & dist_both>=-0.2 & du_he == 1 & res_typex !="Condominiums") , vce(cluster city)
. 
. quietly eststo slope15_mfdu: reg soil_slope15 ib26.dist3 i.lam_seg i.year if year==2018 & (dist_both<=0.21 & dist_both>=-0.2 & mf_du == 1 & res_typex !="Condominiums") , vce(cluster city)
. 
. quietly eststo slope15_mf: reg soil_slope15 ib26.dist3 i.lam_seg i.year if year==2018 & (dist_both<=0.21 & dist_both>=-0.2 & only_mf== 1 & res_typex !="Condominiums") , vce(cluster city)
. 
. quietly eststo slope15_mfhe: reg soil_slope15 ib26.dist3 i.lam_seg i.year if year==2018 & (dist_both<=0.21 & dist_both>=-0.2 & mf_he == 1 & res_typex !="Condominiums") , vce(cluster city)
. 
. quietly eststo slope15_he: reg soil_slope15 ib26.dist3 i.lam_seg i.year if year==2018 & (dist_both<=0.21 & dist_both>=-0.2 & only_he == 1 & res_typex !="Condominiums") , vce(cluster city)
. 
. esttab slope15_du slope15_duhe slope15_mfdu slope15_mf slope15_mfhe slope15_he, se r2 indicate("Boundary f.e.=*lam_seg" "Year f.e.=*year") interaction(" X ") ///
>         label mtitles("slope15_du" "slope15_duhe" "slope15_mfdu" "slope15_mf" "slope15_mfhe" "slope15_he") title("Percent of Lot with Slope >15 Degrees") 

Percent of Lot with Slope >15 Degrees
--------------------------------------------------------------------------------------------------------------------
                              (1)             (2)             (3)             (4)             (5)             (6)   
                       slope15_du    slope15_duhe    slope15_mfdu      slope15_mf    slope15_mfhe      slope15_he   
--------------------------------------------------------------------------------------------------------------------
-.2                         0.259*         0.0768*       -0.00682               0           0.104*        0.00618   
                         (0.0989)        (0.0385)        (0.0202)             (.)        (0.0418)        (0.0426)   

-.18                        0.207*         0.0584         0.00865               0          0.0985        -0.00226   
                         (0.0925)        (0.0362)        (0.0272)             (.)        (0.0488)        (0.0328)   

-.16                        0.257*         0.0620          0.0248               0          0.0958*        -0.0209   
                         (0.0978)        (0.0347)        (0.0247)             (.)        (0.0406)        (0.0328)   

-.14                        0.198*         0.0736*         0.0290               0           0.110*        -0.0210   
                         (0.0937)        (0.0362)        (0.0348)             (.)        (0.0435)        (0.0309)   

-.12                        0.151          0.0748*        0.00451               0          0.0981*        0.00151   
                         (0.0873)        (0.0362)        (0.0351)             (.)        (0.0419)        (0.0315)   

-.1                         0.201*         0.0501          0.0186               0           0.109*       -0.00277   
                         (0.0967)        (0.0353)        (0.0313)             (.)        (0.0445)        (0.0299)   

-.08                        0.215          0.0392          0.0365               0          0.0955*        0.00190   
                          (0.106)        (0.0359)        (0.0485)             (.)        (0.0407)        (0.0327)   

-.06                        0.180          0.0642         -0.0331               0          0.0800         0.00153   
                          (0.113)        (0.0403)        (0.0243)             (.)        (0.0426)        (0.0326)   

-.04                        0.258*         0.0495         -0.0210               0           0.205         -0.0148   
                          (0.111)        (0.0371)        (0.0186)             (.)        (0.0993)        (0.0329)   

-.02                        0.229*         0.0608          0.0113               0        -0.00418         -0.0422   
                         (0.0879)        (0.0382)        (0.0217)             (.)        (0.0577)        (0.0459)   

0                               0               0               0               0               0               0   
                              (.)             (.)             (.)             (.)             (.)             (.)   

.02                         0.272*         0.0519          0.0281               0          0.0710         -0.0164   
                          (0.110)        (0.0322)        (0.0271)             (.)        (0.0422)        (0.0235)   

.04                         0.254*         0.0246          0.0445               0          0.0878*        0.00415   
                          (0.103)        (0.0314)        (0.0641)             (.)        (0.0360)        (0.0382)   

.06                         0.261*         0.0404        -0.00767                          0.0703         -0.0195   
                          (0.103)        (0.0334)        (0.0207)                        (0.0417)        (0.0343)   

.08                         0.224**        0.0421         -0.0279                          0.0828        -0.00611   
                         (0.0818)        (0.0321)        (0.0277)                        (0.0402)        (0.0254)   

.1                          0.273*         0.0525         -0.0133                          0.0880*        -0.0265   
                          (0.107)        (0.0355)        (0.0171)                        (0.0391)        (0.0209)   

.12                         0.226*         0.0393         -0.0328                           0.103         -0.0302   
                         (0.0970)        (0.0382)        (0.0292)                        (0.0503)        (0.0206)   

.14                         0.195          0.0394         -0.0162                          0.0848*        -0.0196   
                          (0.104)        (0.0367)        (0.0175)                        (0.0316)        (0.0211)   

.16                         0.122          0.0469         -0.0269                          0.0996*        -0.0115   
                          (0.114)        (0.0347)        (0.0316)                        (0.0425)        (0.0244)   

.18                         0.143          0.0494         -0.0320                          0.0980*        -0.0238   
                          (0.123)        (0.0382)        (0.0278)                        (0.0386)        (0.0256)   

.2                          0.166          0.0312         -0.0190                          0.0953*        -0.0282   
                          (0.131)        (0.0333)        (0.0416)                        (0.0376)        (0.0220)   

Constant                  -0.0607         -0.0441       -2.14e-13               0         -0.0985*         0.0423   
                         (0.0812)        (0.0331)             (.)             (.)        (0.0400)        (0.0288)   

Boundary f.e.                 Yes             Yes             Yes             Yes             Yes             Yes   

Year f.e.                     Yes             Yes             Yes             Yes             Yes             Yes   
--------------------------------------------------------------------------------------------------------------------
Observations                 3006           13449            3669             111            1545            8623   
R-squared                   0.443           0.338           0.235               .           0.157           0.190   
--------------------------------------------------------------------------------------------------------------------
Standard errors in parentheses
* p<0.05, ** p<0.01, *** p<0.001
.           
. esttab slope15_du slope15_duhe slope15_mfdu slope15_mf slope15_mfhe slope15_he using "$EXPORTPATH/amenities_table_slope15_municluster.tex", replace keep(25.dist3) ///
> se r2 indicate("Boundary f.e.=*lam_seg" "Year f.e.=*year") interaction(" X ") ///
>         label mtitles("slope15_du" "slope15_duhe" "slope15_mfdu" "slope15_mf" "slope15_mfhe" "slope15_he") ///
>         title("Percent of Lot with Slope >15 Degrees") 
(file /shared/boston_zoning/working_paper/replication_package/analysis/amenities_muni_boundary_output/amenities_table_slope15_municluster.tex not found)
(output written to /shared/boston_zoning/working_paper/replication_package/analysis/amenities_muni_boundary_output/amenities_table_slope15_municluster.tex)
. }

. 
. 
. ********************************************************************************
. ** depth to restrictive layer
. ********************************************************************************
. capture noisily {
. ** regressions
. quietly eststo depth_du: reg soil_avgrestri ib26.dist3 i.lam_seg i.year if year==2018 & (dist_both<=0.21 & dist_both>=-0.2 & only_du == 1 & res_typex !="Condominiums") , vce(cluster city)
.         
. quietly eststo depth_duhe: reg soil_avgrestri ib26.dist3 i.lam_seg i.year if year==2018 & (dist_both<=0.21 & dist_both>=-0.2 & du_he == 1 & res_typex !="Condominiums") , vce(cluster city)
. 
. quietly eststo depth_mfdu: reg soil_avgrestri ib26.dist3 i.lam_seg i.year if year==2018 & (dist_both<=0.21 & dist_both>=-0.2 & mf_du == 1 & res_typex !="Condominiums") , vce(cluster city)
. 
. quietly eststo depth_mf: reg soil_avgrestri ib26.dist3 i.lam_seg i.year if year==2018 & (dist_both<=0.21 & dist_both>=-0.2 & only_mf== 1 & res_typex !="Condominiums") , vce(cluster city)
. 
. quietly eststo depth_mfhe: reg soil_avgrestri ib26.dist3 i.lam_seg i.year if year==2018 & (dist_both<=0.21 & dist_both>=-0.2 & mf_he == 1 & res_typex !="Condominiums") , vce(cluster city)
. 
. quietly eststo depth_he: reg soil_avgrestri ib26.dist3 i.lam_seg i.year if year==2018 & (dist_both<=0.21 & dist_both>=-0.2 & only_he == 1 & res_typex !="Condominiums") , vce(cluster city)
. 
. esttab depth_du depth_duhe depth_mfdu depth_mf depth_mfhe depth_he, se r2 indicate("Boundary f.e.=*lam_seg" "Year f.e.=*year") interaction(" X ") ///
>         label mtitles("depth_du" "depth_duhe" "depth_mfdu" "depth_mf" "depth_mfhe" "depth_he") title("Depth to Restrictive Layer (cm)") 

Depth to Restrictive Layer (cm)
--------------------------------------------------------------------------------------------------------------------
                              (1)             (2)             (3)             (4)             (5)             (6)   
                         depth_du      depth_duhe      depth_mfdu        depth_mf      depth_mfhe        depth_he   
--------------------------------------------------------------------------------------------------------------------
-.2                        -7.346           19.82          -13.77          -2.064***        5.449          -15.05   
                          (26.29)         (12.42)         (9.484)      (4.36e-14)         (6.212)         (8.925)   

-.18                       -1.757           22.50          -10.91           3.347***       -0.293          -12.12   
                          (23.62)         (12.43)         (8.858)      (5.01e-14)         (8.013)         (8.732)   

-.16                        4.290           19.05          -15.15           48.67***        5.640          -8.943   
                          (22.50)         (12.43)         (9.944)      (4.36e-14)         (8.439)         (9.357)   

-.14                       -15.44           19.44          -13.15          -10.83***        13.80          -7.982   
                          (23.82)         (12.62)         (10.93)      (4.36e-14)         (9.841)         (9.239)   

-.12                        5.625           21.76          -12.04          -10.83***        4.967          -4.118   
                          (20.92)         (12.30)         (9.759)      (3.42e-14)         (8.717)         (9.335)   

-.1                         9.847           23.92          -9.743          -58.41***        4.940          -6.584   
                          (20.04)         (12.50)         (9.230)      (2.04e-14)         (6.428)         (9.318)   

-.08                        11.01           23.15          -8.453          -58.13***        3.863           2.160   
                          (19.55)         (13.03)         (10.81)      (4.91e-14)         (6.232)         (9.254)   

-.06                        11.89           21.73          -12.01          -44.50***        11.13*         0.0886   
                          (20.12)         (13.10)         (11.20)      (2.24e-14)         (4.642)         (9.541)   

-.04                        17.07           20.02          -18.34          -57.57***        1.454          -1.112   
                          (23.61)         (13.43)         (11.17)      (1.95e-14)         (8.152)         (10.74)   

-.02                        22.06           14.08          -24.19          -56.44***        39.67**         16.04   
                          (30.20)         (13.90)         (18.96)      (3.60e-14)         (11.20)         (11.65)   

0                               0               0               0               0               0               0   
                              (.)             (.)             (.)             (.)             (.)             (.)   

.02                         32.91           17.58          -15.24          -46.53***       -8.621*          0.746   
                          (17.16)         (10.59)         (16.36)      (5.30e-14)         (3.143)         (9.804)   

.04                         23.00           21.37          -0.575           48.67***       -1.133           7.692   
                          (17.30)         (12.68)         (7.923)      (7.26e-14)         (7.155)         (9.448)   

.06                         8.462           23.24*          6.622                          -0.193           10.68   
                          (14.97)         (11.60)         (7.041)                         (7.344)         (9.477)   

.08                         6.399           27.36*          1.562                           1.404           1.323   
                          (15.58)         (12.11)         (8.419)                         (9.012)         (9.326)   

.1                         -1.734           24.57          -1.940                           4.160           4.173   
                          (15.74)         (12.92)         (7.469)                         (7.523)         (8.642)   

.12                         1.114           25.68*          2.845                          -4.477          -1.426   
                          (16.36)         (12.43)         (7.327)                         (5.138)         (9.930)   

.14                         11.04           25.18*         -0.295                          -17.54           4.168   
                          (17.69)         (12.34)         (8.985)                         (12.64)         (10.38)   

.16                         25.08           18.23          -4.570                          -19.38          -2.160   
                          (23.28)         (12.49)         (10.72)                         (15.39)         (10.14)   

.18                         21.55           17.88           1.479                          -22.91          -1.137   
                          (22.90)         (12.20)         (10.25)                         (18.73)         (10.01)   

.2                          14.21           16.96           9.903                          -11.76           5.452   
                          (25.54)         (12.25)         (7.206)                         (17.14)         (9.660)   

Constant                    141.9***        58.31***        119.4***        151.3***        200.8***        164.1***
                          (22.75)         (12.01)     (0.0000191)      (4.36e-14)         (8.682)         (19.66)   

Boundary f.e.                 Yes             Yes             Yes             Yes             Yes             Yes   

Year f.e.                     Yes             Yes             Yes             Yes             Yes             Yes   
--------------------------------------------------------------------------------------------------------------------
Observations                 3006           13449            3669             111            1545            8623   
R-squared                   0.481           0.608           0.711           0.400           0.718           0.432   
--------------------------------------------------------------------------------------------------------------------
Standard errors in parentheses
* p<0.05, ** p<0.01, *** p<0.001
.                   
. esttab depth_du depth_duhe depth_mfdu depth_mf depth_mfhe depth_he using "$EXPORTPATH/amenities_table_depth.tex", replace keep(25.dist3) ///
> se r2 indicate("Boundary f.e.=*lam_seg" "Year f.e.=*year") interaction(" X ") ///
>         label mtitles("depth_du" "depth_duhe" "depth_mfdu" "depth_mf" "depth_mfhe" "depth_he") ///
>         title("Depth to Restrictive Layer (cm)") 
(output written to /shared/boston_zoning/working_paper/replication_package/analysis/amenities_muni_boundary_output/amenities_table_depth.tex)
. }

. 
. 
. ********************************************************************************
. ** mean percent sand
. ********************************************************************************
. capture noisily {
. ** regressions
. quietly eststo sand_du: reg soil_avgsand ib26.dist3 i.lam_seg i.year if year==2018 & (dist_both<=0.21 & dist_both>=-0.2 & only_du == 1 & res_typex !="Condominiums") , vce(cluster city)
.         
. quietly eststo sand_duhe: reg soil_avgsand ib26.dist3 i.lam_seg i.year if year==2018 & (dist_both<=0.21 & dist_both>=-0.2 & du_he == 1 & res_typex !="Condominiums") , vce(cluster city)
. 
. quietly eststo sand_mfdu: reg soil_avgsand ib26.dist3 i.lam_seg i.year if year==2018 & (dist_both<=0.21 & dist_both>=-0.2 & mf_du == 1 & res_typex !="Condominiums") , vce(cluster city)
. 
. quietly eststo sand_mf: reg soil_avgsand ib26.dist3 i.lam_seg i.year if year==2018 & (dist_both<=0.21 & dist_both>=-0.2 & only_mf== 1 & res_typex !="Condominiums") , vce(cluster city)
. 
. quietly eststo sand_mfhe: reg soil_avgsand ib26.dist3 i.lam_seg i.year if year==2018 & (dist_both<=0.21 & dist_both>=-0.2 & mf_he == 1 & res_typex !="Condominiums") , vce(cluster city)
. 
. quietly eststo sand_he: reg soil_avgsand ib26.dist3 i.lam_seg i.year if year==2018 & (dist_both<=0.21 & dist_both>=-0.2 & only_he == 1 & res_typex !="Condominiums") , vce(cluster city)
. 
. esttab sand_du sand_duhe sand_mfdu sand_mf sand_mfhe sand_he, se r2 indicate("Boundary f.e.=*lam_seg" "Year f.e.=*year") interaction(" X ") ///
>         label mtitles("sand_du" "sand_duhe" "sand_mfdu" "sand_mf" "sand_mfhe" "sand_he") title("Avg. Percent Sand") 

Avg. Percent Sand
--------------------------------------------------------------------------------------------------------------------
                              (1)             (2)             (3)             (4)             (5)             (6)   
                          sand_du       sand_duhe       sand_mfdu         sand_mf       sand_mfhe         sand_he   
--------------------------------------------------------------------------------------------------------------------
-.2                         12.91*          5.485*         -1.057           12.63***        15.61           3.203   
                          (5.988)         (2.682)         (4.260)      (4.11e-14)         (9.828)         (4.608)   

-.18                        13.96*          3.954          -1.879           9.876***        11.52           4.474   
                          (5.766)         (2.522)         (3.375)      (4.11e-14)         (9.034)         (4.476)   

-.16                        13.92*          5.051           1.795          -13.21***        9.254           3.933   
                          (5.974)         (2.627)         (3.558)      (4.11e-14)         (10.04)         (4.679)   

-.14                        14.46           3.590           1.310           16.00***        12.50           2.480   
                          (7.475)         (2.497)         (3.604)      (4.13e-14)         (9.767)         (4.726)   

-.12                        11.54           3.511           2.601           32.99***        12.32           4.392   
                          (5.902)         (2.435)         (3.400)      (4.14e-14)         (8.355)         (4.095)   

-.1                         8.560           3.307           1.784           21.98***        11.64           2.943   
                          (5.507)         (2.317)         (3.339)      (4.14e-14)         (7.609)         (4.205)   

-.08                        1.238           4.822           3.640           21.94***        15.42           1.813   
                          (6.120)         (2.539)         (3.359)      (4.18e-14)         (9.016)         (4.143)   

-.06                       -0.944           3.128          -0.843           12.08***        11.51           3.906   
                          (6.245)         (2.786)         (4.202)      (4.16e-14)         (8.748)         (4.159)   

-.04                        1.117           2.046           2.584           15.63***        7.881          -0.776   
                          (6.917)         (2.709)         (3.134)      (4.13e-14)         (8.903)         (5.158)   

-.02                        9.328           1.670           5.400           15.32***        7.152           2.456   
                          (6.711)         (3.335)         (4.568)      (4.11e-14)         (8.761)         (4.830)   

0                               0               0               0               0               0               0   
                              (.)             (.)             (.)             (.)             (.)             (.)   

.02                        -0.613           5.164*          4.088           12.63***        2.238           4.317   
                          (6.915)         (2.061)         (3.389)      (3.89e-14)         (2.569)         (3.811)   

.04                         0.821           0.577          -1.401          -13.21***        8.210           3.776   
                          (6.658)         (2.121)         (2.636)      (3.09e-14)         (5.170)         (4.040)   

.06                         5.463           3.397          -0.611                           7.797           2.404   
                          (6.757)         (2.474)         (2.598)                         (5.922)         (3.887)   

.08                         0.235           2.832           0.869                           3.837           3.276   
                          (6.935)         (2.729)         (2.685)                         (4.300)         (4.001)   

.1                         -2.787           3.530           0.885                          -1.759           1.168   
                          (5.868)         (2.964)         (4.302)                         (2.591)         (4.368)   

.12                        -1.088           3.948          -2.192                          -0.651           1.325   
                          (5.535)         (3.345)         (4.247)                         (1.965)         (5.233)   

.14                        -0.580           5.345          -1.330                           5.483           0.863   
                          (5.659)         (3.096)         (4.068)                         (6.505)         (5.136)   

.16                         1.711           6.411*         -0.794                           9.051          -0.750   
                          (7.750)         (2.934)         (4.270)                         (6.672)         (4.520)   

.18                        -4.333           6.324*          0.635                           9.636           1.852   
                          (5.982)         (3.099)         (4.310)                         (8.070)         (4.692)   

.2                         -4.825           4.515          -0.422                           11.03           2.965   
                          (6.101)         (3.107)         (4.079)                         (8.318)         (4.487)   

Constant                    56.66***        79.14***        81.59***        13.21***        71.62***        76.64***
                          (5.630)         (2.883)     (0.0000135)      (4.14e-14)         (8.754)         (5.433)   

Boundary f.e.                 Yes             Yes             Yes             Yes             Yes             Yes   

Year f.e.                     Yes             Yes             Yes             Yes             Yes             Yes   
--------------------------------------------------------------------------------------------------------------------
Observations                 3006           13449            3669             111            1545            8623   
R-squared                   0.502           0.534           0.568           0.390           0.387           0.440   
--------------------------------------------------------------------------------------------------------------------
Standard errors in parentheses
* p<0.05, ** p<0.01, *** p<0.001
.         
. esttab sand_du sand_duhe sand_mfdu sand_mf sand_mfhe sand_he using "$EXPORTPATH/amenities_table_sand_municluster.tex", replace keep(25.dist3) ///
>         se r2 indicate("Boundary f.e.=*lam_seg" "Year f.e.=*year") interaction(" X ") ///
>         label mtitles("sand_du" "sand_duhe" "sand_mfdu" "sand_mf" "sand_mfhe" "sand_he") ///
>         title("Avg. Percent Sand") 
(file /shared/boston_zoning/working_paper/replication_package/analysis/amenities_muni_boundary_output/amenities_table_sand_municluster.tex not found)
(output written to /shared/boston_zoning/working_paper/replication_package/analysis/amenities_muni_boundary_output/amenities_table_sand_municluster.tex)
. }

. 
. 
. ********************************************************************************
. ** mean percent clay
. ********************************************************************************
. capture noisily {
. ** regressions
. quietly eststo clay_du: reg soil_avgclay ib26.dist3 i.lam_seg i.year if year==2018 & (dist_both<=0.21 & dist_both>=-0.2 & only_du == 1 & res_typex !="Condominiums") , vce(cluster city)
.         
. quietly eststo clay_duhe: reg soil_avgclay ib26.dist3 i.lam_seg i.year if year==2018 & (dist_both<=0.21 & dist_both>=-0.2 & du_he == 1 & res_typex !="Condominiums") , vce(cluster city)
. 
. quietly eststo clay_mfdu: reg soil_avgclay ib26.dist3 i.lam_seg i.year if year==2018 & (dist_both<=0.21 & dist_both>=-0.2 & mf_du == 1 & res_typex !="Condominiums") , vce(cluster city)
. 
. quietly eststo clay_mf: reg soil_avgclay ib26.dist3 i.lam_seg i.year if year==2018 & (dist_both<=0.21 & dist_both>=-0.2 & only_mf== 1 & res_typex !="Condominiums") , vce(cluster city)
. 
. quietly eststo clay_mfhe: reg soil_avgclay ib26.dist3 i.lam_seg i.year if year==2018 & (dist_both<=0.21 & dist_both>=-0.2 & mf_he == 1 & res_typex !="Condominiums") , vce(cluster city)
. 
. quietly eststo clay_he: reg soil_avgclay ib26.dist3 i.lam_seg i.year if year==2018 & (dist_both<=0.21 & dist_both>=-0.2 & only_he == 1 & res_typex !="Condominiums") , vce(cluster city)
. 
. esttab clay_du clay_duhe clay_mfdu clay_mf clay_mfhe clay_he, se r2 indicate("Boundary f.e.=*lam_seg" "Year f.e.=*year") interaction(" X ") ///
>         label mtitles("clay_du" "clay_duhe" "clay_mfdu" "clay_mf" "clay_mfhe" "clay_he") title("Mean Percent Clay") 

Mean Percent Clay
--------------------------------------------------------------------------------------------------------------------
                              (1)             (2)             (3)             (4)             (5)             (6)   
                          clay_du       clay_duhe       clay_mfdu         clay_mf       clay_mfhe         clay_he   
--------------------------------------------------------------------------------------------------------------------
-.2                         1.021          -0.999           0.719          -2.149***        0.726           0.182   
                          (1.041)         (0.656)         (0.576)      (7.80e-15)         (1.135)         (0.432)   

-.18                        0.870          -1.157           0.321          -2.421***        0.310           0.263   
                          (1.024)         (0.650)         (0.496)      (7.23e-15)         (1.160)         (0.417)   

-.16                        0.468          -1.081           0.897          -4.704***      -0.0885           0.129   
                          (1.021)         (0.654)         (0.503)      (7.29e-15)         (1.230)         (0.430)   

-.14                        0.867          -1.164           0.523           2.219***        0.528          0.0289   
                          (1.026)         (0.654)         (0.566)      (7.58e-15)         (1.101)         (0.443)   

-.12                        0.941          -1.218           0.634           3.746***        0.347           0.205   
                          (0.998)         (0.647)         (0.548)      (7.68e-15)         (0.972)         (0.397)   

-.1                         0.738          -1.455*          0.709           6.345***        0.286        0.000384   
                          (0.966)         (0.639)         (0.498)      (7.70e-15)         (0.948)         (0.389)   

-.08                        0.298          -1.189           0.411           6.171***        0.473         -0.0605   
                          (0.976)         (0.662)         (0.575)      (7.70e-15)         (1.049)         (0.361)   

-.06                       -0.139          -1.308           0.578           4.300***        0.257           0.133   
                          (0.956)         (0.660)         (0.543)      (7.68e-15)         (1.058)         (0.383)   

-.04                     -0.00588          -0.995           1.004           5.563***        0.503           0.244   
                          (1.099)         (0.669)         (0.544)      (7.76e-15)         (0.993)         (0.436)   

-.02                        0.198          -1.288           1.422           5.454***        1.095          0.0380   
                          (0.944)         (0.670)         (0.887)      (8.04e-15)         (0.953)         (0.355)   

0                               0               0               0               0               0               0   
                              (.)             (.)             (.)             (.)             (.)             (.)   

.02                        -0.805          -0.872           0.592           4.496***       -0.282           0.305   
                          (0.852)         (0.628)         (0.816)      (6.57e-15)         (0.620)         (0.372)   

.04                        -0.155          -1.323*         -0.105          -4.704***       0.0126          0.0613   
                          (0.976)         (0.592)         (0.359)      (8.85e-15)         (0.804)         (0.359)   

.06                        0.0958          -0.937          -0.435                          -0.290          0.0557   
                          (0.957)         (0.635)         (0.431)                         (0.916)         (0.368)   

.08                        -0.560          -1.088          -0.120                          -0.582          0.0825   
                          (0.941)         (0.649)         (0.460)                         (0.873)         (0.359)   

.1                         -0.693          -1.035           0.173                          -1.048         -0.0403   
                          (0.932)         (0.658)         (0.528)                         (0.676)         (0.389)   

.12                        -0.708          -0.989          -0.277                          -0.809        -0.00452   
                          (0.803)         (0.727)         (0.461)                         (0.657)         (0.452)   

.14                        -1.420          -1.052         0.00884                          -0.257         -0.0211   
                          (0.897)         (0.695)         (0.470)                         (0.960)         (0.453)   

.16                        -1.648          -0.973           0.201                         0.00781         -0.0237   
                          (0.909)         (0.684)         (0.455)                         (1.002)         (0.390)   

.18                        -1.458          -0.839           0.178                           0.200           0.143   
                          (1.025)         (0.700)         (0.572)                         (1.087)         (0.423)   

.2                         -1.322          -0.946         -0.0841                          0.0678           0.239   
                          (1.103)         (0.664)         (0.546)                         (1.170)         (0.379)   

Constant                    5.893***        2.573**         1.599***        4.704***        1.815           1.804***
                          (0.918)         (0.820)    (0.000000292)      (7.58e-15)         (1.093)         (0.425)   

Boundary f.e.                 Yes             Yes             Yes             Yes             Yes             Yes   

Year f.e.                     Yes             Yes             Yes             Yes             Yes             Yes   
--------------------------------------------------------------------------------------------------------------------
Observations                 3006           13449            3669             111            1545            8623   
R-squared                   0.440           0.533           0.493           0.511           0.504           0.429   
--------------------------------------------------------------------------------------------------------------------
Standard errors in parentheses
* p<0.05, ** p<0.01, *** p<0.001
.                   
. esttab clay_du clay_duhe clay_mfdu clay_mf clay_mfhe clay_he using "$EXPORTPATH/amenities_table_clay_municluster.tex", replace keep(25.dist3) ///
>         se r2 indicate("Boundary f.e.=*lam_seg" "Year f.e.=*year") interaction(" X ") ///
>         label mtitles("clay_du" "clay_duhe" "clay_mfdu" "clay_mf" "clay_mfhe" "clay_he") ///
>         title("Mean Percent Clay") 
(file /shared/boston_zoning/working_paper/replication_package/analysis/amenities_muni_boundary_output/amenities_table_clay_municluster.tex not found)
(output written to /shared/boston_zoning/working_paper/replication_package/analysis/amenities_muni_boundary_output/amenities_table_clay_municluster.tex)
. }

. 
. 
. ********************************************************************************
. *WALKABILITY VARIABLES
. ********************************************************************************
. ********************************************************************************
. ** National Walkability Index score
. ********************************************************************************
. capture noisily {
. ** regressions
. quietly eststo walk_du: reg natwalkind ib26.dist3 i.lam_seg i.year if year==2018 & (dist_both<=0.21 & dist_both>=-0.2 & only_du == 1 & res_typex !="Condominiums") , vce(cluster city)
.         
. quietly eststo walk_duhe: reg natwalkind ib26.dist3 i.lam_seg i.year if year==2018 & (dist_both<=0.21 & dist_both>=-0.2 & du_he == 1 & res_typex !="Condominiums") , vce(cluster city)
. 
. quietly eststo walk_mfdu: reg natwalkind ib26.dist3 i.lam_seg i.year if year==2018 & (dist_both<=0.21 & dist_both>=-0.2 & mf_du == 1 & res_typex !="Condominiums") , vce(cluster city)
. 
. quietly eststo walk_mf: reg natwalkind ib26.dist3 i.lam_seg i.year if year==2018 & (dist_both<=0.21 & dist_both>=-0.2 & only_mf== 1 & res_typex !="Condominiums") , vce(cluster city)
. 
. quietly eststo walk_mfhe: reg natwalkind ib26.dist3 i.lam_seg i.year if year==2018 & (dist_both<=0.21 & dist_both>=-0.2 & mf_he == 1 & res_typex !="Condominiums") , vce(cluster city)
. 
. quietly eststo walk_he: reg natwalkind ib26.dist3 i.lam_seg i.year if year==2018 & (dist_both<=0.21 & dist_both>=-0.2 & only_he == 1 & res_typex !="Condominiums") , vce(cluster city)
. 
. esttab walk_du walk_duhe walk_mfdu walk_mf walk_mfhe walk_he, se r2 indicate("Boundary f.e.=*lam_seg" "Year f.e.=*year") interaction(" X ") ///
>         label mtitles("walk_du" "walk_duhe" "walk_mfdu" "walk_mf" "walk_mfhe" "walk_he") title("Walkability Index") 

Walkability Index
--------------------------------------------------------------------------------------------------------------------
                              (1)             (2)             (3)             (4)             (5)             (6)   
                          walk_du       walk_duhe       walk_mfdu         walk_mf       walk_mfhe         walk_he   
--------------------------------------------------------------------------------------------------------------------
-.2                        -0.272           0.163           0.179                          -0.406          -0.766   
                          (0.436)         (0.520)         (0.460)                         (0.675)         (0.578)   

-.18                      -0.0358           0.228           0.493                         -0.0198          -0.799   
                          (0.440)         (0.575)         (0.468)                         (0.403)         (0.533)   

-.16                       -0.227           0.179           0.303                          -0.291          -0.599   
                          (0.417)         (0.567)         (0.469)                         (0.399)         (0.474)   

-.14                       -0.135           0.109           0.306                           0.476          -0.475   
                          (0.490)         (0.603)         (0.479)                         (0.383)         (0.456)   

-.12                       -0.622           0.230           0.361                           0.282          -0.509   
                          (0.496)         (0.631)         (0.478)                         (0.446)         (0.506)   

-.1                        -0.576           0.399          -0.205                          -0.153          -0.400   
                          (0.498)         (0.592)         (0.486)                         (0.358)         (0.558)   

-.08                       -0.241           0.232          0.0626                          0.0600          -0.279   
                          (0.471)         (0.599)         (0.415)                         (0.551)         (0.444)   

-.06                       -0.333           0.423          -0.542                          0.0395          -0.413   
                          (0.454)         (0.593)         (0.707)                         (0.506)         (0.435)   

-.04                       -0.113           0.513         -0.0791                          0.0143          -0.665   
                          (0.524)         (0.632)         (0.497)                         (0.421)         (0.406)   

-.02                       -0.330          -0.171          0.0161                           0.806          -0.270   
                          (0.446)         (0.608)         (0.341)                         (0.378)         (0.399)   

0                               0               0               0               0               0               0   
                              (.)             (.)             (.)             (.)             (.)             (.)   

.02                        -0.618         -0.0158          -1.570**             0           0.289           0.254   
                          (0.372)         (0.219)         (0.498)             (.)         (0.338)         (0.208)   

.04                         0.102           0.428          -0.346               0           0.419           0.457   
                          (0.140)         (0.254)         (0.171)             (.)         (0.356)         (0.265)   

.06                         0.244          0.0631          -0.318*                          0.409           0.558*  
                          (0.282)         (0.169)         (0.138)                         (0.327)         (0.255)   

.08                        0.0883           0.149          -0.427                           0.399           0.364   
                          (0.228)         (0.201)         (0.229)                         (0.307)         (0.282)   

.1                         0.0810           0.329          -0.650***                        0.468           0.546   
                          (0.196)         (0.275)         (0.131)                         (0.296)         (0.296)   

.12                         0.488           0.261          -0.736***                        0.249           0.621*  
                          (0.321)         (0.263)         (0.150)                         (0.293)         (0.250)   

.14                         0.499           0.359          -0.848***                        0.311           0.271   
                          (0.307)         (0.263)         (0.160)                         (0.235)         (0.444)   

.16                         0.539*          0.272          -0.507                           0.472           0.224   
                          (0.222)         (0.316)         (0.301)                         (0.271)         (0.381)   

.18                         0.673**         0.341          -0.449                           0.361           0.242   
                          (0.220)         (0.285)         (0.396)                         (0.331)         (0.399)   

.2                          0.848**         0.259          -0.438                           0.400           0.278   
                          (0.258)         (0.347)         (0.313)                         (0.303)         (0.463)   

Constant                    6.042***        6.715***        6.616***        16.83           7.598***        4.267***
                          (0.458)         (0.220)         (0.374)             (.)         (0.670)         (0.463)   

Boundary f.e.                 Yes             Yes             Yes             Yes             Yes             Yes   

Year f.e.                     Yes             Yes             Yes             Yes             Yes             Yes   
--------------------------------------------------------------------------------------------------------------------
Observations                 2724           11278            2959              34            1650            7609   
R-squared                   0.943           0.853           0.870               .           0.968           0.815   
--------------------------------------------------------------------------------------------------------------------
Standard errors in parentheses
* p<0.05, ** p<0.01, *** p<0.001
.           
. esttab clay_du clay_duhe clay_mfdu clay_mf clay_mfhe clay_he using "$EXPORTPATH/amenities_table_walkability_municluster.tex", replace keep(25.dist3) ///
>         se r2 indicate("Boundary f.e.=*lam_seg" "Year f.e.=*year") interaction(" X ") ///
>         label mtitles("walk_du" "walk_duhe" "walk_mfdu" "walk_mf" "walk_mfhe" "walk_he") ///
>         title("Walkability Index") 
(file /shared/boston_zoning/working_paper/replication_package/analysis/amenities_muni_boundary_output/amenities_table_walkability_municluster.tex not found)
(output written to /shared/boston_zoning/working_paper/replication_package/analysis/amenities_muni_boundary_output/amenities_table_walkability_municluster.tex)
. }

. 
. 
. ********************************************************************************
. ** Employment mix  (only tables)
. ********************************************************************************
. capture noisily {
. ** regressions
. quietly eststo empl_du: reg d2b_e8mixa ib26.dist3 i.lam_seg i.year if year==2018 & (dist_both<=0.21 & dist_both>=-0.2 & only_du == 1 & res_typex !="Condominiums") , vce(cluster city)
.         
. quietly eststo empl_duhe: reg d2b_e8mixa ib26.dist3 i.lam_seg i.year if year==2018 & (dist_both<=0.21 & dist_both>=-0.2 & du_he == 1 & res_typex !="Condominiums") , vce(cluster city)
. 
. quietly eststo empl_mfdu: reg d2b_e8mixa ib26.dist3 i.lam_seg i.year if year==2018 & (dist_both<=0.21 & dist_both>=-0.2 & mf_du == 1 & res_typex !="Condominiums") , vce(cluster city)
. 
. quietly eststo empl_mf: reg d2b_e8mixa ib26.dist3 i.lam_seg i.year if year==2018 & (dist_both<=0.21 & dist_both>=-0.2 & only_mf== 1 & res_typex !="Condominiums") , vce(cluster city)
. 
. quietly eststo empl_mfhe: reg d2b_e8mixa ib26.dist3 i.lam_seg i.year if year==2018 & (dist_both<=0.21 & dist_both>=-0.2 & mf_he == 1 & res_typex !="Condominiums") , vce(cluster city)
. 
. quietly eststo empl_he: reg d2b_e8mixa ib26.dist3 i.lam_seg i.year if year==2018 & (dist_both<=0.21 & dist_both>=-0.2 & only_he == 1 & res_typex !="Condominiums") , vce(cluster city)
. 
. esttab empl_du empl_duhe empl_mfdu empl_mf empl_mfhe empl_he, se r2 indicate("Boundary f.e.=*lam_seg" "Year f.e.=*year") interaction(" X ") ///
>         label mtitles("empl_du" "empl_duhe" "empl_mfdu" "empl_mf" "empl_mfhe" "empl_he") title("Employment mix") 

Employment mix
--------------------------------------------------------------------------------------------------------------------
                              (1)             (2)             (3)             (4)             (5)             (6)   
                          empl_du       empl_duhe       empl_mfdu         empl_mf       empl_mfhe         empl_he   
--------------------------------------------------------------------------------------------------------------------
-.2                        0.0180          0.0344           0.101                         -0.0850         0.00958   
                         (0.0555)        (0.0425)        (0.0599)                        (0.0439)        (0.0552)   

-.18                      0.00833          0.0344           0.110                         -0.0539*         0.0102   
                         (0.0529)        (0.0450)        (0.0615)                        (0.0191)        (0.0505)   

-.16                      0.00788          0.0537          0.0935                         -0.0652*         0.0365   
                         (0.0502)        (0.0387)        (0.0604)                        (0.0250)        (0.0504)   

-.14                       0.0102          0.0534          0.0932                       -0.000996          0.0306   
                         (0.0531)        (0.0420)        (0.0608)                        (0.0337)        (0.0562)   

-.12                       0.0223          0.0594          0.0988                         -0.0145          0.0352   
                         (0.0514)        (0.0355)        (0.0596)                        (0.0500)        (0.0591)   

-.1                        0.0269          0.0615          0.0714                         -0.0679          0.0538   
                         (0.0505)        (0.0374)        (0.0560)                        (0.0392)        (0.0556)   

-.08                       0.0162          0.0450          0.0831                         -0.0120          0.0777   
                         (0.0525)        (0.0348)        (0.0580)                        (0.0464)        (0.0472)   

-.06                     0.000356          0.0552          0.0733                         -0.0220          0.0723   
                         (0.0518)        (0.0360)        (0.0560)                        (0.0537)        (0.0514)   

-.04                       0.0199          0.0865*         0.0729                         -0.0455          0.0522   
                         (0.0578)        (0.0389)        (0.0601)                        (0.0419)        (0.0485)   

-.02                      -0.0117           0.122*          0.118                          0.0489          0.0549   
                         (0.0556)        (0.0568)        (0.0717)                        (0.0270)        (0.0448)   

0                               0               0               0               0               0               0   
                              (.)             (.)             (.)             (.)             (.)             (.)   

.02                       -0.0821         -0.0310         -0.0598*              0         -0.0183        -0.00688   
                         (0.0474)        (0.0201)        (0.0219)             (.)        (0.0225)        (0.0128)   

.04                       -0.0159         -0.0340          0.0456               0         0.00370         -0.0115   
                         (0.0153)        (0.0233)        (0.0455)             (.)        (0.0251)        (0.0203)   

.06                       -0.0219         -0.0256          0.0475                          0.0173         -0.0128   
                         (0.0254)        (0.0241)        (0.0435)                        (0.0147)        (0.0187)   

.08                       -0.0163         -0.0266          0.0381                         0.00771         -0.0221   
                         (0.0210)        (0.0230)        (0.0426)                        (0.0138)        (0.0224)   

.1                       -0.00540         -0.0291          0.0291                          0.0192        -0.00707   
                         (0.0146)        (0.0238)        (0.0419)                        (0.0124)        (0.0222)   

.12                        0.0224         -0.0179          0.0383                          0.0128         0.00707   
                         (0.0227)        (0.0254)        (0.0425)                        (0.0105)        (0.0205)   

.14                        0.0253         -0.0267          0.0436                          0.0249         -0.0174   
                         (0.0289)        (0.0241)        (0.0427)                        (0.0216)        (0.0302)   

.16                        0.0264         -0.0133          0.0457                       -0.000171         -0.0230   
                         (0.0252)        (0.0286)        (0.0417)                        (0.0121)        (0.0292)   

.18                        0.0423         -0.0164          0.0409                        -0.00401        -0.00648   
                         (0.0280)        (0.0269)        (0.0380)                        (0.0218)        (0.0314)   

.2                         0.0663         -0.0206          0.0292                         0.00749         -0.0158   
                         (0.0358)        (0.0258)        (0.0369)                        (0.0156)        (0.0367)   

Constant                    0.640***        0.659***        0.635***        0.538           0.747***        0.318***
                         (0.0509)        (0.0233)        (0.0449)             (.)        (0.0282)        (0.0376)   

Boundary f.e.                 Yes             Yes             Yes             Yes             Yes             Yes   

Year f.e.                     Yes             Yes             Yes             Yes             Yes             Yes   
--------------------------------------------------------------------------------------------------------------------
Observations                 2724           11278            2959              34            1650            7609   
R-squared                   0.578           0.531           0.633               .           0.592           0.490   
--------------------------------------------------------------------------------------------------------------------
Standard errors in parentheses
* p<0.05, ** p<0.01, *** p<0.001
.           
. esttab empl_du empl_duhe empl_mfdu empl_mf empl_mfhe empl_he using "$EXPORTPATH/amenities_table_emplmix_municluster.tex", replace keep(25.dist3) ///
>         se r2 indicate("Boundary f.e.=*lam_seg" "Year f.e.=*year") interaction(" X ") ///
>         label mtitles("empl_du" "empl_duhe" "empl_mfdu" "empl_mf" "empl_mfhe" "empl_he") ///
>         title("Employment mix") 
(file /shared/boston_zoning/working_paper/replication_package/analysis/amenities_muni_boundary_output/amenities_table_emplmix_municluster.tex not found)
(output written to /shared/boston_zoning/working_paper/replication_package/analysis/amenities_muni_boundary_output/amenities_table_emplmix_municluster.tex)
. }

. 
. 
. ********************************************************************************
. ** end of do file
. ********************************************************************************
. log off
      name:  <unnamed>
       log:  /shared/boston_zoning/working_paper/replication_package/analysis/amenities_muni_boundary_output/amenities_muni_boundary_log_2025-04-18.log
  log type:  text
 paused on:  18 Apr 2025, 12:52:51
---------------------------------------------------------------------------------------------------------------------------------------------------------------------------------------------------------------------------------------------------------------
