1,68 WINDSOR AVE,ACTON,MA,
2,10-30 RAILRD,ANDOVER,MA,
3,1 - 32 FOLLINSBEE LN,WEST NEWBURY,MA,
4,420 HARVARD ST,BROOKLINE,MA,
5,40 CENTRE ST,BROOKLINE,MA,
6,635 OLD POST RD,SHARON,MA,
7,277 WEST UNION ST,ASHLAND,MA,
8,143 ROUTE 6,TRURO,MA,
9,31 LINCOLN ST,READING,MA,
10,35 LINCOLN ST,READING,MA,
11,138 ST JOSEPH ST,FALL RIVER,MA,
12,100 STATE ST,LUDLOW,MA,
13,12 CHESTNUT ST,LUDLOW,MA,
14,155 AMES ST,MARLBORO,MA,
15,31 CENTRAL ST,MANCHESTER,MA,
16,22 ELM ST,MANCHESTER,MA,
17,492 & 542 SCHOOL ST,ATHOL,MA,
18,77 BOSTON RD,BILLERICA,MA,
19,600 BROADWAY,LAWRENCE,MA,
20,PARK CENTRAL DR,SOUTHBORO,MA,
21,332 MILLIKEN BLVD,FALL RIVER,MA,
22,28 MILES MORGAN CT,WILBRAHAM,MA,
23,93 GRAND ST,WORCESTER,MA,
24,1180 BOYLSTON ST,BROOKLINE,MA,
25,370 HARVARD ST,BROOKLINE,MA,
26,372 HARVARD ST,BROOKLINE,MA,
27,374 HARVARD ST,BROOKLINE,MA,
28,376 HARVARD ST,BROOKLINE,MA,
29,378 HARVARD ST,BROOKLINE,MA,
30,380 HARVARD ST,BROOKLINE,MA,
31,382 HARVARD ST,BROOKLINE,MA,
32,131 MCKAY ST,BEVERLY,MA,
33,311 LITTLETON RD,CHELMSFORD,MA,
34,30 SHATTUCK RD,ANDOVER,MA,
35,48 BROAD ST,WESTFIELD,MA,
36,346 TURNPIKE RD,WESTBORO,MA,
37,702 SOUTH WESTFIELD ST,AGAWAM,MA,
38,29 NEGUS ST,WEBSTER,MA,
39,106/108 MAIN ST,NORFOLK,MA,
40,140 CHURCH ST,WILLIAMSTOWN,MA,
41,591 MONTGOMERY ST,FALL RIVER,MA,
42,160 WATER ST,WILLIAMSTOWN,MA,
43,225 OLD CONNECTICUT PATH,WAYLAND,MA,
44,361 MAIN ST,WAREHAM,MA,
45,124 MONTELLO ST,BROCKTON,MA,
46,1 MOODY ST,WALTHAM,MA,
47,187 BOSTON POST  RD,SUDBURY,MA,
48,181 WASHINGTON ST,SOMERVILLE,MA,
49,20 POND ST,BRAINTREE,MA,
50,11 MAIN RD,WESTHAMPTON,MA,
51,81-83 PECKHAM ST; 201 E MAIN ST,FALL RIVER,MA,
52,50 CENTRE ST,BROCKTON,MA,
53,1 MIDWAY PARK DR,DARTMOUTH,MA,
54,7 WATER ST,LAKEVILLE,MA,
55,134 MAIN ST,GROTON,MA,
56,80 NORMAN ST,ROCKLAND,MA,
57,40 MEADOW ST,CHICOPEE,MA,
58,517 CHICOPEE ST,CHICOPEE,MA,
59,262 STATE RD,DARTMOUTH,MA,
60,LAWRENCE ST,FRAMINGHAM,MA,
61,COBURN ST,FRAMINGHAM,MA,
62,21 HOSPITAL RD,MEDFIELD,MA,
63,25 HOSPITAL RD,MEDFIELD,MA,
64,29 HOSPITAL RD,MEDFIELD,MA,
65,67 NORTH ST,MEDFIELD,MA,
66,"60, 70, & 72 ADAMS RD",GRAFTON,MA,
67,1 BEACH ST,REVERE,MA,
68,525 BEACH ST,REVERE,MA,
69, 16 NAHANT ST,REVERE,MA,
70, 17 WALDEN ST,REVERE,MA,
71, 56 HIGHLAND AVE,REVERE,MA,
72, 58 HIGHLAND AVE,REVERE,MA,
73, 60 HIGHLAND AVE,REVERE,MA,
74,14 NAHANT ST,REVERE,MA,
75,"14-16 NAHANT STREET, 17 WALDEN STREET, 56-60 HIGHLAND AVE",REVERE,MA,
76,103 WAREHAM RD,PLYMOUTH,MA,
77,750 DAVOL ST,FALL RIVER,MA,
78,101 CHERRY ST,PLYMOUTH,MA,
79,76 COURT ST,PLYMOUTH,MA,
80,11 CLYFTON ST,PLYMOUTH,MA,
81,137 COURT ST,PLYMOUTH,MA,
82,100 TAUNTON ST,PLAINVILLE,MA,
83,85 WASHINGTON ST,PLAINVILLE,MA,
84,21 MESSENGER ST,PLAINVILLE,MA,
85,1 SADDLEBROOK LN,PLAINVILLE,MA,
86,250 GULL POND RD,WELLFLEET,MA,
87,31-45 MARTIN ST,ACTON,MA,
88,17 PEABODY SQ,PEABODY,MA,
89,10 ELLIOTT PL,PEABODY,MA,
90,105 BROOKSIDE DRIVE / NORTH ST,ANDOVER,MA,
91,82 TOPSFIELD RD,IPSWICH,MA,
92,220 BEAL ST,HINGHAM,MA,
93,369 WASHINGTON ST,HANOVER,MA,
94,4001 NORTH MAIN ST,FALL RIVER,MA,
95,30 PINE ST,GARDNER,MA,
96,22 STEEPLE ST,MASHPEE,MA,
97,100 BRIDGE ST,GREAT BARRINGTON,MA,
98,221 WELLINGTON ST,FALL RIVER,MA,
99,12 CURVE ST,NEWTON,MA,
100,54 TAFT AVE,NEWTON,MA,
101,75 COURT ST,NEWTON,MA,
102,77 COURT ST,NEWTON,MA,
103,83 COURT ST,NEWTON,MA,
104,150 ADAMS ST,NEWTON,MA,
105,1521 BEACONS ST,NEWTON,MA,
106,711 PLYMOUTH ST,MIDDLEBORO,MA,
107,84 SOUTH MAIN ST,MIDDLEBORO,MA,
108,164 HARTWELL ST,FALL RIVER,MA,
109,37 WASINGTON ST,MELROSE,MA,
110,130 TREMONT ST,MELROSE,MA,
111,HOLBROOK CT,MELROSE,MA,
112,316 STATE RD,GREAT BARRINGTON,MA,
113,246 MILL ST EXTENSTION,LANCASTER,MA,
114,153 CENTER ST,MIDDLEBORO,MA,
115,82 NORTH MAIN ST,NATICK,MA,
116,152-158 MAIN ST,STURBRIDGE,MA,
117,68-114 SOUTH MAIN ST,FALL RIVER,MA,
118,* AMERICA BLVD,ASHLAND,MA,
119,85 COTUIT ST,BOURNE,MA,
120,6X WINTHROP ST,CONCORD,MA,
121,18 MAPLE ST,SALISBURY,MA,
122,11 HALLETT HILL RD,WESTON,MA,
123,255 MERRIAM ST,WESTON,MA,
124,269 NORTH AVE,WESTON,MA,
125,* MONROE DR,HOLLISTON,MA,
126,191 BEACH RD,SALISBURY,MA,
127,465 & 477 THIRD ST,FALL RIVER,MA,
128,ESTEN ROAD/DALY DRIVE EXT,STOUGHTON,MA,
129,306 OSBORN ST,FALL RIVER,MA,
130,17TH ST W,SALISBURY,MA,
131,99 FRONT ST,BELCHERTOWN,MA,
132,505 WEST LOWELL AVE,HAVERHILL,MA,
133,200 PRESIDENTIAL WAY,WOBURN,MA,
134,53 MILL ST,WOBURN,MA,
135,57 MILL ST,WOBURN,MA,
136,61 MILL ST,WOBURN,MA,
137,978 WORCESTER ST,WELLESLEY,MA,
138,112-128 JOHN ST; 307&316 WADE ST,FALL RIVER,MA,
139,270 CORPROATE DR,BURLINGTON,MA,
140,40 RIVER ST,NORWELL,MA,
141,172 WOBURN ST,READING,MA,
142,174 WOBURN ST,READING,MA,
143,176 WOBURN ST,READING,MA,
144,178 WOBURN ST,READING,MA,
145,0 GLEN BROOK WAY,MEDWAY,MA,
146,1 GLEN BROOK WAY,MEDWAY,MA,
147,3 GLEN BROOK WAY,MEDWAY,MA,
148,136 HAVEN ST,READING,MA,
149,"550 LINCOLN RD, HYANNIS",BARNSTABLE,MA,
150,48 SOUTH AVE,NATICK,MA,
151,58 NORTH AVE,NATICK,MA,
152,35 BURPEE RD,SWAMPSCOTT,MA,
153,"293,297 WADE, 136 JOHN, 188 TECUMSEH",FALL RIVER,MA,
154,KEELER FARM WAY,LEXINGTON,MA,
155,141 & 143 OAK ST,NORTON,MA,
156,115 SCRANTON AVE,FALMOUTH,MA,
157,50 HUNT RD,CHELMSFORD,MA,
158,812 ROUTE 134,DENNIS,MA,
159,8 COMMUNITY WAY,FOXBORO,MA,
160,1 ROSELAND ST,FOXBORO,MA,
161,1 CAMPANELLI DR,ASHLAND,MA,
162,20-24 GOULD ST,READING,MA,
163,40 RIVERPATH DR,FRAMINGHAM,MA,
164,15 STEVENS ST,ANDOVER,MA,
165,138 TEATICKET HIGHWAY,FALMOUTH,MA,
166, 75 HOLLIS ST,FRAMINGHAM,MA,
167,73 HOLLIS ST,FRAMINGHAM,MA,
168,2 ROBBINS RD,WESTFORD,MA,
169,84 CLEVELAND ST,NORFOLK,MA,
170,25 ROCKLAND RD,NORFOLK,MA,
171,1 CHESTNUT ST,MARSHFIELD,MA,
172,271 RIVERNECK RD,CHELMSFORD,MA,
173,7 GORHAM ST,CHELMSFORD,MA,
174,58 ROSE MORIN LN,FALMOUTH,MA,
175,73 DALTON RD,CHELMSFORD,MA,
176,83 PLEASANT VALLEY ST,METHUEN,MA,
177,254 BROADWAY,METHUEN,MA,
178,162 SOUTH RD,BEDFORD,MA,
179,32 LOWELL ST,LEXINGTON,MA,
180,34 LOWELL ST,LEXINGTON,MA,
181,134 BABCOCK DR,BROOKLINE,MA,
182,138 BABCOCK DR,BROOKLINE,MA,
183,467 MAIN ST,READING,MA,
184,272 MOOSE HILL RD,WALPOLE,MA,
185,71 NORTH ST,MEDFIELD,MA,
186,80 NORTH MEAOWS RD,MEDFIELD,MA,
187,940 MAIN ST,TEWKSBURY,MA,
188,35 HARRINGTON AVE,SHREWSBURY,MA,
189,164 LEXINGTON RD,BILLERICA,MA,
190,146 PROSPECT ST,ACTON,MA,
191,1 CHANCERY LN,BARNSTABLE,MA,
192,41 OLD MAIN RD,FALMOUTH,MA,
193,761 TEATICKET HIGHWAY,FALMOUTH,MA,
194,5 OSHAM WAY & 0 WOODS HOLE,FALMOUTH,MA,
195,881 ROUTE 28,YARMOUTH,MA,
196,31 WEST ST,MEDWAY,MA,
197,33 WEST ST,MEDWAY,MA,
198,37 WEST ST,MEDWAY,MA,
199,4 OLIVIA WAY,GROTON,MA,
200,CAMBRIA RD,NEWTON,MA,
201,150 LENOX ST,NORWOOD,MA,
202,152 LENOX ST,NORWOOD,MA,
203,154 LENOX ST,NORWOOD,MA,
204,156 LENOX ST,NORWOOD,MA,
205,158 LENOX ST,NORWOOD,MA,
206,455 HARVARD ST,BROOKLINE,MA,
207,135 GREAT PLAIN AVE,WELLESLEY,MA,
208,141 BREWSTER RD,BREWSTER,MA,
209,0 CENTRAL PARK DR,SCITUATE,MA,
210,126 CHIEF JUSTICE CUSHING HWY,SCITUATE,MA,
211,462 EAST MAIN ST,MILFORD,MA,
212,464 EAST MAIN ST,MILFORD,MA,
213,265 GERRY RD,BROOKLINE,MA,
214,267 GERRY RD,BROOKLINE,MA,
215,269 GERRY RD,BROOKLINE,MA,
216,271 GERRY RD,BROOKLINE,MA,
217,273 GERRY RD,BROOKLINE,MA,
218,275 GERRY RD,BROOKLINE,MA,
219,277 GERRY RD,BROOKLINE,MA,
220,279 GERRY RD,BROOKLINE,MA,
221,281 GERRY RD,BROOKLINE,MA,
222,283 GERRY RD,BROOKLINE,MA,
223,285 GERRY RD,BROOKLINE,MA,
224,287 GERRY RD,BROOKLINE,MA,
225,289 GERRY RD,BROOKLINE,MA,
226,291 GERRY RD,BROOKLINE,MA,
227,293 GERRY RD,BROOKLINE,MA,
228,295 GERRY RD,BROOKLINE,MA,
229,297 GERRY RD,BROOKLINE,MA,
230,299 GERRY RD,BROOKLINE,MA,
231,321 WASHINGTON ST,WESTWOOD,MA,
232,235 GOULD ST,NEEDHAM,MA,
233, 40 WARD ST,SALEM,MA,
234, 52 SALEM ST,SALEM,MA,
235, 6 WARD ST,SALEM,MA,
236, 61 CONGRESS ST,SALEM,MA,
237, 71 PALMER ST,SALEM,MA,
238,32 PERKINS ST,SALEM,MA,
239,"32 PERKINS STREET, 61 CONGRESS STREET, 71 PALMER STREET, 6 WARD STREET, 40 WARD STREET, 52 SALEM ST",SALEM,MA,
240, 179 BOSTON ST,SALEM,MA,
241,43 BOSTON ST,SALEM,MA,
242,"43, 179 BOSTON ST",SALEM,MA,
243,85 PLEASANT ST,BRIDGEWATER,MA,
244,"95 SURFSIDE ROAD, WAPOSSETT CIRCLE & NANINA DR",NANTUCKET,MA,
245,104 TURNPIKE RD,CHELMSFORD,MA,
246,62 LOCUST ST,FALMOUTH,MA,
247,11 MIDWAY PARK DR,DARTMOUTH,MA,
248,485 MYSTIC VALLEY PKWY,SOMERVILLE,MA,
249,15 PEARL ST,GLOUCESTER,MA,
250,116 EAST HOWARD ST,QUINCY,MA,
251,202 ARSENAL ST,WATERTOWN,MA,
252,204 ARSENAL ST,WATERTOWN,MA,
253,* MANOR TER,LEXINGTON,MA,
254,128 EASTON ST,READING,MA,
255,23 LAKEVIEW,READING,MA,
256,520 MAIN ST,FALMOUTH,MA,
257,10 COREY ST,MELROSE,MA,
258,113 BOSTON POST RD,WAYLAND,MA,
259,1 MARYS WAY,LINCOLN,MA,
260,166 PINEHURST AVE,SWANSEA,MA,
261,184 MAIN ST,ACTON,MA,
262,28 AUSTIN ST,NEWTON,MA,
263,429 CHERRY ST,NEWTON,MA,
264,400 LANGLEY RD,NEWTON,MA,
265,41 DALE ST,MEDFIELD,MA,
266,0 CURVE ST,BRIDGEWATER,MA,
267,293 ALEWIFE BROOK PKWY,SOMERVILLE,MA,
268,SYDNEY ST,SOMERVILLE,MA,
269,7 SURFSIDE RD,NANTUCKET,MA,
270,"3, 5, 7 & 9 SOUTH SHORE RD",NANTUCKET,MA,
271,22 WOODMERE DR,MILTON,MA,
272,24 WOODMERE DR,MILTON,MA,
273,26 WOODMERE DR,MILTON,MA,
274,28 WOODMERE DR,MILTON,MA,
275,200 DEER ST,MILFORD,MA,
276,170 PALMER AVE,FALMOUTH,MA,
277,1 PEASELEE CIR,MIDDLETON,MA,
278,1163 AMERICAN LEGION HIGHWAY,WESTPORT,MA,
279,1000 AVALON DR,ACTON,MA,
280,653 AMHERST RD,SUNDERLAND,MA,
281,0 STERLING RD,LANCASTER,MA,
282,"278 COURT STREET, 10 HAMILTON STREET, 12 HAMILTON ST",PLYMOUTH,MA,
283,84 OBERY ST,PLYMOUTH,MA,
284,101A NAUSET GREEN WAY,EASTHAM,MA,
285,33 MAIN ST,MEDWAY,MA,
286,0 TEMPLE ST,DUXBURY,MA,
287,362 MAIN ST,FALMOUTH,MA,
288,120 UNIVERSITY AVE,WESTWOOD,MA,
289,939 MARY DUNN RD,BARNSTABLE,MA,
290,335 CARVER RD,PLYMOUTH,MA,
291,150 RIVERS EDGE DR,MEDFORD,MA,
292,640 BOSTON AVE,MEDFORD,MA,
293,5 CABOT RD,MEDFORD,MA,
294,56 EVERGREEN AVE,BEDFORD,MA,
295,HAMMOND RD,WAYLAND,MA,
296,195 HOWE ST,METHUEN,MA,
297,120 NORTH MAIN ST,SUNDERLAND,MA,
298,2 MILLSTONE DR,MEDWAY,MA,
299,101 FAIRGROUNDS AVE,TAUNTON,MA,
300,45 MASON ST,TAUNTON,MA,
301,15 CAPEN ST,MEDFORD,MA,
302,11-17 MERIDIAN ST,GREENFIELD,MA,
303,132 MAIN ST & 11-17 WELLS ST,GREENFIELD,MA,
304,45 BACON ST,WATERTOWN,MA,
305,60 HOWARD ST,WATERTOWN,MA,
306,56 IRVING ST,WATERTOWN,MA,
307,242 & 50 MAIN ST,BRIDGEWATER,MA,
308,586 MILL ST,AGAWAM,MA,
309,600 NORTH AVE,WAKEFIELD,MA,
310,3 BENNETT ST,WAKEFIELD,MA,
311,16 STEARNS RD,WELLESLEY,MA,
312,680 WORCESTER RD,WELLESLEY,MA,
313,55 CONCORD ST,FRAMINGHAM,MA,
314,75 CONCORD ST,FRAMINGHAM,MA,
315,1299 BEACON ST,BROOKLINE,MA,
316,445 HARVARD ST,BROOKLINE,MA,
317,131 RANTOUL ST,BEVERLY,MA,
318,199 RANTOUL ST,BEVERLY,MA,
319,201 RANTOUL ST,BEVERLY,MA,
320,203 RANTOUL ST,BEVERLY,MA,
321,205 RANTOUL ST,BEVERLY,MA,
322,207 RANTOUL ST,BEVERLY,MA,
323,209 RANTOUL ST,BEVERLY,MA,
324,211 RANTOUL ST,BEVERLY,MA,
325,480 RANTOUL ST,BEVERLY,MA,
326,482 RANTOUL ST,BEVERLY,MA,
327,112 RANTOUL ST,BEVERLY,MA,
328,115 PLYMOUTH ST,ABINGTON,MA,
329,33 PINE HILL RD,BEDFORD,MA,
330,35 PINE HILL RD,BEDFORD,MA,
331,37 PINE HILL RD,BEDFORD,MA,
332,39 PINE HILL RD,BEDFORD,MA,
333,COUNTRY WAY,SCITUATE,MA,
334, 50 LEDGEVIEW WAY,WRENTHAM,MA,
335,40 LEDGEVIEW WAY,WRENTHAM,MA,
336,129 PARKER ST,MAYNARD,MA,
337,* SUGAR MAPLE LN,WESTFORD,MA,
338,25 DARMOUTH ST,WESTFIELD,MA,
339,365 MAIN STREET & 34 MEETINGHOUSE HILL RD,WEST NEWBURY,MA,
340,19 BIXBY RD,SPENCER,MA,
341,117 SOUTH WASHINGTON ST,NORTH ATTLEBORO,MA,
342,6 WATER ST,TISBURY,MA,
343,49 ROBERT DR,EASTON,MA,
344,11 ST,SALISBURY,MA,
345,350/354 OLD BARNSTABLE RD,FALMOUTH,MA,
346,1 MANSFIELD AVE,MANSFIELD,MA,
347,200 LYNN ST,PEABODY,MA,
348,1180 GREAT PLAIN AVE,NEEDHAM,MA,
349,485 ARSENAL ST,WATERTOWN,MA,
350,19 RIVER ST,WINCHESTER,MA,
351,21 RIVER ST,WINCHESTER,MA,
352,23 RIVER ST,WINCHESTER,MA,
353,25 RIVER ST,WINCHESTER,MA,
354,27 RIVER ST,WINCHESTER,MA,
355,29 RIVER ST,WINCHESTER,MA,
356,31 RIVER ST,WINCHESTER,MA,
357,33 RIVER ST,WINCHESTER,MA,
358,250 WHALOM RD,LUNENBURG,MA,
359,16 PRICHARD ST,FITCHBURG,MA,
360,1380-1428 MAIN ST,FITCHBURG,MA,
361,69-71 ACADEMY ST & 184-186 PRICHARD ST,FITCHBURG,MA,
362,75 & 85 COWLS RD,AMHERST,MA,
363,175 NORTH AVE,WAKEFIELD,MA,
364,40 HULL ST,WENHAM,MA,
365,157 & 0 SOUTH ORLEANS RD (ROUTE 39),BREWSTER,MA,
366,29 MERRIAM PKWY,FITCHBURG,MA,
367,323 MAIN ST,DENNIS,MA,
368,131 HOKUM ROCK RD,DENNIS,MA,
369,549 CENTER ST,DENNIS,MA,
370,385 PLEASANT ST,WATERTOWN,MA,
371,700 WASHINGTON ST,LYNN,MA,
372,459 RIVER RD,ANDOVER,MA,
373,50 PETER KRISTOF WAY,MEDFIELD,MA,
374,21 ADAMS ST,EASTHAMPTON,MA,
375,1 REVOLUTION WAY,CANTON,MA,
376,29 ELM ST,SALISBURY,MA,
377,96-98 KING ST,NORTHAMPTON,MA,
378,421 NORTH MAIN ST,NORTHAMPTON,MA,
379,29 MANOMET POINT RD,PLYMOUTH,MA,
380,26 AMHERST ST,GRANBY,MA,
381,69 FOUNDRY ST,WAKEFIELD,MA,
382,"30, 34 TOWN FARM RD & 17 LOCUST RD",IPSWICH,MA,
383,161 MECHANIC ST,BELLINGHAM,MA,
384,165 MECHANIC ST,BELLINGHAM,MA,
385,175 MECHANIC ST,BELLINGHAM,MA,
386,299 LEXINGTON ST,WOBURN,MA,
387,12 POWDER MILL RD,ACTON,MA,
388,2 POWDER MILL RD,ACTON,MA,
389,4 POWDER MILL RD,ACTON,MA,
390,54 WALLACE AVE,FITCHBURG,MA,
391,361 GREAT RD,ACTON,MA,
392,363 GREAT RD,ACTON,MA,
393,857 BROADWAY,SAUGUS,MA,
394,536 RIVER RD,BARNSTABLE,MA,
395,160 CAMBRIDGE ST,BURLINGTON,MA,
396,20 2ND AVE,BURLINGTON,MA,
397,242 SPENCER AVE,CHELSEA,MA,
398,132 PLEASANT ST,FITCHBURG,MA,
399,55 NEWBURY ST,PEABODY,MA,
400,41 SPRING BARS RD,FALMOUTH,MA,
401,591 GIFFORD ST,FALMOUTH,MA,
402,2-54 & AND 72-74 MERRIMACK ST,HAVERHILL,MA,
403,98 ESSEX,HAVERHILL,MA,
404,255 DERBY ST,NEWTON,MA,
405,258 DERBY ST,NEWTON,MA,
406,261 DERBY ST,NEWTON,MA,
407,262 DERBY ST,NEWTON,MA,
408,50 DAY ST,FITCHBURG,MA,
409,39-45 BROADWAY,MALDEN,MA,
410,26 IRVING ST,MALDEN,MA,
411,30 FRANKLIN ST,MALDEN,MA,
412,42ND ST,BERKLEY,MA,
413,106-108 MAIN ST,NORFOLK,MA,
414,76 MECHANIC ST,FITCHBURG,MA,
415,194 MAINE ST,NORFOLK,MA,
416,67 LAWRENCE ST,NORFOLK,MA,
417,144 SEEKONK ST,NORFOLK,MA,
418,2 BROADWAY,LYNNFIELD,MA,
419,16 PROSPECT ST,FITCHBURG,MA,
420,59 WALNUT ST,PEABODY,MA,
421,152 SHORE DR,PEABODY,MA,
422,240 ASHBURNHAM ST,FITCHBURG,MA,
423,155 WEST ST,NORTHAMPTON,MA,
424,42 SUMMER ST,MAYNARD,MA,
425,135 OLD POST RD,SHARON,MA,
426,LOCUST ST,WOBURN,MA,
427,"27 HOSPITAL ROAD, DEVENS",SHIRLEY,MA,
428,200 ESTATE DR,NEWTON,MA,
429,181-215 WASHINGTON ST,HAVERHILL,MA,
430,300 MISHAWUM RD,WOBURN,MA,
431,483 SUMMER ST,ARLINGTON,MA,
432,236 AUBURN ST,NEWTON,MA,
433,0 BARROWS RD,FALMOUTH,MA,
434,20-40 WILLIAM ST,WELLESLEY,MA,
435,2 BURKE LN,WELLESLEY,MA,
436, 751 BOSTON POST RD,WESTON,MA,
437,0 BOSTON POST RD,WESTON,MA,
438,135 APPLE TREE RD,FITCHBURG,MA,
439, 138 WORCESTER ST,WELLESLEY,MA,
440,136 WORCESTER ST,WELLESLEY,MA,
441,2230 MAIN ST,TEWKSBURY,MA,
442,69 ALDE ST,FALL RIVER,MA,
443,10 BERSANI CR,QUINCY,MA,
444,642 MAIN ST,WAKEFIELD,MA,
445,71 BICKNELL ST,QUINCY,MA,
446,598 NORTH AVE,WAKEFIELD,MA,
447,37-43 BLOSSOM ST (40 DAY ST?),FITCHBURG,MA,
448,41 MAIN ST,GOSHEN,MA,
449,565 EDGARTOWN RD,WEST TISBURY,MA,
450,195 MANSFIELD AVE (ROUTE 140),NORTON,MA,
451,SCHOOL HOUSE RD,GLOUCESTER,MA,
452,20 EDGARTOWN RD,TISBURY,MA,
453,ONE NEWPORT AVE,QUINCY,MA,
454,1205 WORCESTER ST,NATICK,MA,
455,69 BRIGHAM PARK,FITCHBURG,MA,
456,27 FARM AVE,PEABODY,MA,
457, 53 SUMMER ST,WALPOLE,MA,
458,51 SUMMER ST,WALPOLE,MA,
459,300 NORTH MAIN ST,MANSFIELD,MA,
460,FREMONT/GARDNER,ARLINGTON,MA,
461,"350 WATER ST, 370 WATER ST (A-F), 110 MIDDLE ST (A-F)",FITCHBURG,MA,
462,9 GLEN AVE,FITCHBURG,MA,
463,35 DAY ST,FITCHBURG,MA,
464,129 OR 279 DANIELS ST,FITCHBURG,MA,
465,"90-92 DAY, 111-121 GREEN, 20-22 ORANGE, 94 MYRTLE, 1-3-5 WOOD",FITCHBURG,MA,
466,105 PLYMOUTH ST,FITCHBURG,MA,
467,4 LEIGHTON ST,FITCHBURG,MA,
468,FREMONT/GARDNER/MEMORIAL/SUNNYSIDE AV,ARLINGTON,MA,
469,33 HURON ST,FITCHBURG,MA,
470,128 FAIRMOUNT/42 CLARENDON,FITCHBURG,MA,
471,41 CENTENNIAL CT,FOXBORO,MA,
472,90 N CARL ANNON CT,FOXBORO,MA,
473,65-67 WALNUT ST,FOXBORO,MA,
474,1-12 WALNUT TR,FOXBORO,MA,
475,90 CARL ANNON CT,FOXBORO,MA,
476,JOHN J BRADY DR,FRAMINGHAM,MA,
477, 2-42 ANZIO RD,FRAMINGHAM,MA,
478, 3-25 ARSENAL RD,FRAMINGHAM,MA,
479, 554-596 CONCORD ST,FRAMINGHAM,MA,
480,2-74 PEARL HARBOR RD,FRAMINGHAM,MA,
481, 1-9 CORREGIDOR RD,FRAMINGHAM,MA,
482, 32-49 GUADACANAL RD,FRAMINGHAM,MA,
483,3-61 ST LO RD,FRAMINGHAM,MA,
484,2-12 ORAN RD,FRAMINGHAM,MA,
485, 15-23 JOHN J GALLAGHER DR,FRAMINGHAM,MA,
486,39-53 EVERIT AVE,FRAMINGHAM,MA,
487,29-54 ARSENAL RD,FRAMINGHAM,MA,
488,37-39 NORMANDY RD,FRAMINGHAM,MA,
489,ROSE KENNEDY LN,FRAMINGHAM,MA,
490,115 COCHITUATE RD,FRAMINGHAM,MA,
491,317 HOLLIS ST,FRAMINGHAM,MA,
492,54 MEDFORD ST,ARLINGTON,MA,
493,40 TEMPLE PL,FRAMINGHAM,MA,
494,24 UNDERWOOD AVE,FRAMINGHAM,MA,
495,85 ALEXANDER RD,FRAMINGHAM,MA,
496,2 PINE PL,FRAMINGHAM,MA,
497,HOLLIS ST,FRAMINGHAM,MA,
498,SECOND ST,FRAMINGHAM,MA,
499,27 CONCORD RD,ACTON,MA,
500,8 SUMMER ST,ARLINGTON,MA,
501,BEAVER PARK RD,FRAMINGHAM,MA,
502,1A-7B BEAVER TERRACE CIR (SECOND ST?),FRAMINGHAM,MA,
503,40 TAYLOR ST,FRAMINGHAM,MA,
504,15 EDMANDS RD,FRAMINGHAM,MA,
505,40 EVERGREEN ST,FRAMINGHAM,MA,
506, 50-52 HIGHLAND ST,FRAMINGHAM,MA,
507,10-12 COBURN ST,FRAMINGHAM,MA,
508,136 HOLLIS ST,FRAMINGHAM,MA,
509, 92 IRVING ST,FRAMINGHAM,MA,
510,90 IRVING ST,FRAMINGHAM,MA,
511,73 IRVING ST,FRAMINGHAM,MA,
512,75 IRVING ST,FRAMINGHAM,MA,
513,77 IRVING ST,FRAMINGHAM,MA,
514,DRAKE RD,ARLINGTON,MA,
515,81 IRVING ST,FRAMINGHAM,MA,
516,89 BETHANY RD,FRAMINGHAM,MA,
517,15 SECOND ST,FRAMINGHAM,MA,
518,10 PINE ST,FRAMINGHAM,MA,
519,1559 CONCORD ST,FRAMINGHAM,MA,
520,102 PHELPS RD,FRAMINGHAM,MA,
521, 47 SOUTH ST,FRAMINGHAM,MA,
522,43 SOUTH ST,FRAMINGHAM,MA,
523,46 IRVING ST,FRAMINGHAM,MA,
524,48 IRVING ST,FRAMINGHAM,MA,
525,50 IRVING ST,FRAMINGHAM,MA,
526,52 IRVING ST,FRAMINGHAM,MA,
527,54 IRVING ST,FRAMINGHAM,MA,
528,58 IRVING ST,FRAMINGHAM,MA,
529,60 IRVING ST,FRAMINGHAM,MA,
530,62 IRVING ST,FRAMINGHAM,MA,
531,64 IRVING ST,FRAMINGHAM,MA,
532,66 IRVING ST,FRAMINGHAM,MA,
533,68 IRVING ST,FRAMINGHAM,MA,
534,70 IRVING ST,FRAMINGHAM,MA,
535,72 IRVING ST,FRAMINGHAM,MA,
536,74 IRVING ST,FRAMINGHAM,MA,
537,76 IRVING ST,FRAMINGHAM,MA,
538,78 IRVING ST,FRAMINGHAM,MA,
539,80 IRVING ST,FRAMINGHAM,MA,
540,82 IRVING ST,FRAMINGHAM,MA,
541,37 DRAKE RD,ARLINGTON,MA,
542,4 WINSLOW ST,ARLINGTON,MA,
543,PARK ST,FRANKLIN,MA,
544,CENTRAL PARK TR,FRANKLIN,MA,
545,998 MASS AVE,ARLINGTON,MA,
546,WINTER ST,FRANKLIN,MA,
547,192 BROOK ST,FRANKLIN,MA,
548,WALNUT ST,FRANKLIN,MA,
549,1 BEAVER CT,FRANKLIN,MA,
550,10 BEAVER CT,FRANKLIN,MA,
551,12 BEAVER CT,FRANKLIN,MA,
552,15 BEAVER CT,FRANKLIN,MA,
553,4 BEAVER CT,FRANKLIN,MA,
554,6 BEAVER CT,FRANKLIN,MA,
555,8 BEAVER CT,FRANKLIN,MA,
556,* PALOMINO DR,FRANKLIN,MA,
557,139 GLEN MEADOW RD,FRANKLIN,MA,
558,139 GLEN MEADOW RD/CHESTNUT ST,FRANKLIN,MA,
559,575 EAST CENTRAL ST,FRANKLIN,MA,
560,110 BROADWAY,ARLINGTON,MA,
561,104 CHURCH ST,GARDNER,MA,
562,10-56 BOULDER DR,GARDNER,MA,
563,17 MILL ST,ARLINGTON,MA,
564,85-137 CONNORS ST,GARDNER,MA,
565,19 CITY HALL AVE,GARDNER,MA,
566,35 CATHERINE ST,GARDNER,MA,
567,27-29 GRAHAM ST,GARDNER,MA,
568,134 NICHOLS ST,GARDNER,MA,
569,12 RUSSELL TR,ARLINGTON,MA,
570,52 SOUTH MAIN ST,GARDNER,MA,
571,23 TRESTLE WAY,GEORGETOWN,MA,
572,1 NORINO WAY,GEORGETOWN,MA,
573,2 NORINO WAY,GEORGETOWN,MA,
574,3 NORINO WAY,GEORGETOWN,MA,
575,4 NORINO WAY,GEORGETOWN,MA,
576,5 NORINO WAY,GEORGETOWN,MA,
577,7 NORINO WAY,GEORGETOWN,MA,
578,12 MAIN RD,GILL,MA,
579,MASON ST,GLOUCESTER,MA,
580,17 WASHINGTON SQ,GLOUCESTER,MA,
581,18 ESSEX ST,GLOUCESTER,MA,
582,26 PROSPECT SQ,GLOUCESTER,MA,
583,VETERANS WAY & PATRIOT CR,GLOUCESTER,MA,
584,99 PROSPECT ST,GLOUCESTER,MA,
585,31 PROSPECT ST,GLOUCESTER,MA,
586,88 PLEASANT ST,GLOUCESTER,MA,
587,LINCOLN AVE,GLOUCESTER,MA,
588,POPLAR ST,GLOUCESTER,MA,
589,HILLCREST/ 374 WASHINGTON ST,GLOUCESTER,MA,
590,11-17 ARTHUR ST,GLOUCESTER,MA,
591,40-48 HAVEN TR,GLOUCESTER,MA,
592,67 MIDDLE ST,GLOUCESTER,MA,
593,10 DALE AVE,GLOUCESTER,MA,
594,41 WASHINGTON ST,GLOUCESTER,MA,
595,DUNCAN ST,GLOUCESTER,MA,
596,20-24 ARTHUR ST,GLOUCESTER,MA,
597,59 PARK RD,ASHLAND,MA,
598,"13 ZGONIS DR/MAIN ST, PROVIDENCE RD",GRAFTON,MA,
599,50 PHIN HILLS MANOR,GRANBY,MA,
600,UNION & METROPOLITAN AVES,ASHLAND,MA,
601,909 MAIN ST,GREAT BARRINGTON,MA,
602,2 BERNARD GIBBONS DR,GREAT BARRINGTON,MA,
603,899 MAIN ST,GREAT BARRINGTON,MA,
604,119 MAIN ST,ASHLAND,MA,
605,1 ELM ST,GREENFIELD,MA,
606,491 MAIN ST,GREENFIELD,MA,
607,177 OLIVE ST,ASHLAND,MA,
608,10 CONGRESS ST,GREENFIELD,MA,
609,2 RIVERSIDE DR,GREENFIELD,MA,
610,65 CLEVELAND ST,GREENFIELD,MA,
611,62 HASTINGS ST,GREENFIELD,MA,
612,75 WELLS ST,GREENFIELD,MA,
613,383-401 PLAIN RD,GREENFIELD,MA,
614,54 HIGH ST,GREENFIELD,MA,
615,19 LOWELL RD,GROTON,MA,
616,29 LOWELL RD,GROTON,MA,
617,74 WILLOWDALE RD,GROTON,MA,
618,42 GOLDEN CT,HADLEY,MA,
619,1 PARSONS LN,HALIFAX,MA,
620,11TH AVENUE;  HOLMES/CHESTNUT,HALIFAX,MA,
621,121 RAILROAD AVE,HAMILTON,MA,
622,117 RAILROAD AVE,HAMILTON,MA,
623,31 UNION ST,HAMILTON,MA,
624,309 ASBURY ST,HAMILTON,MA,
625,1 ELMWOOD FARM DR,HANOVER,MA,
626,"59 PARK ST,103 KENNEBUNK ST",ATHOL,MA,
627,SPRING ST (OR LEGION DR),HANOVER,MA,
628,65 FRANK'S LN,HANOVER,MA,
629,533 MAIN ST,HANSON,MA,
630,132 WOODBINE AVE,HANSON,MA,
631,748 WHITMAN ST,HANSON,MA,
632,53 W WASHINGTON ST,HANSON,MA,
633,9 NINA DR,HANSON,MA,
634,837 PARTRIDGEVILLE RD,ATHOL,MA,
635,105 STOW RD,HARVARD,MA,
636,253;453 AYER RD,HARVARD,MA,
637,66 DEPOT RD,HARWICH,MA,
638,881 PARTRIDGEVILLE RD,ATHOL,MA,
639,111 LONG POND/127 HEADWATERS DR,HARWICH,MA,
640,61 JOHN NELSON WAY,HARWICH,MA,
641,96 QUEEN ANNE RD,HARWICH,MA,
642,2 SCHOOL ST,HATFIELD,MA,
643,701 COTTAGE ST/HARRINGTON,ATHOL,MA,
644,25 WASHINGTON SQ,HAVERHILL,MA,
645,762-808 WASHINGTON ST,HAVERHILL,MA,
646,16 HIGHLAND AVE,HAVERHILL,MA,
647,40 BUTTONWOOD AVE,HAVERHILL,MA,
648,100 WATER ST,HAVERHILL,MA,
649,73 LAMOILLE AVE,HAVERHILL,MA,
650,449 MAIN ST,HAVERHILL,MA,
651,112-116 EMERSON ST,HAVERHILL,MA,
652,105 WINTER ST,HAVERHILL,MA,
653,100 WINTER ST,HAVERHILL,MA,
654,515 HADLEY WEST DR,HAVERHILL,MA,
655,100 LOCUST ST,HAVERHILL,MA,
656,127-135 HOW ST,HAVERHILL,MA,
657,40 NEW WELCOME ST,HAVERHILL,MA,
658,180 WATER ST,HAVERHILL,MA,
659,25 CHENEY ST,ATHOL,MA,
660,"2-260 PRESIDENTIAL DR, 1-139 EVERGREEN DR",HAVERHILL,MA,
661,22 PHOENIX ROW,HAVERHILL,MA,
662,65 CEDAR ST,HAVERHILL,MA,
663,170 MAIN ST,HAVERHILL,MA,
664,55-57 NINTH AVE,HAVERHILL,MA,
665,337 MAIN ST,HAVERHILL,MA,
666,402-428 MAIN ST,ATHOL,MA,
667,30 THAXTER ST,HINGHAM,MA,
668,100 BEAL ST,HINGHAM,MA,
669,246 WHITING LN,HINGHAM,MA,
670,86 CENTRAL ST,HINGHAM,MA,
671,37 CARLON ST,ATTLEBORO,MA,
672,1 HOLBROOK CT,HOLBROOK,MA,
673,105 LONGMEADOW DR,HOLBROOK,MA,
674,121 LONGMEADOW DR,HOLBROOK,MA,
675,9 FLAGLER DR,HOLDEN,MA,
676,68 RESERVOIR ST,HOLDEN,MA,
677,41 NORTH AVE,ATTLEBORO,MA,
678,1 SALISBURY ST,HOLDEN,MA,
679,492 WASHINGTON ST,HOLLISTON,MA,
680,59 HOLLIS ST,HOLLISTON,MA,
681,100 SUMMER ST,HOLLISTON,MA,
682,475 MAPLE ST,HOLYOKE,MA,
683,70 WALNUT ST,HOLYOKE,MA,
684,21 BOWER ST,HOLYOKE,MA,
685,40 LEARY DR,HOLYOKE,MA,
686,SACHEM WAY,ACTON,MA,
687,43 LOWER WESTFIELD RD,HOLYOKE,MA,
688,281-283 BEECH ST,HOLYOKE,MA,
689,181 ELM ST,HOLYOKE,MA,
690,465-515 SOUTH ST,HOLYOKE,MA,
691,164-168 SARGEANT /100-104 HAMPSHIRE,HOLYOKE,MA,
692,1346 NORTHAMPTON ST,HOLYOKE,MA,
693,301-465 TOKENEKE RD,HOLYOKE,MA,
694,317-319 MAIN ST,HOLYOKE,MA,
695,4 HODGES ST,ATTLEBORO,MA,
696,550 SOUTH SUMMER ST,HOLYOKE,MA,
697,9-13 N EAST ST,HOLYOKE,MA,
698,"554,556,558 S SUMMER ST",HOLYOKE,MA,
699,"181 PARK ST, 561 S SUMMER ST, 18-20 HAMILTON ST",HOLYOKE,MA,
700,41 CHESTNUT ST,HOLYOKE,MA,
701,"338-352,449-461,464,464 MAIN ST; 71 SARGEANT ST; 36-40, 42, 74-78 CABOT ST",HOLYOKE,MA,
702,76 MAPLE ST,HOLYOKE,MA,
703,17 PECK ST,ATTLEBORO,MA,
704,298-304 CHESTNUT ST; 177-185 WEST ST; 82-82 1/2 PARK ST; 22-24 NORTHEAST ST; 44 LYMAN ST; 294-298 ELM ST; 527 SOUTH SUMMER ST; 532 SOUTH BRIDGE ST,HOLYOKE,MA,
705,137 SARGEANT ST,HOLYOKE,MA,
706,"16 CABOT, 576 S EAST ST, 527, 529,530, 534 S BRIDGE ST",HOLYOKE,MA,
707,"559-569 SCANAL ST; 12,16,23 SARGEANT ST",HOLYOKE,MA,
708,287 ESSEX ST,HOLYOKE,MA,
709,91 GEORGE ST,ATTLEBORO,MA,
710,348;48-52 FRANKLIN,HOLYOKE,MA,
711,233 WALNUT ST,HOLYOKE,MA,
712,360 1/2 TOKENEKE RD,HOLYOKE,MA,
713,98-106 HOPEDALE ST,HOPEDALE,MA,
714,110-120 HOPEDALE ST,HOPEDALE,MA,
715,DAVIS RD,HOPKINTON,MA,
716,* OLIVER LN,HOPKINTON,MA,
717,20 STAR LN,ATTLEBORO,MA,
718,4 GLEN RD,HUDSON,MA,
719,8 IRVING ST,HUDSON,MA,
720,BRIGHAM CR,HUDSON,MA,
721,49 WASHINGTON ST,HUDSON,MA,
722,22 LINCOLN ST,HUDSON,MA,
723,100 TOWER ST,HUDSON,MA,
724,9-11 ELLIS ST; 67-69 GARDEN ST,ATTLEBORO,MA,
725,11 LAKE ST,HUDSON,MA,
726,71 WASHINGTON ST,HUDSON,MA,
727,ATLANTIC HOUSE CT,HULL,MA,
728,24 PARK AVE,HULL,MA,
729,45 SOUTH MAIN ST,ATTLEBORO,MA,
730,1-24 SOUTHERN HEIGHTS,IPSWICH,MA,
731,2 AGAWAM VILLAGE,IPSWICH,MA,
732,1-6 COUNTY RD,IPSWICH,MA,
733,1-19 & 21-40 CAROLINE AVE,IPSWICH,MA,
734,CAROLINE AVE,IPSWICH,MA,
735,34 AGAWAM VILLAGE,IPSWICH,MA,
736,126 COUNTY RD,IPSWICH,MA,
737,35 CENTRAL ST,IPSWICH,MA,
738,165R PEMBROKE ST,KINGSTON,MA,
739,153 INDIAN POND RD,KINGSTON,MA,
740,23 EVERGREEN ST,KINGSTON,MA,
741,18 LAKE ST (14 CHIPMAN ST PER HUD),KINGSTON,MA,
742,65 DUCKET AVE,LAWRENCE,MA,
743,353 ELM ST,LAWRENCE,MA,
744,56 MELVIN ST,LAWRENCE,MA,
745,65 UNION ST,LAWRENCE,MA,
746,198 ESSEX ST,LAWRENCE,MA,
747,198 AMESBURY ST,LAWRENCE,MA,
748,10-16 BEDFORD ST,LAWRENCE,MA,
749,41 BERKELEY ST,LAWRENCE,MA,
750,30 BRADFORD ST,LAWRENCE,MA,
751,24-30 SUMMER ST,LAWRENCE,MA,
752,967 & 965 REED ST,ATTLEBORO,MA,
753,1 BEACON ST,LAWRENCE,MA,
754,598 HAVERHILL ST,LAWRENCE,MA,
755,188 GARDEN ST,LAWRENCE,MA,
756,45 CAMELIA TEOLI WAY,LAWRENCE,MA,
757,"18 & 20 BWY/469 & 475 DAISY,  24 KIRK ST, FAIRMONT  ST",LAWRENCE,MA,
758,599 CANAL ST,LAWRENCE,MA,
759,2 JACKSON ST,LAWRENCE,MA,
760,1101 HILLSIDE AVE,ATTLEBORO,MA,
761,"126-128, 138 FRANKLIN ST; 359 HAVERHILL ST",LAWRENCE,MA,
762,"330-332, 336-338, 356-358 HAVERHILL ST",LAWRENCE,MA,
763,334 HAVERHILL ST,LAWRENCE,MA,
764,260 HAVERHILL ST/SCATTERED SITES,LAWRENCE,MA,
765,490 HAMPSHIRE/ EXCHANGE/ ARLINGTON STS,LAWRENCE,MA,
766,238-240 WATER ST,LAWRENCE,MA,
767,189 MAPLE ST,LAWRENCE,MA,
768,26 GEORGE ST / 847 PARK ST,ATTLEBORO,MA,
769,191 MAPLE ST,LAWRENCE,MA,
770,193 MAPLE ST,LAWRENCE,MA,
771,11 SUMMER ST,LAWRENCE,MA,
772,"323-325 WATER ST; 1-9, 10-17 HOLT ST",LAWRENCE,MA,
773,155 MARBLE ST,LEE,MA,
774,185 MARBLE ST,LEE,MA,
775,150 LAUREL ST,LEE,MA,
776,46 RAILROAD ST/MAIN ST,LEE,MA,
777,100 PROSPECT ST,LEE,MA,
778,30 PLEASANT ST,LEICESTER,MA,
779,1073 MAIN ST,LEICESTER,MA,
780,1075 MAIN ST,LEICESTER,MA,
781,79 MULBERRY ST,LEICESTER,MA,
782,6 MAIN ST,LENOX,MA,
783,45 GOLDEN HILL RD,LENOX,MA,
784,11-13 CHURCH ST,LENOX,MA,
785,109 HOUSATONIC ST,LENOX,MA,
786,100 MAIN ST,LEOMINSTER,MA,
787,161 SPRUCE ST,LEOMINSTER,MA,
788,23 GEORGE ST,LEOMINSTER,MA,
789,"200 OXFORD ST, NORTH",AUBURN,MA,
790,6 AUSTIN ST,LEOMINSTER,MA,
791,"71 ADAMS, 54 PLEASANT & 175 MECHANIC STREETS (3 BLDGS)",LEOMINSTER,MA,
792,1-31 STATE ST,LEOMINSTER,MA,
793,25 GROVE AVE,LEOMINSTER,MA,
794,14 MAPLE DR,AUBURN,MA,
795,124 WATER ST,LEOMINSTER,MA,
796,42A TERRACE DR,LEOMINSTER,MA,
797,425 WOBURN ST,LEXINGTON,MA,
798,1-26 SHIRLEY ST,LEXINGTON,MA,
799,150 WALTHAM ST,LEXINGTON,MA,
800,87 HILL/27 TEWKSBURY,LEXINGTON,MA,
801,45 FOREST ST,LEXINGTON,MA,
802,100 LEXINGTON RIDGE RD,LEXINGTON,MA,
803,7 STEDMAN RD,LEXINGTON,MA,
804,42 GARFIELD ST,LEXINGTON,MA,
805,44 GARFIELD ST,LEXINGTON,MA,
806,46 GARFIELD ST,LEXINGTON,MA,
807,48 GARFIELD ST,LEXINGTON,MA,
808,50 GARFIELD ST,LEXINGTON,MA,
809,1 KATAHDIN DR,LEXINGTON,MA,
810,SPENCER ST,LEXINGTON,MA,
811,663 LOWELL ST,LEXINGTON,MA,
812,1475 MASSACHUSETTS AVE,LEXINGTON,MA,
813,314 BEDFORD ST,LEXINGTON,MA,
814,10 PELHAM RD,LEXINGTON,MA,
815,LINCOLN RD/ 50 WELLS RD,LINCOLN,MA,
816,19 SHATTUCK ST,LITTLETON,MA,
817,423 KING ST,LITTLETON,MA,
818,50 MILL RD,LITTLETON,MA,
819,500 NEWTOWN RD,LITTLETON,MA,
820,147 KING ST,LITTLETON,MA,
821,675 WILLIAMS ST/460 LONGMEADOW,LONGMEADOW,MA,
822,114 EMERSON RD,LONGMEADOW,MA,
823,832 CONVERSE ST,LONGMEADOW,MA,
824,1 FELLOWSHIP CR,AVON,MA,
825,97 BROOKWOOD DR,LONGMEADOW,MA,
826,422 MAPLE RD,LONGMEADOW,MA,
827,657 MERRIMACK ST,LOWELL,MA,
828,117-133 HIGH ST,LOWELL,MA,
829,"758-772 LAWRENCE ST, FAULKNER ST",LOWELL,MA,
830,735 BROADWAY ST,LOWELL,MA,
831,25-35 TEMPLE ST,LOWELL,MA,
832,18 POND ST,AYER,MA,
833,588 MARKET ST/OTHER STREETS,LOWELL,MA,
834,50 STACKPOLE ST,LOWELL,MA,
835,106 LIBERTY ST,LOWELL,MA,
836,62 COLONIAL AVE,LOWELL,MA,
837,111 HILDRETH ST,LOWELL,MA,
838,263 E MERRIMACK ST,LOWELL,MA,
839,285 NESMITH ST,LOWELL,MA,
840,51 LANE/106 LIBERTY/189 WALKER,LOWELL,MA,
841,40-58 DUBLIN ST,LOWELL,MA,
842,423-433 BROADWAY,LOWELL,MA,
843,440 HIGH ST,LOWELL,MA,
844,"140-142,148-150,154-156,160 ANDOVER ST; 43-51,55-57, 65 WILLOW ST 75,81-83,87-89,93 CHESTNUT ST",LOWELL,MA,
845,136 LAWRENCE ST,LOWELL,MA,
846,1010 CENTRAL ST/ 619 GORHAM ST,LOWELL,MA,
847,15 JAYCEE PL/ 22 BOWERS ST,LOWELL,MA,
848,375 AIKEN AVE,LOWELL,MA,
849,321 PAWTUCKET ST,LOWELL,MA,
850,83 (73?) MARKET ST; 8 MERRIMACK,LOWELL,MA,
851,441-449 MERRIMACK ST,LOWELL,MA,
852,100 MASSMILL DR/ 95 BRIDGE ST,LOWELL,MA,
853,200 MASSMILL DR/ 95 BRIDGE ST,LOWELL,MA,
854,128-A SETTLER RD/ 193 HILDRETH ST,LOWELL,MA,
855,227-273 FAYETTE ST,LOWELL,MA,
856,145 POST OFFICE SQ/ 1 RIVER PL,LOWELL,MA,
857,442-446 MERRIMACK ST,LOWELL,MA,
858,48-60 MIDDLESEX ST,LOWELL,MA,
859,111FORT HILL AVE,LOWELL,MA,
860,741 MERRIMACK ST/33 RACE ST?/170 FR MORISSETTE BLVD,LOWELL,MA,
861,94 ROCK ST,LOWELL,MA,
862,"223-225, 229-231, 237-239 PERRY ST",LOWELL,MA,
863,196 ROGERS ST,LOWELL,MA,
864,70-82 PRESCOTT ST,LOWELL,MA,
865,106 LUNDBERG ST,LOWELL,MA,
866,9-13 SHATTUCK ST,LOWELL,MA,
867,16 MIDDLE ST,LOWELL,MA,
868,186 SUFFOLK ST/404 FLETCHER ST/387-399 MARKET ST; 199-207 BROADWAY,LOWELL,MA,
869,22-24-37-39 WARE ST,LOWELL,MA,
870,1309-1371 PAWTUCKET BLVD/ 1262-1268 VARNUM AVE,LOWELL,MA,
871,39 CHESTNUT ST,LUDLOW,MA,
872,114 WILSON ST,LUDLOW,MA,
873,4 JENNIFER PATH,ACTON,MA,
874,92 CURWIN CR,LYNN,MA,
875,95 TREMONT ST,LYNN,MA,
876,174 SOUTH COMMON ST,LYNN,MA,
877,ESSEX-TILTON STS,LYNN,MA,
878,37 GREEN ST,LYNN,MA,
879,6 OLIVE ST,LYNN,MA,
880,39 SHEPARD ST/WARREN ST,LYNN,MA,
881,72 NEPTUNE ST,LYNN,MA,
882,104 SOUTH COMMON ST,LYNN,MA,
883,196 CHESTNUT ST,LYNN,MA,
884,198 CHESTNUT ST,LYNN,MA,
885,200 CHESTNUT ST,LYNN,MA,
886,202 CHESTNUT ST,LYNN,MA,
887,204 CHESTNUT ST,LYNN,MA,
888,206 CHESTNUT ST,LYNN,MA,
889,208 CHESTNUT ST,LYNN,MA,
890,210 CHESTNUT ST,LYNN,MA,
891,212 CHESTNUT ST,LYNN,MA,
892,214 CHESTNUT ST,LYNN,MA,
893,216 CHESTNUT ST,LYNN,MA,
894,498 ESSEX ST,LYNN,MA,
895, 105 BROAD ST,LYNN,MA,
896, 107 BROAD ST,LYNN,MA,
897,103 BROAD ST,LYNN,MA,
898,312-332 UNION ST,LYNN,MA,
899, 678 WASHINGTON ST,LYNN,MA,
900,7 LIBERTY SQ,LYNN,MA,
901,130 EASTERN AVE,LYNN,MA,
902,10 FARRAR ST,LYNN,MA,
903,147 WASHINGTON ST,LYNN,MA,
904,147 WASHINGTON ST/ WHITTIER ST/HANOVER ST,LYNN,MA,
905,BLOSSOM & NEPTUNE ST (18 ANDERSON LN),LYNN,MA,
906,NEPTUNE BLVD,LYNN,MA,
907,32 COMMERCIAL ST,LYNN,MA,
908,50 LYNNWAY,LYNN,MA,
909,429 WEST WASHINGTON ST,LYNN,MA,
910,65 MEMORIAL PK AVE,LYNN,MA,
911,26-28 COMMERCIAL ST,LYNN,MA,
912,7 WILLOW ST,LYNN,MA,
913,68 EAST MAIN ST,AYER,MA,
914,67 SILSBEE ST,LYNN,MA,
915,25 PLEASANT ST,LYNN,MA,
916,2 ROGERS AVE,LYNN,MA,
917,19 WILLOW ST,LYNN,MA,
918,189-199 LEWIS ST,LYNN,MA,
919,600 ROSS DR,LYNNFIELD,MA,
920,680 MAIN ST,LYNNFIELD,MA,
921,* PARTRIDGE LN,LYNNFIELD,MA,
922,500 OLD COLONY RD,BARNSTABLE,MA,
923,120 MOUNTAIN AVE,MALDEN,MA,
924,557 PLEASANT ST,MALDEN,MA,
925,630 SALEM ST,MALDEN,MA,
926,89 PEARL ST,MALDEN,MA,
927,275 NEWLAND ST,MALDEN,MA,
928,312 BYRANT ST,MALDEN,MA,
929,COLEMAN/WESCOTT,MALDEN,MA,
930,COLEMAN/HUNTING,MALDEN,MA,
931,FOREST/SYLVAN/KIMBALL,MALDEN,MA,
932,CLEMENT ST,MALDEN,MA,
933,SPRINGDALE/OLIVER,MALDEN,MA,
934,13 ROCKLAND AVE,MALDEN,MA,
935,14 CLEMENT ST,MALDEN,MA,
936,1- 7A LISBON ST/ BOWDOIN ST,MALDEN,MA,
937,1-7 LISBON ST,MALDEN,MA,
938,691 HIGHLAND AVE,MALDEN,MA,
939,510 MAIN ST,MALDEN,MA,
940,305 BROADWAY,MALDEN,MA,
941,360 CHARLES ST,MALDEN,MA,
942,36 DARTMOUTH ST,MALDEN,MA,
943,59 GREEN ST,MALDEN,MA,
944,195 PLEASANT ST,MALDEN,MA,
945,317 SALEM ST,MALDEN,MA,
946,144 LAWRENCE ST,MALDEN,MA,
947,370 SOUTH ST; 30 PINE ST,BARNSTABLE,MA,
948,192 PEARL ST,MALDEN,MA,
949,NEWPORT PARK RD,MANCHESTER,MA,
950,15 PARK ST,MANSFIELD,MA,
951,651 SOUTH  MAIN ST,MANSFIELD,MA,
952,12 BONNEY LN,MANSFIELD,MA,
953,53-54 FRANCIS AVE,MANSFIELD,MA,
954,"22,25,27,29,31 FRANCIS AVE",MANSFIELD,MA,
955,1-22 BARNARD HAWKES CT,MARBLEHEAD,MA,
956,1-57 BROUGHTON RD,MARBLEHEAD,MA,
957,1-38 POWDER HOUSE CT,MARBLEHEAD,MA,
958,1-32 GREEN STREET CT,MARBLEHEAD,MA,
959,65-112 NEW FARRELL CT,MARBLEHEAD,MA,
960,1-64 FARRELL CT,MARBLEHEAD,MA,
961,26 ROWLAND ST,MARBLEHEAD,MA,
962,58-72 NEW BROUGHTON RD,MARBLEHEAD,MA,
963,156 ELM ST,MARBLEHEAD,MA,
964,366 DELANO RD,MARION,MA,
965,29 PLEASANT ST,MARLBORO,MA,
966,397 BOLTON ST,MARLBORO,MA,
967,240 MAIN ST,MARLBORO,MA,
968,20 FRONT ST,MARLBORO,MA,
969,78 PLEASANT ST,BARNSTABLE,MA,
970,271 BOSTON POST RD,MARLBORO,MA,
971,118 HIGH SCHOOL RD,BARNSTABLE,MA,
972,35 HIGH ST,MARLBORO,MA,
973,22 BROAD ST,MARLBORO,MA,
974,55 HOWLAND ST,MARLBORO,MA,
975,450-460 BOSTON POST RD,MARLBORO,MA,
976,235 PLEASANT ST,MARLBORO,MA,
977,90 ONAMOG ST,MARLBORO,MA,
978,496-498 LINCOLN ST,MARLBORO,MA,
979,57 MECHANIC ST,MARLBORO,MA,
980,153 MECHANIC ST,MARLBORO,MA,
981,120 PROSPECT ST,MARLBORO,MA,
982,370 HEMENWAY ST,MARLBORO,MA,
983,420 HEMENWAY ST,MARLBORO,MA,
984,25 STEVENS ST,MARLBORO,MA,
985,21 AUSTEN WAY,MARLBORO,MA,
986,101 BOSTON POST RD E,MARLBORO,MA,
987,103 BOSTON POST RD E,MARLBORO,MA,
988,105 BOSTON POST RD E,MARLBORO,MA,
989,107 BOSTON POST RD E,MARLBORO,MA,
990,109 BOSTON POST RD E,MARLBORO,MA,
991,111 BOSTON POST RD E,MARLBORO,MA,
992,113 BOSTON POST RD E,MARLBORO,MA,
993,115 BOSTON POST RD E,MARLBORO,MA,
994,117 BOSTON POST RD E,MARLBORO,MA,
995,119 BOSTON POST RD E,MARLBORO,MA,
996,81 BOSTON POST RD E,MARLBORO,MA,
997,83 BOSTON POST RD E,MARLBORO,MA,
998,85 BOSTON POST RD E,MARLBORO,MA,
999,87 BOSTON POST RD E,MARLBORO,MA,
1000,89 BOSTON POST RD E,MARLBORO,MA,
1001,91 BOSTON POST RD E,MARLBORO,MA,
1002,93 BOSTON POST RD E,MARLBORO,MA,
1003,95 BOSTON POST RD E,MARLBORO,MA,
1004,97 BOSTON POST RD E,MARLBORO,MA,
1005,99 BOSTON POST RD E,MARLBORO,MA,
1006,17 TEA ROCK GARDENS,MARSHFIELD,MA,
1007,135 MAIN ST,MARSHFIELD,MA,
1008, 26 TEA ROCK GARDENS,MARSHFIELD,MA,
1009,24 TEA ROCK GARDENS,MARSHFIELD,MA,
1010,25 TEA ROCK GARDENS,MARSHFIELD,MA,
1011,27 TEA ROCK GARDENS,MARSHFIELD,MA,
1012,28 TEA ROCK GARDENS,MARSHFIELD,MA,
1013,656 HOLLY RD,MARSHFIELD,MA,
1014,12 FRESH BROOK WAY,MARSHFIELD,MA,
1015,3 FRESH BROOK WAY,MARSHFIELD,MA,
1016,4 FRESH BROOK WAY,MARSHFIELD,MA,
1017,5 FRESH BROOK WAY,MARSHFIELD,MA,
1018,6 FRESH BROOK WAY,MARSHFIELD,MA,
1019,8 FRESH BROOK WAY,MARSHFIELD,MA,
1020,40 PARSONAGE ST,MARSHFIELD,MA,
1021,900 MARINER'S HILL DR,MARSHFIELD,MA,
1022,1554 OCEAN ST,MARSHFIELD,MA,
1023,1520 OCEAN ST,MARSHFIELD,MA,
1024,8 DONEGAL CR,BARNSTABLE,MA,
1025,300 FALMOUTH RD,MASHPEE,MA,
1026,1 WAMPANOAG DRIVE & ROUTE 151,MASHPEE,MA,
1027,1-2 ACUSHNET RD,MATTAPOISETT,MA,
1028,DAWN RD,MAYNARD,MA,
1029,15 CONCORD ST CR,MAYNARD,MA,
1030,15 POWDER HILL CR,MAYNARD,MA,
1031,81 ACTON ST,MAYNARD,MA,
1032,17 ROOSEVELT ST,MAYNARD,MA,
1033,208 GREAT RD,MAYNARD,MA,
1034,317 DAWN RD,MAYNARD,MA,
1035,30 POUND ST,MEDFIELD,MA,
1036,WILKINS GLEN RD,MEDFIELD,MA,
1037,15 CANAL ST,MEDFORD,MA,
1038,121 RIVERSIDE AVE,MEDFORD,MA,
1039,22 ALLSTON ST,MEDFORD,MA,
1040,RIVERSIDE/ROCKWELL/FOSTER COURT/LIGHT GUARD,MEDFORD,MA,
1041,WALKLING CT,MEDFORD,MA,
1042,35 BRADLEE RD,MEDFORD,MA,
1043,FOSTER CT,MEDFORD,MA,
1044,4-6 ASHLAND ST,MEDFORD,MA,
1045,42 WATER ST,MEDFORD,MA,
1046,3600 MYSTIC VALLEY PKY,MEDFORD,MA,
1047,99 RIVERSIDE AVE,MEDFORD,MA,
1048,81 WOLCOTT ST,MEDFORD,MA,
1049,196-198 FELLSWAY WEST,MEDFORD,MA,
1050,MAPLE LN,MEDWAY,MA,
1051,MAHAN CR,MEDWAY,MA,
1052,248 VILLAGE ST,MEDWAY,MA,
1053,KENNEY DR,MEDWAY,MA,
1054,LOVERING HTS,MEDWAY,MA,
1055,1 NASON DR,MELROSE,MA,
1056,910 MAIN ST,MELROSE,MA,
1057,165 TRENTON ST,MELROSE,MA,
1058,499 LEBANON ST,MELROSE,MA,
1059,919 MAIN ST,MELROSE,MA,
1060,42 OTIS ST,MELROSE,MA,
1061,235 W WYOMING AVE,MELROSE,MA,
1062,200 WEST FOSTER ST,MELROSE,MA,
1063,80 GROVE ST,MELROSE,MA,
1064,101 COTTAGE ST,MELROSE,MA,
1065,52 MIDDLE ST,MERRIMAC,MA,
1066,25 JADE ST,METHUEN,MA,
1067,36 OAKLAND AVE,METHUEN,MA,
1068,101 BROADWAY,METHUEN,MA,
1069,22 MYSTIC AVE,METHUEN,MA,
1070,47 CEDAR ST,BARNSTABLE,MA,
1071,28 HAVERHILL ST,METHUEN,MA,
1072,601 LOWELL ST,METHUEN,MA,
1073,36 1/2 OAKLAND AVE,METHUEN,MA,
1074,19 MYSTIC ST,METHUEN,MA,
1075,171-174 EAST ST,METHUEN,MA,
1076,9 PARK AVE,BARNSTABLE,MA,
1077,20 CALUMET RD,METHUEN,MA,
1078,51 OSGOOD ST,METHUEN,MA,
1079,10 INGALLS CT,METHUEN,MA,
1080,10-12 BURNHAM RD,METHUEN,MA,
1081,1 RIVERVIEW BLVD,METHUEN,MA,
1082,222 PELHAM ST,METHUEN,MA,
1083,8 BENTON ST,MIDDLEBORO,MA,
1084,12 SOUTH MAIN ST,MIDDLEBORO,MA,
1085,15 CENTRE ST,MIDDLEBORO,MA,
1086,89 EAST GROVE ST,MIDDLEBORO,MA,
1087,168 BARNSTABLE RD,BARNSTABLE,MA,
1088,23 TAUNTON ST,MIDDLEBORO,MA,
1089,ORCHARD CR,MIDDLETON,MA,
1090,MEMORIAL DR (OR LOCUST ST),MIDDLETON,MA,
1091,59 NORTH MAIN ST,MIDDLETON,MA,
1092,MAHER CT,MILFORD,MA,
1093,LUBY AVE,MILFORD,MA,
1094,FAIRFIELD CT,MILFORD,MA,
1095,GREENLEAF TR,MILFORD,MA,
1096,148 WEST MAIN ST,BARNSTABLE,MA,
1097,BIRMINGHAM CT,MILFORD,MA,
1098,WILLOW CT,MILFORD,MA,
1099,VICKI LN,MILFORD,MA,
1100,ROLLING GREEN DR,MILFORD,MA,
1101,95 ELM ST,MILLBURY,MA,
1102,30 MAIN ST;  IYANOUGH VILLAGE UNIT 12B,BARNSTABLE,MA,
1103,10 COLONIAL DR,MILLBURY,MA,
1104,2 PEARL ST,MILLBURY,MA,
1105,310 EXCHANGE ST,MILLIS,MA,
1106,411 UNION ST,MILLIS,MA,
1107,6-24 DANIELS ST,MILLIS,MA,
1108,* HERITAGE PATH,MILLIS,MA,
1109,71 SHAW AVE,ABINGTON,MA,
1110,979 FALMOUTH RD,BARNSTABLE,MA,
1111,65 MILLER AVE,MILTON,MA,
1112,121 CENTRAL AVE,MILTON,MA,
1113,753 BLUE HILL AVE,MILTON,MA,
1114,TUCKER ST,MILTON,MA,
1115,30 CURTIS RD,MILTON,MA,
1116,HIGHLAND & CANTON AVES,MILTON,MA,
1117,600 CANTON AVE,MILTON,MA,
1118,50 COLONIAL VILLAGE,MONSON,MA,
1119,5 LOWER HAMPDEN RD,MONSON,MA,
1120,39 STATE ST,MONSON,MA,
1121,70 MAIN ST,MONSON,MA,
1122,446 MILLERS FALLS RD,MONTAGUE,MA,
1123,328 CENTERVILLE AVE,BARNSTABLE,MA,
1124,"152,118,175 AVE A, 11-19, 18,25 4TH STS",MONTAGUE,MA,
1125,SPRING/EMERALD ROADS,NAHANT,MA,
1126,194 NAHANT RD,NAHANT,MA,
1127,22-30 GREYSTONE RD,NAHANT,MA,
1128,3 MANTA DR,NANTUCKET,MA,
1129,144 ORANGE ST,NANTUCKET,MA,
1130,CURVE/HIGH STS,NATICK,MA,
1131,CEDAR TR,NATICK,MA,
1132,4 COTTAGE ST,NATICK,MA,
1133,72 SOUTH MAIN ST,NATICK,MA,
1134,17 & 18 WEST HILL PARK,NATICK,MA,
1135,201 POND ST,NATICK,MA,
1136, 1 WESTVIEW,NATICK,MA,
1137, 2 HUNTER HILL ST,NATICK,MA,
1138, 6 PLAIN ST,NATICK,MA,
1139,106-108 PONDST,NATICK,MA,
1140,11 SCHOOL ST,NATICK,MA,
1141,13 SCHOOL ST,NATICK,MA,
1142,15 SCHOOL ST,NATICK,MA,
1143,17 SCHOOL ST,NATICK,MA,
1144,5 SCHOOL ST,NATICK,MA,
1145,7 SCHOOL ST,NATICK,MA,
1146,9 SCHOOL ST,NATICK,MA,
1147,1 WEST HILL PARK,NATICK,MA,
1148,10 WEST HILL PARK,NATICK,MA,
1149,11 WEST HILL PARK,NATICK,MA,
1150,12 WEST HILL PARK,NATICK,MA,
1151,13 WEST HILL PARK,NATICK,MA,
1152,14 WEST HILL PARK,NATICK,MA,
1153,15 WEST HILL PARK,NATICK,MA,
1154,16 WEST HILL PARK,NATICK,MA,
1155,2 WEST HILL PARK,NATICK,MA,
1156,3 WEST HILL PARK,NATICK,MA,
1157,4 WEST HILL PARK,NATICK,MA,
1158,5 WEST HILL PARK,NATICK,MA,
1159,6 WEST HILL PARK,NATICK,MA,
1160,7 WEST HILL PARK,NATICK,MA,
1161,8 WEST HILL PARK,NATICK,MA,
1162,9 WEST HILL PARK,NATICK,MA,
1163,8 NATICK VILLAGE WAY,NATICK,MA,
1164,MILL ST,NATICK,MA,
1165,12-13 WALNUT ST,NATICK,MA,
1166,SEABEDS WAY/CAPT ROBT COOK DR,NEEDHAM,MA,
1167,YURICK/FAIRVIEW/LINDEN/MEMORIAL/MURPHY/SUMMIT/HIGH ROCK,NEEDHAM,MA,
1168,940 WEST MAIN ST,BARNSTABLE,MA,
1169,138-158 LINDEN ST,NEEDHAM,MA,
1170,166-188 LINDEN ST,NEEDHAM,MA,
1171,15-42 CHAMBERS ST,NEEDHAM,MA,
1172,1415 GREAT PLAIN AVE,NEEDHAM,MA,
1173,111 HIGHLAND AVE,NEEDHAM,MA,
1174,262 MARKED TREE RD,NEEDHAM,MA,
1175,1035 CENTRAL AVE,NEEDHAM,MA,
1176,929 WEBSTER ST,NEEDHAM,MA,
1177,299 WEBSTER ST,NEEDHAM,MA,
1178,98 PLEASANT ST,BARNSTABLE,MA,
1179,134 SOUTH SECOND ST,NEW BEDFORD,MA,
1180,"52 WALKER, HARVARD, HATHAWAY RD, HIGHLAND, MALDEN, SHAWMUT AVE, YALE STS",NEW BEDFORD,MA,
1181,525 COGGESHALL ST/ 95A PECKHAM,NEW BEDFORD,MA,
1182,"159 FILMORE ST, MT PLEASANT, MYRTLE, MONROE, VAN BUREN STS",NEW BEDFORD,MA,
1183,550 LINCOLN ROAD EXTENSION,BARNSTABLE,MA,
1184,725 PLEASANT ST,NEW BEDFORD,MA,
1185,12 RUTH ST,NEW BEDFORD,MA,
1186,153-154 SOUTH SECOND ST,NEW BEDFORD,MA,
1187,1068 & 1070 MT PLEASANT ST,NEW BEDFORD,MA,
1188,52 & 54 RICHMOND ST; LOFTUS & CHURCH ST,NEW BEDFORD,MA,
1189,"353-361 SAWYER; CHURCH, BOURNE",NEW BEDFORD,MA,
1190,742 SHAWMUT AVE,NEW BEDFORD,MA,
1191,"2-12, 18-20 AUSTIN CT; 1311-1315, 1321-1327 PLEASANT ST",NEW BEDFORD,MA,
1192,"112, 116 PLEASANT ST; 111 ACUSHNET AVE; 153-155 BLACKMER ST",NEW BEDFORD,MA,
1193,379 COUNTY ST,NEW BEDFORD,MA,
1194,280-282 ACUSHNET AVE,NEW BEDFORD,MA,
1195,790 BROCK AVE,NEW BEDFORD,MA,
1196,"6-20 HAZARD CT, 1-7 AUSTIN CT",NEW BEDFORD,MA,
1197,319 KEMPTON/SUMMER ST/(276 COTTAGE ST?),NEW BEDFORD,MA,
1198,101 NYE ST,NEW BEDFORD,MA,
1199,850 PLEASANT ST,NEW BEDFORD,MA,
1200,63 PINE ST,BARNSTABLE,MA,
1201,1074 PLEASANT ST,NEW BEDFORD,MA,
1202,347 PLEASANT ST,NEW BEDFORD,MA,
1203,800 PLEASANT ST,NEW BEDFORD,MA,
1204,"7, 8, 8R, 23 ROOSEVELT ST",NEW BEDFORD,MA,
1205,"22, 40, 49 ROOSEVELT ST",NEW BEDFORD,MA,
1206,858 & 862 SOUTH FIRST ST,NEW BEDFORD,MA,
1207,211-217 DEANE ST,NEW BEDFORD,MA,
1208,1959 PURCHASE ST,NEW BEDFORD,MA,
1209,1851 PURCHASE ST,NEW BEDFORD,MA,
1210,1168 ACUSHNET AVE,NEW BEDFORD,MA,
1211,398 UNION ST,NEW BEDFORD,MA,
1212,99 ACUSHNET AV/ 347 SOUTH 2ND ST; 163 WALNUT ST; 9 BEDFORD ST; 68 SOUTH ST,NEW BEDFORD,MA,
1213,717 COUNTY,NEW BEDFORD,MA,
1214,20 WILLIS ST,NEW BEDFORD,MA,
1215,"2,4 HAZARD CT;172-191 STATE ST; 9-19 AUSTIN CT",NEW BEDFORD,MA,
1216,115 MAIN ST,NEWBURY,MA,
1217,93 STOREY AVE,NEWBURYPORT,MA,
1218,32 LOW ST,NEWBURYPORT,MA,
1219,720 PITCHERS WAY,BARNSTABLE,MA,
1220,1 CHARLES ST,NEWBURYPORT,MA,
1221,674-690 WATERTOWN ST,NEWTON,MA,
1222,111 JF KENNEDY CR,NEWTON,MA,
1223,46 ASH ST,NEWTON,MA,
1224,21 PARKER ST,NEWTON,MA,
1225,FLORENCE ST,NEWTON,MA,
1226,234 CENTRAL ST,NEWTON,MA,
1227,76 THURSTON ST,NEWTON,MA,
1228,541 GROVE ST,NEWTON,MA,
1229,239 WATERTOWN ST,NEWTON,MA,
1230,82 LINCOLN ST,NEWTON,MA,
1231,14 WILSON ST,NEWTON,MA,
1232,181 OAK ST & CHESTNUT ST,NEWTON,MA,
1233,21 BONTEMPO RD,NEWTON,MA,
1234, 22 MUNROE ST,NEWTON,MA,
1235, 24 MUNROE ST,NEWTON,MA,
1236, 278 NEWTONVILLE AVE,NEWTON,MA,
1237,276 NEWTONVILLE AVE,NEWTON,MA,
1238,"276-278 NEWTONVILLE AVE, 22-24 MUNROE ST",NEWTON,MA,
1239,601 WINCHESTER ST,NEWTON,MA,
1240,677 WINCHESTER ST,NEWTON,MA,
1241,195 SUMNER ST,NEWTON,MA,
1242,538 CALIFORNIA ST,NEWTON,MA,
1243,390 NEWTONVILLE AVE,NEWTON,MA,
1244, 20 COYNE RD,NEWTON,MA,
1245, 22 COYNE RD,NEWTON,MA,
1246,18 COYNE RD,NEWTON,MA,
1247,18-22 COYNE RD,NEWTON,MA,
1248, 38 CRESCENT ST,NEWTON,MA,
1249, 40 CRESCENT ST,NEWTON,MA,
1250,36 CRESCENT ST,NEWTON,MA,
1251,36-48 CRESCENT ST,NEWTON,MA,
1252,42 CRESCENT ST,NEWTON,MA,
1253,44 CRESCENT ST,NEWTON,MA,
1254,46 CRESCENT ST,NEWTON,MA,
1255,48 CRESCENT ST,NEWTON,MA,
1256,14 NONANTUM PL,NEWTON,MA,
1257,160 STANTON AVE,NEWTON,MA,
1258,27-80 HAMLET ST,NEWTON,MA,
1259,430 CENTRE  ST,NEWTON,MA,
1260,1751 WASHINGTON ST,NEWTON,MA,
1261,32-50 PINE ST,NEWTON,MA,
1262,14 NEWTONVILLE AVE,NEWTON,MA,
1263,2281 WASHINGTON ST,NEWTON,MA,
1264,88 CHESTNUT ST,NEWTON,MA,
1265,1600 WASHINGTON ST,NEWTON,MA,
1266,7 HEREWARD RD,NEWTON,MA,
1267,276 CHURCH ST,NEWTON,MA,
1268,228 WEBSTER ST,NEWTON,MA,
1269,40 ORCHARD AVE WEST,NEWTON,MA,
1270,117 OSBOURNE PATH,NEWTON,MA,
1271,33 ROCKWOOD RD,NORFOLK,MA,
1272,ARNOLD RD,NORFOLK,MA,
1273,150 ASHLAND ST,NORTH ADAMS,MA,
1274,"48 ANGEL, SPERRY, LINCOLN, GREYLOCK, SUTTON, SULLIVAN, ISBELL  STS",NORTH ADAMS,MA,
1275,45 SPRING ST,NORTH ADAMS,MA,
1276,85-178 BARBOUR ST,NORTH ADAMS,MA,
1277,611 STATE RD,NORTH ADAMS,MA,
1278,201 MOHAWK TRAIL,NORTH ADAMS,MA,
1279,85 EAGLE ST,NORTH ADAMS,MA,
1280,"176 UNION, 8-10 RAND ST",NORTH ADAMS,MA,
1281,93 PLEASANT ST,BARNSTABLE,MA,
1282,22 S WASHINGTON ST,NORTH ATTLEBORO,MA,
1283,103 HOPE ST,NORTH ATTLEBORO,MA,
1284,271 MAIN ST,NORTH BROOKFIELD,MA,
1285,24 GROVE ST,NORTH BROOKFIELD,MA,
1286,67 WARD ST,NORTH BROOKFIELD,MA,
1287,301 WEST MAIN ST,BARNSTABLE,MA,
1288,PEABODY CT,NORTH READING,MA,
1289,53 SWAN POND RD,NORTH READING,MA,
1290,333 PARK ST,NORTH READING,MA,
1291,178 FLORENCE RD,NORTHAMPTON,MA,
1292,49 OLD SOUTH ST,NORTHAMPTON,MA,
1293,241 JACKSON ST,NORTHAMPTON,MA,
1294,35 FRUIT ST,NORTHAMPTON,MA,
1295,137 HIGH ST,NORTHAMPTON,MA,
1296,81 CONZ  ST,NORTHAMPTON,MA,
1297,256 STATE ST,NORTHAMPTON,MA,
1298,56 MAPLE ST; FLORENCE ST,NORTHAMPTON,MA,
1299,96 BRIDGE ST,NORTHAMPTON,MA,
1300,79 MICHELMAN AVE,NORTHAMPTON,MA,
1301,17 NORTH MAPLE ST,NORTHAMPTON,MA,
1302,82 BRIDGE ST,NORTHAMPTON,MA,
1303,125 PLEASANT ST,NORTHAMPTON,MA,
1304,71 PLEASANT ST,BARNSTABLE,MA,
1305,491 BRIDGE RD,NORTHAMPTON,MA,
1306,71 STATE ST/40 STODDARD ST,NORTHAMPTON,MA,
1307,720 PITCHER WAY,BARNSTABLE,MA,
1308,152 E MAIN ST,NORTHBORO,MA,
1309,26 VILLAGE DR,NORTHBORO,MA,
1310,3 CENTRE DR,NORTHBORO,MA,
1311,1-36 INTERVALE FARM RD,NORTHBORO,MA,
1312,59 MAIN ST,NORTHBORO,MA,
1313,1-24 HITCHING POST LN,NORTHBORO,MA,
1314,99 SUTTON ST,NORTHBRIDGE,MA,
1315,17&23  DOUGLAS RD; 10 LINWOOD AVE,NORTHBRIDGE,MA,
1316,49-59 D ST,NORTHBRIDGE,MA,
1317,"4-6,12-14,18-20 MCBRIDE ST, 37-47 TAFT ST",NORTHBRIDGE,MA,
1318,63 SCHOOL ST,NORTHBRIDGE,MA,
1319,2 CHESTNUT ST,NORTHBRIDGE,MA,
1320,88 MAIN ST,NORTHFIELD,MA,
1321,90 MAIN ST,NORTHFIELD,MA,
1322,120 W MAIN ST,NORTON,MA,
1323,156 TAUNTON AVE,NORTON,MA,
1324,1 NORTON GLEN RD,NORTON,MA,
1325,399 WASHINGTON ST,NORWELL,MA,
1326,27 ASSINIPPI AVE,NORWELL,MA,
1327,BROOKVIEW CR,NORWOOD,MA,
1328,ROOSEVELT AVE & JEFFERSON DR,NORWOOD,MA,
1329,40 WILLIAM SHYNE CR,NORWOOD,MA,
1330,NAHATAN ST,NORWOOD,MA,
1331,ADAMS ST/RAILROAD/WILLOW,NORWOOD,MA,
1332,13 ST GEORGE ST,NORWOOD,MA,
1333,18 CLAPBOARDTREE ST,NORWOOD,MA,
1334,WILSON & WALPOLE ST,NORWOOD,MA,
1335,50 VILLAGE RD,OAK BLUFFS,MA,
1336,200 E RIVER ST,ORANGE,MA,
1337,36 CONGRESS ST,ORANGE,MA,
1338,100-108 EAST MAIN ST,ORANGE,MA,
1339,120 OAK LAWN AVE,ORANGE,MA,
1340,66-68 WEST RIVER ST,ORANGE,MA,
1341,419 E RIVER RD/ HASTINGS FARM,ORANGE,MA,
1342,383 EAST RIVER ST,ORANGE,MA,
1343,94 HOPKINS LN,ORLEANS,MA,
1344,181 MAIN ST,ORLEANS,MA,
1345,53 MEETINGHOUSE RD,ORLEANS,MA,
1346,71 CANAL RD,ORLEANS,MA,
1347,3 TONSET RD,ORLEANS,MA,
1348,9 MAIN ST,ORLEANS,MA,
1349,23 WHEELOCK ST,OXFORD,MA,
1350,4216 MAIN ST,PALMER,MA,
1351,TANNERS CT,PEABODY,MA,
1352,VETERANS MEMORIAL DR,PEABODY,MA,
1353,BRESHNAHAN ST,PEABODY,MA,
1354,CONNOLLY TR,PEABODY,MA,
1355,EASTMAN PARK,PEABODY,MA,
1356,103 CENTRAL ST,PEABODY,MA,
1357,ROCKDALE PARK,PEABODY,MA,
1358,75 CENTRAL ST,PEABODY,MA,
1359,77 CENTRAL ST,PEABODY,MA,
1360,79 CENTRAL ST,PEABODY,MA,
1361,WILSON TR,PEABODY,MA,
1362,509 LOWELL ST,PEABODY,MA,
1363,347 LOWELL ST,PEABODY,MA,
1364,349 LOWELL ST,PEABODY,MA,
1365,59 ANDOVER DR,PEABODY,MA,
1366,GOLDBERG RD,PEABODY,MA,
1367,JACOB ST,PEABODY,MA,
1368,20 CENTRAL ST,PEABODY,MA,
1369,154 NEWBURY ST,PEABODY,MA,
1370,31 REED RD,PEABODY,MA,
1371,18 WALNUT ST,PEABODY,MA,
1372,12 CROWNINSHIELD ST,PEABODY,MA,
1373,18 CROWNINSHIELD ST,PEABODY,MA,
1374,98 CENTRAL ST,PEABODY,MA,
1375,ANDOVER ST,PEABODY,MA,
1376,* REDBERRY LN,PEABODY,MA,
1377,62 LYDIA FORD RD,PEMBROKE,MA,
1378,490 CENTER ST,PEMBROKE,MA,
1379,* REDWOOD CIR,PEMBROKE,MA,
1380,34 ELLIOT ST,PEMBROKE,MA,
1381,4 FOSTER ST,PEPPERELL,MA,
1382,8 FOSTER ST,PEPPERELL,MA,
1383,68 GROTON ST,PEPPERELL,MA,
1384,22-24 TUCKER ST,PEPPERELL,MA,
1385,65 COLUMBUS AVE,PITTSFIELD,MA,
1386,253 WAHCONAH ST,PITTSFIELD,MA,
1387,10 FRANCIS ST,PITTSFIELD,MA,
1388,240 FRANCIS AVE,PITTSFIELD,MA,
1389,379 EAST ST,PITTSFIELD,MA,
1390,193 ELBERON AVE,PITTSFIELD,MA,
1391,335 WAHCONAH ST,PITTSFIELD,MA,
1392,255 COLUMBUS AVE,PITTSFIELD,MA,
1393,135 SECOND ST,PITTSFIELD,MA,
1394,161 BRADFORD ST,PITTSFIELD,MA,
1395,21-23 KENT AVE,PITTSFIELD,MA,
1396,28 FIRST ST,PITTSFIELD,MA,
1397,3 ROSTONE PL,PITTSFIELD,MA,
1398,35 LINDEN ST,PITTSFIELD,MA,
1399,39 LINDEN ST,PITTSFIELD,MA,
1400,85 LINDEN ST,PITTSFIELD,MA,
1401,193 WENDELL AVE,PITTSFIELD,MA,
1402,176 COLUMBUS AVE,PITTSFIELD,MA,
1403,31 BRADFORD ST,PITTSFIELD,MA,
1404,99 SECOND ST/10 UNION ST,PITTSFIELD,MA,
1405,206 FRANCIS ST,PITTSFIELD,MA,
1406,41 APRIL LN,PITTSFIELD,MA,
1407,350 WEST ST,PITTSFIELD,MA,
1408,200 FRANCIS AVE,PITTSFIELD,MA,
1409,244 MAIN ST,ACTON,MA,
1410,246 MAIN ST,ACTON,MA,
1411,248 MAIN ST,ACTON,MA,
1412,1 MCLAUGHLIN PL,PITTSFIELD,MA,
1413,467 CRANE AVE,PITTSFIELD,MA,
1414,341 WEST ST,PITTSFIELD,MA,
1415,184-186 BRADFORD ST,PITTSFIELD,MA,
1416,1450 NORTH ST,PITTSFIELD,MA,
1417,7 TAUNTON ST,PLAINVILLE,MA,
1418,23 PRINCE ST,PLYMOUTH,MA,
1419,128 COURT ST,PLYMOUTH,MA,
1420,105 SOUTH ST,PLYMOUTH,MA,
1421,2512 HIGHLAND TR,PLYMOUTH,MA,
1422,165 COUNTY RD,PLYMPTON,MA,
1423,13 BOYLSTON AVE,PRINCETON,MA,
1424,44 HARRY KEMP WAY,PROVINCETOWN,MA,
1425,27A CONWELL ST,PROVINCETOWN,MA,
1426,214 BRADFORD ST,PROVINCETOWN,MA,
1427,35 CONWELL ST (AKA 35 HENSCHE LANE),PROVINCETOWN,MA,
1428,24 CAPTAIN BERTIE'S WAY,PROVINCETOWN,MA,
1429,73 BICKNELL ST,QUINCY,MA,
1430,109 CURTIS AVE,QUINCY,MA,
1431,146 RUGGLES LN,BARRE,MA,
1432,170 COPELAND ST,QUINCY,MA,
1433,95 MARTENSEN ST,QUINCY,MA,
1434,80 CLAY ST,QUINCY,MA,
1435,215 SAFFORD ST,QUINCY,MA,
1436,267 WATER ST,QUINCY,MA,
1437,75 SOUTH ST,QUINCY,MA,
1438,39 MAIN ST,BARRE,MA,
1439,93 CURTIS ST,QUINCY,MA,
1440,6-8 MECHANIC ST,QUINCY,MA,
1441,540 HANCOCK ST,QUINCY,MA,
1442,125 GRANITE ST,QUINCY,MA,
1443,25 SCHOOL ST,QUINCY,MA,
1444,20 RAILROAD AVE,BEDFORD,MA,
1445,10 WINTER ST,QUINCY,MA,
1446,57 REVERE RD,QUINCY,MA,
1447,1000 SOUTHERN ARTERY,QUINCY,MA,
1448,8-10 ROCKVIEW RD,QUINCY,MA,
1449,50-56 SPEAR ST,QUINCY,MA,
1450,45 BRACKETT ST,QUINCY,MA,
1451,191 BURGIN PKWY,QUINCY,MA,
1452,310 WATER ST,QUINCY,MA,
1453,91 CLAY ST,QUINCY,MA,
1454,58-62 WINTER ST,QUINCY,MA,
1455,25 BRIDLE PATH CR,RANDOLPH,MA,
1456,12 DUNSTER RD,BEDFORD,MA,
1457,640 NORTH MAIN ST,RANDOLPH,MA,
1458,100 LIBERTY PL,RANDOLPH,MA,
1459,18 PROSPECT ST,RANDOLPH,MA,
1460,75 MILL ST,RAYNHAM,MA,
1461,587 KING ST,RAYNHAM,MA,
1462,1-120 MEADOW DR (SOUTH ST EAST),RAYNHAM,MA,
1463,36 THIELS WAY,RAYNHAM,MA,
1464,75 WARREN STREET WEST,RAYNHAM,MA,
1465,133 MILL ST,RAYNHAM,MA,
1466,26 GARFIELD ST,ACUSHNET,MA,
1467,74 BANCROFT AVE,READING,MA,
1468,OAKLAND & WAVERLY,READING,MA,
1469,2 ELDERBERRY LN,READING,MA,
1470,6 PITMAN DR,READING,MA,
1471,75 PEARL ST,READING,MA,
1472,455 OLD BILLERICA RD,BEDFORD,MA,
1473,50 BAY STATE RD,READING,MA,
1474,40 SANBORN ST,READING,MA,
1475,260 CUSHMAN AVE,REVERE,MA,
1476,41 EVERETT AVE,BELCHERTOWN,MA,
1477,50 WALNUT AVE,REVERE,MA,
1478,47 NAHANT AVE,REVERE,MA,
1479,51 NAHANT AVE,REVERE,MA,
1480,53 NAHANT AVE,REVERE,MA,
1481,55 NAHANT AVE,REVERE,MA,
1482,104 BROADWAY,REVERE,MA,
1483,45 STATE/ 95 GEORGE HANNUM RD,BELCHERTOWN,MA,
1484, 154 BRADSTREET AVE,REVERE,MA,
1485,95 CRESCENT AVE,REVERE,MA,
1486,250 BROADWAY,REVERE,MA,
1487,14 VICTORIA ST,REVERE,MA,
1488,235 REVERE ST,REVERE,MA,
1489,420 REVERE BEACH BLVD,REVERE,MA,
1490,68 EAST WALNUT ST,BELCHERTOWN,MA,
1491,105-115 MARKET ST,ROCKLAND,MA,
1492,MEMORIAL DR (MARTHA DR&HANNAH WAY),ROCKLAND,MA,
1493,13 CURTIS ST,ROCKPORT,MA,
1494,55 NORTH MAIN ST,BELCHERTOWN,MA,
1495,KITEFIELD RD,ROCKPORT,MA,
1496,4 BROADWAY,ROCKPORT,MA,
1497,277 HAVERHILL ST,ROWLEY,MA,
1498,121 NORTH MAIN ST,BELCHERTOWN,MA,
1499,106 MAIN ST,RUTLAND,MA,
1500,11 MEMORIAL DR,RUTLAND,MA,
1501,290 ESSEX ST,SALEM,MA,
1502,5 BARTON SQ,SALEM,MA,
1503,27 CHARTER ST,SALEM,MA,
1504,3 BROAD ST,SALEM,MA,
1505,205 BRIDGE ST,SALEM,MA,
1506,45 ST PETER ST,SALEM,MA,
1507,86 ESSEX ST,SALEM,MA,
1508,100 LAFAYETTE ST,SALEM,MA,
1509,102 LAFAYETTE ST,SALEM,MA,
1510,98 LAFAYETTE ST,SALEM,MA,
1511,98-102 LAFAYETTE ST,SALEM,MA,
1512,23 MAIN ST,ACUSHNET,MA,
1513,40R HIGHLAND AVE,SALEM,MA,
1514,403-405 1/2 ESSEX ST,SALEM,MA,
1515,1000 LORING AVE,SALEM,MA,
1516,"10,12 FIRST ST",SALEM,MA,
1517,12 HERITAGE DR,SALEM,MA,
1518,2 ROGER RD,DANVERS,MA,
1519, 1 WASHINGTON ST,SALEM,MA,
1520,20 CENTRAL AV,SALEM,MA,
1521, 10 PEABODY ST,SALEM,MA,
1522, 100 CONGRESS ST,SALEM,MA,
1523, 34 PRINCE ST,SALEM,MA,
1524, 51 PALMER ST,SALEM,MA,
1525, 53 PALMER ST,SALEM,MA,
1526,12 PEABODY ST,SALEM,MA,
1527,24 PEABODY ST,SALEM,MA,
1528,8 PEABODY ST,SALEM,MA,
1529,"8-10, 12, 24 PEABODY ST; 1-16 PRINCE ST PLACE; 34 PRINCE STREET; 51-53 PALMER ST; 100 CONGRESS ST",SALEM,MA,
1530,8 DEPOT CT,BELLINGHAM,MA,
1531,12 POPE ST,SALEM,MA,
1532,64 HARBOR/PEABODY/WARD,SALEM,MA,
1533,104 LAFAYETTE ST,SALEM,MA,
1534,23 BEACH RD,SALISBURY,MA,
1535,23 TOMS WAY,SANDWICH,MA,
1536,20 TOMS WAY,SANDWICH,MA,
1537,10 WRENTHAM MANOR,BELLINGHAM,MA,
1538,22 TOMS WAY,SANDWICH,MA,
1539,5 LEVERIDGE LN,SANDWICH,MA,
1540,19 TALBOT ST,SAUGUS,MA,
1541,2 RICE ST,SAUGUS,MA,
1542,3 BAKER ST,SAUGUS,MA,
1543,5 & 7 BAKER ST,SAUGUS,MA,
1544,212 ESSEX ST,SAUGUS,MA,
1545,9 NEWHALL AVE,SAUGUS,MA,
1546,791 COUNTRY WAY,SCITUATE,MA,
1547,412 FIRST PARISH RD,SCITUATE,MA,
1548,664 COUNTRY WAY,SCITUATE,MA,
1549,* CARRYVILLE XING,BELLINGHAM,MA,
1550,65 N RIVER RD,SCITUATE,MA,
1551,22 VERNON RD,SCITUATE,MA,
1552,30-52 KENT ST,SCITUATE,MA,
1553,25 CHAPPELL ST,SEEKONK,MA,
1554,18 HIXSON FARM RD,SHARON,MA,
1555,26 HIXSON FARM RD,SHARON,MA,
1556,2601 BAY RD,SHARON,MA,
1557,215 PLEASANT ST,SHARON,MA,
1558,51 HIXSON FARM RD,SHARON,MA,
1559,"1,2,3 DEWEY WAY",SHEFFIELD,MA,
1560,4-11 DEWEY WAY,SHEFFIELD,MA,
1561,36 NORTH QUINSIGAMOND AVE,SHREWSBURY,MA,
1562,100 ARBOR DR,SHREWSBURY,MA,
1563,193 WESTHILL AVE,SOMERSET,MA,
1564,3200 COUNTY RD,SOMERSET,MA,
1565,252 MEDFORD ST,SOMERVILLE,MA,
1566,59 PEARSON RD,BELMONT,MA,
1567,114 HIGHLAND AVE,SOMERVILLE,MA,
1568, 40-60 RIVER RD,SOMERVILLE,MA,
1569, 5-25 CANAL LN,SOMERVILLE,MA,
1570, 70-90 RIVER RD,SOMERVILLE,MA,
1571,5-25 RIVER RD,SOMERVILLE,MA,
1572,15 WESTON AVE,SOMERVILLE,MA,
1573,500 MYSTIC AVE,SOMERVILLE,MA,
1574,75 MYRTLE ST,SOMERVILLE,MA,
1575,27 COLLEGE AVE,SOMERVILLE,MA,
1576,1366 BROADWAY,SOMERVILLE,MA,
1577,32 JACQUES ST,SOMERVILLE,MA,
1578,131 SYCAMORE ST,BELMONT,MA,
1579,13-25 WARREN AVE,SOMERVILLE,MA,
1580,17 MONMOUTH ST,SOMERVILLE,MA,
1581,268 WASHINGTON ST,SOMERVILLE,MA,
1582,386 BROADWAY,SOMERVILLE,MA,
1583,110 WALNUT ST,SOMERVILLE,MA,
1584,33 BOW ST,SOMERVILLE,MA,
1585,"33 BOW STREET, WESLEY PARK",SOMERVILLE,MA,
1586,25 HIGHLAND AVE,SOMERVILLE,MA,
1587,637 TRAPELO RD,BELMONT,MA,
1588,181 BROADWAY,SOMERVILLE,MA,
1589,167 HIGHLAND AVE,SOMERVILLE,MA,
1590,1366-1374 BROADWAY,SOMERVILLE,MA,
1591,84 WASHINGTON ST,SOMERVILLE,MA,
1592, 10 GILES PARK,SOMERVILLE,MA,
1593, 12 GILES PARK,SOMERVILLE,MA,
1594, 40 GLEN ST,SOMERVILLE,MA,
1595,38 GLEN ST,SOMERVILLE,MA,
1596,"38,40 GLEN ST/8, 10,12 GILES PK",SOMERVILLE,MA,
1597,8 GILES PARK,SOMERVILLE,MA,
1598,29-38 KENT ST,SOMERVILLE,MA,
1599,28-38 LINCOLN ST,SOMERVILLE,MA,
1600,57 MERRIAM ST,SOMERVILLE,MA,
1601,70 PERKINS ST,SOMERVILLE,MA,
1602,54 MT VERNON ST,SOMERVILLE,MA,
1603,104 CLARK LN,BELMONT,MA,
1604,58 MT VERNON ST,SOMERVILLE,MA,
1605,80 MT VERNON ST,SOMERVILLE,MA,
1606,240 PEARL ST,SOMERVILLE,MA,
1607,86 PEARL ST,SOMERVILLE,MA,
1608,WHEATLAND ST,SOMERVILLE,MA,
1609,10 SEWALL ST,SOMERVILLE,MA,
1610,131 HIGHLAND AVE,SOMERVILLE,MA,
1611,259 LOWELL ST,SOMERVILLE,MA,
1612,36 THOMAS RD,BERKLEY,MA,
1613, 25 BONAIR ST,SOMERVILLE,MA,
1614, 27 BONAIR ST,SOMERVILLE,MA,
1615,23 BONAIR ST,SOMERVILLE,MA,
1616,135 PLEASANT ST,BERLIN,MA,
1617,34 LINDEN ST,SOMERVILLE,MA,
1618,6 WALNUT RD,SOMERVILLE,MA,
1619,299 - 303 MEDFORD ST,SOMERVILLE,MA,
1620,299 MEDFORD ST,SOMERVILLE,MA,
1621,301 MEDFORD ST,SOMERVILLE,MA,
1622,303 MEDFORD ST,SOMERVILLE,MA,
1623,69 LATHROP ST,SOUTH HADLEY,MA,
1624,643 NEWTON ST,SOUTH HADLEY,MA,
1625,27 ABBEY LN,SOUTH HADLEY,MA,
1626,128 COLLEGE HIGHWAY,SOUTHAMPTON,MA,
1627,3 NORTH ST,SOUTHBORO,MA,
1628,49 BOSTON RD,SOUTHBORO,MA,
1629,150 MAIN ST,SOUTHBRIDGE,MA,
1630,60 CHARLTON ST,SOUTHBRIDGE,MA,
1631,45-51 CROSS ST,SOUTHBRIDGE,MA,
1632,70-72 LITCHFIELD ST,SOUTHBRIDGE,MA,
1633,20 SOHIER RD,BEVERLY,MA,
1634,12 DEPOT ST,SOUTHWICK,MA,
1635,40 WALL ST,SPENCER,MA,
1636,77 MAPLE ST,SPENCER,MA,
1637,"100 ASHLEY ST, 2-4-6 GERISH CT; 425 CENTRAL ST, 235-237 BAY ST, 151-155 SHERMAN ST",SPRINGFIELD,MA,
1638,347-367 CENTRAL ST,SPRINGFIELD,MA,
1639,1118-1122 ST JAMES AVE,SPRINGFIELD,MA,
1640,"104, 112,120 STAFFORD ST; 166-196& 177-185 NURSERY ST",SPRINGFIELD,MA,
1641,500 HANCOCK ST,SPRINGFIELD,MA,
1642,35-49 PENDLETON AVE,SPRINGFIELD,MA,
1643,"13-55, 18-44 MANILLA AVE; 72-78 RALPH ST",SPRINGFIELD,MA,
1644,"31,35,37,41,45,47,51 MORGAN ST",SPRINGFIELD,MA,
1645,23-77 MOXON ST;  22-68 HEALY ST,SPRINGFIELD,MA,
1646,4 COLUMBIA ST,ADAMS,MA,
1647,107-111 BELMONT AVE/59-65-69-73-77-81 WOODSIDE TR,SPRINGFIELD,MA,
1648,"178, 186, 194 PENDLETON AVE",SPRINGFIELD,MA,
1649,"25,29,33,35,39,41,45  PINE ST",SPRINGFIELD,MA,
1650,"231,235,239 PINE ST;  RENEE CR",SPRINGFIELD,MA,
1651,"17-19, 25-27 SAAB CT",SPRINGFIELD,MA,
1652,18-20  SAAB CT,SPRINGFIELD,MA,
1653,"1228-1240 CAREW ST, SHAINE CIR",SPRINGFIELD,MA,
1654,472-530 DICKENSON ST; 4-102 TRAFTON ST; 12-90 BARNEY LN,SPRINGFIELD,MA,
1655,63-71 FLORIDA ST; 138-142 ST JAMES AVE,SPRINGFIELD,MA,
1656,"1-57, 2-36 MILTON CT",SPRINGFIELD,MA,
1657,85 WILLIAM ST,SPRINGFIELD,MA,
1658,45 DEWEY ST,SPRINGFIELD,MA,
1659,603 BERKSHIRE AVE,SPRINGFIELD,MA,
1660,54-58  MANHATTAN ST/14-18 EAGAN DR,SPRINGFIELD,MA,
1661,33 ARCH ST,SPRINGFIELD,MA,
1662,170 CENTRAL ST,SPRINGFIELD,MA,
1663,501 WORTHINGTON ST,SPRINGFIELD,MA,
1664,52 AVON PL,SPRINGFIELD,MA,
1665,100 BAY MEADOW RD,SPRINGFIELD,MA,
1666,21 OR 291 DWIGHT ST/ 414 CHESTNUT ST,SPRINGFIELD,MA,
1667,5 ALLENDALE ST/SCATTERED SITES,SPRINGFIELD,MA,
1668,353-373 BAY ST/ (15 GIRARD AVE?),SPRINGFIELD,MA,
1669,1153-1167 BOSTON RD,SPRINGFIELD,MA,
1670,29 BOWDOIN ST/ 76 ST JAMES ST,SPRINGFIELD,MA,
1671,"91-93 PINE ST; 22-24 WINTHROP ST; 116-118 HANCOCK  ST, 130-132 TYLER ST; 71 ADAMS ST",SPRINGFIELD,MA,
1672,123 CHAMPLAIN ST,SPRINGFIELD,MA,
1673,31 MAPLE ST/(5 TEMPLE ST),SPRINGFIELD,MA,
1674,10 CHESTNUT ST/ 115 & 185 DWIGHT,SPRINGFIELD,MA,
1675,275 CHESTNUT ST,SPRINGFIELD,MA,
1676,925 (AND 916) WORTHINGTON ST,SPRINGFIELD,MA,
1677,18 (AND 5) FEDERAL CT,SPRINGFIELD,MA,
1678,1 BEACON CIR (11 BEACON TERR),SPRINGFIELD,MA,
1679,57 PINEYWOODS AVE,SPRINGFIELD,MA,
1680,22 FEDERAL ST,BEVERLY,MA,
1681,76 OSWEGO ST,SPRINGFIELD,MA,
1682,16-36 CUMBERLAND ST; 1698-1750 DWIGHT ST,SPRINGFIELD,MA,
1683,28 DEWITT ST,SPRINGFIELD,MA,
1684,130-160 EASTERN AVE,SPRINGFIELD,MA,
1685,34 WEST ST,SPRINGFIELD,MA,
1686,7-13 (15) ARMORY ST,SPRINGFIELD,MA,
1687,66 HERRICK ST,BEVERLY,MA,
1688,51 FOREST PARK AVE,SPRINGFIELD,MA,
1689,11 MYRTLE ST (MYRTLE & HIGH STS),SPRINGFIELD,MA,
1690,250 OAK GROVE AVE,SPRINGFIELD,MA,
1691,159 (193) WORTHINGTON ST,SPRINGFIELD,MA,
1692,69-79 ANDREWS ST; 66 HUNTER PL,SPRINGFIELD,MA,
1693,1475 ROOSEVELT AVE,SPRINGFIELD,MA,
1694,837-847 STATE ST,SPRINGFIELD,MA,
1695,67 JEFFERSON AVE,SPRINGFIELD,MA,
1696,413 BELMONT AV/6 KENWOOD PK,SPRINGFIELD,MA,
1697,28 LAURELWOOD LN,SPRINGFIELD,MA,
1698,310 STAFFORD ST,SPRINGFIELD,MA,
1699,"88-90, 92-94 GENESEE ST; 492 LIBERTY ST, 34-36 TRACY ST",SPRINGFIELD,MA,
1700,"60 SCHOOL ST/23-27,31,33 HIGH ST/328 UNION ST",SPRINGFIELD,MA,
1701,52 MAPLE CT,SPRINGFIELD,MA,
1702,137 BRIDGE ST,BEVERLY,MA,
1703,74-106 WALNUT ST; 439 UNION ST,SPRINGFIELD,MA,
1704,"2309 MAIN ST; 23, 27,31-33 CHURCH ST",SPRINGFIELD,MA,
1705,"2285-2287, 2291-2295 AND 2718 MAIN STREET, 17 EAST HOOKER STREET, LOT C CALHOUN PL",SPRINGFIELD,MA,
1706,145 PINE ST,SPRINGFIELD,MA,
1707,146 CHESTNUT ST,SPRINGFIELD,MA,
1708,52-54 PATTON ST,SPRINGFIELD,MA,
1709,202 PLAINFIELD ST (101 LOWELL ST),SPRINGFIELD,MA,
1710,"108,114-120 & 130 BYERS ST, 103 PEARL ST",SPRINGFIELD,MA,
1711,32 BYERS ST,SPRINGFIELD,MA,
1712,37-39 ELM ST,ADAMS,MA,
1713,65 PRICE ST,SPRINGFIELD,MA,
1714,307 CHESTNUT ST,SPRINGFIELD,MA,
1715,170 CANON CR,SPRINGFIELD,MA,
1716,744-746 ST JAMES AVE,SPRINGFIELD,MA,
1717,"26-30 SUMMIT, 433-453 TAYLOR ST",SPRINGFIELD,MA,
1718,221 BAY ST/ SHERMAN ST,SPRINGFIELD,MA,
1719,600 MANOR RD,BEVERLY,MA,
1720,34-36 TERRENCE ST,SPRINGFIELD,MA,
1721,774 STATE ST,SPRINGFIELD,MA,
1722,12 GROVE ST,SPRINGFIELD,MA,
1723,83-93 WALNUT ST,SPRINGFIELD,MA,
1724,20-26 WILBRAHAM AVE,SPRINGFIELD,MA,
1725,769 WORTHINGTON ST,SPRINGFIELD,MA,
1726,245 CABOT ST,BEVERLY,MA,
1727,5 PINE ST,STOCKBRIDGE,MA,
1728,8-10 DODGE ST,BEVERLY,MA,
1729,7 PINE ST,STOCKBRIDGE,MA,
1730,100 MOUNTAIN VIEW DR,STONEHAM,MA,
1731,245 ELLIOT ST,BEVERLY,MA,
1732,126 BRITTON AVE,STOUGHTON,MA,
1733,4 CAPEN ST,STOUGHTON,MA,
1734,44 PLEASANT ST,STOUGHTON,MA,
1735,78 MEMORIAL DR,STOUGHTON,MA,
1736,22-31 CENTRAL ST,STOUGHTON,MA,
1737,1 MONUMENT SQ,BEVERLY,MA,
1738,27 PAGE TR,STOUGHTON,MA,
1739,39 PAGE TR,STOUGHTON,MA,
1740,61 PAGE TR,STOUGHTON,MA,
1741,223 PEARL ST,STOUGHTON,MA,
1742,19A LUCAS DR,STOUGHTON,MA,
1743,11 WARREN RD,STOW,MA,
1744,GREAT RD/JOHNSTON WAY,STOW,MA,
1745,197 GREAT RD,STOW,MA,
1746,221-235 RANTOUL ST,BEVERLY,MA,
1747,425 MAIN ST,STURBRIDGE,MA,
1748,40 HERITAGE GREEN/100 HERITAGE GREEN DR,STURBRIDGE,MA,
1749,11 SNELL ST,STURBRIDGE,MA,
1750,55 HUDSON RD,SUDBURY,MA,
1751, 45 MEADOW RD,SUDBURY,MA,
1752, 64 PINE ST,SUDBURY,MA,
1753,62 PINE ST,SUDBURY,MA,
1754,655 BOSTON POST RD,SUDBURY,MA,
1755,761 BOSTON POST RD,SUDBURY,MA,
1756,"SOHIER RD, BRIMBAL AVE",BEVERLY,MA,
1757,5 CHURCH ST,SUTTON,MA,
1758,565 HUMPHREY ST,SWAMPSCOTT,MA,
1759,108-110 OLD FALL RIVER RD,SWANSEA,MA,
1760,99-105 RANTOUL ST,BEVERLY,MA,
1761,242-252 WHITTENTON ST,TAUNTON,MA,
1762,143 SCHOOL ST,TAUNTON,MA,
1763,450 MIDDLEBORO AVE,TAUNTON,MA,
1764,26 PRESBREY CT,TAUNTON,MA,
1765,14 COUNTY WAY,BEVERLY,MA,
1766,42 BRIDGE; 14 COUNTY WAY,BEVERLY,MA,
1767,150-160 OAK ST,TAUNTON,MA,
1768,417 MIDDLEBORO AVE,TAUNTON,MA,
1769,30 OLNEY ST,TAUNTON,MA,
1770,21 HODGES AVE,TAUNTON,MA,
1771,57-59 WALES ST,TAUNTON,MA,
1772,401 ESSEX ST,BEVERLY,MA,
1773,2106 COUNTY ST,TAUNTON,MA,
1774,669 DIGHTON AVE,TAUNTON,MA,
1775,30 WASHINGTON ST,TAUNTON,MA,
1776,240 HIGH ST,TAUNTON,MA,
1777,221 CABOT ST,BEVERLY,MA,
1778,1L-23L WINSLOW DR,TAUNTON,MA,
1779,31 SCHOOL ST,TAUNTON,MA,
1780,840 COUNTY ST,TAUNTON,MA,
1781,40 VERNON ST,TAUNTON,MA,
1782,99 BRIDGE ST,TEMPLETON,MA,
1783,773 BALDWINVILLE RD,TEMPLETON,MA,
1784,7 BALDWIN DR,TEMPLETON,MA,
1785,11 BRIDGE ST,TEMPLETON,MA,
1786,23 DIRLAM LANE/4 ERLIN AVE/6 INDPENDENCE AVE,TEWKSBURY,MA,
1787,11 OLD BOSTON RD,TEWKSBURY,MA,
1788,540 MAIN ST,TEWKSBURY,MA,
1789,167 MAIN ST,TISBURY,MA,
1790,69 WASHINGTON ST,TOPSFIELD,MA,
1791,92 WASHINGTON ST,TOPSFIELD,MA,
1792,66 DUDLEY RD,TOWNSEND,MA,
1793,198 MIDDLESEX RD,TYNGSBORO,MA,
1794,186 FROST RD,TYNGSBORO,MA,
1795,130 COBURN RD,TYNGSBORO,MA,
1796,3 MERRIMAC WAY,TYNGSBORO,MA,
1797,5 MERRIMAC WAY,TYNGSBORO,MA,
1798,7 MERRIMAC WAY,TYNGSBORO,MA,
1799,9 MERRIMAC WAY,TYNGSBORO,MA,
1800,1 LONGFELLOW LN,TYNGSBORO,MA,
1801,4 HARTFORD AVE,UPTON,MA,
1802,3D VETERAN'S PKWY,UXBRIDGE,MA,
1803,26 CRESCENT ST,WAKEFIELD,MA,
1804,38 HARTS HILL RD,WAKEFIELD,MA,
1805,38 DUNHAM RD,BEVERLY,MA,
1806,95 AUDUBON RD,WAKEFIELD,MA,
1807,13 FITCH CT,WAKEFIELD,MA,
1808,997 MAIN ST,WAKEFIELD,MA,
1809,16A RIVER ST,BILLERICA,MA,
1810,146 PEMBERTON ST,WALPOLE,MA,
1811,148 PEMBERTON ST,WALPOLE,MA,
1812,DIAMOND POND TR,WALPOLE,MA,
1813,113-211 COLUMBIA ST,ADAMS,MA,
1814,33 TALBOT AVE,BILLERICA,MA,
1815,48 PINE ST,WALTHAM,MA,
1816,100 CEDAR ST,WALTHAM,MA,
1817,94-120 POND ST,WALTHAM,MA,
1818,46 DALE ST,WALTHAM,MA,
1819,231-237 SCHOOL ST,WALTHAM,MA,
1820,7-15 GARDNER ST,WALTHAM,MA,
1821,292-324 GROVE ST,WALTHAM,MA,
1822,13 RIVER ST,BILLERICA,MA,
1823,269-79 SCHOOL ST,WALTHAM,MA,
1824,37 BANK ST,WALTHAM,MA,
1825,75-85 MYRTLE ST,WALTHAM,MA,
1826,300 SOUTH ST,WALTHAM,MA,
1827,82-86 ORANGE ST,WALTHAM,MA,
1828,101 PROSPECT ST,WALTHAM,MA,
1829,15 TOWNSEND ST,WALTHAM,MA,
1830,146-148 HAMMOND ST,WALTHAM,MA,
1831,284 SOUTH ST,WALTHAM,MA,
1832,16 RIVER ST,BILLERICA,MA,
1833, 20 GORMANS CT,WALTHAM,MA,
1834,113-119 BRIGHT ST,WALTHAM,MA,
1835,326-340 GROVE ST,WALTHAM,MA,
1836,19-21 CENTRAL ST,WALTHAM,MA,
1837,190 MOODY ST,WALTHAM,MA,
1838,174 MOODY ST,WALTHAM,MA,
1839,78 LEXINGTON ST,WALTHAM,MA,
1840,609 BOSTON RD,BILLERICA,MA,
1841,20 VALLEY VIEW,WARE,MA,
1842,161 WEST ST,WARE,MA,
1843,161 WEST AND PROSPECT STS,WARE,MA,
1844,34 ANDOVER RD,BILLERICA,MA,
1845,2220 CRANBERRY HWY,WAREHAM,MA,
1846,6 CROMESSETT RD,WAREHAM,MA,
1847,125 MINOT AVE,WAREHAM,MA,
1848,36 SWIFTS BEACH RD,WAREHAM,MA,
1849,95 WINTHROP TR,WARREN,MA,
1850,2310 MAIN ST,WARREN,MA,
1851,100 WARREN ST,WATERTOWN,MA,
1852,81 SALEM RD,BILLERICA,MA,
1853,UNION ST,WATERTOWN,MA,
1854,GREEN ST,WATERTOWN,MA,
1855,465 ARSENAL ST,WATERTOWN,MA,
1856,16 IRVING ST,WATERTOWN,MA,
1857,4 RIVERHURST RD,BILLERICA,MA,
1858,2 ROSARY DR,WATERTOWN,MA,
1859,"36 MITCHELL ST,& SCATTERED SITES",WAYLAND,MA,
1860,15 MYRTLE ST,ADAMS,MA,
1861,15 FOX BROOK MANOR,BLACKSTONE,MA,
1862,1-9 GOLDEN HEIGHTS,WEBSTER,MA,
1863,17-18 GOLDEN HEIGHTS,WEBSTER,MA,
1864,338 THOMPSON RD,WEBSTER,MA,
1865,22 & 25 CUTLER ST,WEBSTER,MA,
1866,18A CRYSTAL ST/18 VILLAGE WAY,WEBSTER,MA,
1867,"10, 39 1/2 PROSPECT ST",WEBSTER,MA,
1868,52 HARTLEY ST,WEBSTER,MA,
1869,96 SLATER ST,WEBSTER,MA,
1870,190 BARTON RD,WELLESLEY,MA,
1871,41 RIVER ST,WELLESLEY,MA,
1872,505-513 WASHINGTON ST,WELLESLEY,MA,
1873,487-503 WASHINGTON ST,WELLESLEY,MA,
1874,4 CEDAR ST,WELLESLEY,MA,
1875,10 CROSS ST,WELLESLEY,MA,
1876,50 GROVE ST,WELLESLEY,MA,
1877,584 STATE HWY,WELLFLEET,MA,
1878,87 MAPLE ST,WEST BOYLSTON,MA,
1879,14-16 FOSTER ST,WEST BOYLSTON,MA,
1880,109 LANCASTER ST,WEST BOYLSTON,MA,
1881,871 SHORE RD,BOURNE,MA,
1882,7 ESTHER DR,WEST BRIDGEWATER,MA,
1883,29 EAST MAIN ST-BLDG 6,WEST BROOKFIELD,MA,
1884,29 EAST MAIN ST-BLDG 7,WEST BROOKFIELD,MA,
1885,"3-184 BIRCH PK CIRCLE, 353 & 371 AMOSTOWN RD",WEST SPRINGFIELD,MA,
1886,"14-26, 29, 36-46, 49-57 GROVE ST, 78-89, 98-124 DRUIDS LN",WEST SPRINGFIELD,MA,
1887,24-122 LEE LANG TR,WEST SPRINGFIELD,MA,
1888,8 HEAD OF THE BAY RD,BOURNE,MA,
1889,"28-35, 42-45, 56-59, 75-86 OXFORD PL",WEST SPRINGFIELD,MA,
1890,767 MAIN ST,WEST SPRINGFIELD,MA,
1891,50 OXFORD PL,WEST SPRINGFIELD,MA,
1892,"635 & 637 ELM ST, 18 &20 GUY PL",WEST SPRINGFIELD,MA,
1893,757 & 767 MAIN ST,WEST SPRINGFIELD,MA,
1894,1241 ELM ST,WEST SPRINGFIELD,MA,
1895,89 WATERHOUSE RD,BOURNE,MA,
1896,2 ROGERS RD,WESTBORO,MA,
1897,20 MAYBERRY DR,WESTBORO,MA,
1898,83 E MAIN ST,WESTBORO,MA,
1899,1-23 FORREST LN,WESTBORO,MA,
1900,100 CHARLESTOWN MEADOW DR,WESTBORO,MA,
1901,53-55 LYMAN ST; 160 & 162 FISHER ST,WESTBORO,MA,
1902,78-86B WATERHOUSE RD,BOURNE,MA,
1903,50 SOUTHAMPTON RD,WESTFIELD,MA,
1904,1-50 MURPHY CR,WESTFIELD,MA,
1905,16 WASHINGTON ST,WESTFIELD,MA,
1906,12 ALICE BURKE WAY,WESTFIELD,MA,
1907,52 BROAD ST,WESTFIELD,MA,
1908,306 ELM ST,WESTFIELD,MA,
1909,26 FINCH LN,BOURNE,MA,
1910,1-6 COWLES CT,WESTFIELD,MA,
1911,55 COLONY CR,WESTFIELD,MA,
1912,25 THOMAS ST,WESTFIELD,MA,
1913,126 UNION ST,WESTFIELD,MA,
1914,180 MAIN ST,WESTFIELD,MA,
1915,77 MILL ST,WESTFIELD,MA,
1916,82 SOUTH MAPLE ST,WESTFIELD,MA,
1917,65 TADMUCK RD,WESTFORD,MA,
1918,7 CROSS & CHURCH STS,WESTFORD,MA,
1919,17 PLEASANT ST,ADAMS,MA,
1920,44 SCHOOL ST,WESTON,MA,
1921,* LIVERMORE LN,WESTON,MA,
1922,154 WINTER ST,WESTON,MA,
1923,23 VILLAGE RD,WESTON,MA,
1924,666 STATE RD,WESTPORT,MA,
1925,840 GAY ST,WESTWOOD,MA,
1926,117 OLD PLYMOUTH RD,BOURNE,MA,
1927,117 WINTER ST,WESTWOOD,MA,
1928,1120 HIGHLAND GLEN RD,WESTWOOD,MA,
1929,575 BRIDGE ST,WEYMOUTH,MA,
1930,990 PLEASANT ST,WEYMOUTH,MA,
1931,HARRINGTON CR,WEYMOUTH,MA,
1932,25 WATER ST,WEYMOUTH,MA,
1933,43 SCHOOL HOUSE RD,WEYMOUTH,MA,
1934,686 BROAD ST,WEYMOUTH,MA,
1935,107-111 BROAD ST,WEYMOUTH,MA,
1936,76-82 FRONT ST,WEYMOUTH,MA,
1937, 46 GREENTREE,WEYMOUTH,MA,
1938, 50 WEBSTER,WEYMOUTH,MA,
1939,36 GREENTREE,WEYMOUTH,MA,
1940,1402 WASHINGTON ST,WEYMOUTH,MA,
1941,159 KING AVE,WEYMOUTH,MA,
1942,95 BROAD ST,WEYMOUTH,MA,
1943,519 BROAD ST,WEYMOUTH,MA,
1944,101 HARVARD CT,WHITMAN,MA,
1945,1110 BEDFORD/74 BELMONT/46 FULLERTON/183 TEMPLEL/123 STETSON/483 SOUTH/45 VINCENT,WHITMAN,MA,
1946,106 WATERHOUSE RD,BOURNE,MA,
1947,"159-161, 171-173 PINE CIR",WHITMAN,MA,
1948,4 JACOB LN,WHITMAN,MA,
1949,88 STONY HILL RD,WILBRAHAM,MA,
1950,802 TINKHAM RD,WILBRAHAM,MA,
1951,269 STONY HILL RD,WILBRAHAM,MA,
1952,"12 WILLIAMS ST, 1 N MAIN",WILLIAMSBURG,MA,
1953,148 MAIN ST; 13 SOUTH MAIN ST,WILLIAMSBURG,MA,
1954,35 ADAMS RD,WILLIAMSTOWN,MA,
1955,45-47 ADAMS RD,WILLIAMSTOWN,MA,
1956,1231 N HOOSAC RD,WILLIAMSTOWN,MA,
1957,118 CHURCH ST,WILLIAMSTOWN,MA,
1958,* LORING AVE,BOXBORO,MA,
1959,1 AVALON DR,WILMINGTON,MA,
1960,500 WOBURN ST,WILMINGTON,MA,
1961,SALEM ST,WILMINGTON,MA,
1962,108 IPSWICH DR,WINCHENDON,MA,
1963,15 SILVERBROOK RD,BOXFORD,MA,
1964,67 HYDE PARK DR,WINCHENDON,MA,
1965,13 WESTLEY,WINCHESTER,MA,
1966,41 PALMER ST,WINCHESTER,MA,
1967,75 HEMENWAY ST,WINCHESTER,MA,
1968,25 ROOEVELT ST,BRAINTREE,MA,
1969,1 POND ST,WINTHROP,MA,
1970,12-96 CRESTON AVE,WOBURN,MA,
1971,1-48 LIBERTY AVE,WOBURN,MA,
1972,1-60 WEBSTER AVE,WOBURN,MA,
1973,85 FRIEND ST,ADAMS,MA,
1974, 79 MAGAZINE ST,CAMBRIDGE,MA,
1975,77 MAGAZINE ST,CAMBRIDGE,MA,
1976,59 CAMPBELL ST,WOBURN,MA,
1977,59 LIBRARY PL,WOBURN,MA,
1978,1-54 NICHOL ST EXTENSION,WOBURN,MA,
1979,70 WARREN AVE,WOBURN,MA,
1980,2 KIMBALL CT,WOBURN,MA,
1981,5 KIMBALL CT,WOBURN,MA,
1982,17 WARREN AVE,WOBURN,MA,
1983,2-26 ADDISON & 130-140 DORCHESTER STS,WORCESTER,MA,
1984,40 BELMONT ST,WORCESTER,MA,
1985,425 PLEASANT ST & HUDSON,WORCESTER,MA,
1986, 21 MARKET ST,CAMBRIDGE,MA,
1987, 23 MARKET ST,CAMBRIDGE,MA,
1988,19 MARKET ST,CAMBRIDGE,MA,
1989,69 TACOMA/75-203 CHINO/1-45 FREEDOM WAY/1-291 CONSTITUTION/NEW VISTA LN,WORCESTER,MA,
1990,25 HOOPER ST,WORCESTER,MA,
1991,11 LAKE AVE,WORCESTER,MA,
1992,1-11 LOWLAND CT,WORCESTER,MA,
1993,527-600 MILL ST,WORCESTER,MA,
1994,50 MURRAY AVE,WORCESTER,MA,
1995,275 PLEASANT ST,WORCESTER,MA,
1996,650 CONCORD AVE,CAMBRIDGE,MA,
1997,1050 MAIN ST,WORCESTER,MA,
1998,1060 MAIN ST,WORCESTER,MA,
1999,30 WELLINGTON ST,WORCESTER,MA,
2000,"60-80 BOYLSTON ST, 2-64 GREAT BROOK VALLEY AV, 64-68 TACOMA ST",WORCESTER,MA,
2001,"0-50 CIRCUIT AV, 52-54  S CIRCUIT AV, 2-46 LAKESIDE AVE, ETC",WORCESTER,MA,
2002,698-732 LINCOLN ST; NEW HAVEN LN,WORCESTER,MA,
2003,335 GREENWOOD ST,WORCESTER,MA,
2004,201 PROVIDENCE ST,WORCESTER,MA,
2005,2 LAFAYETTE ST,WORCESTER,MA,
2006,309 HAMILTON ST,WORCESTER,MA,
2007,375-381 NORFOLK ST,CAMBRIDGE,MA,
2008,32 OBERLIN ST,WORCESTER,MA,
2009,8-10 HUDSON ST,WORCESTER,MA,
2010,197-199 PROVIDENCE ST,WORCESTER,MA,
2011,975 MILLBURY ST,WORCESTER,MA,
2012,30 & 93-95 BEACON ST,WORCESTER,MA,
2013,5 WEST ST,WORCESTER,MA,
2014,193 NORFOLK ST,CAMBRIDGE,MA,
2015,800 MAIN ST,WORCESTER,MA,
2016,866 MAIN ST,WORCESTER,MA,
2017,77 CHATHAM ST,WORCESTER,MA,
2018,660 MAIN ST,WORCESTER,MA,
2019,"24,34,40-42,56-58 OREAD; 140 BEACON",WORCESTER,MA,
2020, 62 NORFOLK ST,CAMBRIDGE,MA,
2021, 70 AUSTIN ST,CAMBRIDGE,MA,
2022,51 NORFOLK ST,CAMBRIDGE,MA,
2023,974 MAIN ST & 1-5 BEAVER ST,WORCESTER,MA,
2024,5 EAST KENDALL ST,WORCESTER,MA,
2025,5 (OR 9?) SEVER ST,WORCESTER,MA,
2026,"6-8,2029 KING ST, 99 BELLEVUE ST, 2028 BELL ST",WORCESTER,MA,
2027,26 CHANNING ST,WORCESTER,MA,
2028,85 CHATHAM ST,WORCESTER,MA,
2029,99 CHATHAM ST,WORCESTER,MA,
2030,20 MARY SCANO DR,WORCESTER,MA,
2031,"15,31,33,51 BEAVER ST; 14 FLORENCE; 71 GATES; 79 HOLLIS; 17-19 GRAND ST",WORCESTER,MA,
2032,39 FIRST ST,WORCESTER,MA,
2033,485 GROVE ST,WORCESTER,MA,
2034,41 (OR 101) CHADWICK ST,WORCESTER,MA,
2035,521 GROVE ST (123 HOLDEN ST),WORCESTER,MA,
2036,11 SEVER ST,WORCESTER,MA,
2037,10 NEWBURY ST (31 OREAD TOO?),WORCESTER,MA,
2038,21-23&31-33 DALE ST,WORCESTER,MA,
2039,11-15 DALE ST; 1 ALLENSDALE ST,WORCESTER,MA,
2040,17-19 DEWEY ST; 124-128 CANTERBURY ST,WORCESTER,MA,
2041,"30 IRVING, 8 TOWNSEND, 57 RUSSELL, 454 PLEASANT",WORCESTER,MA,
2042,59 EVELYN ST,WORCESTER,MA,
2043,6 FLORENCE ST,WORCESTER,MA,
2044,979 MAIN ST,WORCESTER,MA,
2045,"20, 26, 27, 30 MT VERNON ST",WORCESTER,MA,
2046,1030-1036 MAIN ST,WORCESTER,MA,
2047,48 KING ST; 9 QUINCY ST; 7 NEWBURY ST; 90-92 CHATHAM ST,WORCESTER,MA,
2048,24 LAGRANGE ST,WORCESTER,MA,
2049,"2 OREAD ST,799-805 AND 866 MAIN ST",WORCESTER,MA,
2050,"11,21,31,41 A-D MARBLE ST (1010 MAIN ST)",WORCESTER,MA,
2051,545 SALISBURY ST,WORCESTER,MA,
2052,200 EAST MOUNTAIN ST,WORCESTER,MA,
2053,60 E CENTRAL ST (50 SHREWSBURY ST),WORCESTER,MA,
2054,507 MAIN ST (65 MERRICK ST),WORCESTER,MA,
2055,33-35 WALL ST,WORCESTER,MA,
2056,28 MARBLE ST,WORCESTER,MA,
2057,501 PLANTATION ST,WORCESTER,MA,
2058,16 LAUREL ST,WORCESTER,MA,
2059,240 BELMONT ST/BELMONT & ELLIOTT,WORCESTER,MA,
2060,161 W MOUNTAIN ST & BROOK STS,WORCESTER,MA,
2061, 155 ALLSTON ST,CAMBRIDGE,MA,
2062, 157 ALLSTON ST,CAMBRIDGE,MA,
2063,151 ALLSTON ST,CAMBRIDGE,MA,
2064,45 GRAND ST,WORCESTER,MA,
2065,"50,63,68,69,82-84,87 NORFOLK ST",WORCESTER,MA,
2066,"68 HARRISON, 42 PENN AVE; 59 CORAL; 18 CLARKSON",WORCESTER,MA,
2067,80 UPLAND ST,WORCESTER,MA,
2068,36 UPSALA ST,WORCESTER,MA,
2069,100 WEST CHESTER ST,WORCESTER,MA,
2070,67 OUTLOOK DR/ 55 WILLIAMSBERG DR,WORCESTER,MA,
2071,714 MAIN STREET/ 84 MURRAY AVE,WORCESTER,MA,
2072,41 WELLINGTON ST,WORCESTER,MA,
2073,396-398 PUTNAM AVE,CAMBRIDGE,MA,
2074,"29-33, 38-42 OXFORD ST; 86 AUSTIN ST",WORCESTER,MA,
2075,475 CHANDLER ST/ S FLAGG ST,WORCESTER,MA,
2076,48 OLD NORTH RD,WORTHINGTON,MA,
2077,GARDEN LN,WRENTHAM,MA,
2078,NEW EMERALD LN,WRENTHAM,MA,
2079,56 CREEK ST,WRENTHAM,MA,
2080,264 PUTNAME AVE,CAMBRIDGE,MA,
2081,225 STATION AVE,YARMOUTH,MA,
2082,153 RUN POND RD,YARMOUTH,MA,
2083,15 PLYMOUTH RD,YARMOUTH,MA,
2084,2 MT AUBURN ST,CAMBRIDGE,MA,
2085,402 RINDGE AVE,CAMBRIDGE,MA,
2086, 10 BOARDMAN ST,CAMBRIDGE,MA,
2087, 12 BOARDMAN ST,CAMBRIDGE,MA,
2088, 17 BOARDMAN ST,CAMBRIDGE,MA,
2089,8 BOARDMAN ST,CAMBRIDGE,MA,
2090,"8-12, 17 BOARDMAN",CAMBRIDGE,MA,
2091,26 YORK ST,CAMBRIDGE,MA,
2092,7 TEMPLE ST,CAMBRIDGE,MA,
2093,10 DEVON DR,ACTON,MA,
2094,170 HAVERHILL ST,ANDOVER,MA,
2095,12 DALE ST,ANDOVER,MA,
2096,18 DALE ST,ANDOVER,MA,
2097,* RUSSEL PL,ARLINGTON,MA,
2098,243 BROADWAY,CAMBRIDGE,MA,
2099,"1025 FALMOUTH ROAD, ROUTE 28",BARNSTABLE,MA,
2100,537-549 SCUDDER AVE,BARNSTABLE,MA,
2101,395 OLD COLUMBIA ST,ADAMS,MA,
2102,104 SHERMAN ST,CAMBRIDGE,MA,
2103,84 SUMMER RD,BOXBORO,MA,
2104,"KIMBALL COURT (OFF OF PEARL STREET MAP 31, PARCEL 130)",BURLINGTON,MA,
2105,* WINDEMERE LN,CHELMSFORD,MA,
2106,247 LAWS BROOK RD,CONCORD,MA,
2107,989 EAST ST,DEDHAM,MA,
2108,1000 PRESIDENTS WAY,DEDHAM,MA,
2109,511 WASHINGTON ST,HANOVER,MA,
2110,902 MAIN ST,HANSON,MA,
2111,2-8 COMMUNITY WAY,HARWICH,MA,
2112,30 MEETINGHOUSE RD,MASHPEE,MA,
2113,122 BRADFORD STREET EXTENSION,PROVINCETOWN,MA,
2114,165 WESTERN AVE,CAMBRIDGE,MA,
2115,40 WEST ST,READING,MA,
2116,50 WEST ST,READING,MA,
2117,66 WEST ST,READING,MA,
2118,70 WEST ST,READING,MA,
2119,341 MOUNT AUBURN ST,WATERTOWN,MA,
2120,"28, 30, 32 AND 34 QUIMBY ST",WATERTOWN,MA,
2121,100 ABERDEEN AVE,CAMBRIDGE,MA,
2122,220 FLANDERS RD,WESTBORO,MA,
2123,1 BLACKSTONE ST/ 8 1/2 EARLY VILLAGE RD,BLACKSTONE,MA,
2124,151 TURNING MILL RD,BREWSTER,MA,
2125,105-115 FIFTH ST,CAMBRIDGE,MA,
2126,501 COMMERCE DR,BRAINTREE,MA,
2127,1754 BEACON ST,BROOKLINE,MA,
2128,1876 BEACON ST,BROOKLINE,MA,
2129,1405 BEACON ST,BROOKLINE,MA,
2130,77 MARION ST,BROOKLINE,MA,
2131,"144 CHOATE ST, 198-208 CANAL ST",FALL RIVER,MA,
2132,16 TROTTING PARK RD,FALMOUTH,MA,
2133, 459 CAMBRIDGE ST,CAMBRIDGE,MA,
2134, 461 CAMBRDIGE ST,CAMBRIDGE,MA,
2135,457 CAMBRIDGE ST,CAMBRIDGE,MA,
2136,240 SANDWICH RD,FALMOUTH,MA,
2137,756 EAST FALMOUTH HWY,FALMOUTH,MA,
2138,1 & 56 MEADOWS DRIVE (TEATICKET HIGHWAY),FALMOUTH,MA,
2139,24 MT VERNON ST,FITCHBURG,MA,
2140,134 UNION ST,WESTFIELD,MA,
2141,354-384 RINDGE AVE,CAMBRIDGE,MA,
2142,397 MAIN RD,CHESTERFIELD,MA,
2143,98-102 AUSTIN ST,WORCESTER,MA,
2144,29 OSPREY LN,SANDWICH,MA,
2145, 12 SUMMER ST,MANCHESTER,MA,
2146,10 SUMMER ST,MANCHESTER,MA,
2147,10-12 SUMMER ST,MANCHESTER,MA,
2148,* STONE CASTLE DR,METHUEN,MA,
2149,157 ALLSTON ST,CAMBRIDGE,MA,
2150,3 & 5 LEVERIDGE LN,SANDWICH,MA,
2151,33 CENTRAL ST,IPSWICH,MA,
2152,138 EAST MOUNTAIN RD,WESTFIELD,MA,
2153,96 PLEASANT ST,NORTHAMPTON,MA,
2154,13 LOCUST ST,MERRIMAC,MA,
2155,1 GREYSTONE WAY,MIDDLEBORO,MA,
2156,15 GREYSTONE WAY,MIDDLEBORO,MA,
2157,16 GREYSTONE WAY,MIDDLEBORO,MA,
2158,24 GREYSTONE WAY,MIDDLEBORO,MA,
2159,27 GREYSTONE WAY,MIDDLEBORO,MA,
2160,61 NORTH MAIN ST,MIDDLETON,MA,
2161,6 ASHTON PL,CAMBRIDGE,MA,
2162,16 LAVENDER ST,MILLIS,MA,
2163,99 & 101 THIRD AVE; 52-56 AVENUE A;,MONTAGUE,MA,
2164,649 CARRIAGE SHOP RD,FALMOUTH,MA,
2165,724 EAST FALMOUTH HWY,FALMOUTH,MA,
2166,239 WASHINGTON ST,NORWELL,MA,
2167,19 ASSINIPPI AVE,NORWELL,MA,
2168,10 SILVER BROOK LN,NORWELL,MA,
2169,99 MAIN ST,WESTFORD,MA,
2170,704 EAST MAIN ST,FALMOUTH,MA,
2171,122 BERKSHIRE ST,CAMBRIDGE,MA,
2172,FALAGIA STREET (OFF STONEHEDGE ROAD),FRANKLIN,MA,
2173,361 WATER ST,WAKEFIELD,MA,
2174,54 BERSKHIRE ST,CAMBRIDGE,MA,
2175,237 WEST ST,NEEDHAM,MA,
2176,32 JUNCTION ST,NEEDHAM,MA,
2177,207 GARDEN ST,NEEDHAM,MA,
2178,209 GARDEN ST,NEEDHAM,MA,
2179,211 GARDEN ST,NEEDHAM,MA,
2180,213 GARDEN ST,NEEDHAM,MA,
2181,199 SAINT MARY ST,NEEDHAM,MA,
2182,1167 CAMBRIDGE AVE,CAMBRIDGE,MA,
2183,90 RIVERSIDE AVE,NEW BEDFORD,MA,
2184,1657-66 PURCHASE ST; 2-4 HAZARD CT,NEW BEDFORD,MA,
2185,803-815 CAMBRIDGE ST,CAMBRIDGE,MA,
2186, 411 CARDINAL MEDEIROS,CAMBRIDGE,MA,
2187, 413 CARDINAL MEDEIROS,CAMBRIDGE,MA,
2188,409 CARDINAL MEDEIROS,CAMBRIDGE,MA,
2189,1643 CAMBRIDGE ST,CAMBRIDGE,MA,
2190,53-75 COMMERCIAL ST,ADAMS,MA,
2191,412-416 PARKER ST,NEWTON,MA,
2192,101 NEEDHAM ST,NEWTON,MA,
2193,103 NEEDHAM ST,NEWTON,MA,
2194,105 NEEDHAM ST,NEWTON,MA,
2195,107 NEEDHAM ST,NEWTON,MA,
2196,109 NEEDHAM ST,NEWTON,MA,
2197,99 NEEDHAM ST,NEWTON,MA,
2198,90 CHRISTINA ST,NEWTON,MA,
2199,200 CHICKERING RD,NORTH ANDOVER,MA,
2200,122 MEETINGHOUSE RD,NORTH ANDOVER,MA,
2201,126 MEETINGHOUSE RD,NORTH ANDOVER,MA,
2202,130 MEETINGHOUSE RD,NORTH ANDOVER,MA,
2203,134 MEETINGHOUSE RD,NORTH ANDOVER,MA,
2204,140 MEETINGHOUSE RD,NORTH ANDOVER,MA,
2205,144 MEETINGHOUSE RD,NORTH ANDOVER,MA,
2206, 10 LANCASTER ST,CAMBRIDGE,MA,
2207,8 LANCAST ST,CAMBRIDGE,MA,
2208,32 CONWELL ST,PROVINCETOWN,MA,
2209,281 ROWLEY BRIDGE ST,TOPSFIELD,MA,
2210,32 SOUTH COMMON ST,LYNN,MA,
2211, 24 WARREN ST,LYNN,MA,
2212, 26 WARREN ST,LYNN,MA,
2213, 28 WARREN ST,LYNN,MA,
2214,22 WARREN ST,LYNN,MA,
2215,"22-28 WARREN ST; SHEPARD ST, LAGRANGE TERR, JUNE LN",LYNN,MA,
2216,1-3 NORTH MAIN ST,NORTHAMPTON,MA,
2217,60A VILLAGE RD,OAK BLUFFS,MA,
2218,60B VILLAGE RD,OAK BLUFFS,MA,
2219,775 OAK ST,BROCKTON,MA,
2220,217 WESTERN AVE,CAMBRIDGE,MA,
2221,23 PARK AVE,BARNSTABLE,MA,
2222,100 CHESTNUT STREET (REHAB),WAKEFIELD,MA,
2223,228-226 CHESTNUT ST,CAMBRIDGE,MA,
2224,265 RINDGE AVE,CAMBRIDGE,MA,
2225,"10 JACKSON TERRACE, 60-62 NEWBURY ST, 101-105 HAVERHILL ST; 105-113 NEWBURY ST",LAWRENCE,MA,
2226,"63 FLETCHER ST, 174 BROADWAY, 34 MARION ST, 192 SUFFOLK ST",LOWELL,MA,
2227,350-366 CROSS ST,MALDEN,MA,
2228,"63-65 SPRING S & 68-70,76,84-88 BYERS ST",SPRINGFIELD,MA,
2229,"290, 292-298 FRANKLIN ST, 64-70 CASS ST; 77,79,87,93,97 & 103 BELLE ST",SPRINGFIELD,MA,
2230,"CROWNINSHIELD, PLEASANT & FREEMAN STREETS",BROOKLINE,MA,
2231, 146 PROSPECT ST,CAMBRIDGE,MA,
2232,10 SCOUTING WAY,CAMBRIDGE,MA,
2233,12 SCOUTING WAY,CAMBRIDGE,MA,
2234,144 PROSPECT ST,CAMBRIDGE,MA,
2235,148 PROSPECT ST,CAMBRIDGE,MA,
2236,150 PROSPECT ST,CAMBRIDGE,MA,
2237,152 PROSPECT ST,CAMBRIDGE,MA,
2238,154 PROSPECT ST,CAMBRIDGE,MA,
2239,156 PROSPECT ST,CAMBRIDGE,MA,
2240,6 SCOUTING WAY,CAMBRIDGE,MA,
2241,8 SCOUTING WAY,CAMBRIDGE,MA,
2242,147 ESSEX AVE,GLOUCESTER,MA,
2243,"185,191 & 203 SALEM ST",LOWELL,MA,
2244,55 INTREPID CIR,MARBLEHEAD,MA,
2245,76 AVENUE A,MONTAGUE,MA,
2246,"185 UNION ST, 741 PURCHASE ST",NEW BEDFORD,MA,
2247,756 LOWELL ST,PEABODY,MA,
2248, 70 PALMER ST,SALEM,MA,
2249,68 PALMER ST,SALEM,MA,
2250,120 INGELLS ST,TAUNTON,MA,
2251,117 CONVENT HILL RD,WARE,MA,
2252,105 LINDEN ST,WINCHENDON,MA,
2253,212-237 HILLTOP DR,WALPOLE,MA,
2254,200 SPRINGS RD,BEDFORD,MA,
2255,57 CONCORD RD,BEDFORD,MA,
2256,234 HARTWELL RD,BEDFORD,MA,
2257,268 CONCORD RD,BEDFORD,MA,
2258,CONANT ST,DANVERS,MA,
2259,18 SPRING RD,BEDFORD,MA,
2260,130 QUINCY AVE,BRAINTREE,MA,
2261,70-96 BRIDGE; 190-232 FRENCH; 47-55 BROOKINGS STS,LOWELL,MA,
2262,292 NORTH ST,PITTSFIELD,MA,
2263,366 QUINCY AVE,QUINCY,MA,
2264,266 - 310 QUINCY SHORE DR,QUINCY,MA,
2265,47 SPRING ST,REHOBOTH,MA,
2266,775 SPRINGFIELD ST,AGAWAM,MA,
2267,15 HOLBROOK AVE,BRAINTREE,MA,
2268,159 HOPKINS ST,READING,MA,
2269,135 BEACH RD,SALISBURY,MA,
2270,125 BRIDGE RD,SALISBURY,MA,
2271,102 CENTRAL ST,SAUGUS,MA,
2272,150 MANN LOT RD,SCITUATE,MA,
2273,117 MILFORD ROAD (ALFALFA DRIVE),GRAFTON,MA,
2274,9 WESTWOOD DRIVE/136 CEDAR ST,STURBRIDGE,MA,
2275,3 WEST STOCKBRIDGE RD,STOCKBRIDGE,MA,
2276,717-729 BOSTON POST RD,SUDBURY,MA,
2277,225 HUMPHREY ST,SWAMPSCOTT,MA,
2278,41 INDEPENDENCE AVE,BRAINTREE,MA,
2279,328 MAIN ST,TOWNSEND,MA,
2280,449 EDGARTOWN RD,TISBURY,MA,
2281,159 MAIN ST,TISBURY,MA,
2282,300 FLORENCE RD,WALTHAM,MA,
2283,26 CHASE AVE; 4-6 PARK ST,WEBSTER,MA,
2284,53 INDEPENDENCE AVE,BRAINTREE,MA,
2285,* EDGEMOOR CIR,WELLESLEY,MA,
2286,7 KIMBALL CT,WOBURN,MA,
2287,193 GROVE ST,BRAINTREE,MA,
2288,100 PERKINS AVE,BROCKTON,MA,
2289,140 EAST ST,GREAT BARRINGTON,MA,
2290,540 & 572-574 ESSEX ST,LAWRENCE,MA,
2291,139-143 MAY ST,LAWRENCE,MA,
2292,"111-113, 129, 131-133,135 & 137 GARDEN ST",LAWRENCE,MA,
2293,18 WEST RD,ORLEANS,MA,
2294,208 FLORIDA ST,SPRINGFIELD,MA,
2295,168 GREYSTONE AVE,WEST SPRINGFIELD,MA,
2296,5 JAMES CR,WILBRAHAM,MA,
2297,110 LLOYD AVE,SPRINGFIELD,MA,
2298,127 MILL ST,SPRINGFIELD,MA,
2299,101 MULBERRY ST,SPRINGFIELD,MA,
2300,72 SAN MIGUEL ST,SPRINGFIELD,MA,
2301,475 CHANDLER ST,WORCESTER,MA,
2302,94 ADAMS ST,WALTHAM,MA,
2303,133 CHANDLER ST,WORCESTER,MA,
2304,311 LOWELL ST,ANDOVER,MA,
2305,MAIN ST,BOLTON,MA,
2306,302 LOWELL ST,CARLISLE,MA,
2307,528 MCKINSTRY AVE,CHICOPEE,MA,
2308,90 COCHRAN ST,CHICOPEE,MA,
2309,25 PINE ST,CHICOPEE,MA,
2310,929 MEMORIAL DR,CHICOPEE,MA,
2311,130 TURNPIKE RD,CHELMSFORD,MA,
2312,201 CENTRAL ST,GEORGETOWN,MA,
2313,8 WEST MAIN ST (W GROTON),GROTON,MA,
2314,333 ROUTE 28,HARWICH,MA,
2315,196 SUMMER ST,HINGHAM,MA,
2316,* ADAMS CT,HINGHAM,MA,
2317,4 GLEASON ST,METHUEN,MA,
2318,6 WOODMAN WAY,NEWBURYPORT,MA,
2319,239 NAHANT ST,WAKEFIELD,MA,
2320,48 WATER ST,WAKEFIELD,MA,
2321,100 VILLAGE WAY,WESTPORT,MA,
2322,* MAPLE TER,PLAINVILLE,MA,
2323,26 TENNIS CLUB LN,FALMOUTH,MA,
2324,330 WAREHAM RD,MARION,MA,
2325,191-199 GREENWOOD ROAD & 90 CHANDLER RD,ANDOVER,MA,
2326,886 MAIN ST,AGAWAM,MA,
2327,10 HERITAGE CR,BRIDGEWATER,MA,
2328,15 HERITAGE CR,BRIDGEWATER,MA,
2329,1130 PLYMOUTH ST,BRIDGEWATER,MA,
2330,95 N WESTFIELD ST,AGAWAM,MA,
2331,775 CRESCENT ST,BROCKTON,MA,
2332,1380 MAIN ST,BROCKTON,MA,
2333,66 MEADOWBROOK MANOR,AGAWAM,MA,
2334,14 PLYMOUTH ST/78 STILLMAN AV,BROCKTON,MA,
2335,15 HILL ST,BROCKTON,MA,
2336,45 GODDARD RD,BROCKTON,MA,
2337,140 COLONEL BELL DR,BROCKTON,MA,
2338,105 BELAIR ST,BROCKTON,MA,
2339,25 NORTH AVE,BROCKTON,MA,
2340,688 NORTH WARREN EXTENSION,BROCKTON,MA,
2341,629 NO MAIN ST,BROCKTON,MA,
2342,51 MAPLE ST,AGAWAM,MA,
2343,678 NORTH MAIN ST,BROCKTON,MA,
2344,51 BATTLES FARM DR,BROCKTON,MA,
2345,100-110 MAIN ST,BROCKTON,MA,
2346,101-106 MAIN ST,BROCKTON,MA,
2347,24-36 FRANKLIN ST,AGAWAM,MA,
2348,202 CHATHAM WEST DR/OAK ST,BROCKTON,MA,
2349,20 HAVERHILL ST,BROCKTON,MA,
2350,230 QUAKER MEETINGHOUSE RD,SANDWICH,MA,
2351,85 BOARDLEY RD,SANDWICH,MA,
2352,54 ROUTE 130,SANDWICH,MA,
2353,54 HAVERHILL ST,BROCKTON,MA,
2354,171 PHILLIPS ST,HANSON,MA,
2355,165 CARL AVE,BROCKTON,MA,
2356,283 GROVE ST,BROCKTON,MA,
2357,* CARLETON ST,WAREHAM,MA,
2358,515 PLEASANT ST,MARLBORO,MA,
2359,121 WEST ST,WILMINGTON,MA,
2360,151 NORTH MAIN ST,BELLINGHAM,MA,
2361,203 SCHOOL ST,AGAWAM,MA,
2362,767 INDEPENDENCE DR,BARNSTABLE,MA,
2363,68-174 RIVER RD,ANDOVER,MA,
2364,61 PARK ST,BROOKLINE,MA,
2365,* KINGSON LN,MEDWAY,MA,
2366,190 HARVARD ST,BROOKLINE,MA,
2367,50 PLEASANT ST,BROOKLINE,MA,
2368,90 LONGWOOD AVE,BROOKLINE,MA,
2369,47 OLD COLONY LN,MARSHFIELD,MA,
2370,1375 MAIN ST,READING,MA,
2371,22 HIGH ST/ 16 WALNUT,BROOKLINE,MA,
2372,145 POWDER MILL,CONCORD,MA,
2373,ABBOTT LN,CONCORD,MA,
2374,334 MAIN ST,MASHPEE,MA,
2375,16 REAR PYBURN ST,LYNNFIELD,MA,
2376,155 NORTHBOROUGH RD,SOUTHBORO,MA,
2377, 51-85 EGMONT,BROOKLINE,MA,
2378,338-348 ST PAUL,BROOKLINE,MA,
2379,25 PHEASANT HILL DR,AGAWAM,MA,
2380,44-79 EGMONT ST,BROOKLINE,MA,
2381, 6-30 NEW TR,BROOKLINE,MA,
2382,176-224 HIGH,BROOKLINE,MA,
2383,32-40 MARION,BROOKLINE,MA,
2384,151 KENT ST,BROOKLINE,MA,
2385, 144-156 ARMORY,BROOKLINE,MA,
2386,337-347 ST PAUL,BROOKLINE,MA,
2387,21 RICHARDSON RD,BURLINGTON,MA,
2388,22 RICHARDSON RD,BURLINGTON,MA,
2389,23 RICHARDSON RD,BURLINGTON,MA,
2390,24 RICHARDSON RD,BURLINGTON,MA,
2391,25 RICHARDSON RD,BURLINGTON,MA,
2392,26 RICHARDSON RD,BURLINGTON,MA,
2393,27 RICHARDSON RD,BURLINGTON,MA,
2394,28 RICHARDSON RD,BURLINGTON,MA,
2395,29 RICHARDSON RD,BURLINGTON,MA,
2396,30 RICHARDSON RD,BURLINGTON,MA,
2397,31 RICHARDSON RD,BURLINGTON,MA,
2398,32 RICHARDSON RD,BURLINGTON,MA,
2399,33 RICHARDSON RD,BURLINGTON,MA,
2400,1 ROSEWOOD DR,IPSWICH,MA,
2401,140 STEDMAN ST,CHELMSFORD,MA,
2402,1027 BEACON ST,BROOKLINE,MA,
2403, 1045 BEACON ST,BROOKLINE,MA,
2404,1043 BEACON ST,BROOKLINE,MA,
2405,146 SWANSON RD,BOXBORO,MA,
2406,120 CENTRE CT,BROOKLINE,MA,
2407,1550 BEACON ST,BROOKLINE,MA,
2408,1371 BEACON ST,BROOKLINE,MA,
2409,10 JUNIPER ST,BROOKLINE,MA,
2410, 72 PEARL ST,BROOKLINE,MA,
2411,55 VILLAGE WAY,BROOKLINE,MA,
2412,55 VILLAGE WAY/72 PEARL ST,BROOKLINE,MA,
2413,11 HARRIS ST,BROOKLINE,MA,
2414,1017 BEACON ST,BROOKLINE,MA,
2415,1057 BEACON ST,BROOKLINE,MA,
2416,37 GLEN AVE,CHELMSFORD,MA,
2417,211 GORTON RD,WESTFORD,MA,
2418,165 CHESTNUT ST,BROOKLINE,MA,
2419,1162 BOYLSTON ST,BROOKLINE,MA,
2420,1164 BOYLSTON ST,BROOKLINE,MA,
2421,1470 BEACON ST,BROOKLINE,MA,
2422,243 CYPRESS ST,BROOKLINE,MA,
2423,245 CYPRESS ST,BROOKLINE,MA,
2424,275 CYPRESS ST,BROOKLINE,MA,
2425,74 KENT ST,BROOKLINE,MA,
2426,77 LINDEN ST,BROOKLINE,MA,
2427,37-39 CLEMENT ST,BUCKLAND,MA,
2428,14 BIRCH CREST ST,BURLINGTON,MA,
2429,643 GIFFORD ST,FALMOUTH,MA,
2430,15 BIRCHCREST ST,BURLINGTON,MA,
2431,32-50 MACY ST,AMESBURY,MA,
2432,46 REAGAN ST,DRACUT,MA,
2433,35 ROBBINS AVE,DRACUT,MA,
2434,1 REDGATE,DRACUT,MA,
2435,* GUMPUS RD,DRACUT,MA,
2436,41 BOSTON RD,BILLERICA,MA,
2437,1 ARBORETUM WAY,BURLINGTON,MA,
2438,136 WEST GROVE ST,MIDDLEBORO,MA,
2439,CENTER ST,BURLINGTON,MA,
2440,30-50 CHURCHILL AVE,CAMBRIDGE,MA,
2441,1715 MASS AVE,CAMBRIDGE,MA,
2442,64 MAGEE ST,CAMBRIDGE,MA,
2443,1 JACKSON PL,CAMBRIDGE,MA,
2444,55 ESSEX ST,CAMBRIDGE,MA,
2445,100 THINGVALLA AVE,CAMBRIDGE,MA,
2446,150 ERIE ST,CAMBRIDGE,MA,
2447,15 LAMBERT ST,CAMBRIDGE,MA,
2448,131 WASHINGTON ST,CAMBRIDGE,MA,
2449,81 CLIFTON ST,CAMBRIDGE,MA,
2450,8 MILDRED HAMILTON PL,CAMBRIDGE,MA,
2451,25 8TH ST,CAMBRIDGE,MA,
2452,71 HAMMOND ST,CAMBRIDGE,MA,
2453,8 JACKSON GARDENS,CAMBRIDGE,MA,
2454,100 ALBION RD,BEDFORD,MA,
2455,101 HIGHLAND AVE,SOMERVILLE,MA,
2456,19 LINCOLN WAY,CAMBRIDGE,MA,
2457,14 ROOSEVELT TOWERS,CAMBRIDGE,MA,
2458,3 WOODROW WILSON CT,CAMBRIDGE,MA,
2459,45 LINNAEAN ST,CAMBRIDGE,MA,
2460,237 FRANKLIN ST,CAMBRIDGE,MA,
2461,116 NORFOLK ST,CAMBRIDGE,MA,
2462,86 OTIS ST,CAMBRIDGE,MA,
2463,2050 MASS AVE,CAMBRIDGE,MA,
2464,32 MOUNT AUBURN ST,CAMBRIDGE,MA,
2465,42 WILLOW ST,CAMBRIDGE,MA,
2466,44 WILLOW ST,CAMBRIDGE,MA,
2467,46 WILLOW ST,CAMBRIDGE,MA,
2468,48 WILLOW ST,CAMBRIDGE,MA,
2469,50 WILLOW ST,CAMBRIDGE,MA,
2470,52 WILLOW ST,CAMBRIDGE,MA,
2471,54 WILLOW ST,CAMBRIDGE,MA,
2472,56 WILLOW ST,CAMBRIDGE,MA,
2473,125 PORTLAND ST,CAMBRIDGE,MA,
2474,160 RICHDALE AVE,CAMBRIDGE,MA,
2475,59 NORFOLK ST,CAMBRIDGE,MA,
2476,808 MEMORIAL DR,CAMBRIDGE,MA,
2477,901 MASS AVE,CAMBRIDGE,MA,
2478,929 MASS AVE,CAMBRIDGE,MA,
2479, 140-150 FRANKLIN ST,CAMBRIDGE,MA,
2480, 70 BROOKLINE ST,CAMBRIDGE,MA,
2481,68 BROOKLINE ST,CAMBRIDGE,MA,
2482,"68-70 BROOKLINE ST, 140-150 FRANKLIN ST",CAMBRIDGE,MA,
2483,237-255 GARDEN ST,CAMBRIDGE,MA,
2484,205 MARKET ST; 30-38 MACY ST,AMESBURY,MA,
2485,411 FRANKLIN ST,CAMBRIDGE,MA,
2486,47 LEE ST,CAMBRIDGE,MA,
2487,820 MASSACHUSETTS AVE,CAMBRIDGE,MA,
2488, 1-11 COLUMBIA TR,CAMBRIDGE,MA,
2489, 57 COLUMBIA ST,CAMBRIDGE,MA,
2490,55 COLUMBIA ST,CAMBRIDGE,MA,
2491,55-57 COLUMBIA ST/ 1-11 COLUMBIA TERR,CAMBRIDGE,MA,
2492,614 POND ST,BRAINTREE,MA,
2493,710 WEST ST,BRAINTREE,MA,
2494,* SAWYER LN,SALISBURY,MA,
2495,111 BEACH RD,SALISBURY,MA,
2496,51 COLUMBIA ST,CAMBRIDGE,MA,
2497,122 MT AUBURN ST,CAMBRIDGE,MA,
2498,19 BROAD ST,MERRIMAC,MA,
2499, 220 CHESTNUT ST,CAMBRIDGE,MA,
2500, 226 CHESTNUT ST,CAMBRIDGE,MA,
2501,218 CHESTNUT ST,CAMBRIDGE,MA,
2502, 10 MAGAZINE ST,CAMBRIDGE,MA,
2503, 12 MAGAZINE ST,CAMBRIDGE,MA,
2504, 255 FRANKLIN ST,CAMBRIDGE,MA,
2505,8 MAGAZINE ST,CAMBRIDGE,MA,
2506,8-12 MAGAZINE STREET/255 FRANKLIN ST,CAMBRIDGE,MA,
2507,2525 MASSACHUSETTS AVE,CAMBRIDGE,MA,
2508, 45 CLIFTON ST,CAMBRIDGE,MA,
2509,43 CLIFTON ST,CAMBRIDGE,MA,
2510,307 CENTRAL ST,HUDSON,MA,
2511,30 PEARL ST,CAMBRIDGE,MA,
2512,301 UNION ST,FRANKLIN,MA,
2513,301 LINDEN POND WAY,HINGHAM,MA,
2514,303 LINDEN POND WAY,HINGHAM,MA,
2515,195 SALEM ST,WILMINGTON,MA,
2516,210 OTIS ST,CAMBRIDGE,MA,
2517,360 RINDGE AVE,CAMBRIDGE,MA,
2518,362 RINDGE AVE,CAMBRIDGE,MA,
2519,205 GREEN ST,CAMBRIDGE,MA,
2520,161 HAMPSHIRE ST,CAMBRIDGE,MA,
2521,273 HARVARD ST,CAMBRIDGE,MA,
2522,WAVERLY ST/ 118-120 HAMPSHIRE & COLUMBIA STS,CAMBRIDGE,MA,
2523,280 MAIN ST,AMESBURY,MA,
2524,"38-44 HAYES ST, 29 MAGEE ST",CAMBRIDGE,MA,
2525, 111 PINE ST,CAMBRIDGE,MA,
2526,109 PINE ST,CAMBRIDGE,MA,
2527,141 CHESTNUT ST,NEEDHAM,MA,
2528,65 CHILTON ST,CAMBRIDGE,MA,
2529,1221 INMAN ST,CAMBRIDGE,MA,
2530,129 FRANKLIN ST,CAMBRIDGE,MA,
2531, 1-6 LINWOOD PL,CAMBRIDGE,MA,
2532,200-210 COLUMBIA ST,CAMBRIDGE,MA,
2533,65-69 COLUMBIA ST,CAMBRIDGE,MA,
2534,10 COLUMBUS AVE,CAMBRIDGE,MA,
2535,53 FRIEND ST,AMESBURY,MA,
2536,TOWER ST,HUDSON,MA,
2537,40 CLIFTON ST,CAMBRIDGE,MA,
2538,300 PROSPECT ST,CAMBRIDGE,MA,
2539,95 FAYERWEATHER ST,CAMBRIDGE,MA,
2540,96-98 HAMPSHIRE ST,CAMBRIDGE,MA,
2541,585 CHESTNUT ST,ABINGTON,MA,
2542,276 MAIN ST,AMESBURY,MA,
2543,35 HOVEY AVE,CAMBRIDGE,MA,
2544,37-41 HOWARD ST,CAMBRIDGE,MA,
2545,10 LAUREL ST,CAMBRIDGE,MA,
2546,13-15 LINCOLN ST,CAMBRIDGE,MA,
2547,39 LINCOLN WAY,CAMBRIDGE,MA,
2548,23-30 LOPEZ ST,CAMBRIDGE,MA,
2549,226 NORFOLK ST,CAMBRIDGE,MA,
2550,24-26 CPL MCTERNAN,CAMBRIDGE,MA,
2551,12 PRINCE ST,CAMBRIDGE,MA,
2552,20 PROSPECT ST,AMESBURY,MA,
2553,* BRANDYWINE RD,FRANKLIN,MA,
2554,45 PELHAM ST,NEWTON,MA,
2555,160 BOYLSTON ST,NEWTON,MA,
2556,21 FOSTER ST,NEWTON,MA,
2557,42 ROGERS ST,TEWKSBURY,MA,
2558,PO BOX 390672,CAMBRIDGE,MA,
2559,19 VALENTINE ST,CAMBRIDGE,MA,
2560,280 WESTERN AVE,CAMBRIDGE,MA,
2561,820 CONVERSE ST,LONGMEADOW,MA,
2562,425 MAIN STREET (M 61 L 1031),WAREHAM,MA,
2563,30 CAMBRDIGE PARK DR,CAMBRIDGE,MA,
2564,632 MASSACHUSETTS AVE,CAMBRIDGE,MA,
2565,157 PLEASANT ST,CAMBRIDGE,MA,
2566,165 PLEASANT ST,CAMBRIDGE,MA,
2567,173 PLEASANT ST,CAMBRIDGE,MA,
2568,1482-1488 PLEASANT ST,FALL RIVER,MA,
2569,3 RUTHS WAY,IPSWICH,MA,
2570,5 RUTHS WAY,IPSWICH,MA,
2571,7 RUTHS WAY,IPSWICH,MA,
2572,6 SAFFORD ST,IPSWICH,MA,
2573,1004-1012 EASTERN AVE,FALL RIVER,MA,
2574,10 MUSEUM WAY,CAMBRIDGE,MA,
2575,8 MUSEUM WAY,CAMBRIDGE,MA,
2576,60-86 PEQUIT ST,CANTON,MA,
2577,42 LEBARON BLVD,LAKEVILLE,MA,
2578,NEWELL HAGEN CT,CANTON,MA,
2579,542 NORTH MAIN ST,FALL RIVER,MA,
2580,660 WASHINGTON ST,CANTON,MA,
2581,22 ROCKY NECK AVE,GLOUCESTER,MA,
2582,5 BARKER ST,PEMBROKE,MA,
2583,186 LAKE ST,PEMBROKE,MA,
2584,RUBIN CT,CANTON,MA,
2585,1-12 BRAYTON CR,CANTON,MA,
2586,833 WASHINGTON ST,CANTON,MA,
2587,218 SOUTH ST,WALTHAM,MA,
2588,101 RANDOLPH ST,CANTON,MA,
2589,211 EAST ST,EASTHAMPTON,MA,
2590,MIDDLE RD,SOUTHBORO,MA,
2591,1 WILL DR,CANTON,MA,
2592,1 STAGECOACH RD,CANTON,MA,
2593,145 CHURCH ST,CARLISLE,MA,
2594,6 FULLER ST,CARVER,MA,
2595,84 COCASSET PL,FOXBORO,MA,
2596,101 MEADOW ST,WESTFIELD,MA,
2597,25 MAIN ST,CHARLEMONT,MA,
2598,10 CONNORS AVE,MANSFIELD,MA,
2599,235 CENTER ST,PEMBROKE,MA,
2600,65 TEMPLE ST,SOMERVILLE,MA,
2601,373 HIGHLAND AVE,SOMERVILLE,MA,
2602,1042 MAIN ST,WOBURN,MA,
2603,1 MEADOWVIEW DR,CHARLTON,MA,
2604,228-256 CROWELL RD,CHATHAM,MA,
2605,3 CAPTAIN'S LANDING,CHATHAM,MA,
2606,2357 TURNPIKE ST,NORTH ANDOVER,MA,
2607,36 HAROLD LN,CHATHAM,MA,
2608,39 MARTHA KENDRICK WAY,CHATHAM,MA,
2609,7-16 CAPTAIN'S LANDING,CHATHAM,MA,
2610,1 SMITH ST,CHELMSFORD,MA,
2611,86 WEST MAIN ST & 3 NANCY ANN LN,MERRIMAC,MA,
2612,1 GREENLEAD DR,MERRIMAC,MA,
2613,373 NORTH RD,BEDFORD,MA,
2614,8 SHEILA AVE,CHELMSFORD,MA,
2615,10 WILSON ST,CHELMSFORD,MA,
2616,79A GROTON RD,CHELMSFORD,MA,
2617, 2 WINDSOR VILLAGE,CANTON,MA,
2618,1 WINDSOW VILLAGE,CANTON,MA,
2619,32 SUGAR RD,BOLTON,MA,
2620,6 BRIDGE ST,LAKEVILLE,MA,
2621,"FRANKLIN, LYMAN, ENDICOTT & LAIGHTON STREETS",LYNN,MA,
2622,20 NEPTUNE BLVD,LYNN,MA,
2623,96 RICHARDSON RD,CHELMSFORD,MA,
2624,82 BRICK KILN RD,CHELMSFORD,MA,
2625, 26 CLAREMONT AVE,QUINCY,MA,
2626,24 CLAREMONT AVE,QUINCY,MA,
2627,28 SPRING AVE,REVERE,MA,
2628,360 LITTLETON RD,CHELMSFORD,MA,
2629,86 RICHARDSON RD,CHELMSFORD,MA,
2630,223-229 LITTLETON RD,CHELMSFORD,MA,
2631, 1-3 MILL,CHELSEA,MA,
2632, 449 CRESCENT ST,CHELSEA,MA,
2633,1-4 CLINTON,CHELSEA,MA,
2634,OFF OF GREAT ROAD & HUDSON RD,STOW,MA,
2635,260 CLARK AVE,CHELSEA,MA,
2636,1-4 PKWY,CHELSEA,MA,
2637,179 MAIN ST,GROVELAND,MA,
2638,* NAZNEEN CIR,HOPKINTON,MA,
2639,CENTRAL AVE,CHELSEA,MA,
2640,* PATRIOTS BLVD,HOPKINTON,MA,
2641,* SANCTUARY LN,HOPKINTON,MA,
2642,1100 PEMBROKE WOODS DR,PEMBROKE,MA,
2643,* CHARLES RIDGE RD,LITTLETON,MA,
2644,176 SCHOOSETT ST,PEMBROKE,MA,
2645,178 SCHOOSETT ST,PEMBROKE,MA,
2646,14 BLOOMINGDALE ST,CHELSEA,MA,
2647,150 ANDOVER ST,DANVERS,MA,
2648,1000 MAIN CAMPUS DR,LEXINGTON,MA,
2649,COMMANDANT'S WAY & CAPTAIN'S ROW,CHELSEA,MA,
2650,105 RIDGE LN,WALTHAM,MA,
2651,5 RIVERHURST RD,BILLERICA,MA,
2652,100 BELLINGHAM ST,CHELSEA,MA,
2653,466 BROADWAY,CHELSEA,MA,
2654,585-593 BROADWAY,CHELSEA,MA,
2655, 857 BROADWAY,CHELSEA,MA,
2656,853 BROADWAY,CHELSEA,MA,
2657, 13 SCHOOL ST,CHELSEA,MA,
2658,10 FORSYTH ST,CHELSEA,MA,
2659,272 BROADWAY,CHELSEA,MA,
2660,45 MCKENNA DR,BILLERICA,MA,
2661,210 BROADWAY,CHELSEA,MA,
2662,264 MASSACHUSETTS AVE,ARLINGTON,MA,
2663,5 ADMIRALS WAY,CHELSEA,MA,
2664,25 GREEN ST,IPSWICH,MA,
2665,248 ELLIOT ST,NEWTON,MA,
2666,1093 CHESTNUT ST,NEWTON,MA,
2667,1101 CHESTNUT ST,NEWTON,MA,
2668, 199 CHESTNUT ST,CHELSEA,MA,
2669,155 CHESTNUT ST,CHELSEA,MA,
2670,"155,199 CHESTNUT ST, 31-33",CHELSEA,MA,
2671,COMMANDANT'S WAY AND ADMIRAL'S HILL,CHELSEA,MA,
2672,150 CAPTAINS ROW,CHELSEA,MA,
2673, 201WINNISIMMET,CHELSEA,MA,
2674,227 BROADWAY,CHELSEA,MA,
2675,30-38 GROVE ST,CHELSEA,MA,
2676,278 NEWBURY ST,PEABODY,MA,
2677,95 PEARL ST,CHELSEA,MA,
2678,18 BATES ST,AYER,MA,
2679, 77 SHAWMUT ST,CHELSEA,MA,
2680, 79 SHAWMUT ST,CHELSEA,MA,
2681,29 CHESTER AVE,CHELSEA,MA,
2682,29 CHESTER AVE; 77-79 SHAWMUT ST,CHELSEA,MA,
2683,269 WASHINGTON AVE,CHELSEA,MA,
2684,128 COTTAGE ST,CHELSEA,MA,
2685,110 CYPRESS ST,BROOKLINE,MA,
2686, 233 CHESTNUT ST,CHELSEA,MA,
2687, 47 WASHINGTON ST,CHELSEA,MA,
2688,156 SHAWMUT ST,CHELSEA,MA,
2689,"156 SHAWMUT ST, 233 CHESTNUT ST, 47 WASHINGTON ST",CHELSEA,MA,
2690, 52 SHURTLEFF ST,CHELSEA,MA,
2691, 56 SHURTLEFF ST,CHELSEA,MA,
2692,18 WATTS ST,CHELSEA,MA,
2693,54 SHURTLEFF ST,CHELSEA,MA,
2694,90 SHAWMUT,CHELSEA,MA,
2695,"90 SHAWMUT, 18 WATTS ST, 52-56 SHURTLEFF ST",CHELSEA,MA,
2696,WASHINGTON ST,NEWTON,MA,
2697,145 PEARL ST,CHELSEA,MA,
2698,68 RIVER ST,ACTON,MA,
2699,52-54 WYMAN ST,NEWTON,MA,
2700,72 EAST MAIN ST,MERRIMAC,MA,
2701,193 ELM ST,NORTH READING,MA,
2702,2001 FALLS BLVD,QUINCY,MA,
2703,405 ALEWIFE BROOK PKWY,SOMERVILLE,MA,
2704,30 WATER ST,ATTLEBORO,MA,
2705,7 & 9 COMMERCIAL STREET (FKA 1265 RT 28),YARMOUTH,MA,
2706,909 WASHINGTON ST,NORWOOD,MA,
2707,911 WASHINGTON ST,NORWOOD,MA,
2708,693 MAIN ST,AMHERST,MA,
2709,33 KELLOGG AVE,AMHERST,MA,
2710,15 STONIA DR,CHICOPEE,MA,
2711,1326 MEMORIAL DR,CHICOPEE,MA,
2712,"44-60,80-108,198-210 MEETINGHOUSE,43-57 MARSHALL,630-660 MEADOW,1-121 ELMER,7-138",CHICOPEE,MA,
2713,630 CHICOPEE ST,CHICOPEE,MA,
2714,335-359 E MAIN ST /4-52 BENOIT CR,CHICOPEE,MA,
2715,400 BRITTON ST,CHICOPEE,MA,
2716,* CONSERVATION WAY,STOUGHTON,MA,
2717,243 PAGE ST,STOUGHTON,MA,
2718,BUCKLEY RD,STOUGHTON,MA,
2719,870 HARTFORD TURNPIKE,SHREWSBURY,MA,
2720,"1-36 ROBINSON,  1-40 GROCKI, 156-180 MEETINGHOUSE",CHICOPEE,MA,
2721,9 CHESTNUT ST,AMHERST,MA,
2722,2-108 PELQUIN DR,CHICOPEE,MA,
2723,2ND AVE,WAREHAM,MA,
2724,7 VALLEY VIEW CT,CHICOPEE,MA,
2725,226 EAST MAIN ST,CHICOPEE,MA,
2726,61-65 MAPLE ST,CHICOPEE,MA,
2727,50 ALGONQUIN ST/CASINO AVE,CHICOPEE,MA,
2728,5 & 7 SPRINGFIELD ST (1 SPRINGFIELD PER MHFA),CHICOPEE,MA,
2729,48 MIDDLESEX TURNPIKE,BEDFORD,MA,
2730,"449 & 459 OLD MILL ROAD, OSTERVILLE",BARNSTABLE,MA,
2731,4 MOUNT PLEASANT ST,BILLERICA,MA,
2732,795R BOSTON RD,BILLERICA,MA,
2733,14-16 CHARLES ST,CHICOPEE,MA,
2734,590 FRONT STREET & 21 CYMAN DR,CHICOPEE,MA,
2735,159 ALLEN ST,BILLERICA,MA,
2736,250 ELM ST,DEDHAM,MA,
2737,135 - 137 CONCORD RD,WESTFORD,MA,
2738,"5, 12, 18, 24 DURKEE LN",WESTFORD,MA,
2739,136-144 CABOT ST,CHICOPEE,MA,
2740,132 EAST MAIN ST,CHICOPEE,MA,
2741,23 LEANNE WAY,FRANKLIN,MA,
2742,2 COMMERCIAL DR,LAKEVILLE,MA,
2743,345 GRANBY RD,CHICOPEE,MA,
2744,58 SPENCER RD,BOXBORO,MA,
2745,2-4  SPRINGFIELD ST,CHICOPEE,MA,
2746,90 MCKINSTRY AVE,CHICOPEE,MA,
2747,893 MAIN ST,BOLTON,MA,
2748,65 BROADWAY,CHICOPEE,MA,
2749,75 WALNUT ST,PEABODY,MA,
2750, 553 GREAT ROAD REAR,ACTON,MA,
2751, 555 GREAT ROAD REAR,ACTON,MA,
2752, 557 GREAT ROAD REAR,ACTON,MA,
2753, 80 NAGOG PARK,ACTON,MA,
2754,551 GREAT ROAD REAR,ACTON,MA,
2755,94 MAIN ST,GROVELAND,MA,
2756,29 SWIFTS BEACH RD,WAREHAM,MA,
2757,2701 CRANBERRY HIGHWAY,WAREHAM,MA,
2758,32-36 CHESTNUT CT,AMHERST,MA,
2759,556 SPARHAWK ST,AMESBURY,MA,
2760,69-73 MCKINSTRY AVE,CHICOPEE,MA,
2761,37-39 MILLYARD ST,AMESBURY,MA,
2762,561 SHERIDAN ST,CHICOPEE,MA,
2763,912-916 CHICOPEE ST,CHICOPEE,MA,
2764,"1-90 LAKESIDE AVENUE, 60-66 FITCH RD",CLINTON,MA,
2765,1-55 FITCH ROAD & 89-107 WOODLAWN ST,CLINTON,MA,
2766,309 CHURCH ST,CLINTON,MA,
2767,271 CHESTNUT ST,CLINTON,MA,
2768,367 WATER ST,CLINTON,MA,
2769,137-139 PLEASANT ST,CLINTON,MA,
2770,40 WALNUT ST,CLINTON,MA,
2771,25 POND ST/36 HIGH ST,AMESBURY,MA,
2772,25 CEDAR ST,AMESBURY,MA,
2773,1422 PINE ST--PARCEL 5,DIGHTON,MA,
2774,224 SAM TURNER RD,FALMOUTH,MA,
2775,1 COOLIDGE PL,CLINTON,MA,
2776,53 CARRIAGE SHOP RD,FALMOUTH,MA,
2777,24 & 32 WATER ST,CLINTON,MA,
2778,60 ELM ST,COHASSET,MA,
2779,534 NORTH RD,SUDBURY,MA,
2780,84 ABORN ST,PEABODY,MA,
2781,74 ELM ST,COHASSET,MA,
2782,59 HUDSON ST,NORTHBORO,MA,
2783,120 MT AUBURN ST,WATERTOWN,MA,
2784,291 REVERE ST,REVERE,MA,
2785,27-35 COMMONWEALTH AVE,NEWTON,MA,
2786,"20 EDGERTON DRIVE, NORTH FALMOUTH",FALMOUTH,MA,
2787,72 ELM ST,COHASSET,MA,
2788,2217 WASHINGTON ST,HOLLISTON,MA,
2789,4 OXBOW RD,FALMOUTH,MA,
2790,63 CENTRAL ST,NORTH READING,MA,
2791,1-8 PILGRIM RD,NORTH READING,MA,
2792,50 MT VERNON ST,NORTH READING,MA,
2793,21 CROSSWAY (122 HIGH ST),LEE,MA,
2794,1596 ANDOVER ST,TEWKSBURY,MA,
2795,1177 SHAWSHEEN RD,TEWKSBURY,MA,
2796,401 WEST CENTER ST,WEST BRIDGEWATER,MA,
2797,* CAPTIAN CARLSON WAY,WEST BRIDGEWATER,MA,
2798,117 SUMMER ST,MALDEN,MA,
2799,797 HIGHLAND AVE,NEEDHAM,MA,
2800,231 SALEM ST,READING,MA,
2801,1 TECHNOLOGY DR,CHELMSFORD,MA,
2802,147 ROBIN HILL RD,CHELMSFORD,MA,
2803,262 LITTLETON RD,CHELMSFORD,MA,
2804,264 LITTLETON RD,CHELMSFORD,MA,
2805,67 PRINCETON ST,CHELMSFORD,MA,
2806,267-279 WALDEN & GROVE ST,CONCORD,MA,
2807,51 BALDWIN RD,BILLERICA,MA,
2808,* DAVENPORT AVE,CANTON,MA,
2809,45 RANTOUL ST,BEVERLY,MA,
2810,239 HUDSON ST,NORTHBORO,MA,
2811,809 BOSTON POST RD,WESTON,MA,
2812,680 SOUTH AVE,WESTON,MA,
2813,34 EVERETT ST,CONCORD,MA,
2814,450 MAIN ST,STURBRIDGE,MA,
2815,615 NASHUA RD,DRACUT,MA,
2816,474 MAMMOTH RD,DRACUT,MA,
2817,780 NASHUA RD,DRACUT,MA,
2818,148 EDGARTOWN/VH RD,OAK BLUFFS,MA,
2819,31 WINTER ST,QUINCY,MA,
2820,"42 OLD BRIDGE RD, BUZZARDS BAY",BOURNE,MA,
2821,40 BRATTLE ST,ARLINGTON,MA,
2822,1016 MASS AVE,ARLINGTON,MA,
2823,115 STOW ST,CONCORD,MA,
2824,325 CABOT ST,BEVERLY,MA,
2825,160 PLAYSTEAD RD,MEDFORD,MA,
2826,50 CHELMSFORD RD,WESTFORD,MA,
2827,282 THOREAU ST,CONCORD,MA,
2828,303 SUMNER ST,ABINGTON,MA,
2829,27 THE HOLLOW,AMHERST,MA,
2830,22 WEST ST,CONCORD,MA,
2831,58 STOW ST,CONCORD,MA,
2832,293 HIGH ST,DALTON,MA,
2833,600 MAIN ST,DALTON,MA,
2834,14 STONE ST,DANVERS,MA,
2835,1-36 RAND CR,DANVERS,MA,
2836,110 COLLINS ST,DANVERS,MA,
2837,11 RICE ST,DANVERS,MA,
2838,80 MAPLE,DANVERS,MA,
2839,PERRY TR,DANVERS,MA,
2840,37 RUSSELL ST,MARLBORO,MA,
2841,260 MAIN ST,MALDEN,MA,
2842, 156 BOYLSTON ST,BROOKLINE,MA,
2843,154 BOYLSTON ST,BROOKLINE,MA,
2844,188 TYLER ST,METHUEN,MA,
2845,* REBECCA WAY,METHUEN,MA,
2846,95 HOLTEN ST,DANVERS,MA,
2847,67 POPLAR ST,DANVERS,MA,
2848,10 WATER ST,DANVERS,MA,
2849,11 PORTER ST,DANVERS,MA,
2850, 21 SUMMER ST,DANVERS,MA,
2851,9 SUMMER ST,DANVERS,MA,
2852,180 NEWBURY ST,DANVERS,MA,
2853,2 ANDERSON WAY,DARTMOUTH,MA,
2854,26 SEABREEZE DR; DARTMOUTH & SOLEMAR,DARTMOUTH,MA,
2855,26 SEABREEZE DR; 1-24 SUN & SEA DR,DARTMOUTH,MA,
2856,HIGH ST & O'BRIEN WAY,DEDHAM,MA,
2857,VETERANS ROAD/ OAKLAND,DEDHAM,MA,
2858,PARKER STAPLES RD,DEDHAM,MA,
2859,PARKWAY CT,DEDHAM,MA,
2860,DOGGETT CR,DEDHAM,MA,
2861,O'NEIL DR,DEDHAM,MA,
2862,29 HITCHENS DR,DEDHAM,MA,
2863,735 WASHINGTON ST,DEDHAM,MA,
2864,8 CLIPPER LN,DENNIS,MA,
2865,167 CENTER ST,DENNIS,MA,
2866,226 OLD BASS RIVER RD,DENNIS,MA,
2867,109 UPPER COUNTY CENTER,DENNIS,MA,
2868,206-224 (-236?) MAIN ST,DENNIS,MA,
2869,428 MAIN ST (HARBORSIDE),DENNIS,MA,
2870,129 MERRIMAC ST,NEWBURYPORT,MA,
2871,197 ELM ST,SALISBURY,MA,
2872,50 HATHORNE AVE,DANVERS,MA,
2873,17-19 FAYETTE PL,TAUNTON,MA,
2874,6 OTIS PARK DR,BOURNE,MA,
2875,9 NIRVANA DR,SAUGUS,MA,
2876,142 PLEASANT VALLEY ST,METHUEN,MA,
2877,16 WILLOW ST,MELROSE,MA,
2878,300 LINCOLN AVE,DIGHTON,MA,
2879,1295 SOMERSET AVE,DIGHTON,MA,
2880,1020 SOMERSET AVE,DIGHTON,MA,
2881,321 SPEEN ST,NATICK,MA,
2882,22 CHARLES ST,MALDEN,MA,
2883,"34, 36, 38 SANDY POND RD",GROTON,MA,
2884,139 PROSPECT ST,ACTON,MA,
2885,159 PROSPECT ST,ACTON,MA,
2886,214 CENTRAL ST,ACTON,MA,
2887,28 WILLOW ST,ACTON,MA,
2888,26 NORTH ST,DOUGLAS,MA,
2889,2239 IYANOUGH RD,BARNSTABLE,MA,
2890,"16-18, 38-44 WALNUT ST",HAVERHILL,MA,
2891,2231 MEETINGHOUSE RD,BARNSTABLE,MA,
2892,182 WALNUT ST,WELLESLEY,MA,
2893,13 WEST ST,DOUGLAS,MA,
2894, 2-8 CAMERON AVE,CAMBRIDGE,MA,
2895,2393-2401 MASS AVE,CAMBRIDGE,MA,
2896,54 HASTING ST,WELLESLEY,MA,
2897,56 HASTING ST,WELLESLEY,MA,
2898,58 HASTING ST,WELLESLEY,MA,
2899,60 HASTING ST,WELLESLEY,MA,
2900,62 HASTING ST,WELLESLEY,MA,
2901,64 HASTING ST,WELLESLEY,MA,
2902,66 HASTING ST,WELLESLEY,MA,
2903,874 WORCESTER ST,WELLESLEY,MA,
2904,878 WORCESTER ST,WELLESLEY,MA,
2905,14 LEBLANC,IPSWICH,MA,
2906, 64 BAKER ST,FOXBORO,MA,
2907, 68 BAKER ST,FOXBORO,MA,
2908,56 BAKER ST,FOXBORO,MA,
2909,"56, 64, & 68 BAKER ST",FOXBORO,MA,
2910,361 NORWOOD ST,SHARON,MA,
2911,49 MOUNT PROSPECT ST,BRIDGEWATER,MA,
2912,48 DENVER ST,SAUGUS,MA,
2913,82 VIRGINIA RD,LINCOLN,MA,
2914,61 INNSBRUCK WAY,FRANKLIN,MA,
2915,555 PLEASANT ST,WATERTOWN,MA,
2916,34 POMEROY LN,AMHERST,MA,
2917,971 MAMMOTH RD,DRACUT,MA,
2918,6 AMARANTH PL,MEDFORD,MA,
2919,25 HOWARD ST,CAMBRIDGE,MA,
2920,1 MARCELLA ST,CAMBRIDGE,MA,
2921,400 TECHNOLOGY CENTER DR,STOUGHTON,MA,
2922,901 MAMMOTH RD,DRACUT,MA,
2923,OFF PANTHER WAY,FRANKLIN,MA,
2924,36 HAVERHILL RD,AMESBURY,MA,
2925,1 RESERVE WAY,BURLINGTON,MA,
2926,14 WHEELER RD,BURLINGTON,MA,
2927,2 RESERVE WAY,BURLINGTON,MA,
2928,3 RESERVE WAY,BURLINGTON,MA,
2929,4 RESERVE WAY,BURLINGTON,MA,
2930,4 WHEELER RD,BURLINGTON,MA,
2931,46 SEVEN SPRINGS LN,BURLINGTON,MA,
2932,48 SEVEN SPRINGS LN,BURLINGTON,MA,
2933,5 RESERVE WAY,BURLINGTON,MA,
2934,50 SEVEN SPRINGS LN,BURLINGTON,MA,
2935,270 NORTH MAIN ST,MANSFIELD,MA,
2936,* 3 RIVERS DR,KINGSTON,MA,
2937,22-34 NEW SOUTH ST,NORTHAMPTON,MA,
2938,602-606 ESSEX ST,HAMILTON,MA,
2939,1-16 CAPEN CT,SOMERVILLE,MA,
2940,109 GILMAN ST,SOMERVILLE,MA,
2941,836 ROUTE 28,HARWICH,MA,
2942,17 & 19 ROBERT LN,HARWICH,MA,
2943,1 CORDAVILLE RD,SOUTHBORO,MA,
2944,3 PROPRIETORS DR,MARSHFIELD,MA,
2945,1787 LAKEVIEW AVE,DRACUT,MA,
2946,* WIMBLEDON XING,DRACUT,MA,
2947,22 JOSHUA PL,DUDLEY,MA,
2948,107 SCHOFIELD AVE,DUDLEY,MA,
2949,7 OAKLAND ST,LEXINGTON,MA,
2950, 110 COUNTRY RD,IPSWICH,MA,
2951, 112 COUNTRY RD,IPSWICH,MA,
2952,108 COUNTRY RD,IPSWICH,MA,
2953,108-112 COUNTY RD,IPSWICH,MA,
2954,59 CHESTNUT ST,DUXBURY,MA,
2955,1000 TAYLOR POND LN,BEDFORD,MA,
2956,4105 SUMMES CIR,ARLINGTON,MA,
2957,23 & 45 UNION ST,EASTON,MA,
2958,10 ISLAND HILL AVE,MELROSE,MA,
2959,75 MERRY AVE,DUXBURY,MA,
2960,30 STAGECOACH RD,STOUGHTON,MA,
2961,76 CLARK ST,FRAMINGHAM,MA,
2962,68 CENTRAL AVE,MEDFORD,MA,
2963,226 SOUTH MAIN ST & 61 ROCKLAND AVE,NATICK,MA,
2964,8 GRANT ST,NATICK,MA,
2965,6 OLD COUNTY RD,SUDBURY,MA,
2966,30 TREMONT ST,DUXBURY,MA,
2967,190 BLACK BIRCH DR,WRENTHAM,MA,
2968,14TH AVE,WAREHAM,MA,
2969,"5,6,23,24,52,53 RIDDELL RD",EAST BRIDGEWATER,MA,
2970,1535 MAIN ST,TEWKSBURY,MA,
2971,79 MAPLE RD,TEWKSBURY,MA,
2972,1360 MAIN ST,TEWKSBURY,MA,
2973,"64,65,76,77,88,89 RIDDELL RD",EAST BRIDGEWATER,MA,
2974,127-129 NEWLAND ST,NORTON,MA,
2975,* MARINERS DR,MARSHFIELD,MA,
2976,34-44 PROSPECT ST,EAST BRIDGEWATER,MA,
2977,82 QUARRY HILL,EAST LONGMEADOW,MA,
2978,610 REAR SALEM ST,WAKEFIELD,MA,
2979,101-109 HOPKINS ST,WAKEFIELD,MA,
2980,PADDOCK LN,BOXBORO,MA,
2981,1 HARVEST CIR,LINCOLN,MA,
2982,32 SANDY PINE RD,TEMPLETON,MA,
2983,391 PLEASANT ST,MELROSE,MA,
2984,29 HUDSON RD,SUDBURY,MA,
2985,"275, 289, 295, 303 BOSTON POST RD",SUDBURY,MA,
2986,51 HOSPITAL RD,TEMPLETON,MA,
2987,45 CHURCH ST,WESTON,MA,
2988,155 LAKE ST,WILMINGTON,MA,
2989,75 PLEASANT ST,EAST LONGMEADOW,MA,
2990,468 WEST ST,READING,MA,
2991,27 ST JAMES AVE,NORWOOD,MA,
2992,809-815 MAIN ST,WAREHAM,MA,
2993,49 EDMANDS RD,FRAMINGHAM,MA,
2994,396 STILL RIVER RD,BOLTON,MA,
2995,385 REAR BROADWAY,LYNNFIELD,MA,
2996,34 LOWER WESTFIELD RD,HOLYOKE,MA,
2997,19 SHEILA AVE,CHELMSFORD,MA,
2998,110 SOMERS RD,EAST LONGMEADOW,MA,
2999,294 CODMAN HILL RD,BOXBORO,MA,
3000,53 GLENDALE RD,EAST LONGMEADOW,MA,
3001,* CINNAMON RIDGE CIR,MIDDLEBORO,MA,
3002,1163 MAIN ST,WALTHAM,MA,
3003,460 MYSTIC AVE,SOMERVILLE,MA,
3004,400 FOXBOROUGH BLVD,FOXBORO,MA,
3005,100 LINCOL ST,DUXBURY,MA,
3006,349 LINCOLN ST,HINGHAM,MA,
3007,951 N BEDFORD ST,EAST BRIDGEWATER,MA,
3008,683-687 MAIN ST,AMHERST,MA,
3009,1001 & L-2 TURNPIKE ST,NORTH ANDOVER,MA,
3010,75 PARK ST & 290 OSGOOD ST,NORTH ANDOVER,MA,
3011,91 HIGHLAND AVE,TOWNSEND,MA,
3012,14 APPLE DR,TOWNSEND,MA,
3013,48 OLD POWDERMILL RD,CONCORD,MA,
3014,92 NORTH MAIN ST,WEST BOYLSTON,MA,
3015,OCEAN ST,MARSHFIELD,MA,
3016,54 BEACH RD,SALISBURY,MA,
3017,840 WESTHAMPTON RD,NORTHAMPTON,MA,
3018,371 COMMONWEALTH RD,WAYLAND,MA,
3019,INDEPENDENCE LN,ASHLAND,MA,
3020,68 CHURCH ST,WARE,MA,
3021,100 LOWELL RD,NORTH READING,MA,
3022,2880 CRANBERRY HIGHWAY,WAREHAM,MA,
3023,12/21 PINE ST,FALMOUTH,MA,
3024,637 GIFFORD ST,FALMOUTH,MA,
3025,788 LIVINGSTON ST,TEWKSBURY,MA,
3026,770 LIVINGSTON ST,TEWKSBURY,MA,
3027,1600 BEACON ST,BROOKLINE,MA,
3028,885 STATE HIGHWAY,EASTHAM,MA,
3029,5 DRUMMER RD,ACTON,MA,
3030,2-4-6-8 FOLGER AVE,NANTUCKET,MA,
3031,15-19 RUGGED ROAD & 6-8 SCOTTS WAY,NANTUCKET,MA,
3032,199-209 COLUMBIA ST,CAMBRIDGE,MA,
3033,737 MAIN ST,ACTON,MA,
3034,741 MAIN ST,ACTON,MA,
3035,10 WAMPUS AVE,ACTON,MA,
3036,11 WAMPUS AVE,ACTON,MA,
3037,12 WAMPUS AVE,ACTON,MA,
3038,* CHESTNUT W,RANDOLPH,MA,
3039,* GEORGE H GILLESPIE WAY,ABINGTON,MA,
3040,145 HANCOCK ST,BRAINTREE,MA,
3041,25 STAGECOACH RD,CANTON,MA,
3042,24 VINE ST,MELROSE,MA,
3043,5960 STATE HIGHWAY,EASTHAM,MA,
3044,300 SECOND AVE,NEEDHAM,MA,
3045,89 OXBOW RD/TROUT BROOK RD,WAYLAND,MA,
3046,336 COMMONWEALTH RD,WAYLAND,MA,
3047,320 STEVENS ST,BARNSTABLE,MA,
3048,123 UNION ST,BRIDGEWATER,MA,
3049,90 & 138 TEATICKET HIGHWAY,FALMOUTH,MA,
3050,24 BEAL ST,HINGHAM,MA,
3051,62 PLEASANT ST,AYER,MA,
3052,* LONGVIEW CIR,AYER,MA,
3053,10 CHARNSTAFFE LN,BILLERICA,MA,
3054,24 & 26 PARK ST,WESTBORO,MA,
3055,356 WASHINGTON ST,QUINCY,MA,
3056,20 HOLMES ST,QUINCY,MA,
3057,17 ELM ST,QUINCY,MA,
3058,14 STRAWBERRY HILL RD,CONCORD,MA,
3059,93 CANAL ST,SOUTH HADLEY,MA,
3060,118-120 MAIN ST,WEBSTER,MA,
3061,60 LAKE ST,WEBSTER,MA,
3062,47 MASON ST,FALL RIVER,MA,
3063,818 MIDDLE ST,FALL RIVER,MA,
3064,15 LIBERTY ST,EASTHAMPTON,MA,
3065,615 MAIN ST,BARNSTABLE,MA,
3066,8 MAIN ST,CHELMSFORD,MA,
3067,OFF SPRING ST AND LEGION DR,HANOVER,MA,
3068,442 MASSACHUSETTS AVE,ACTON,MA,
3069,50 PALMER ST,SALEM,MA,
3070,201-207 COLE AVE,WILLIAMSTOWN,MA,
3071, 11 PIERCE ST,ARLINGTON,MA,
3072, 13 PIERCE ST,ARLINGTON,MA,
3073,34 FOREST ST,ARLINGTON,MA,
3074,34 FOREST ST/11-13 PIERCE ST,ARLINGTON,MA,
3075,339 GIFFORD ST,FALMOUTH,MA,
3076,391 MAIN ST,EASTHAMPTON,MA,
3077,1779 CENTRAL ST,STOUGHTON,MA,
3078,75 ISLAND ST,STOUGHTON,MA,
3079,30 CHESTNUT ST,FOXBORO,MA,
3080,27-29 MILL ST,DENNIS,MA,
3081,79 HOLLIS ST,HOLLISTON,MA,
3082,108 EVERETT ST,EASTHAMPTON,MA,
3083,37 YOUNGS RD,LUNENBURG,MA,
3084,15 LITTLETON RD,HARVARD,MA,
3085,67 COUNTY ST,DOVER,MA,
3086,534 MAIN ST,MELROSE,MA,
3087,75 OLIVER ST,EASTHAMPTON,MA,
3088,353 HIGHLAND ST/GARRETT WAY,HOLLISTON,MA,
3089,99 PARKER ST,ACTON,MA,
3090,* GREY WOLF DR,FRANKLIN,MA,
3091,OFF SOUTH ST,CARLISLE,MA,
3092,132 CHIEF JUSTICE CUSHING HWY,COHASSET,MA,
3093,75 SOUTH MAIN ST,SHARON,MA,
3094,7 DEWEY ST,NATICK,MA,
3095,398 FOUNDRY ST,EASTON,MA,
3096,1-12 MAYHEW CT,HOPKINTON,MA,
3097,35 MAIN STREET EXTENSION,HARWICH,MA,
3098,38 LOWER WESTFIELD RD,HOLYOKE,MA,
3099,113 SISSON RD,HARWICH,MA,
3100,916 & 920 ROUTE 28,HARWICH,MA,
3101,26 POQUANTICUT AV/28 BARROWS ST/50 DAY ST,EASTON,MA,
3102,"13-15 HAMILTON ST, 552, 560-562, 570-572 SOUTH SUMMER ST",HOLYOKE,MA,
3103,196 AYER RD,HARVARD,MA,
3104,1 ROLLINS ROAD (AKA LOT 2),EASTON,MA,
3105,692 MAIN ST,WEST NEWBURY,MA,
3106,14 MANNION PL,LITTLETON,MA,
3107,20 WILLIAM ST,EASTON,MA,
3108,"26, 28, 24 MAIN ST; 13 OLIVER ST",EASTON,MA,
3109,189 BOSTON BOST RD,SUDBURY,MA,
3110,39 HIGH ST,AMESBURY,MA,
3111,16 BUTLER DR,SOMERVILLE,MA,
3112,120 GOLDSMITH ST,LITTLETON,MA,
3113,12 LONGMEADOW DR,AMHERST,MA,
3114,192 LEXINGTON ST,NEWTON,MA,
3115,147 ESSEX ST,GLOUCESTER,MA,
3116,447 CONCORD RD,BEDFORD,MA,
3117,130 NORTH ST,BEDFORD,MA,
3118,23 PINE ST,WESTON,MA,
3119,409 OLD BEDFORD RD,CONCORD,MA,
3120,335 WALDEN ST,CONCORD,MA,
3121,1273 ELM ST,CONCORD,MA,
3122,84 CHESTNUT ST,MARLBORO,MA,
3123,460 RIVER RD,ANDOVER,MA,
3124,155 KING ST,COHASSET,MA,
3125,536 LOWELL ST,LEXINGTON,MA,
3126,540 LOWELL ST,LEXINGTON,MA,
3127,16 HILLSIDE AVE,GREAT BARRINGTON,MA,
3128,10 OLMSTEAD DR,BELMONT,MA,
3129,2 OLMSTEAD DR,BELMONT,MA,
3130,4 OLMSTEAD DR,BELMONT,MA,
3131,6 OLMSTEAD DR,BELMONT,MA,
3132,8 OLMSTEAD DR,BELMONT,MA,
3133,13 DEXTER ST,NORTH ATTLEBORO,MA,
3134,119 WAREHAM ST,MARION,MA,
3135,40 HEATHER ST,BEVERLY,MA,
3136,252 HALE ST,BEVERLY,MA,
3137,249 DIVISION ST,FALL RIVER,MA,
3138,366 BANK ST,FALL RIVER,MA,
3139,381 FERRY ST,EVERETT,MA,
3140,210 COUNTY ST,FALL RIVER,MA,
3141,302 TREMONT ST,FALL RIVER,MA,
3142,42-44 TECUMSEH ST,FALL RIVER,MA,
3143,130 HIGH ST,FALL RIVER,MA,
3144,151 WHIPPLE ST,FALL RIVER,MA,
3145,122 GROVE ST,NORTHAMPTON,MA,
3146,698 TOWNSEND RD,GROTON,MA,
3147,1 CARLETON DR,MASHPEE,MA,
3148,870 HAVERHILL ST,ROWLEY,MA,
3149,100-900 MADISON PL,SHREWSBURY,MA,
3150,46 HOPE ST,MILLVILLE,MA,
3151,72-74 TURNPIKE RD,TOWNSEND,MA,
3152,49 INDEPENDENCE AVE,BRAINTREE,MA,
3153,235 POND ST,WEYMOUTH,MA,
3154,679 POND ST,WEYMOUTH,MA,
3155,255 WINTER ST,WALTHAM,MA,
3156,16TH ST,SALISBURY,MA,
3157,19 HANCOCK ST,EVERETT,MA,
3158,105 WAMPATUCK ST,PEMBROKE,MA,
3159,* DERBY BROOK WAY,HINGHAM,MA,
3160,80 BEAL ST,HINGHAM,MA,
3161,760 NASHUA RD,DRACUT,MA,
3162,325-C LAMBERTS COVE RD,TISBURY,MA,
3163,* TUCKERDALE WAY,MILLIS,MA,
3164,196 NASHUA RD,PEPPERELL,MA,
3165,131 LOWELL RD,PEPPERELL,MA,
3166,80 RIVET ST,NEW BEDFORD,MA,
3167,280 NORTH ST,NEW BEDFORD,MA,
3168,20 SOUTH AVE,NATICK,MA,
3169,76 NORWOOD ST,EVERETT,MA,
3170,243 S BROADWAY ST,LAWRENCE,MA,
3171,50 ISLAND ST,LAWRENCE,MA,
3172,"23 HAWLEY STREET, 30 & 32 GROTON ST",LAWRENCE,MA,
3173,30-50 PINE ST,GARDNER,MA,
3174,388 GRANITE ST,QUINCY,MA,
3175,6 FORT ST,QUINCY,MA,
3176,45 WINTER ST,QUINCY,MA,
3177,410 HERON POND,WAKEFIELD,MA,
3178,8 PARKER RD,WAKEFIELD,MA,
3179,82 PENNACOOK AVE,OAK BLUFFS,MA,
3180,1 GRACE AVE,BILLERICA,MA,
3181,180 HARTWELL RD,BEDFORD,MA,
3182,192 BOSTON POST RD,SUDBURY,MA,
3183,670 LINWOOD AVE,NORTHBRIDGE,MA,
3184,11-25 SUMMER ST,EVERETT,MA,
3185,16 LITTLETON DR,WESTFORD,MA,
3186,420 QUEQUECHAN ST,FALL RIVER,MA,
3187,154-168 EAGLE ST,FALL RIVER,MA,
3188,106 QUEQUECHAN ST,FALL RIVER,MA,
3189,66 MAIN ST,EVERETT,MA,
3190,189 LANDHAM RD,SUDBURY,MA,
3191,3 CHARTER RD,ACTON,MA,
3192,294 FRONT ST,MARION,MA,
3193,227 MAIN ST,FAIRHAVEN,MA,
3194,240 CRESCENT ST,WALTHAM,MA,
3195,241 CRESCENT ST,WALTHAM,MA,
3196,15-26 SACHEM WAY,ACTON,MA,
3197,* WYNDBROOK LN,TYNGSBORO,MA,
3198, 258 MASSACHUSETTS AVE,ARLINGTON,MA,
3199, 260 MASSACHUSETTS AVE,ARLINGTON,MA,
3200,252 MASSACHUSETTS AVE,ARLINGTON,MA,
3201,"252, 258-260 MASS AVE",ARLINGTON,MA,
3202,27 WASHINGTON ST,WELLESLEY,MA,
3203,120 PLEASANT ST,WATERTOWN,MA,
3204,73 WAVERLY AVE,WATERTOWN,MA,
3205,180 ADAMS ST,FAIRHAVEN,MA,
3206,30 HAVEN ST,READING,MA,
3207,1060 BELMONT ST,WATERTOWN,MA,
3208,1200 MADISON PL,SOUTHBORO,MA,
3209,134 OLD MAIN ST,YARMOUTH,MA,
3210,1-42 MCGANN TR,FAIRHAVEN,MA,
3211,100 MCGANN TR,FAIRHAVEN,MA,
3212,263 GREAT RD,ACTON,MA,
3213,17-27 HIGH ST,NEEDHAM,MA,
3214,319 ARLINGTON ST,WATERTOWN,MA,
3215,817 ROUTE 27,YARMOUTH,MA,
3216,275 MAIN ST,FAIRHAVEN,MA,
3217,115 ROUTE 28/29 BAXTER AVE,YARMOUTH,MA,
3218,144 BROAD ST,LYNN,MA,
3219,10 BURLINGTON AVE,WILMINGTON,MA,
3220,32-42 ASH ST,FAIRHAVEN,MA,
3221,40 LOCKE ST,HAVERHILL,MA,
3222,14 GRANITE ST,HAVERHILL,MA,
3223,83 SHANK PAINTER RD,PROVINCETOWN,MA,
3224,90 SHANK PAINTER RD,PROVINCETOWN,MA,
3225,81 WINTER ST,HAVERHILL,MA,
3226,12 PARK ST,PEABODY,MA,
3227,1 WOODVIEW WAY,HOPKINTON,MA,
3228,44 BURNAP RD,HOLLISTON,MA,
3229,150 KING RAIL DR,LYNNFIELD,MA,
3230,143 PLYMOUTH ST,BRIDGEWATER,MA,
3231,223-225 CAMBRIDGE ST,WINCHESTER,MA,
3232,300 AMITY LAUREL ST,FALL RIVER,MA,
3233,6 ALDRICH PL,BRIDGEWATER,MA,
3234,439 MERRILL LN,DRACUT,MA,
3235,261-267 LITTLETON RD,CHELMSFORD,MA,
3236,1197 ROBESON ST,FALL RIVER,MA,
3237,15 GREAT RD,LITTLETON,MA,
3238,OFF RANDOLPH ST,CANTON,MA,
3239,11 & 15 ROOSEVELT CR,EASTON,MA,
3240,244 WASHINGTON ST,EASTON,MA,
3241,165 WINTER ST,HAVERHILL,MA,
3242,374 RANTOUL ST,BEVERLY,MA,
3243,375 RANTOUL ST,BEVERLY,MA,
3244,60 PLEASANT ST,BEVERLY,MA,
3245,MILL & GRANT STREETS,BEVERLY,MA,
3246,51 HILLSIDE MANOR,FALL RIVER,MA,
3247,257 ROUTE 6A,ORLEANS,MA,
3248,345 ELM ST,BRIDGEWATER,MA,
3249,37 SOUTH ST,BRIDGEWATER,MA,
3250,30 CHURCH ST,BRIDGEWATER,MA,
3251,OFF WEST ACTON RD & BOXBORO RD,STOW,MA,
3252,1 UPLAND WOODS CR,NORWOOD,MA,
3253,1323 BROADWAY,SOMERVILLE,MA,
3254,75 CROSS ST,SOMERVILLE,MA,
3255,5 MEMORIAL RD,SOMERVILLE,MA,
3256,51 LAKE ST,WALTHAM,MA,
3257,894 GREENDALE AVE,NEEDHAM,MA,
3258,906 GREENDALE AVE,NEEDHAM,MA,
3259,* TAFT DR,BELLINGHAM,MA,
3260,1257 ELM ST,CONCORD,MA,
3261,1685 PLEASANT ST,FALL RIVER,MA,
3262,5 B ST,CHELMSFORD,MA,
3263,227 STEVENS ST,FALL RIVER,MA,
3264,30 MILL ST,ARLINGTON,MA,
3265,322 EAST CENTER ST,WEST BRIDGEWATER,MA,
3266,100 LINCOLN BLVD,ABINGTON,MA,
3267,1021 WASHINGTON ST,NORWOOD,MA,
3268,274 EAST MAIN ST,NORTON,MA,
3269,"6 WYONMA DRIVE, AUBURN, MA 01501",AUBURN,MA,
3270,70 STAGECOACH RD,BARNSTABLE,MA,
3271,79 RANTOUL ST,BEVERLY,MA,
3272,173 CARLISLE RD,WESTFORD,MA,
3273,9 MANAHAN ST,CHELMSFORD,MA,
3274,276 MILL RD,CHELMSFORD,MA,
3275,34 WHIPPLE ST,FALL RIVER,MA,
3276,520-602 BROADWAY ST,LAWRENCE,MA,
3277,* HASTINGS WAY,WAYLAND,MA,
3278,137 BOSTON POST RD,WAYLAND,MA,
3279,39 ANDREW AVE,WAYLAND,MA,
3280,89 STONEBRIDGE RD,WAYLAND,MA,
3281,2100 SOUTH MAIN ST,FALL RIVER,MA,
3282,256 N MAIN ST,ANDOVER,MA,
3283,54 NORTH ROCLIFFE ST,FALL RIVER,MA,
3284,101 HARMONY HILL DR,BOURNE,MA,
3285,1220 MAIN ST,HINGHAM,MA,
3286,1222 MAIN ST,HINGHAM,MA,
3287,1177 LOCUST ST,FALL RIVER,MA,
3288,1-22 SALLY'S WAY,TRURO,MA,
3289,121 CONFIER HILL DR,DANVERS,MA,
3290,121 CONIFER HILL DR,DANVERS,MA,
3291,70 BURLEY ST,WENHAM,MA,
3292,36 CENTRAL AVE,MILTON,MA,
3293,33 EAST MAIN ST,MIDDLEBORO,MA,
3294,170 WILLIAMS ST,FALL RIVER,MA,
3295,151 PEIRCE ST,MIDDLEBORO,MA,
3296,24 ALLEN ST,NEW BEDFORD,MA,
3297,194 RIVERSIDE AVE,NEW BEDFORD,MA,
3298,280 SALEM ST,MALDEN,MA,
3299,116 CEDAR ST,MALDEN,MA,
3300,49 MAIN ST,AYER,MA,
3301,351 CHARLES ST,FALL RIVER,MA,
3302,213 HAMMOND POND PKWY,BROOKLINE,MA,
3303,20 ENGLEWOOD AVE,BROOKLINE,MA,
3304,109 SEWALL AVE,BROOKLINE,MA,
3305,55 CODMAN HILL RD,BOXBORO,MA,
3306,57 CODMAN HILL RD,BOXBORO,MA,
3307,59 CODMAN HILL RD,BOXBORO,MA,
3308,61 CODMAN HILL RD,BOXBORO,MA,
3309,1000 STONE PL,MELROSE,MA,
3310,354 UPHAM ST,MELROSE,MA,
3311,46-48 SCHOOL ST,NORTHAMPTON,MA,
3312,6 POST OFFICE SQ,ACTON,MA,
3313,16 BERRY ST,NORTH ANDOVER,MA,
3314,* CRANBERRY KNOLL ST,PLYMPTON,MA,
3315,153 MARBLEHEAD ST,NORTH READING,MA,
3316,260 GROVE ST,PAXTON,MA,
3317,55 SPRING ST,PITTSFIELD,MA,
3318,48 VERNON ST,WORCESTER,MA,
3319,68 SPRING ST,MANSFIELD,MA,
3320,214 RUMFORD AVE,MANSFIELD,MA,
3321,105-107 ELM ST,WESTFIELD,MA,
3322,168-174 ELM ST,WESTFIELD,MA,
3323,118 ELM ST,WESTFIELD,MA,
3324,330 ELM ST,WESTFIELD,MA,
3325,1863 PLEASANT ST,FALL RIVER,MA,
3326,33 MONTGOMERY ST,WESTFIELD,MA,
3327,20 NEPTUNE LN,YARMOUTH,MA,
3328,65 WASHINGTON ST,WELLESLEY,MA,
3329,149 BELMONT ST,WORCESTER,MA,
3330,5 BENEFIT ST,WORCESTER,MA,
3331,767-771 MAIN ST,WORCESTER,MA,
3332,33 QUEQUECHAN ST,FALL RIVER,MA,
3333,300-302 PLEASANT ST,WORCESTER,MA,
3334,674 MAIN ST,WORCESTER,MA,
3335,1-7 PIEDMONT ST,WORCESTER,MA,
3336,9 MAY ST,WORCESTER,MA,
3337,146 GRAND ST,WORCESTER,MA,
3338,"39, 45, 48 WATER ST",WORCESTER,MA,
3339,21 SALISBURY ST,WORCESTER,MA,
3340,94 MORTON ST,ANDOVER,MA,
3341,57 BATES/ORSWELL STREETS,FALL RIVER,MA,
3342,"13, 15, 17, 19 LAGRANGE ST",WORCESTER,MA,
3343,651-659 MAIN ST,WORCESTER,MA,
3344,200 SHREWSBURY ST,WEST BOYLSTON,MA,
3345,85 OLYMPIA DR,AMHERST,MA,
3346,41 WELCOME ST,HAVERHILL,MA,
3347,13 RAMSDELL WAY,LYNNFIELD,MA,
3348,34 MITCHELL DR,FALL RIVER,MA,
3349,9 ORCHARD ST,HAVERHILL,MA,
3350,130 FORESTADALE RD/OFF ROUTE 30,SANDWICH,MA,
3351,* CORN MILL WAY,ROCKLAND,MA,
3352,* NORTHFIELD DR,ROCKLAND,MA,
3353,533 MARKET ST,ROCKLAND,MA,
3354,9 CORBETT ST,FALL RIVER,MA,
3355,135 LAFAYETTE STREET UNIT,SALEM,MA,
3356,14 AUDOBON RD,WAKEFIELD,MA,
3357,415 LOWELL ST,WAKEFIELD,MA,
3358,95 UNIVERSITY AVE,WESTWOOD,MA,
3359,LUMBER ST,HOPKINTON,MA,
3360,130 CABOT ST,BEVERLY,MA,
3361,229 HIGHLAND AVE,FALL RIVER,MA,
3362,28 GOODHUE ST,SALEM,MA,
3363,70 BEHARRELL ST,CONCORD,MA,
3364,28 WEBSTER ST,NEEDHAM,MA,
3365,100 WOODVIEW WAY,WATERTOWN,MA,
3366,270 PLEASANT ST,WATERTOWN,MA,
3367,21 BATES ST,FALL RIVER,MA,
3368,20 CEDAR ST,AMESBURY,MA,
3369,1330 WEST CENTRAL ST,FRANKLIN,MA,
3370,1330-1342 WEST CENTRAL ST,FRANKLIN,MA,
3371,1332 WEST CENTRAL ST,FRANKLIN,MA,
3372,1334 WEST CENTRAL ST,FRANKLIN,MA,
3373,1336 WEST CENTRAL ST,FRANKLIN,MA,
3374,1338 WEST CENTRAL ST,FRANKLIN,MA,
3375,1340 WEST CENTRAL ST,FRANKLIN,MA,
3376,1342 WEST CENTRAL ST,FRANKLIN,MA,
3377,13 FAIRVIEW,LEXINGTON,MA,
3378,* MORNINGSIDE DR,MEDWAY,MA,
3379,30 TAYLOR DR,READING,MA,
3380,39 TAYLOR DR,READING,MA,
3381,54 LOOMIS ST,BEDFORD,MA,
3382,585 OAK GROVE AVE/BULLOCK,FALL RIVER,MA,
3383,129 GUILD ST,NORWOOD,MA,
3384,36 MULLER RD,BURLINGTON,MA,
3385,480-482 STANLEY ST,FALL RIVER,MA,
3386,19 RACE POINT RD,PROVINCETOWN,MA,
3387,10 MERRIMAC WAY,TYNGSBORO,MA,
3388,11 MERRIMAC WAY,TYNGSBORO,MA,
3389,12 MERRIMAC WAY,TYNGSBORO,MA,
3390,13 MERRIMAC WAY,TYNGSBORO,MA,
3391,14 MERRIMAC WAY,TYNGSBORO,MA,
3392,15 MERRIMAC WAY,TYNGSBORO,MA,
3393,16 MERRIMAC WAY,TYNGSBORO,MA,
3394,17 MERRIMAC WAY,TYNGSBORO,MA,
3395,18 MERRIMAC WAY,TYNGSBORO,MA,
3396,19 MERRIMAC WAY,TYNGSBORO,MA,
3397,20 MERRIMAC WAY,TYNGSBORO,MA,
3398,21 MERRIMAC WAY,TYNGSBORO,MA,
3399,22 MERRIMAC WAY,TYNGSBORO,MA,
3400,23 MERRIMAC WAY,TYNGSBORO,MA,
3401,24 MERRIMAC WAY,TYNGSBORO,MA,
3402,25 MERRIMAC WAY,TYNGSBORO,MA,
3403,26 MERRIMAC WAY,TYNGSBORO,MA,
3404,27 MERRIMAC WAY,TYNGSBORO,MA,
3405,65 TYNG RD,TYNGSBORO,MA,
3406,26 ALDEN ST,PROVINCETOWN,MA,
3407,86 DUMMER ST,BROOKLINE,MA,
3408, 53 BEALS ST,BROOKLINE,MA,
3409, 55 BEALS ST,BROOKLINE,MA,
3410, 57 BEALS ST,BROOKLINE,MA,
3411,51 BEALS ST,BROOKLINE,MA,
3412,51-57 BEALS ST,BROOKLINE,MA,
3413,45 MARION ST,BROOKLINE,MA,
3414,2-8 OLMSTED RD,BROOKLINE,MA,
3415,295 WEBSTER ST,HANOVER,MA,
3416,116-120 TECUMSEH;132-136 BLACKSTONE ST,FALL RIVER,MA,
3417,102 HARMONY HILL DR,BOURNE,MA,
3418,122 MADISON ST,FALL RIVER,MA,
3419,11 NEWBURY ST,BILLERICA,MA,
3420,90 RANGEWAY RD,BILLERICA,MA,
3421,53 BALDWIN RD,BILLERICA,MA,
3422,275 2ND AVE,NEEDHAM,MA,
3423,175-177 NORTH MAIN ST,FALL RIVER,MA,
3424,47-55 GERRISH AVE,CHELSEA,MA,
3425,692 GREENDALE AVE,NEEDHAM,MA,
3426,744 GREENDALE AVE,NEEDHAM,MA,
3427,2 WASHINGTON ST,MELROSE,MA,
3428,20 WESTMINSTER AVE,ARLINGTON,MA,
3429,5 EAGLEBROOK BLVD,WRENTHAM,MA,
3430,319 LINCOLN ST,HINGHAM,MA,
3431,3 BEACON ST,HAVERHILL,MA,
3432,21 CROWNINSHIELD RD,BROOKLINE,MA,
3433,36 RIVER ST,WALTHAM,MA,
3434,111 & 115 MIDDLESEX RD,TYNGSBORO,MA,
3435,416 CAMBRDIGE ST,WINCHESTER,MA,
3436,"480, 490 TECUMSEH ST",FALL RIVER,MA,
3437,10 FISHER ST,FOXBORO,MA,
3438,22 GERRISH AVE,CHELSEA,MA,
3439,113 SPENCER AVE,CHELSEA,MA,
3440,215 SPENCER AVE,CHELSEA,MA,
3441,69 WILLOW ST,HAMILTON,MA,
3442,1111 FORT HILL ST,HINGHAM,MA,
3443,ONE ACORN PARK DR,BELMONT,MA,
3444,1012 PLEASANT ST,BRIDGEWATER,MA,
3445,* ANACKI LN,BRIDGEWATER,MA,
3446, 181 HIGHLAND ST,CHELSEA,MA,
3447, 27 GERRISH AVE,CHELSEA,MA,
3448,"21 & 27 GERRISH AVENUE, 181 HIGHLAND STREET, MARLBORO ST",CHELSEA,MA,
3449,21GERRISH AVE,CHELSEA,MA,
3450,2000 BAY ST,FALL RIVER,MA,
3451,526 BOSTON POST RD,SUDBURY,MA,
3452,ONE DR,MEDFIELD,MA,
3453,15 COTTAGE ST,EASTHAMPTON,MA,
3454,71 PARSONS ST,EASTHAMPTON,MA,
3455,1ST CLARE RD,MEDFORD,MA,
3456,75 STATION LANDING,MEDFORD,MA,
3457,215 HARVARD ST,MEDFORD,MA,
3458,111 BORDEN ST/181 SOUTH MAIN ST,FALL RIVER,MA,
3459,34 BRAINARD RD,MEDFORD,MA,
3460,297 MAIN ST,MEDFORD,MA,
3461,3780 MYSTIC VALLEY PKWY,MEDFORD,MA,
3462,24 HIGH ST,MEDFORD,MA,
3463,30 HIGH ST,MEDFORD,MA,
3464,119 BEAL ST,HINGHAM,MA,
3465,138 BEAL ST,HINGHAM,MA,
3466,310-318 TURNPIKE ST,EASTON,MA,
3467,50 WOODVIEW,ANDOVER,MA,
3468,"181, 193 E MAIN ST; 77 PECKHAM",FALL RIVER,MA,
3469,8 TRESCOTT ST,TAUNTON,MA,
3470,360 ANDOVER ST,DANVERS,MA,
3471,1800+1820 HIGHLAND AVE,FALL RIVER,MA,
3472,206-214 BEDFORD COMMONS,BRIDGEWATER,MA,
3473,248 HIGH ST,ACTON,MA,
3474,580 WASHINGTON STREET & 53 GROVE ST,WELLESLEY,MA,
3475,133 WEST UNION ST,ASHLAND,MA,
