---------------------------------------------------------------------------------------------------------------------------------------------------------------------------------------------------------------------------------------------------------------
      name:  <unnamed>
       log:  /shared/boston_zoning/working_paper/replication_package/analysis/robustness_mtlines_output/robustness_mtlines_log_2025-04-18.log
  log type:  text
 opened on:  18 Apr 2025, 14:26:42

. 
. 
. ********************************************************************************
. * File name:            robustness_mtlines.do
. *
. * Project title:        Boston Zoning Paper
. *
. * Description:          This file runs a myriad of robustness checks, not main line
. *                                       specifications. it has been trimmed down considerably. As
. *                                       such, the .do file 'part' numbers are not consecutive but 
. *                                       they should align to prior versions of the file.
.                                         
. *                                       Contents:
. *                                       Part 0: Optimal bandwidth calculation
. *                                       Part 3: Rents
. *                                               3a: Rents, baseline
. *                                               3b: Rents, not between $500 - $1400
. *                                       Part 4: Rents
. *                                               4a: Rents, baseline
. *                                               4c: CoStar imputation dummy 
. *                                       Part 5: Sales prices
. *                                               5a: Sales prices, baseline
. *                                               5b: Sales prices with ACS controls
. *                                       Part 7: Rents
. *                                               7a: Rents, baseline
. *                                               7b: Rents, w/ ACS controls 
. *                                       Part 9: Sales prices (baseline is salesprice_table_baseline.tex from point 1)
. *                                               9a: Sales prices, relaxed2 definition 
. *                                               9b: Sales prices, relaxed3 definition
. *                                               9c: Sales prices, relaxed4 definition
. *                                               9d: Sales prices, only clear boundaries
. *                                       Part 10: Rents (baseline is rents_table_baseline.tex from point 2)
. *                                               10a: Rents, relaxed2 definition 
. *                                               10b: Rents, relaxed3 definition
. *                                               10c: Rents, relaxed4 definition
. *                                               10d: Rents, only clear boundaries
. *                                       Part 11: Sales prices
. *                                               11a: Sales prices, minlotsize by-right boundaries
. *                                       Part 12: Rents
. *                                               12a: Rents, baseline
. *                                       Part 15: Sales prices
. *                                               15a: Sales prices, baseline
. *                                               15b: Sales prices, w/ control discontinuous amenities 
. *                                       Part 16: Sales prices
. *                                               16a: Sales prices, baseline
. *                                               16b: Sales prices, w/ control discontinuous amenities 
. *                               
. * Inputs:                       mt_orthogonal_dist_100m_07-01-22_moreregs.dta
. *                                       dist_south_station_2022_09_29.csv
. *                                       transit_distance.csv
. *                                       soil_quality_matches.dta
. *                                       warren_group_walkability.dta"
. *                                       within_town_analysis_data.dta
. *                                       final_addon_regs_intersect.dta
. *                                       blocks_2010.dta
. *                                       acs_amenities.dta
. *
. * Outputs:                      log file output
. *                                       .gph and .pdf graph file output
. *
. * Created:                      10/05/2022
. * Updated:                      03/18/2025
. ********************************************************************************
. 
. * confirm that all input data files are present under $DATAPATH
. confirm file "$DATAPATH/mt_orthogonal_dist_100m_07-01-22_moreregs.dta"

. confirm file "$DATAPATH/dist_south_station_2022_09_29.csv"

. confirm file "$DATAPATH/transit_distance.csv"

. confirm file "$DATAPATH/soil_quality_matches.dta"

. confirm file "$DATAPATH/warren_group_walkability.dta"

. confirm file "$DATAPATH/within_town_analysis_data.dta"

. confirm file "$DATAPATH/final_addon_regs_intersect.dta"

. confirm file "$DATAPATH/blocks_2010.dta"

. confirm file "$DATAPATH/acs_amenities.dta"

. 
. ********************************************************************************
. ** load and tempsave the mt lines data
. ********************************************************************************
. use  "$DATAPATH/mt_orthogonal_dist_100m_07-01-22_moreregs.dta", clear

. 
. destring prop_id, replace
prop_id already numeric; no replace

. 
. tempfile mtlines

. save `mtlines', replace
(file /tmp/343956.1.sta.q/St2124155.000001 not found)
file /tmp/343956.1.sta.q/St2124155.000001 saved as .dta format

. 
. 
. ********************************************************************************
. ** load and tempsave the soil data
. ********************************************************************************
. use "$DATAPATH/soil_quality_matches.dta", clear

. 
. keep prop_id avg_slope slope_15 avg_restri avg_sand avg_clay

. 
. destring  avg_slope slope_15 avg_restri avg_sand avg_clay, replace
avg_slope: all characters numeric; replaced as double
(164372 missing values generated)
slope_15: all characters numeric; replaced as double
(164372 missing values generated)
avg_restri: all characters numeric; replaced as double
(164372 missing values generated)
avg_sand: all characters numeric; replaced as double
(164372 missing values generated)
avg_clay: all characters numeric; replaced as double
(164372 missing values generated)

. 
. tempfile soil

. save `soil', replace
(file /tmp/343956.1.sta.q/St2124155.000002 not found)
file /tmp/343956.1.sta.q/St2124155.000002 saved as .dta format

. 
. 
. ********************************************************************************
. ** load and tempsave the walk score data 19.05.2024
. ********************************************************************************
. use "$DATAPATH/warren_group_walkability.dta"

. 
. keep prop_id d2b_e8mixa d2a_ephhm d3b d2a_ranked d2b_ranked d3b_ranked natwalkind

. 
. tempfile walkscore

. save `walkscore', replace
(file /tmp/343956.1.sta.q/St2124155.000003 not found)
file /tmp/343956.1.sta.q/St2124155.000003 saved as .dta format

. 
. 
. ********************************************************************************
. ** load and tempsave regulations data
. ********************************************************************************
. use "$DATAPATH/final_addon_regs_intersect.dta", clear

. 
. rename addon_* *  // should remove the addon_prefix from all variables

. 
. keep prop_id *_esval  // keep all esval variables, i.e. imputation flags

. 
. tempfile regs

. save `regs', replace
(file /tmp/343956.1.sta.q/St2124155.000004 not found)
file /tmp/343956.1.sta.q/St2124155.000004 saved as .dta format

. 
. 
. ********************************************************************************
. ** load and tempsave the transit data
. ********************************************************************************
. import delimited "$DATAPATH/dist_south_station_2022_09_29.csv", clear stringcols(_all)
(encoding automatically selected: ISO-8859-1)
(10 vars, 303 obs)

. 
. tempfile dist_south_station

. save `dist_south_station', replace
(file /tmp/343956.1.sta.q/St2124155.000005 not found)
file /tmp/343956.1.sta.q/St2124155.000005 saved as .dta format

. 
. import delimited "$DATAPATH/transit_distance.csv", clear stringcols(_all)
(encoding automatically selected: ISO-8859-1)
(10 vars, 821,237 obs)

. 
. merge m:1 station_id using `dist_south_station'

    Result                      Number of obs
    -----------------------------------------
    Not matched                            11
        from master                         0  (_merge==1)
        from using                         11  (_merge==2)

    Matched                           821,237  (_merge==3)
    -----------------------------------------

. 
.         * merge error check
.         tab _merge

   Matching result from |
                  merge |      Freq.     Percent        Cum.
------------------------+-----------------------------------
         Using only (2) |         11        0.00        0.00
            Matched (3) |    821,237      100.00      100.00
------------------------+-----------------------------------
                  Total |    821,248      100.00

.         drop if _merge == 2
(11 observations deleted)

.         drop _merge

.         
. keep prop_id station_id station_name distance_m_* length_m

. 
. destring prop_id distance_m_* length_m, replace
prop_id: all characters numeric; replaced as long
distance_m_euc: all characters numeric; replaced as double
distance_m_man: all characters numeric; replaced as double
length_m: all characters numeric; replaced as long
(3660 missing values generated)

. 
. gen transit_dist_m = distance_m_man + length_m
(3,660 missing values generated)

. 
. tempfile transit

. save `transit', replace
(file /tmp/343956.1.sta.q/St2124155.000006 not found)
file /tmp/343956.1.sta.q/St2124155.000006 saved as .dta format

. 
. 
. ********************************************************************************
. ** create working dataset
. ********************************************************************************
. use "$DATAPATH/within_town_analysis_data.dta", clear

. 
. 
. ********************************************************************************
. ** merge on transit data
. ********************************************************************************
. merge m:1 prop_id using `transit'

    Result                      Number of obs
    -----------------------------------------
    Not matched                       443,044
        from master                         0  (_merge==1)
        from using                    443,044  (_merge==2)

    Matched                         3,199,248  (_merge==3)
    -----------------------------------------

. 
.         * merge error check
.         tab _merge

   Matching result from |
                  merge |      Freq.     Percent        Cum.
------------------------+-----------------------------------
         Using only (2) |    443,044       12.16       12.16
            Matched (3) |  3,199,248       87.84      100.00
------------------------+-----------------------------------
                  Total |  3,642,292      100.00

.         drop if _merge == 2
(443,044 observations deleted)

.         drop _merge

. 
.         
. ********************************************************************************
. ** merge on soil quality data
. ********************************************************************************
. merge m:1 prop_id using `soil'

    Result                      Number of obs
    -----------------------------------------
    Not matched                       443,044
        from master                         0  (_merge==1)
        from using                    443,044  (_merge==2)

    Matched                         3,199,248  (_merge==3)
    -----------------------------------------

.         
.         * merge error check
.         tab _merge

   Matching result from |
                  merge |      Freq.     Percent        Cum.
------------------------+-----------------------------------
         Using only (2) |    443,044       12.16       12.16
            Matched (3) |  3,199,248       87.84      100.00
------------------------+-----------------------------------
                  Total |  3,642,292      100.00

.         drop if _merge == 2
(443,044 observations deleted)

.         drop _merge

. 
.         
. ********************************************************************************
. ** merge on mt lines to keep straight line properties
. ********************************************************************************
. merge m:1 prop_id using `mtlines', keepusing(straight_line home_minlotsize nn_minlotsize)

    Result                      Number of obs
    -----------------------------------------
    Not matched                       201,049
        from master                         0  (_merge==1)
        from using                    201,049  (_merge==2)

    Matched                         3,199,248  (_merge==3)
    -----------------------------------------

.         
.         * merge error check
.         tab _merge

   Matching result from |
                  merge |      Freq.     Percent        Cum.
------------------------+-----------------------------------
         Using only (2) |    201,049        5.91        5.91
            Matched (3) |  3,199,248       94.09      100.00
------------------------+-----------------------------------
                  Total |  3,400,297      100.00

.         drop if _merge == 2
(201,049 observations deleted)

.         drop _merge

. 
. keep if straight_line == 1  // <-- drops non-straight line properties
(2,237,233 observations deleted)

. 
. 
. ********************************************************************************
. ** merge on walkscore variables 
. ********************************************************************************
. merge m:1 prop_id using `walkscore', 

    Result                      Number of obs
    -----------------------------------------
    Not matched                       466,112
        from master                         0  (_merge==1)
        from using                    466,112  (_merge==2)

    Matched                           962,015  (_merge==3)
    -----------------------------------------

.     sum _merge

    Variable |        Obs        Mean    Std. dev.       Min        Max
-------------+---------------------------------------------------------
      _merge |  1,428,127     2.67362    .4688883          2          3

.     drop if _merge == 2
(466,112 observations deleted)

.     drop _merge 

. 
. 
. ********************************************************************************
. ** drop out of scope years
. ********************************************************************************
. keep if (year >= 2010 & year <= 2018)
(0 observations deleted)

. 
. tab year

       year |      Freq.     Percent        Cum.
------------+-----------------------------------
       2010 |    104,264       10.84       10.84
       2011 |    107,230       11.15       21.98
       2012 |    106,561       11.08       33.06
       2013 |    106,732       11.09       44.16
       2014 |    105,275       10.94       55.10
       2015 |    107,440       11.17       66.27
       2016 |    107,865       11.21       77.48
       2017 |    108,234       11.25       88.73
       2018 |    108,414       11.27      100.00
------------+-----------------------------------
      Total |    962,015      100.00

. 
. 
. ********************************************************************************
. ** merge on imputation flags for regulations
. ********************************************************************************
. merge m:1 prop_id using `regs'
(variable prop_id was long, now double to accommodate using data's values)

    Result                      Number of obs
    -----------------------------------------
    Not matched                       461,478
        from master                     6,110  (_merge==1)
        from using                    455,368  (_merge==2)

    Matched                           955,905  (_merge==3)
    -----------------------------------------

. sum _merge

    Variable |        Obs        Mean    Std. dev.       Min        Max
-------------+---------------------------------------------------------
      _merge |  1,417,383    2.670105    .4792558          1          3

. 
. * merge error check
. tab _merge

   Matching result from |
                  merge |      Freq.     Percent        Cum.
------------------------+-----------------------------------
        Master only (1) |      6,110        0.43        0.43
         Using only (2) |    455,368       32.13       32.56
            Matched (3) |    955,905       67.44      100.00
------------------------+-----------------------------------
                  Total |  1,417,383      100.00

. drop if _merge == 2
(455,368 observations deleted)

. drop _merge

. 
. 
. ********************************************************************************
. ** merge on ACS characteristics
. ********************************************************************************
. * merge on block data level characteristics
. merge m:1 warren_GEOID_full using "$DATAPATH/blocks_2010.dta", update replace

    Result                      Number of obs
    -----------------------------------------
    Not matched                       149,217
        from master                     1,516  (_merge==1)
        from using                    147,701  (_merge==2)

    Matched                           960,499
        not updated                   960,499  (_merge==3)
        missing updated                     0  (_merge==4)
        nonmissing conflict                 0  (_merge==5)
    -----------------------------------------

.         
.         * summarize _merge var and drop
.         tab _merge

   Matching result from |
                  merge |      Freq.     Percent        Cum.
------------------------+-----------------------------------
        Master only (1) |      1,516        0.14        0.14
         Using only (2) |    147,701       13.31       13.45
            Matched (3) |    960,499       86.55      100.00
------------------------+-----------------------------------
                  Total |  1,109,716      100.00

.         drop if _merge == 2
(147,701 observations deleted)

.         drop _merge 

. 
. * create block group making variable
. gen BLKGRP = substr(warren_GEOID_full,1,12)
(272 missing values generated)

. 
. * merge on ace amenities dataset
. merge m:1 year BLKGRP using "$DATAPATH/acs_amenities.dta", keepusing(B19113001 SHARE_BACHELOR_25)

    Result                      Number of obs
    -----------------------------------------
    Not matched                        62,370
        from master                    43,350  (_merge==1)
        from using                     19,020  (_merge==2)

    Matched                           918,665  (_merge==3)
    -----------------------------------------

. 
.         * summarize merge and drop
.         tab _merge

   Matching result from |
                  merge |      Freq.     Percent        Cum.
------------------------+-----------------------------------
        Master only (1) |     43,350        4.42        4.42
         Using only (2) |     19,020        1.94        6.36
            Matched (3) |    918,665       93.64      100.00
------------------------+-----------------------------------
                  Total |    981,035      100.00

.         drop if _merge == 2
(19,020 observations deleted)

.         drop _merge 

. 
.         * rename median income variable
.         rename B19113001 median_inc

. 
. * define a global set of acs variable controls
. global acs_vars frac_under18 frac_over65 frac_black frac_asian frac_hispanic frac_nonhispanicwhite frac_morethan4 median_inc

. 
. 
. ********************************************************************************
. ** gen amenity variables
. ********************************************************************************
. gen dist_school = closest_school_dist

. gen dist_center = closest_city_dist

. gen dist_road = closest_road_dist

. gen dist_river = closest_river_dist

. gen dist_space = closest_green_dist

. 
. gen transit_dist = transit_dist_m/1609
(6,421 missing values generated)

. 
. gen soil_avgslope = avg_slope
(182,953 missing values generated)

. gen soil_slope15 = slope_15
(182,953 missing values generated)

. gen soil_avgrestri = avg_restri
(182,953 missing values generated)

. gen soil_avgsand = avg_sand
(182,953 missing values generated)

. gen soil_avgclay = avg_clay
(182,953 missing values generated)

. 
. 
. ********************************************************************************
. ** property characteristic variables
. ********************************************************************************
. gen char1_lotsizeac1 = ln(lot_sizeac) if lot_sizeac != 0  // lot size in acres, excl zero acre --> NOW IN LOGS
(74,533 missing values generated)

. gen char2_livingarea1 = ln(livingarea) / num_units1 if livingarea != 0  // living area in XX per unit, excl zero --> NOW IN LOGS
(11,228 missing values generated)

. gen char3_bedrooms1 = bedroom_num / num_units1 if bedroom_num != 0  // num bedrooms per unit, atleast 1
(43,879 missing values generated)

. gen char4_bathfull1 = bathfull_num / num_units1 if bathfull_num != 0  // num full bathrooms per unit, atleast 1
(21,608 missing values generated)

. 
. gen log_lotacres = ln(lot_acres) if lot_acres!=0
(74,483 missing values generated)

. gen log_bldgarea =ln(grossbldg_area) if grossbldg_area!=0
(113,706 missing values generated)

. 
. * set control variables
. global char_vars dist_road

. global char_vars_duhe dist_road soil_avgslope soil_avgrestri

. 
. *new amenities controls (for discontinuous amenities)
. global char_vars_highway dist_road

. global char_vars_highway_walkability dist_road natwalkind

. global char_vars_walkability natwalkind

. global char_vars_hiway_wlkblty_muni dist_road natwalkind dist_center

. 
. global char_vars_1 i.year_built log_lotacres num_floors log_bldgarea bedroom_num bathfull_num

. 
. sum $char_vars

    Variable |        Obs        Mean    Std. dev.       Min        Max
-------------+---------------------------------------------------------
   dist_road |    962,015    .2048132    .2242626   8.55e-08   2.365116

. 
. 
. ********************************************************************************
. ** calcualte means
. ********************************************************************************
. * means for only_du boundaries
. sum char* if year==2018 & year_built>=1918 & (dist_both<=0.21 & dist_both>=-0.2 & only_du == 1 & res_typex != "Condominiums")

    Variable |        Obs        Mean    Std. dev.       Min        Max
-------------+---------------------------------------------------------
char1_lots~1 |     33,966   -.9951778    .8707715   -4.60517   3.594019
char2_livi~1 |     33,581    7.318544    1.048913   .0732264   10.18953
char3_bedr~1 |     33,198    3.328907    .8252951   .0162162         11
char4_bath~1 |     33,354    1.791812    .8117942   .0108108          9

. 
. * means for du_he boundaries
. sum char* if year==2018 & year_built>=1918 & (dist_both<=0.21 & dist_both>=-0.2 & du_he == 1 & res_typex != "Condominiums")

    Variable |        Obs        Mean    Std. dev.       Min        Max
-------------+---------------------------------------------------------
char1_lots~1 |      1,809   -2.041648     .814069   -4.60517   4.047952
char2_livi~1 |      1,734    5.657264    2.170211    .029355   8.881836
char3_bedr~1 |      1,601    2.717491    .8786893   .0588235          8
char4_bath~1 |      1,632    1.360471    .6171206   .0392157          7

. 
. * means for mf_du boundaries
. sum char* if year==2018 & year_built>=1918 & (dist_both<=0.21 & dist_both>=-0.2 & mf_du == 1 & res_typex != "Condominiums")

    Variable |        Obs        Mean    Std. dev.       Min        Max
-------------+---------------------------------------------------------
char1_lots~1 |     11,560   -1.436603    .7949699   -4.60517   3.827119
char2_livi~1 |     11,428    6.736251    1.569082   .0169509   9.437556
char3_bedr~1 |     10,905    3.125282    1.085612        .25         75
char4_bath~1 |     11,316     1.55657    .7445263    .057971          8

. 
. * means for only_mf boundaries
. sum char* if year==2018 & year_built>=1918 & (dist_both<=0.21 & dist_both>=-0.2 & only_mf == 1 & res_typex != "Condominiums")

    Variable |        Obs        Mean    Std. dev.       Min        Max
-------------+---------------------------------------------------------
char1_lots~1 |      1,534   -1.662782    .8800482  -3.912023    2.40243
char2_livi~1 |      1,512    6.530978    1.715705   .2333097   9.353748
char3_bedr~1 |      1,501    2.913639    .8192538   .5714286          6
char4_bath~1 |      1,503    1.475781    .6815069   .3181818          5

. 
. * means for mf_he boundaries
. sum char* if year==2018 & year_built>=1918 & (dist_both<=0.21 & dist_both>=-0.2 & mf_he == 1 & res_typex != "Condominiums")

    Variable |        Obs        Mean    Std. dev.       Min        Max
-------------+---------------------------------------------------------
char1_lots~1 |        508   -1.319061    .6582382  -3.218876   2.590767
char2_livi~1 |        496    7.036715    1.343573    .734478   8.598773
char3_bedr~1 |        458    3.226346    .8766383          1          8
char4_bath~1 |        493    1.738337    .8011691          1          5

. 
. * means for only_he boundaries
. sum char* if year==2018 & year_built>=1918 & (dist_both<=0.21 & dist_both>=-0.2 & only_he == 1 & res_typex != "Condominiums")

    Variable |        Obs        Mean    Std. dev.       Min        Max
-------------+---------------------------------------------------------
char1_lots~1 |      1,854   -1.272842    .7407161  -3.912023   2.571084
char2_livi~1 |      1,806    7.412755    1.217822   .0539877   9.235521
char3_bedr~1 |      1,793    3.296983    .9277711         .5          8
char4_bath~1 |      1,797    1.905389    .8891204         .4          8

. 
. * count boundaries
. unique lam_seg
Number of unique values of lam_seg is  2047
Number of records is  962015

. unique lam_seg if only_du == 1
Number of unique values of lam_seg is  906
Number of records is  566407

. unique lam_seg if only_he == 1
Number of unique values of lam_seg is  77
Number of records is  30167

. unique lam_seg if only_mf == 1
Number of unique values of lam_seg is  91
Number of records is  25622

. 
. unique lam_seg if du_he == 1
Number of unique values of lam_seg is  277
Number of records is  55309

. unique lam_seg if mf_du == 1
Number of unique values of lam_seg is  445
Number of records is  214331

. unique lam_seg if mf_he == 1
Number of unique values of lam_seg is  37
Number of records is  9483

. 
. 
. ********************************************************************************
. ** Part 0: Optimal bandwidth calculation
. ********************************************************************************
. ** without controls
. * rents, triangular kernel
. rdbwselect log_mfrent dist_both if (only_mf == 1 & res_typex !="Condominiums" ), c(0) all 

Bandwidth estimators for sharp RD local polynomial regression.

       Cutoff c =  | Left of c  Right of c            Number of obs =       7349
-------------------+----------------------            Kernel        = Triangular
     Number of obs |      2123        5226            VCE method    =         NN
  Min of dist_both |    -0.700       0.000
  Max of dist_both |    -0.000       0.246
    Order est. (p) |         1           1
    Order bias (q) |         2           2

Outcome: log_mfrent. Running variable: dist_both.
--------------------------------------------------------------------------------
                   |         BW est. (h)          |        BW bias (b)
            Method | Left of c         Right of c | Left of c        Right of c
-------------------+------------------------------+-----------------------------
             mserd |     0.011              0.011 |     0.032             0.032
            msetwo |     0.029              0.008 |     0.075             0.028
            msesum |     0.011              0.011 |     0.036             0.036
          msecomb1 |     0.011              0.011 |     0.032             0.032
          msecomb2 |     0.011              0.011 |     0.036             0.032
-------------------+------------------------------+-----------------------------
             cerrd |     0.007              0.007 |     0.032             0.032
            certwo |     0.019              0.005 |     0.075             0.028
            cersum |     0.007              0.007 |     0.036             0.036
          cercomb1 |     0.007              0.007 |     0.032             0.032
          cercomb2 |     0.007              0.007 |     0.036             0.032
--------------------------------------------------------------------------------

. rdbwselect log_mfrent dist_both if (only_he == 1 & res_typex !="Condominiums" ), c(0) all 

Bandwidth estimators for sharp RD local polynomial regression.

       Cutoff c =  | Left of c  Right of c            Number of obs =       3730
-------------------+----------------------            Kernel        = Triangular
     Number of obs |      2042        1688            VCE method    =         NN
  Min of dist_both |    -0.426       0.000
  Max of dist_both |    -0.000       0.561
    Order est. (p) |         1           1
    Order bias (q) |         2           2

Outcome: log_mfrent. Running variable: dist_both.
--------------------------------------------------------------------------------
                   |         BW est. (h)          |        BW bias (b)
            Method | Left of c         Right of c | Left of c        Right of c
-------------------+------------------------------+-----------------------------
             mserd |     0.017              0.017 |     0.057             0.057
            msetwo |     0.018              0.019 |     0.059             0.051
            msesum |     0.030              0.030 |     0.052             0.052
          msecomb1 |     0.017              0.017 |     0.052             0.052
          msecomb2 |     0.018              0.019 |     0.057             0.052
-------------------+------------------------------+-----------------------------
             cerrd |     0.011              0.011 |     0.057             0.057
            certwo |     0.012              0.012 |     0.059             0.051
            cersum |     0.020              0.020 |     0.052             0.052
          cercomb1 |     0.011              0.011 |     0.052             0.052
          cercomb2 |     0.012              0.012 |     0.057             0.052
--------------------------------------------------------------------------------

. rdbwselect log_mfrent dist_both if (only_du == 1 & res_typex !="Condominiums" ), c(0) all 

Bandwidth estimators for sharp RD local polynomial regression.

       Cutoff c =  | Left of c  Right of c            Number of obs =      53513
-------------------+----------------------            Kernel        = Triangular
     Number of obs |     24616       28897            VCE method    =         NN
  Min of dist_both |    -2.315       0.000
  Max of dist_both |    -0.000       0.747
    Order est. (p) |         1           1
    Order bias (q) |         2           2

Outcome: log_mfrent. Running variable: dist_both.
--------------------------------------------------------------------------------
                   |         BW est. (h)          |        BW bias (b)
            Method | Left of c         Right of c | Left of c        Right of c
-------------------+------------------------------+-----------------------------
             mserd |     0.014              0.014 |     0.056             0.056
            msetwo |     0.030              0.020 |     0.107             0.071
            msesum |     0.025              0.025 |     0.081             0.081
          msecomb1 |     0.014              0.014 |     0.056             0.056
          msecomb2 |     0.025              0.020 |     0.081             0.071
-------------------+------------------------------+-----------------------------
             cerrd |     0.008              0.008 |     0.056             0.056
            certwo |     0.017              0.012 |     0.107             0.071
            cersum |     0.015              0.015 |     0.081             0.081
          cercomb1 |     0.008              0.008 |     0.056             0.056
          cercomb2 |     0.015              0.012 |     0.081             0.071
--------------------------------------------------------------------------------

. rdbwselect log_mfrent dist_both if (mf_he == 1 & res_typex !="Condominiums" ), c(0) all 

Bandwidth estimators for sharp RD local polynomial regression.

       Cutoff c =  | Left of c  Right of c            Number of obs =       1496
-------------------+----------------------            Kernel        = Triangular
     Number of obs |       407        1089            VCE method    =         NN
  Min of dist_both |    -0.393       0.001
  Max of dist_both |    -0.003       0.352
    Order est. (p) |         1           1
    Order bias (q) |         2           2

Outcome: log_mfrent. Running variable: dist_both.
--------------------------------------------------------------------------------
                   |         BW est. (h)          |        BW bias (b)
            Method | Left of c         Right of c | Left of c        Right of c
-------------------+------------------------------+-----------------------------
             mserd |     0.046              0.046 |     0.089             0.089
            msetwo |     0.021              0.026 |     0.069             0.045
            msesum |     0.019              0.019 |     0.065             0.065
          msecomb1 |     0.019              0.019 |     0.065             0.065
          msecomb2 |     0.021              0.026 |     0.069             0.065
-------------------+------------------------------+-----------------------------
             cerrd |     0.032              0.032 |     0.089             0.089
            certwo |     0.014              0.018 |     0.069             0.045
            cersum |     0.014              0.014 |     0.065             0.065
          cercomb1 |     0.014              0.014 |     0.065             0.065
          cercomb2 |     0.014              0.018 |     0.069             0.065
--------------------------------------------------------------------------------

. rdbwselect log_mfrent dist_both if (mf_du == 1 & res_typex !="Condominiums" ), c(0) all 

Bandwidth estimators for sharp RD local polynomial regression.

       Cutoff c =  | Left of c  Right of c            Number of obs =      45411
-------------------+----------------------            Kernel        = Triangular
     Number of obs |     17053       28358            VCE method    =         NN
  Min of dist_both |    -1.622       0.000
  Max of dist_both |    -0.000       0.611
    Order est. (p) |         1           1
    Order bias (q) |         2           2

Outcome: log_mfrent. Running variable: dist_both.
--------------------------------------------------------------------------------
                   |         BW est. (h)          |        BW bias (b)
            Method | Left of c         Right of c | Left of c        Right of c
-------------------+------------------------------+-----------------------------
             mserd |     0.019              0.019 |     0.081             0.081
            msetwo |     0.028              0.011 |     0.059             0.052
            msesum |     0.013              0.013 |     0.051             0.051
          msecomb1 |     0.013              0.013 |     0.051             0.051
          msecomb2 |     0.019              0.013 |     0.059             0.052
-------------------+------------------------------+-----------------------------
             cerrd |     0.011              0.011 |     0.081             0.081
            certwo |     0.016              0.006 |     0.059             0.052
            cersum |     0.008              0.008 |     0.051             0.051
          cercomb1 |     0.008              0.008 |     0.051             0.051
          cercomb2 |     0.011              0.008 |     0.059             0.052
--------------------------------------------------------------------------------

. rdbwselect log_mfrent dist_both if (du_he == 1 & res_typex !="Condominiums" ), c(0) all 

Bandwidth estimators for sharp RD local polynomial regression.

       Cutoff c =  | Left of c  Right of c            Number of obs =      22523
-------------------+----------------------            Kernel        = Triangular
     Number of obs |     14185        8338            VCE method    =         NN
  Min of dist_both |    -0.509       0.000
  Max of dist_both |    -0.000       0.247
    Order est. (p) |         1           1
    Order bias (q) |         2           2

Outcome: log_mfrent. Running variable: dist_both.
--------------------------------------------------------------------------------
                   |         BW est. (h)          |        BW bias (b)
            Method | Left of c         Right of c | Left of c        Right of c
-------------------+------------------------------+-----------------------------
             mserd |     0.007              0.007 |     0.026             0.026
            msetwo |     0.017              0.007 |     0.048             0.026
            msesum |     0.009              0.009 |     0.026             0.026
          msecomb1 |     0.007              0.007 |     0.026             0.026
          msecomb2 |     0.009              0.007 |     0.026             0.026
-------------------+------------------------------+-----------------------------
             cerrd |     0.004              0.004 |     0.026             0.026
            certwo |     0.010              0.004 |     0.048             0.026
            cersum |     0.005              0.005 |     0.026             0.026
          cercomb1 |     0.004              0.004 |     0.026             0.026
          cercomb2 |     0.005              0.004 |     0.026             0.026
--------------------------------------------------------------------------------

. rdbwselect log_mfrent dist_both if (mf_he_du == 1 & res_typex !="Condominiums" ), c(0) all 

Bandwidth estimators for sharp RD local polynomial regression.

       Cutoff c =  | Left of c  Right of c            Number of obs =      22054
-------------------+----------------------            Kernel        = Triangular
     Number of obs |     10675       11379            VCE method    =         NN
  Min of dist_both |    -0.553       0.000
  Max of dist_both |    -0.000       0.359
    Order est. (p) |         1           1
    Order bias (q) |         2           2

Outcome: log_mfrent. Running variable: dist_both.
--------------------------------------------------------------------------------
                   |         BW est. (h)          |        BW bias (b)
            Method | Left of c         Right of c | Left of c        Right of c
-------------------+------------------------------+-----------------------------
             mserd |     0.020              0.020 |     0.053             0.053
            msetwo |     0.009              0.022 |     0.039             0.044
            msesum |     0.018              0.018 |     0.034             0.034
          msecomb1 |     0.018              0.018 |     0.034             0.034
          msecomb2 |     0.018              0.020 |     0.039             0.044
-------------------+------------------------------+-----------------------------
             cerrd |     0.012              0.012 |     0.053             0.053
            certwo |     0.006              0.013 |     0.039             0.044
            cersum |     0.011              0.011 |     0.034             0.034
          cercomb1 |     0.011              0.011 |     0.034             0.034
          cercomb2 |     0.011              0.012 |     0.039             0.044
--------------------------------------------------------------------------------

. 
. * uniform kernel
. rdbwselect log_mfrent dist_both if (only_mf == 1 & res_typex !="Condominiums" ), c(0) all kernel(uni)

Bandwidth estimators for sharp RD local polynomial regression.

       Cutoff c =  | Left of c  Right of c            Number of obs =       7349
-------------------+----------------------            Kernel        =    Uniform
     Number of obs |      2123        5226            VCE method    =         NN
  Min of dist_both |    -0.700       0.000
  Max of dist_both |    -0.000       0.246
    Order est. (p) |         1           1
    Order bias (q) |         2           2

Outcome: log_mfrent. Running variable: dist_both.
--------------------------------------------------------------------------------
                   |         BW est. (h)          |        BW bias (b)
            Method | Left of c         Right of c | Left of c        Right of c
-------------------+------------------------------+-----------------------------
             mserd |     0.007              0.007 |     0.026             0.026
            msetwo |     0.018              0.013 |     0.049             0.023
            msesum |     0.014              0.014 |     0.035             0.035
          msecomb1 |     0.007              0.007 |     0.026             0.026
          msecomb2 |     0.014              0.013 |     0.035             0.026
-------------------+------------------------------+-----------------------------
             cerrd |     0.004              0.004 |     0.026             0.026
            certwo |     0.012              0.008 |     0.049             0.023
            cersum |     0.009              0.009 |     0.035             0.035
          cercomb1 |     0.004              0.004 |     0.026             0.026
          cercomb2 |     0.009              0.008 |     0.035             0.026
--------------------------------------------------------------------------------

. rdbwselect log_mfrent dist_both if (only_he == 1 & res_typex !="Condominiums" ), c(0) all kernel(uni)

Bandwidth estimators for sharp RD local polynomial regression.

       Cutoff c =  | Left of c  Right of c            Number of obs =       3730
-------------------+----------------------            Kernel        =    Uniform
     Number of obs |      2042        1688            VCE method    =         NN
  Min of dist_both |    -0.426       0.000
  Max of dist_both |    -0.000       0.561
    Order est. (p) |         1           1
    Order bias (q) |         2           2

Outcome: log_mfrent. Running variable: dist_both.
--------------------------------------------------------------------------------
                   |         BW est. (h)          |        BW bias (b)
            Method | Left of c         Right of c | Left of c        Right of c
-------------------+------------------------------+-----------------------------
             mserd |     0.011              0.011 |     0.030             0.030
            msetwo |     0.011              0.015 |     0.047             0.051
            msesum |     0.017              0.017 |     0.032             0.032
          msecomb1 |     0.011              0.011 |     0.030             0.030
          msecomb2 |     0.011              0.015 |     0.032             0.032
-------------------+------------------------------+-----------------------------
             cerrd |     0.007              0.007 |     0.030             0.030
            certwo |     0.007              0.010 |     0.047             0.051
            cersum |     0.011              0.011 |     0.032             0.032
          cercomb1 |     0.007              0.007 |     0.030             0.030
          cercomb2 |     0.007              0.010 |     0.032             0.032
--------------------------------------------------------------------------------

. rdbwselect log_mfrent dist_both if (only_du == 1 & res_typex !="Condominiums" ), c(0) all kernel(uni)

Bandwidth estimators for sharp RD local polynomial regression.

       Cutoff c =  | Left of c  Right of c            Number of obs =      53513
-------------------+----------------------            Kernel        =    Uniform
     Number of obs |     24616       28897            VCE method    =         NN
  Min of dist_both |    -2.315       0.000
  Max of dist_both |    -0.000       0.747
    Order est. (p) |         1           1
    Order bias (q) |         2           2

Outcome: log_mfrent. Running variable: dist_both.
--------------------------------------------------------------------------------
                   |         BW est. (h)          |        BW bias (b)
            Method | Left of c         Right of c | Left of c        Right of c
-------------------+------------------------------+-----------------------------
             mserd |     0.021              0.021 |     0.070             0.070
            msetwo |     0.032              0.012 |     0.131             0.053
            msesum |     0.014              0.014 |     0.056             0.056
          msecomb1 |     0.014              0.014 |     0.056             0.056
          msecomb2 |     0.021              0.014 |     0.070             0.056
-------------------+------------------------------+-----------------------------
             cerrd |     0.012              0.012 |     0.070             0.070
            certwo |     0.019              0.007 |     0.131             0.053
            cersum |     0.008              0.008 |     0.056             0.056
          cercomb1 |     0.008              0.008 |     0.056             0.056
          cercomb2 |     0.012              0.008 |     0.070             0.056
--------------------------------------------------------------------------------

. rdbwselect log_mfrent dist_both if (mf_he == 1 & res_typex !="Condominiums" ), c(0) all kernel(uni)

Bandwidth estimators for sharp RD local polynomial regression.

       Cutoff c =  | Left of c  Right of c            Number of obs =       1496
-------------------+----------------------            Kernel        =    Uniform
     Number of obs |       407        1089            VCE method    =         NN
  Min of dist_both |    -0.393       0.001
  Max of dist_both |    -0.003       0.352
    Order est. (p) |         1           1
    Order bias (q) |         2           2

Outcome: log_mfrent. Running variable: dist_both.
--------------------------------------------------------------------------------
                   |         BW est. (h)          |        BW bias (b)
            Method | Left of c         Right of c | Left of c        Right of c
-------------------+------------------------------+-----------------------------
             mserd |     0.013              0.013 |     0.053             0.053
            msetwo |     0.011              0.022 |     0.047             0.051
            msesum |     0.009              0.009 |     0.041             0.041
          msecomb1 |     0.009              0.009 |     0.041             0.041
          msecomb2 |     0.011              0.013 |     0.047             0.051
-------------------+------------------------------+-----------------------------
             cerrd |     0.009              0.009 |     0.053             0.053
            certwo |     0.008              0.015 |     0.047             0.051
            cersum |     0.006              0.006 |     0.041             0.041
          cercomb1 |     0.006              0.006 |     0.041             0.041
          cercomb2 |     0.008              0.009 |     0.047             0.051
--------------------------------------------------------------------------------

. rdbwselect log_mfrent dist_both if (mf_du == 1 & res_typex !="Condominiums" ), c(0) all kernel(uni)

Bandwidth estimators for sharp RD local polynomial regression.

       Cutoff c =  | Left of c  Right of c            Number of obs =      45411
-------------------+----------------------            Kernel        =    Uniform
     Number of obs |     17053       28358            VCE method    =         NN
  Min of dist_both |    -1.622       0.000
  Max of dist_both |    -0.000       0.611
    Order est. (p) |         1           1
    Order bias (q) |         2           2

Outcome: log_mfrent. Running variable: dist_both.
--------------------------------------------------------------------------------
                   |         BW est. (h)          |        BW bias (b)
            Method | Left of c         Right of c | Left of c        Right of c
-------------------+------------------------------+-----------------------------
             mserd |     0.014              0.014 |     0.063             0.063
            msetwo |     0.048              0.011 |     0.148             0.055
            msesum |     0.010              0.010 |     0.049             0.049
          msecomb1 |     0.010              0.010 |     0.049             0.049
          msecomb2 |     0.014              0.011 |     0.063             0.055
-------------------+------------------------------+-----------------------------
             cerrd |     0.008              0.008 |     0.063             0.063
            certwo |     0.028              0.006 |     0.148             0.055
            cersum |     0.006              0.006 |     0.049             0.049
          cercomb1 |     0.006              0.006 |     0.049             0.049
          cercomb2 |     0.008              0.006 |     0.063             0.055
--------------------------------------------------------------------------------

. rdbwselect log_mfrent dist_both if (du_he == 1 & res_typex !="Condominiums" ), c(0) all kernel(uni)

Bandwidth estimators for sharp RD local polynomial regression.

       Cutoff c =  | Left of c  Right of c            Number of obs =      22523
-------------------+----------------------            Kernel        =    Uniform
     Number of obs |     14185        8338            VCE method    =         NN
  Min of dist_both |    -0.509       0.000
  Max of dist_both |    -0.000       0.247
    Order est. (p) |         1           1
    Order bias (q) |         2           2

Outcome: log_mfrent. Running variable: dist_both.
--------------------------------------------------------------------------------
                   |         BW est. (h)          |        BW bias (b)
            Method | Left of c         Right of c | Left of c        Right of c
-------------------+------------------------------+-----------------------------
             mserd |     0.005              0.005 |     0.020             0.020
            msetwo |     0.010              0.004 |     0.034             0.018
            msesum |     0.004              0.004 |     0.019             0.019
          msecomb1 |     0.004              0.004 |     0.019             0.019
          msecomb2 |     0.005              0.004 |     0.020             0.019
-------------------+------------------------------+-----------------------------
             cerrd |     0.003              0.003 |     0.020             0.020
            certwo |     0.006              0.003 |     0.034             0.018
            cersum |     0.002              0.002 |     0.019             0.019
          cercomb1 |     0.002              0.002 |     0.019             0.019
          cercomb2 |     0.003              0.003 |     0.020             0.019
--------------------------------------------------------------------------------

. rdbwselect log_mfrent dist_both if (mf_he_du == 1 & res_typex !="Condominiums" ), c(0) all kernel(uni)

Bandwidth estimators for sharp RD local polynomial regression.

       Cutoff c =  | Left of c  Right of c            Number of obs =      22054
-------------------+----------------------            Kernel        =    Uniform
     Number of obs |     10675       11379            VCE method    =         NN
  Min of dist_both |    -0.553       0.000
  Max of dist_both |    -0.000       0.359
    Order est. (p) |         1           1
    Order bias (q) |         2           2

Outcome: log_mfrent. Running variable: dist_both.
--------------------------------------------------------------------------------
                   |         BW est. (h)          |        BW bias (b)
            Method | Left of c         Right of c | Left of c        Right of c
-------------------+------------------------------+-----------------------------
             mserd |     0.015              0.015 |     0.059             0.059
            msetwo |     0.016              0.011 |     0.060             0.049
            msesum |     0.018              0.018 |     0.031             0.031
          msecomb1 |     0.015              0.015 |     0.031             0.031
          msecomb2 |     0.016              0.015 |     0.059             0.049
-------------------+------------------------------+-----------------------------
             cerrd |     0.009              0.009 |     0.059             0.059
            certwo |     0.010              0.007 |     0.060             0.049
            cersum |     0.011              0.011 |     0.031             0.031
          cercomb1 |     0.009              0.009 |     0.031             0.031
          cercomb2 |     0.010              0.009 |     0.059             0.049
--------------------------------------------------------------------------------

. 
. * house prices, triangular kernel
. rdbwselect log_saleprice dist_both if (only_mf == 1 & res_typex=="Single Family Res" ), c(0) all 

Bandwidth estimators for sharp RD local polynomial regression.

       Cutoff c =  | Left of c  Right of c            Number of obs =       2375
-------------------+----------------------            Kernel        = Triangular
     Number of obs |      1524         851            VCE method    =         NN
  Min of dist_both |    -0.478       0.001
  Max of dist_both |    -0.000       0.359
    Order est. (p) |         1           1
    Order bias (q) |         2           2

Outcome: log_saleprice. Running variable: dist_both.
--------------------------------------------------------------------------------
                   |         BW est. (h)          |        BW bias (b)
            Method | Left of c         Right of c | Left of c        Right of c
-------------------+------------------------------+-----------------------------
             mserd |     0.045              0.045 |     0.089             0.089
            msetwo |     0.026              0.045 |     0.063             0.109
            msesum |     0.021              0.021 |     0.075             0.075
          msecomb1 |     0.021              0.021 |     0.075             0.075
          msecomb2 |     0.026              0.045 |     0.075             0.089
-------------------+------------------------------+-----------------------------
             cerrd |     0.031              0.031 |     0.089             0.089
            certwo |     0.018              0.030 |     0.063             0.109
            cersum |     0.014              0.014 |     0.075             0.075
          cercomb1 |     0.014              0.014 |     0.075             0.075
          cercomb2 |     0.018              0.030 |     0.075             0.089
--------------------------------------------------------------------------------

. rdbwselect log_saleprice dist_both if (only_he == 1 & res_typex=="Single Family Res"), c(0) all 

Bandwidth estimators for sharp RD local polynomial regression.

       Cutoff c =  | Left of c  Right of c            Number of obs =       4194
-------------------+----------------------            Kernel        = Triangular
     Number of obs |       848        3346            VCE method    =         NN
  Min of dist_both |    -0.548       0.000
  Max of dist_both |    -0.000       0.619
    Order est. (p) |         1           1
    Order bias (q) |         2           2

Outcome: log_saleprice. Running variable: dist_both.
--------------------------------------------------------------------------------
                   |         BW est. (h)          |        BW bias (b)
            Method | Left of c         Right of c | Left of c        Right of c
-------------------+------------------------------+-----------------------------
             mserd |     0.033              0.033 |     0.066             0.066
            msetwo |     0.036              0.060 |     0.057             0.104
            msesum |     0.038              0.038 |     0.056             0.056
          msecomb1 |     0.033              0.033 |     0.056             0.056
          msecomb2 |     0.036              0.038 |     0.057             0.066
-------------------+------------------------------+-----------------------------
             cerrd |     0.022              0.022 |     0.066             0.066
            certwo |     0.024              0.040 |     0.057             0.104
            cersum |     0.025              0.025 |     0.056             0.056
          cercomb1 |     0.022              0.022 |     0.056             0.056
          cercomb2 |     0.024              0.025 |     0.057             0.066
--------------------------------------------------------------------------------

. rdbwselect log_saleprice dist_both if (only_du == 1 & res_typex=="Single Family Res" ), c(0) all 

Bandwidth estimators for sharp RD local polynomial regression.

       Cutoff c =  | Left of c  Right of c            Number of obs =      81923
-------------------+----------------------            Kernel        = Triangular
     Number of obs |     37024       44899            VCE method    =         NN
  Min of dist_both |    -2.609       0.000
  Max of dist_both |    -0.000       1.919
    Order est. (p) |         1           1
    Order bias (q) |         2           2

Outcome: log_saleprice. Running variable: dist_both.
--------------------------------------------------------------------------------
                   |         BW est. (h)          |        BW bias (b)
            Method | Left of c         Right of c | Left of c        Right of c
-------------------+------------------------------+-----------------------------
             mserd |     0.037              0.037 |     0.134             0.134
            msetwo |     0.048              0.043 |     0.180             0.121
            msesum |     0.071              0.071 |     0.161             0.161
          msecomb1 |     0.037              0.037 |     0.134             0.134
          msecomb2 |     0.048              0.043 |     0.161             0.134
-------------------+------------------------------+-----------------------------
             cerrd |     0.021              0.021 |     0.134             0.134
            certwo |     0.027              0.024 |     0.180             0.121
            cersum |     0.040              0.040 |     0.161             0.161
          cercomb1 |     0.021              0.021 |     0.134             0.134
          cercomb2 |     0.027              0.024 |     0.161             0.134
--------------------------------------------------------------------------------

. rdbwselect log_saleprice dist_both if (mf_he == 1 & res_typex=="Single Family Res" ), c(0) all 

Bandwidth estimators for sharp RD local polynomial regression.

       Cutoff c =  | Left of c  Right of c            Number of obs =       1061
-------------------+----------------------            Kernel        = Triangular
     Number of obs |       605         456            VCE method    =         NN
  Min of dist_both |    -0.404       0.004
  Max of dist_both |    -0.001       0.281
    Order est. (p) |         1           1
    Order bias (q) |         2           2

Outcome: log_saleprice. Running variable: dist_both.
--------------------------------------------------------------------------------
                   |         BW est. (h)          |        BW bias (b)
            Method | Left of c         Right of c | Left of c        Right of c
-------------------+------------------------------+-----------------------------
             mserd |     0.017              0.017 |     0.041             0.041
            msetwo |     0.020              0.025 |     0.067             0.045
            msesum |     0.030              0.030 |     0.062             0.062
          msecomb1 |     0.017              0.017 |     0.041             0.041
          msecomb2 |     0.020              0.025 |     0.062             0.045
-------------------+------------------------------+-----------------------------
             cerrd |     0.012              0.012 |     0.041             0.041
            certwo |     0.014              0.017 |     0.067             0.045
            cersum |     0.021              0.021 |     0.062             0.062
          cercomb1 |     0.012              0.012 |     0.041             0.041
          cercomb2 |     0.014              0.017 |     0.062             0.045
--------------------------------------------------------------------------------

. rdbwselect log_saleprice dist_both if (mf_du == 1 & res_typex=="Single Family Res" ), c(0) all 

Bandwidth estimators for sharp RD local polynomial regression.

       Cutoff c =  | Left of c  Right of c            Number of obs =      22881
-------------------+----------------------            Kernel        = Triangular
     Number of obs |     12704       10177            VCE method    =         NN
  Min of dist_both |    -2.810       0.000
  Max of dist_both |    -0.000       0.764
    Order est. (p) |         1           1
    Order bias (q) |         2           2

Outcome: log_saleprice. Running variable: dist_both.
--------------------------------------------------------------------------------
                   |         BW est. (h)          |        BW bias (b)
            Method | Left of c         Right of c | Left of c        Right of c
-------------------+------------------------------+-----------------------------
             mserd |     0.022              0.022 |     0.082             0.082
            msetwo |     0.071              0.038 |     0.220             0.061
            msesum |     0.019              0.019 |     0.061             0.061
          msecomb1 |     0.019              0.019 |     0.061             0.061
          msecomb2 |     0.022              0.022 |     0.082             0.061
-------------------+------------------------------+-----------------------------
             cerrd |     0.013              0.013 |     0.082             0.082
            certwo |     0.043              0.023 |     0.220             0.061
            cersum |     0.011              0.011 |     0.061             0.061
          cercomb1 |     0.011              0.011 |     0.061             0.061
          cercomb2 |     0.013              0.013 |     0.082             0.061
--------------------------------------------------------------------------------

. rdbwselect log_saleprice dist_both if (du_he == 1 & res_typex=="Single Family Res" ), c(0) all 

Bandwidth estimators for sharp RD local polynomial regression.

       Cutoff c =  | Left of c  Right of c            Number of obs =       3529
-------------------+----------------------            Kernel        = Triangular
     Number of obs |      2586         943            VCE method    =         NN
  Min of dist_both |    -1.217       0.000
  Max of dist_both |    -0.000       0.353
    Order est. (p) |         1           1
    Order bias (q) |         2           2

Outcome: log_saleprice. Running variable: dist_both.
--------------------------------------------------------------------------------
                   |         BW est. (h)          |        BW bias (b)
            Method | Left of c         Right of c | Left of c        Right of c
-------------------+------------------------------+-----------------------------
             mserd |     0.043              0.043 |     0.073             0.073
            msetwo |     0.028              0.027 |     0.138             0.044
            msesum |     0.018              0.018 |     0.043             0.043
          msecomb1 |     0.018              0.018 |     0.043             0.043
          msecomb2 |     0.028              0.027 |     0.073             0.044
-------------------+------------------------------+-----------------------------
             cerrd |     0.029              0.029 |     0.073             0.073
            certwo |     0.019              0.018 |     0.138             0.044
            cersum |     0.012              0.012 |     0.043             0.043
          cercomb1 |     0.012              0.012 |     0.043             0.043
          cercomb2 |     0.019              0.018 |     0.073             0.044
--------------------------------------------------------------------------------

. rdbwselect log_saleprice dist_both if (mf_he_du == 1 & res_typex=="Single Family Res" ), c(0) all 

Bandwidth estimators for sharp RD local polynomial regression.

       Cutoff c =  | Left of c  Right of c            Number of obs =       4471
-------------------+----------------------            Kernel        = Triangular
     Number of obs |      3238        1233            VCE method    =         NN
  Min of dist_both |    -0.968       0.000
  Max of dist_both |    -0.000       0.347
    Order est. (p) |         1           1
    Order bias (q) |         2           2

Outcome: log_saleprice. Running variable: dist_both.
--------------------------------------------------------------------------------
                   |         BW est. (h)          |        BW bias (b)
            Method | Left of c         Right of c | Left of c        Right of c
-------------------+------------------------------+-----------------------------
             mserd |     0.022              0.022 |     0.053             0.053
            msetwo |     0.031              0.034 |     0.101             0.056
            msesum |     0.037              0.037 |     0.059             0.059
          msecomb1 |     0.022              0.022 |     0.053             0.053
          msecomb2 |     0.031              0.034 |     0.059             0.056
-------------------+------------------------------+-----------------------------
             cerrd |     0.014              0.014 |     0.053             0.053
            certwo |     0.021              0.022 |     0.101             0.056
            cersum |     0.024              0.024 |     0.059             0.059
          cercomb1 |     0.014              0.014 |     0.053             0.053
          cercomb2 |     0.021              0.022 |     0.059             0.056
--------------------------------------------------------------------------------

. 
. * uniform kernel
. rdbwselect log_saleprice dist_both if (only_mf == 1 & res_typex=="Single Family Res" ), c(0) all kernel(uni) 

Bandwidth estimators for sharp RD local polynomial regression.

       Cutoff c =  | Left of c  Right of c            Number of obs =       2375
-------------------+----------------------            Kernel        =    Uniform
     Number of obs |      1524         851            VCE method    =         NN
  Min of dist_both |    -0.478       0.001
  Max of dist_both |    -0.000       0.359
    Order est. (p) |         1           1
    Order bias (q) |         2           2

Outcome: log_saleprice. Running variable: dist_both.
--------------------------------------------------------------------------------
                   |         BW est. (h)          |        BW bias (b)
            Method | Left of c         Right of c | Left of c        Right of c
-------------------+------------------------------+-----------------------------
             mserd |     0.028              0.028 |     0.118             0.118
            msetwo |     0.019              0.033 |     0.053             0.081
            msesum |     0.021              0.021 |     0.082             0.082
          msecomb1 |     0.021              0.021 |     0.082             0.082
          msecomb2 |     0.021              0.028 |     0.082             0.082
-------------------+------------------------------+-----------------------------
             cerrd |     0.019              0.019 |     0.118             0.118
            certwo |     0.013              0.022 |     0.053             0.081
            cersum |     0.014              0.014 |     0.082             0.082
          cercomb1 |     0.014              0.014 |     0.082             0.082
          cercomb2 |     0.014              0.019 |     0.082             0.082
--------------------------------------------------------------------------------

. rdbwselect log_saleprice dist_both if (only_he == 1 & res_typex=="Single Family Res"), c(0) all kernel(uni) 

Bandwidth estimators for sharp RD local polynomial regression.

       Cutoff c =  | Left of c  Right of c            Number of obs =       4194
-------------------+----------------------            Kernel        =    Uniform
     Number of obs |       848        3346            VCE method    =         NN
  Min of dist_both |    -0.548       0.000
  Max of dist_both |    -0.000       0.619
    Order est. (p) |         1           1
    Order bias (q) |         2           2

Outcome: log_saleprice. Running variable: dist_both.
--------------------------------------------------------------------------------
                   |         BW est. (h)          |        BW bias (b)
            Method | Left of c         Right of c | Left of c        Right of c
-------------------+------------------------------+-----------------------------
             mserd |     0.017              0.017 |     0.048             0.048
            msetwo |     0.032              0.055 |     0.052             0.105
            msesum |     0.029              0.029 |     0.054             0.054
          msecomb1 |     0.017              0.017 |     0.048             0.048
          msecomb2 |     0.029              0.029 |     0.052             0.054
-------------------+------------------------------+-----------------------------
             cerrd |     0.011              0.011 |     0.048             0.048
            certwo |     0.021              0.036 |     0.052             0.105
            cersum |     0.019              0.019 |     0.054             0.054
          cercomb1 |     0.011              0.011 |     0.048             0.048
          cercomb2 |     0.019              0.019 |     0.052             0.054
--------------------------------------------------------------------------------

. rdbwselect log_saleprice dist_both if (only_du == 1 & res_typex=="Single Family Res" ), c(0) all kernel(uni) 

Bandwidth estimators for sharp RD local polynomial regression.

       Cutoff c =  | Left of c  Right of c            Number of obs =      81923
-------------------+----------------------            Kernel        =    Uniform
     Number of obs |     37024       44899            VCE method    =         NN
  Min of dist_both |    -2.609       0.000
  Max of dist_both |    -0.000       1.919
    Order est. (p) |         1           1
    Order bias (q) |         2           2

Outcome: log_saleprice. Running variable: dist_both.
--------------------------------------------------------------------------------
                   |         BW est. (h)          |        BW bias (b)
            Method | Left of c         Right of c | Left of c        Right of c
-------------------+------------------------------+-----------------------------
             mserd |     0.027              0.027 |     0.137             0.137
            msetwo |     0.044              0.029 |     0.183             0.140
            msesum |     0.083              0.083 |     0.312             0.312
          msecomb1 |     0.027              0.027 |     0.137             0.137
          msecomb2 |     0.044              0.029 |     0.183             0.140
-------------------+------------------------------+-----------------------------
             cerrd |     0.015              0.015 |     0.137             0.137
            certwo |     0.025              0.016 |     0.183             0.140
            cersum |     0.047              0.047 |     0.312             0.312
          cercomb1 |     0.015              0.015 |     0.137             0.137
          cercomb2 |     0.025              0.016 |     0.183             0.140
--------------------------------------------------------------------------------

. rdbwselect log_saleprice dist_both if (mf_he == 1 & res_typex=="Single Family Res" ), c(0) all kernel(uni)

Bandwidth estimators for sharp RD local polynomial regression.

       Cutoff c =  | Left of c  Right of c            Number of obs =       1061
-------------------+----------------------            Kernel        =    Uniform
     Number of obs |       605         456            VCE method    =         NN
  Min of dist_both |    -0.404       0.004
  Max of dist_both |    -0.001       0.281
    Order est. (p) |         1           1
    Order bias (q) |         2           2

Outcome: log_saleprice. Running variable: dist_both.
--------------------------------------------------------------------------------
                   |         BW est. (h)          |        BW bias (b)
            Method | Left of c         Right of c | Left of c        Right of c
-------------------+------------------------------+-----------------------------
             mserd |     0.017              0.017 |     0.070             0.070
            msetwo |     0.028              0.023 |     0.092             0.069
            msesum |     0.017              0.017 |     0.062             0.062
          msecomb1 |     0.017              0.017 |     0.062             0.062
          msecomb2 |     0.017              0.017 |     0.070             0.069
-------------------+------------------------------+-----------------------------
             cerrd |     0.012              0.012 |     0.070             0.070
            certwo |     0.020              0.016 |     0.092             0.069
            cersum |     0.012              0.012 |     0.062             0.062
          cercomb1 |     0.012              0.012 |     0.062             0.062
          cercomb2 |     0.012              0.012 |     0.070             0.069
--------------------------------------------------------------------------------

. rdbwselect log_saleprice dist_both if (mf_du == 1 & res_typex=="Single Family Res" ), c(0) all kernel(uni)

Bandwidth estimators for sharp RD local polynomial regression.

       Cutoff c =  | Left of c  Right of c            Number of obs =      22881
-------------------+----------------------            Kernel        =    Uniform
     Number of obs |     12704       10177            VCE method    =         NN
  Min of dist_both |    -2.810       0.000
  Max of dist_both |    -0.000       0.764
    Order est. (p) |         1           1
    Order bias (q) |         2           2

Outcome: log_saleprice. Running variable: dist_both.
--------------------------------------------------------------------------------
                   |         BW est. (h)          |        BW bias (b)
            Method | Left of c         Right of c | Left of c        Right of c
-------------------+------------------------------+-----------------------------
             mserd |     0.022              0.022 |     0.080             0.080
            msetwo |     0.037              0.019 |     0.156             0.058
            msesum |     0.021              0.021 |     0.061             0.061
          msecomb1 |     0.021              0.021 |     0.061             0.061
          msecomb2 |     0.022              0.021 |     0.080             0.061
-------------------+------------------------------+-----------------------------
             cerrd |     0.013              0.013 |     0.080             0.080
            certwo |     0.023              0.011 |     0.156             0.058
            cersum |     0.013              0.013 |     0.061             0.061
          cercomb1 |     0.013              0.013 |     0.061             0.061
          cercomb2 |     0.013              0.013 |     0.080             0.061
--------------------------------------------------------------------------------

. rdbwselect log_saleprice dist_both if (du_he == 1 & res_typex=="Single Family Res" ), c(0) all kernel(uni)

Bandwidth estimators for sharp RD local polynomial regression.

       Cutoff c =  | Left of c  Right of c            Number of obs =       3529
-------------------+----------------------            Kernel        =    Uniform
     Number of obs |      2586         943            VCE method    =         NN
  Min of dist_both |    -1.217       0.000
  Max of dist_both |    -0.000       0.353
    Order est. (p) |         1           1
    Order bias (q) |         2           2

Outcome: log_saleprice. Running variable: dist_both.
--------------------------------------------------------------------------------
                   |         BW est. (h)          |        BW bias (b)
            Method | Left of c         Right of c | Left of c        Right of c
-------------------+------------------------------+-----------------------------
             mserd |     0.018              0.018 |     0.046             0.046
            msetwo |     0.023              0.020 |     0.122             0.042
            msesum |     0.023              0.023 |     0.046             0.046
          msecomb1 |     0.018              0.018 |     0.046             0.046
          msecomb2 |     0.023              0.020 |     0.046             0.046
-------------------+------------------------------+-----------------------------
             cerrd |     0.012              0.012 |     0.046             0.046
            certwo |     0.015              0.013 |     0.122             0.042
            cersum |     0.015              0.015 |     0.046             0.046
          cercomb1 |     0.012              0.012 |     0.046             0.046
          cercomb2 |     0.015              0.013 |     0.046             0.046
--------------------------------------------------------------------------------

. rdbwselect log_saleprice dist_both if (mf_he_du == 1 & res_typex=="Single Family Res" ), c(0) all kernel(uni)

Bandwidth estimators for sharp RD local polynomial regression.

       Cutoff c =  | Left of c  Right of c            Number of obs =       4471
-------------------+----------------------            Kernel        =    Uniform
     Number of obs |      3238        1233            VCE method    =         NN
  Min of dist_both |    -0.968       0.000
  Max of dist_both |    -0.000       0.347
    Order est. (p) |         1           1
    Order bias (q) |         2           2

Outcome: log_saleprice. Running variable: dist_both.
--------------------------------------------------------------------------------
                   |         BW est. (h)          |        BW bias (b)
            Method | Left of c         Right of c | Left of c        Right of c
-------------------+------------------------------+-----------------------------
             mserd |     0.027              0.027 |     0.053             0.053
            msetwo |     0.021              0.017 |     0.091             0.043
            msesum |     0.014              0.014 |     0.047             0.047
          msecomb1 |     0.014              0.014 |     0.047             0.047
          msecomb2 |     0.021              0.017 |     0.053             0.047
-------------------+------------------------------+-----------------------------
             cerrd |     0.017              0.017 |     0.053             0.053
            certwo |     0.014              0.011 |     0.091             0.043
            cersum |     0.009              0.009 |     0.047             0.047
          cercomb1 |     0.009              0.009 |     0.047             0.047
          cercomb2 |     0.014              0.011 |     0.053             0.047
--------------------------------------------------------------------------------

. 
. ** with controls 
. * mf
. foreach l of var only_mf only_he only_du mf_he mf_du du_he mf_he_du {
  2.                 
.                 * uniform kernel
.                 quietly reg log_mfrent i.lam_seg if (`l' == 1 & res_typex !="Condominiums")
  3.                 predict resid_mf_`l', residuals
  4.                 rdbwselect resid_mf_`l' dist_both if (`l' == 1 & res_typex !="Condominiums" ), c(0) all kernel(uni)
  5.                 
.                 * triangular kernel
.                 rdbwselect resid_mf_`l' dist_both if (`l' == 1 & res_typex !="Condominiums" ), c(0) all
  6. 
. }
(715,139 missing values generated)

Bandwidth estimators for sharp RD local polynomial regression.

       Cutoff c =  | Left of c  Right of c            Number of obs =       7349
-------------------+----------------------            Kernel        =    Uniform
     Number of obs |      2123        5226            VCE method    =         NN
  Min of dist_both |    -0.700       0.000
  Max of dist_both |    -0.000       0.246
    Order est. (p) |         1           1
    Order bias (q) |         2           2

Outcome: resid_mf_only_mf. Running variable: dist_both.
--------------------------------------------------------------------------------
                   |         BW est. (h)          |        BW bias (b)
            Method | Left of c         Right of c | Left of c        Right of c
-------------------+------------------------------+-----------------------------
             mserd |     0.010              0.010 |     0.029             0.029
            msetwo |     0.025              0.012 |     0.078             0.033
            msesum |     0.013              0.013 |     0.030             0.030
          msecomb1 |     0.010              0.010 |     0.029             0.029
          msecomb2 |     0.013              0.012 |     0.030             0.030
-------------------+------------------------------+-----------------------------
             cerrd |     0.006              0.006 |     0.029             0.029
            certwo |     0.016              0.007 |     0.078             0.033
            cersum |     0.008              0.008 |     0.030             0.030
          cercomb1 |     0.006              0.006 |     0.029             0.029
          cercomb2 |     0.008              0.007 |     0.030             0.030
--------------------------------------------------------------------------------

Bandwidth estimators for sharp RD local polynomial regression.

       Cutoff c =  | Left of c  Right of c            Number of obs =       7349
-------------------+----------------------            Kernel        = Triangular
     Number of obs |      2123        5226            VCE method    =         NN
  Min of dist_both |    -0.700       0.000
  Max of dist_both |    -0.000       0.246
    Order est. (p) |         1           1
    Order bias (q) |         2           2

Outcome: resid_mf_only_mf. Running variable: dist_both.
--------------------------------------------------------------------------------
                   |         BW est. (h)          |        BW bias (b)
            Method | Left of c         Right of c | Left of c        Right of c
-------------------+------------------------------+-----------------------------
             mserd |     0.022              0.022 |     0.043             0.043
            msetwo |     0.054              0.020 |     0.098             0.047
            msesum |     0.017              0.017 |     0.042             0.042
          msecomb1 |     0.017              0.017 |     0.042             0.042
          msecomb2 |     0.022              0.020 |     0.043             0.043
-------------------+------------------------------+-----------------------------
             cerrd |     0.014              0.014 |     0.043             0.043
            certwo |     0.035              0.013 |     0.098             0.047
            cersum |     0.011              0.011 |     0.042             0.042
          cercomb1 |     0.011              0.011 |     0.042             0.042
          cercomb2 |     0.014              0.013 |     0.043             0.043
--------------------------------------------------------------------------------
(715,139 missing values generated)

Bandwidth estimators for sharp RD local polynomial regression.

       Cutoff c =  | Left of c  Right of c            Number of obs =       3730
-------------------+----------------------            Kernel        =    Uniform
     Number of obs |      2042        1688            VCE method    =         NN
  Min of dist_both |    -0.426       0.000
  Max of dist_both |    -0.000       0.561
    Order est. (p) |         1           1
    Order bias (q) |         2           2

Outcome: resid_mf_only_he. Running variable: dist_both.
--------------------------------------------------------------------------------
                   |         BW est. (h)          |        BW bias (b)
            Method | Left of c         Right of c | Left of c        Right of c
-------------------+------------------------------+-----------------------------
             mserd |     0.020              0.020 |     0.053             0.053
            msetwo |     0.025              0.022 |     0.046             0.043
            msesum |     0.026              0.026 |     0.050             0.050
          msecomb1 |     0.020              0.020 |     0.050             0.050
          msecomb2 |     0.025              0.022 |     0.050             0.050
-------------------+------------------------------+-----------------------------
             cerrd |     0.013              0.013 |     0.053             0.053
            certwo |     0.016              0.015 |     0.046             0.043
            cersum |     0.017              0.017 |     0.050             0.050
          cercomb1 |     0.013              0.013 |     0.050             0.050
          cercomb2 |     0.016              0.015 |     0.050             0.050
--------------------------------------------------------------------------------

Bandwidth estimators for sharp RD local polynomial regression.

       Cutoff c =  | Left of c  Right of c            Number of obs =       3730
-------------------+----------------------            Kernel        = Triangular
     Number of obs |      2042        1688            VCE method    =         NN
  Min of dist_both |    -0.426       0.000
  Max of dist_both |    -0.000       0.561
    Order est. (p) |         1           1
    Order bias (q) |         2           2

Outcome: resid_mf_only_he. Running variable: dist_both.
--------------------------------------------------------------------------------
                   |         BW est. (h)          |        BW bias (b)
            Method | Left of c         Right of c | Left of c        Right of c
-------------------+------------------------------+-----------------------------
             mserd |     0.031              0.031 |     0.070             0.070
            msetwo |     0.026              0.035 |     0.054             0.053
            msesum |     0.032              0.032 |     0.061             0.061
          msecomb1 |     0.031              0.031 |     0.061             0.061
          msecomb2 |     0.031              0.032 |     0.061             0.061
-------------------+------------------------------+-----------------------------
             cerrd |     0.021              0.021 |     0.070             0.070
            certwo |     0.017              0.023 |     0.054             0.053
            cersum |     0.021              0.021 |     0.061             0.061
          cercomb1 |     0.021              0.021 |     0.061             0.061
          cercomb2 |     0.021              0.021 |     0.061             0.061
--------------------------------------------------------------------------------
(715,139 missing values generated)

Bandwidth estimators for sharp RD local polynomial regression.

       Cutoff c =  | Left of c  Right of c            Number of obs =      53513
-------------------+----------------------            Kernel        =    Uniform
     Number of obs |     24616       28897            VCE method    =         NN
  Min of dist_both |    -2.315       0.000
  Max of dist_both |    -0.000       0.747
    Order est. (p) |         1           1
    Order bias (q) |         2           2

Outcome: resid_mf_only_du. Running variable: dist_both.
--------------------------------------------------------------------------------
                   |         BW est. (h)          |        BW bias (b)
            Method | Left of c         Right of c | Left of c        Right of c
-------------------+------------------------------+-----------------------------
             mserd |     0.040              0.040 |     0.074             0.074
            msetwo |     0.067              0.023 |     0.182             0.060
            msesum |     0.030              0.030 |     0.061             0.061
          msecomb1 |     0.030              0.030 |     0.061             0.061
          msecomb2 |     0.040              0.030 |     0.074             0.061
-------------------+------------------------------+-----------------------------
             cerrd |     0.023              0.023 |     0.074             0.074
            certwo |     0.039              0.013 |     0.182             0.060
            cersum |     0.018              0.018 |     0.061             0.061
          cercomb1 |     0.018              0.018 |     0.061             0.061
          cercomb2 |     0.023              0.018 |     0.074             0.061
--------------------------------------------------------------------------------

Bandwidth estimators for sharp RD local polynomial regression.

       Cutoff c =  | Left of c  Right of c            Number of obs =      53513
-------------------+----------------------            Kernel        = Triangular
     Number of obs |     24616       28897            VCE method    =         NN
  Min of dist_both |    -2.315       0.000
  Max of dist_both |    -0.000       0.747
    Order est. (p) |         1           1
    Order bias (q) |         2           2

Outcome: resid_mf_only_du. Running variable: dist_both.
--------------------------------------------------------------------------------
                   |         BW est. (h)          |        BW bias (b)
            Method | Left of c         Right of c | Left of c        Right of c
-------------------+------------------------------+-----------------------------
             mserd |     0.052              0.052 |     0.097             0.097
            msetwo |     0.062              0.024 |     0.226             0.067
            msesum |     0.036              0.036 |     0.064             0.064
          msecomb1 |     0.036              0.036 |     0.064             0.064
          msecomb2 |     0.052              0.036 |     0.097             0.067
-------------------+------------------------------+-----------------------------
             cerrd |     0.030              0.030 |     0.097             0.097
            certwo |     0.036              0.014 |     0.226             0.067
            cersum |     0.021              0.021 |     0.064             0.064
          cercomb1 |     0.021              0.021 |     0.064             0.064
          cercomb2 |     0.030              0.021 |     0.097             0.067
--------------------------------------------------------------------------------
(715,139 missing values generated)

Bandwidth estimators for sharp RD local polynomial regression.

       Cutoff c =  | Left of c  Right of c            Number of obs =       1496
-------------------+----------------------            Kernel        =    Uniform
     Number of obs |       407        1089            VCE method    =         NN
  Min of dist_both |    -0.393       0.001
  Max of dist_both |    -0.003       0.352
    Order est. (p) |         1           1
    Order bias (q) |         2           2

Outcome: resid_mf_mf_he. Running variable: dist_both.
--------------------------------------------------------------------------------
                   |         BW est. (h)          |        BW bias (b)
            Method | Left of c         Right of c | Left of c        Right of c
-------------------+------------------------------+-----------------------------
             mserd |     0.019              0.019 |     0.063             0.063
            msetwo |     0.021              0.040 |     0.060             0.087
            msesum |     0.021              0.021 |     0.063             0.063
          msecomb1 |     0.019              0.019 |     0.063             0.063
          msecomb2 |     0.021              0.021 |     0.063             0.063
-------------------+------------------------------+-----------------------------
             cerrd |     0.013              0.013 |     0.063             0.063
            certwo |     0.014              0.028 |     0.060             0.087
            cersum |     0.015              0.015 |     0.063             0.063
          cercomb1 |     0.013              0.013 |     0.063             0.063
          cercomb2 |     0.014              0.015 |     0.063             0.063
--------------------------------------------------------------------------------

Bandwidth estimators for sharp RD local polynomial regression.

       Cutoff c =  | Left of c  Right of c            Number of obs =       1496
-------------------+----------------------            Kernel        = Triangular
     Number of obs |       407        1089            VCE method    =         NN
  Min of dist_both |    -0.393       0.001
  Max of dist_both |    -0.003       0.352
    Order est. (p) |         1           1
    Order bias (q) |         2           2

Outcome: resid_mf_mf_he. Running variable: dist_both.
--------------------------------------------------------------------------------
                   |         BW est. (h)          |        BW bias (b)
            Method | Left of c         Right of c | Left of c        Right of c
-------------------+------------------------------+-----------------------------
             mserd |     0.044              0.044 |     0.091             0.091
            msetwo |     0.043              0.068 |     0.089             0.107
            msesum |     0.047              0.047 |     0.089             0.089
          msecomb1 |     0.044              0.044 |     0.089             0.089
          msecomb2 |     0.044              0.047 |     0.089             0.091
-------------------+------------------------------+-----------------------------
             cerrd |     0.030              0.030 |     0.091             0.091
            certwo |     0.030              0.047 |     0.089             0.107
            cersum |     0.032              0.032 |     0.089             0.089
          cercomb1 |     0.030              0.030 |     0.089             0.089
          cercomb2 |     0.030              0.032 |     0.089             0.091
--------------------------------------------------------------------------------
(715,139 missing values generated)

Bandwidth estimators for sharp RD local polynomial regression.

       Cutoff c =  | Left of c  Right of c            Number of obs =      45411
-------------------+----------------------            Kernel        =    Uniform
     Number of obs |     17053       28358            VCE method    =         NN
  Min of dist_both |    -1.622       0.000
  Max of dist_both |    -0.000       0.611
    Order est. (p) |         1           1
    Order bias (q) |         2           2

Outcome: resid_mf_mf_du. Running variable: dist_both.
--------------------------------------------------------------------------------
                   |         BW est. (h)          |        BW bias (b)
            Method | Left of c         Right of c | Left of c        Right of c
-------------------+------------------------------+-----------------------------
             mserd |     0.040              0.040 |     0.101             0.101
            msetwo |     0.036              0.035 |     0.109             0.076
            msesum |     0.021              0.021 |     0.088             0.088
          msecomb1 |     0.021              0.021 |     0.088             0.088
          msecomb2 |     0.036              0.035 |     0.101             0.088
-------------------+------------------------------+-----------------------------
             cerrd |     0.023              0.023 |     0.101             0.101
            certwo |     0.021              0.021 |     0.109             0.076
            cersum |     0.013              0.013 |     0.088             0.088
          cercomb1 |     0.013              0.013 |     0.088             0.088
          cercomb2 |     0.021              0.021 |     0.101             0.088
--------------------------------------------------------------------------------

Bandwidth estimators for sharp RD local polynomial regression.

       Cutoff c =  | Left of c  Right of c            Number of obs =      45411
-------------------+----------------------            Kernel        = Triangular
     Number of obs |     17053       28358            VCE method    =         NN
  Min of dist_both |    -1.622       0.000
  Max of dist_both |    -0.000       0.611
    Order est. (p) |         1           1
    Order bias (q) |         2           2

Outcome: resid_mf_mf_du. Running variable: dist_both.
--------------------------------------------------------------------------------
                   |         BW est. (h)          |        BW bias (b)
            Method | Left of c         Right of c | Left of c        Right of c
-------------------+------------------------------+-----------------------------
             mserd |     0.077              0.077 |     0.152             0.152
            msetwo |     0.056              0.054 |     0.147             0.138
            msesum |     0.063              0.063 |     0.155             0.155
          msecomb1 |     0.063              0.063 |     0.152             0.152
          msecomb2 |     0.063              0.063 |     0.152             0.152
-------------------+------------------------------+-----------------------------
             cerrd |     0.045              0.045 |     0.152             0.152
            certwo |     0.033              0.032 |     0.147             0.138
            cersum |     0.037              0.037 |     0.155             0.155
          cercomb1 |     0.037              0.037 |     0.152             0.152
          cercomb2 |     0.037              0.037 |     0.152             0.152
--------------------------------------------------------------------------------
(715,139 missing values generated)

Bandwidth estimators for sharp RD local polynomial regression.

       Cutoff c =  | Left of c  Right of c            Number of obs =      22523
-------------------+----------------------            Kernel        =    Uniform
     Number of obs |     14185        8338            VCE method    =         NN
  Min of dist_both |    -0.509       0.000
  Max of dist_both |    -0.000       0.247
    Order est. (p) |         1           1
    Order bias (q) |         2           2

Outcome: resid_mf_du_he. Running variable: dist_both.
--------------------------------------------------------------------------------
                   |         BW est. (h)          |        BW bias (b)
            Method | Left of c         Right of c | Left of c        Right of c
-------------------+------------------------------+-----------------------------
             mserd |     0.010              0.010 |     0.036             0.036
            msetwo |     0.031              0.011 |     0.088             0.037
            msesum |     0.014              0.014 |     0.052             0.052
          msecomb1 |     0.010              0.010 |     0.036             0.036
          msecomb2 |     0.014              0.011 |     0.052             0.037
-------------------+------------------------------+-----------------------------
             cerrd |     0.006              0.006 |     0.036             0.036
            certwo |     0.019              0.007 |     0.088             0.037
            cersum |     0.008              0.008 |     0.052             0.052
          cercomb1 |     0.006              0.006 |     0.036             0.036
          cercomb2 |     0.008              0.007 |     0.052             0.037
--------------------------------------------------------------------------------

Bandwidth estimators for sharp RD local polynomial regression.

       Cutoff c =  | Left of c  Right of c            Number of obs =      22523
-------------------+----------------------            Kernel        = Triangular
     Number of obs |     14185        8338            VCE method    =         NN
  Min of dist_both |    -0.509       0.000
  Max of dist_both |    -0.000       0.247
    Order est. (p) |         1           1
    Order bias (q) |         2           2

Outcome: resid_mf_du_he. Running variable: dist_both.
--------------------------------------------------------------------------------
                   |         BW est. (h)          |        BW bias (b)
            Method | Left of c         Right of c | Left of c        Right of c
-------------------+------------------------------+-----------------------------
             mserd |     0.028              0.028 |     0.078             0.078
            msetwo |     0.043              0.033 |     0.114             0.078
            msesum |     0.040              0.040 |     0.077             0.077
          msecomb1 |     0.028              0.028 |     0.077             0.077
          msecomb2 |     0.040              0.033 |     0.078             0.078
-------------------+------------------------------+-----------------------------
             cerrd |     0.017              0.017 |     0.078             0.078
            certwo |     0.026              0.020 |     0.114             0.078
            cersum |     0.024              0.024 |     0.077             0.077
          cercomb1 |     0.017              0.017 |     0.077             0.077
          cercomb2 |     0.024              0.020 |     0.078             0.078
--------------------------------------------------------------------------------
(715,139 missing values generated)

Bandwidth estimators for sharp RD local polynomial regression.

       Cutoff c =  | Left of c  Right of c            Number of obs =      22054
-------------------+----------------------            Kernel        =    Uniform
     Number of obs |     10675       11379            VCE method    =         NN
  Min of dist_both |    -0.553       0.000
  Max of dist_both |    -0.000       0.359
    Order est. (p) |         1           1
    Order bias (q) |         2           2

Outcome: resid_mf_mf_he_du. Running variable: dist_both.
--------------------------------------------------------------------------------
                   |         BW est. (h)          |        BW bias (b)
            Method | Left of c         Right of c | Left of c        Right of c
-------------------+------------------------------+-----------------------------
             mserd |     0.019              0.019 |     0.056             0.056
            msetwo |     0.014              0.046 |     0.042             0.111
            msesum |     0.024              0.024 |     0.043             0.043
          msecomb1 |     0.019              0.019 |     0.043             0.043
          msecomb2 |     0.019              0.024 |     0.043             0.056
-------------------+------------------------------+-----------------------------
             cerrd |     0.011              0.011 |     0.056             0.056
            certwo |     0.009              0.028 |     0.042             0.111
            cersum |     0.015              0.015 |     0.043             0.043
          cercomb1 |     0.011              0.011 |     0.043             0.043
          cercomb2 |     0.011              0.015 |     0.043             0.056
--------------------------------------------------------------------------------

Bandwidth estimators for sharp RD local polynomial regression.

       Cutoff c =  | Left of c  Right of c            Number of obs =      22054
-------------------+----------------------            Kernel        = Triangular
     Number of obs |     10675       11379            VCE method    =         NN
  Min of dist_both |    -0.553       0.000
  Max of dist_both |    -0.000       0.359
    Order est. (p) |         1           1
    Order bias (q) |         2           2

Outcome: resid_mf_mf_he_du. Running variable: dist_both.
--------------------------------------------------------------------------------
                   |         BW est. (h)          |        BW bias (b)
            Method | Left of c         Right of c | Left of c        Right of c
-------------------+------------------------------+-----------------------------
             mserd |     0.021              0.021 |     0.052             0.052
            msetwo |     0.020              0.041 |     0.051             0.081
            msesum |     0.024              0.024 |     0.051             0.051
          msecomb1 |     0.021              0.021 |     0.051             0.051
          msecomb2 |     0.021              0.024 |     0.051             0.052
-------------------+------------------------------+-----------------------------
             cerrd |     0.013              0.013 |     0.052             0.052
            certwo |     0.012              0.025 |     0.051             0.081
            cersum |     0.015              0.015 |     0.051             0.051
          cercomb1 |     0.013              0.013 |     0.051             0.051
          cercomb2 |     0.013              0.015 |     0.051             0.052
--------------------------------------------------------------------------------

. 
. * sf
. foreach l of var only_mf only_he only_du mf_he mf_du du_he mf_he_du {
  2.                 
.                 * uniform kernel
.                 quietly reg log_saleprice i.lam_seg if (`l' == 1 & res_typex=="Single Family Res" )
  3.                 predict resid_sf_`l', residuals
  4.                 rdbwselect resid_sf_`l' dist_both if (`l' == 1 & res_typex=="Single Family Res" ), c(0) all kernel(uni)
  5.                 
.                 * triangular kernel
.                 rdbwselect resid_sf_`l' dist_both if (`l' == 1 & res_typex=="Single Family Res" ), c(0) all
  6. 
. }
(790,957 missing values generated)

Bandwidth estimators for sharp RD local polynomial regression.

       Cutoff c =  | Left of c  Right of c            Number of obs =       2375
-------------------+----------------------            Kernel        =    Uniform
     Number of obs |      1524         851            VCE method    =         NN
  Min of dist_both |    -0.478       0.001
  Max of dist_both |    -0.000       0.359
    Order est. (p) |         1           1
    Order bias (q) |         2           2

Outcome: resid_sf_only_mf. Running variable: dist_both.
--------------------------------------------------------------------------------
                   |         BW est. (h)          |        BW bias (b)
            Method | Left of c         Right of c | Left of c        Right of c
-------------------+------------------------------+-----------------------------
             mserd |     0.047              0.047 |     0.100             0.100
            msetwo |     0.032              0.025 |     0.094             0.073
            msesum |     0.024              0.024 |     0.057             0.057
          msecomb1 |     0.024              0.024 |     0.057             0.057
          msecomb2 |     0.032              0.025 |     0.094             0.073
-------------------+------------------------------+-----------------------------
             cerrd |     0.032              0.032 |     0.100             0.100
            certwo |     0.021              0.017 |     0.094             0.073
            cersum |     0.016              0.016 |     0.057             0.057
          cercomb1 |     0.016              0.016 |     0.057             0.057
          cercomb2 |     0.021              0.017 |     0.094             0.073
--------------------------------------------------------------------------------

Bandwidth estimators for sharp RD local polynomial regression.

       Cutoff c =  | Left of c  Right of c            Number of obs =       2375
-------------------+----------------------            Kernel        = Triangular
     Number of obs |      1524         851            VCE method    =         NN
  Min of dist_both |    -0.478       0.001
  Max of dist_both |    -0.000       0.359
    Order est. (p) |         1           1
    Order bias (q) |         2           2

Outcome: resid_sf_only_mf. Running variable: dist_both.
--------------------------------------------------------------------------------
                   |         BW est. (h)          |        BW bias (b)
            Method | Left of c         Right of c | Left of c        Right of c
-------------------+------------------------------+-----------------------------
             mserd |     0.052              0.052 |     0.113             0.113
            msetwo |     0.033              0.060 |     0.065             0.134
            msesum |     0.033              0.033 |     0.073             0.073
          msecomb1 |     0.033              0.033 |     0.073             0.073
          msecomb2 |     0.033              0.052 |     0.073             0.113
-------------------+------------------------------+-----------------------------
             cerrd |     0.035              0.035 |     0.113             0.113
            certwo |     0.022              0.041 |     0.065             0.134
            cersum |     0.023              0.023 |     0.073             0.073
          cercomb1 |     0.023              0.023 |     0.073             0.073
          cercomb2 |     0.023              0.035 |     0.073             0.113
--------------------------------------------------------------------------------
(790,957 missing values generated)

Bandwidth estimators for sharp RD local polynomial regression.

       Cutoff c =  | Left of c  Right of c            Number of obs =       4194
-------------------+----------------------            Kernel        =    Uniform
     Number of obs |       848        3346            VCE method    =         NN
  Min of dist_both |    -0.548       0.000
  Max of dist_both |    -0.000       0.619
    Order est. (p) |         1           1
    Order bias (q) |         2           2

Outcome: resid_sf_only_he. Running variable: dist_both.
--------------------------------------------------------------------------------
                   |         BW est. (h)          |        BW bias (b)
            Method | Left of c         Right of c | Left of c        Right of c
-------------------+------------------------------+-----------------------------
             mserd |     0.028              0.028 |     0.061             0.061
            msetwo |     0.025              0.039 |     0.059             0.155
            msesum |     0.025              0.025 |     0.065             0.065
          msecomb1 |     0.025              0.025 |     0.061             0.061
          msecomb2 |     0.025              0.028 |     0.061             0.065
-------------------+------------------------------+-----------------------------
             cerrd |     0.018              0.018 |     0.061             0.061
            certwo |     0.016              0.026 |     0.059             0.155
            cersum |     0.017              0.017 |     0.065             0.065
          cercomb1 |     0.017              0.017 |     0.061             0.061
          cercomb2 |     0.017              0.018 |     0.061             0.065
--------------------------------------------------------------------------------

Bandwidth estimators for sharp RD local polynomial regression.

       Cutoff c =  | Left of c  Right of c            Number of obs =       4194
-------------------+----------------------            Kernel        = Triangular
     Number of obs |       848        3346            VCE method    =         NN
  Min of dist_both |    -0.548       0.000
  Max of dist_both |    -0.000       0.619
    Order est. (p) |         1           1
    Order bias (q) |         2           2

Outcome: resid_sf_only_he. Running variable: dist_both.
--------------------------------------------------------------------------------
                   |         BW est. (h)          |        BW bias (b)
            Method | Left of c         Right of c | Left of c        Right of c
-------------------+------------------------------+-----------------------------
             mserd |     0.066              0.066 |     0.101             0.101
            msetwo |     0.047              0.045 |     0.090             0.104
            msesum |     0.042              0.042 |     0.092             0.092
          msecomb1 |     0.042              0.042 |     0.092             0.092
          msecomb2 |     0.047              0.045 |     0.092             0.101
-------------------+------------------------------+-----------------------------
             cerrd |     0.044              0.044 |     0.101             0.101
            certwo |     0.031              0.030 |     0.090             0.104
            cersum |     0.028              0.028 |     0.092             0.092
          cercomb1 |     0.028              0.028 |     0.092             0.092
          cercomb2 |     0.031              0.030 |     0.092             0.101
--------------------------------------------------------------------------------
(790,957 missing values generated)

Bandwidth estimators for sharp RD local polynomial regression.

       Cutoff c =  | Left of c  Right of c            Number of obs =      81923
-------------------+----------------------            Kernel        =    Uniform
     Number of obs |     37024       44899            VCE method    =         NN
  Min of dist_both |    -2.609       0.000
  Max of dist_both |    -0.000       1.919
    Order est. (p) |         1           1
    Order bias (q) |         2           2

Outcome: resid_sf_only_du. Running variable: dist_both.
--------------------------------------------------------------------------------
                   |         BW est. (h)          |        BW bias (b)
            Method | Left of c         Right of c | Left of c        Right of c
-------------------+------------------------------+-----------------------------
             mserd |     0.029              0.029 |     0.149             0.149
            msetwo |     0.054              0.036 |     0.187             0.157
            msesum |     0.083              0.083 |     0.233             0.233
          msecomb1 |     0.029              0.029 |     0.149             0.149
          msecomb2 |     0.054              0.036 |     0.187             0.157
-------------------+------------------------------+-----------------------------
             cerrd |     0.016              0.016 |     0.149             0.149
            certwo |     0.031              0.021 |     0.187             0.157
            cersum |     0.047              0.047 |     0.233             0.233
          cercomb1 |     0.016              0.016 |     0.149             0.149
          cercomb2 |     0.031              0.021 |     0.187             0.157
--------------------------------------------------------------------------------

Bandwidth estimators for sharp RD local polynomial regression.

       Cutoff c =  | Left of c  Right of c            Number of obs =      81923
-------------------+----------------------            Kernel        = Triangular
     Number of obs |     37024       44899            VCE method    =         NN
  Min of dist_both |    -2.609       0.000
  Max of dist_both |    -0.000       1.919
    Order est. (p) |         1           1
    Order bias (q) |         2           2

Outcome: resid_sf_only_du. Running variable: dist_both.
--------------------------------------------------------------------------------
                   |         BW est. (h)          |        BW bias (b)
            Method | Left of c         Right of c | Left of c        Right of c
-------------------+------------------------------+-----------------------------
             mserd |     0.067              0.067 |     0.309             0.309
            msetwo |     0.050              0.047 |     0.195             0.194
            msesum |     0.145              0.145 |     0.306             0.306
          msecomb1 |     0.067              0.067 |     0.306             0.306
          msecomb2 |     0.067              0.067 |     0.306             0.306
-------------------+------------------------------+-----------------------------
             cerrd |     0.038              0.038 |     0.309             0.309
            certwo |     0.029              0.027 |     0.195             0.194
            cersum |     0.082              0.082 |     0.306             0.306
          cercomb1 |     0.038              0.038 |     0.306             0.306
          cercomb2 |     0.038              0.038 |     0.306             0.306
--------------------------------------------------------------------------------
(790,957 missing values generated)

Bandwidth estimators for sharp RD local polynomial regression.

       Cutoff c =  | Left of c  Right of c            Number of obs =       1061
-------------------+----------------------            Kernel        =    Uniform
     Number of obs |       605         456            VCE method    =         NN
  Min of dist_both |    -0.404       0.004
  Max of dist_both |    -0.001       0.281
    Order est. (p) |         1           1
    Order bias (q) |         2           2

Outcome: resid_sf_mf_he. Running variable: dist_both.
--------------------------------------------------------------------------------
                   |         BW est. (h)          |        BW bias (b)
            Method | Left of c         Right of c | Left of c        Right of c
-------------------+------------------------------+-----------------------------
             mserd |     0.030              0.030 |     0.072             0.072
            msetwo |     0.031              0.044 |     0.078             0.087
            msesum |     0.024              0.024 |     0.054             0.054
          msecomb1 |     0.024              0.024 |     0.054             0.054
          msecomb2 |     0.030              0.030 |     0.072             0.072
-------------------+------------------------------+-----------------------------
             cerrd |     0.021              0.021 |     0.072             0.072
            certwo |     0.022              0.031 |     0.078             0.087
            cersum |     0.017              0.017 |     0.054             0.054
          cercomb1 |     0.017              0.017 |     0.054             0.054
          cercomb2 |     0.021              0.021 |     0.072             0.072
--------------------------------------------------------------------------------

Bandwidth estimators for sharp RD local polynomial regression.

       Cutoff c =  | Left of c  Right of c            Number of obs =       1061
-------------------+----------------------            Kernel        = Triangular
     Number of obs |       605         456            VCE method    =         NN
  Min of dist_both |    -0.404       0.004
  Max of dist_both |    -0.001       0.281
    Order est. (p) |         1           1
    Order bias (q) |         2           2

Outcome: resid_sf_mf_he. Running variable: dist_both.
--------------------------------------------------------------------------------
                   |         BW est. (h)          |        BW bias (b)
            Method | Left of c         Right of c | Left of c        Right of c
-------------------+------------------------------+-----------------------------
             mserd |     0.037              0.037 |     0.085             0.085
            msetwo |     0.034              0.024 |     0.069             0.062
            msesum |     0.028              0.028 |     0.061             0.061
          msecomb1 |     0.028              0.028 |     0.061             0.061
          msecomb2 |     0.034              0.028 |     0.069             0.062
-------------------+------------------------------+-----------------------------
             cerrd |     0.026              0.026 |     0.085             0.085
            certwo |     0.024              0.017 |     0.069             0.062
            cersum |     0.020              0.020 |     0.061             0.061
          cercomb1 |     0.020              0.020 |     0.061             0.061
          cercomb2 |     0.024              0.020 |     0.069             0.062
--------------------------------------------------------------------------------
(790,957 missing values generated)

Bandwidth estimators for sharp RD local polynomial regression.

       Cutoff c =  | Left of c  Right of c            Number of obs =      22881
-------------------+----------------------            Kernel        =    Uniform
     Number of obs |     12704       10177            VCE method    =         NN
  Min of dist_both |    -2.810       0.000
  Max of dist_both |    -0.000       0.764
    Order est. (p) |         1           1
    Order bias (q) |         2           2

Outcome: resid_sf_mf_du. Running variable: dist_both.
--------------------------------------------------------------------------------
                   |         BW est. (h)          |        BW bias (b)
            Method | Left of c         Right of c | Left of c        Right of c
-------------------+------------------------------+-----------------------------
             mserd |     0.066              0.066 |     0.150             0.150
            msetwo |     0.068              0.067 |     0.151             0.163
            msesum |     0.094              0.094 |     0.218             0.218
          msecomb1 |     0.066              0.066 |     0.150             0.150
          msecomb2 |     0.068              0.067 |     0.151             0.163
-------------------+------------------------------+-----------------------------
             cerrd |     0.040              0.040 |     0.150             0.150
            certwo |     0.041              0.041 |     0.151             0.163
            cersum |     0.057              0.057 |     0.218             0.218
          cercomb1 |     0.040              0.040 |     0.150             0.150
          cercomb2 |     0.041              0.041 |     0.151             0.163
--------------------------------------------------------------------------------

Bandwidth estimators for sharp RD local polynomial regression.

       Cutoff c =  | Left of c  Right of c            Number of obs =      22881
-------------------+----------------------            Kernel        = Triangular
     Number of obs |     12704       10177            VCE method    =         NN
  Min of dist_both |    -2.810       0.000
  Max of dist_both |    -0.000       0.764
    Order est. (p) |         1           1
    Order bias (q) |         2           2

Outcome: resid_sf_mf_du. Running variable: dist_both.
--------------------------------------------------------------------------------
                   |         BW est. (h)          |        BW bias (b)
            Method | Left of c         Right of c | Left of c        Right of c
-------------------+------------------------------+-----------------------------
             mserd |     0.073              0.073 |     0.140             0.140
            msetwo |     0.079              0.073 |     0.153             0.132
            msesum |     0.061              0.061 |     0.121             0.121
          msecomb1 |     0.061              0.061 |     0.121             0.121
          msecomb2 |     0.073              0.073 |     0.140             0.132
-------------------+------------------------------+-----------------------------
             cerrd |     0.044              0.044 |     0.140             0.140
            certwo |     0.048              0.044 |     0.153             0.132
            cersum |     0.037              0.037 |     0.121             0.121
          cercomb1 |     0.037              0.037 |     0.121             0.121
          cercomb2 |     0.044              0.044 |     0.140             0.132
--------------------------------------------------------------------------------
(790,957 missing values generated)

Bandwidth estimators for sharp RD local polynomial regression.

       Cutoff c =  | Left of c  Right of c            Number of obs =       3529
-------------------+----------------------            Kernel        =    Uniform
     Number of obs |      2586         943            VCE method    =         NN
  Min of dist_both |    -1.217       0.000
  Max of dist_both |    -0.000       0.353
    Order est. (p) |         1           1
    Order bias (q) |         2           2

Outcome: resid_sf_du_he. Running variable: dist_both.
--------------------------------------------------------------------------------
                   |         BW est. (h)          |        BW bias (b)
            Method | Left of c         Right of c | Left of c        Right of c
-------------------+------------------------------+-----------------------------
             mserd |     0.020              0.020 |     0.042             0.042
            msetwo |     0.066              0.014 |     0.147             0.038
            msesum |     0.023              0.023 |     0.042             0.042
          msecomb1 |     0.020              0.020 |     0.042             0.042
          msecomb2 |     0.023              0.020 |     0.042             0.042
-------------------+------------------------------+-----------------------------
             cerrd |     0.013              0.013 |     0.042             0.042
            certwo |     0.044              0.010 |     0.147             0.038
            cersum |     0.015              0.015 |     0.042             0.042
          cercomb1 |     0.013              0.013 |     0.042             0.042
          cercomb2 |     0.015              0.013 |     0.042             0.042
--------------------------------------------------------------------------------

Bandwidth estimators for sharp RD local polynomial regression.

       Cutoff c =  | Left of c  Right of c            Number of obs =       3529
-------------------+----------------------            Kernel        = Triangular
     Number of obs |      2586         943            VCE method    =         NN
  Min of dist_both |    -1.217       0.000
  Max of dist_both |    -0.000       0.353
    Order est. (p) |         1           1
    Order bias (q) |         2           2

Outcome: resid_sf_du_he. Running variable: dist_both.
--------------------------------------------------------------------------------
                   |         BW est. (h)          |        BW bias (b)
            Method | Left of c         Right of c | Left of c        Right of c
-------------------+------------------------------+-----------------------------
             mserd |     0.044              0.044 |     0.070             0.070
            msetwo |     0.132              0.039 |     0.242             0.063
            msesum |     0.040              0.040 |     0.076             0.076
          msecomb1 |     0.040              0.040 |     0.070             0.070
          msecomb2 |     0.044              0.040 |     0.076             0.070
-------------------+------------------------------+-----------------------------
             cerrd |     0.029              0.029 |     0.070             0.070
            certwo |     0.088              0.026 |     0.242             0.063
            cersum |     0.027              0.027 |     0.076             0.076
          cercomb1 |     0.027              0.027 |     0.070             0.070
          cercomb2 |     0.029              0.027 |     0.076             0.070
--------------------------------------------------------------------------------
(790,957 missing values generated)

Bandwidth estimators for sharp RD local polynomial regression.

       Cutoff c =  | Left of c  Right of c            Number of obs =       4471
-------------------+----------------------            Kernel        =    Uniform
     Number of obs |      3238        1233            VCE method    =         NN
  Min of dist_both |    -0.968       0.000
  Max of dist_both |    -0.000       0.347
    Order est. (p) |         1           1
    Order bias (q) |         2           2

Outcome: resid_sf_mf_he_du. Running variable: dist_both.
--------------------------------------------------------------------------------
                   |         BW est. (h)          |        BW bias (b)
            Method | Left of c         Right of c | Left of c        Right of c
-------------------+------------------------------+-----------------------------
             mserd |     0.025              0.025 |     0.065             0.065
            msetwo |     0.078              0.028 |     0.265             0.055
            msesum |     0.025              0.025 |     0.047             0.047
          msecomb1 |     0.025              0.025 |     0.047             0.047
          msecomb2 |     0.025              0.025 |     0.065             0.055
-------------------+------------------------------+-----------------------------
             cerrd |     0.016              0.016 |     0.065             0.065
            certwo |     0.051              0.018 |     0.265             0.055
            cersum |     0.016              0.016 |     0.047             0.047
          cercomb1 |     0.016              0.016 |     0.047             0.047
          cercomb2 |     0.016              0.016 |     0.065             0.055
--------------------------------------------------------------------------------

Bandwidth estimators for sharp RD local polynomial regression.

       Cutoff c =  | Left of c  Right of c            Number of obs =       4471
-------------------+----------------------            Kernel        = Triangular
     Number of obs |      3238        1233            VCE method    =         NN
  Min of dist_both |    -0.968       0.000
  Max of dist_both |    -0.000       0.347
    Order est. (p) |         1           1
    Order bias (q) |         2           2

Outcome: resid_sf_mf_he_du. Running variable: dist_both.
--------------------------------------------------------------------------------
                   |         BW est. (h)          |        BW bias (b)
            Method | Left of c         Right of c | Left of c        Right of c
-------------------+------------------------------+-----------------------------
             mserd |     0.040              0.040 |     0.066             0.066
            msetwo |     0.031              0.032 |     0.103             0.056
            msesum |     0.023              0.023 |     0.057             0.057
          msecomb1 |     0.023              0.023 |     0.057             0.057
          msecomb2 |     0.031              0.032 |     0.066             0.057
-------------------+------------------------------+-----------------------------
             cerrd |     0.026              0.026 |     0.066             0.066
            certwo |     0.020              0.021 |     0.103             0.056
            cersum |     0.015              0.015 |     0.057             0.057
          cercomb1 |     0.015              0.015 |     0.057             0.057
          cercomb2 |     0.020              0.021 |     0.066             0.057
--------------------------------------------------------------------------------

. 
. global char_vars_highway dist_road

. global char_vars_highway_walkability dist_road natwalkind

. global char_vars_walkability natwalkind

. global char_vars_hiway_wlkblty_muni dist_road natwalkind dist_center

. 
. 
. ********************************************************************************
. ** Part 3: Rents
. * Part 3a: Rents, baseline
. * Part 3b: Rents, not between $500 - $1400
. ********************************************************************************
. ** regressions
. * set regression conditions
. local regression_conditions (year>=2010 & year<=2018) & (dist_both<=0.21 & dist_both>=-0.2) & res_typex != "Condominiums"

. 
. * Part 3a: Rents all
. quietly eststo rent_du: reg log_mfrent ib26.dist3 i.lam_seg i.year if only_du==1 & `regression_conditions', vce(cluster lam_seg)

.         
. quietly eststo rent_duhe: reg log_mfrent ib26.dist3 i.lam_seg i.year if du_he == 1 & `regression_conditions', vce(cluster lam_seg)

. 
. quietly eststo rent_he: reg log_mfrent ib26.dist3 i.lam_seg i.year if only_he == 1 & `regression_conditions', vce(cluster lam_seg)

.         
. esttab rent_du rent_duhe rent_he, se r2 ///
>         indicate("Boundary f.e.=*lam_seg" "Year f.e.=*year") interaction(" X ") ///
>         label mtitles("rent_du" "rent_duhe" "rent_he") ///
>         title("Rents, baseline") 

Rents, baseline
--------------------------------------------------------------------
                              (1)             (2)             (3)   
                          rent_du       rent_duhe         rent_he   
--------------------------------------------------------------------
-.2                         0.165**         0.199***       -0.126   
                         (0.0614)        (0.0558)         (0.131)   

-.18                       0.0982*         0.0878          -0.307** 
                         (0.0384)        (0.0598)        (0.0900)   

-.16                       0.0712           0.129          -0.244***
                         (0.0621)        (0.0719)        (0.0647)   

-.14                        0.203***        0.181*          0.123*  
                         (0.0496)        (0.0739)        (0.0547)   

-.12                        0.135***        0.171**         0.130*  
                         (0.0328)        (0.0620)        (0.0571)   

-.1                        0.0898**        0.0497           0.109   
                         (0.0285)        (0.0539)        (0.0875)   

-.08                       0.0700**         0.107           0.174** 
                         (0.0255)        (0.0582)        (0.0529)   

-.06                       0.0812*         0.0783           0.138   
                         (0.0324)        (0.0620)        (0.0757)   

-.04                       0.0558*         0.0762           0.144*  
                         (0.0270)        (0.0642)        (0.0645)   

-.02                       0.0686**        0.0418          0.0190   
                         (0.0252)        (0.0570)        (0.0700)   

0                               0               0               0   
                              (.)             (.)             (.)   

.02                       -0.0207        -0.00250        -0.00566   
                         (0.0262)        (0.0461)        (0.0620)   

.04                       -0.0834*         -0.109          0.0229   
                         (0.0382)        (0.0641)        (0.0998)   

.06                       -0.0351         -0.0478          0.0427   
                         (0.0340)        (0.0774)        (0.0541)   

.08                        0.0141         -0.0424          -0.302***
                         (0.0259)        (0.0940)        (0.0823)   

.1                        0.00207          -0.115          -0.331***
                         (0.0331)        (0.0660)        (0.0819)   

.12                       -0.0281         -0.0835          -0.180   
                         (0.0267)        (0.0702)         (0.270)   

.14                        0.0469           0.250           0.107   
                         (0.0451)         (0.208)         (0.106)   

.16                       0.00577           0.260           0.309   
                         (0.0419)         (0.160)         (0.266)   

.18                       0.00794                                   
                         (0.0651)                                   

.2                         -0.143                                   
                         (0.0921)                                   

Constant                    6.414***        6.489***        7.116***
                         (0.0326)        (0.0535)        (0.0676)   

Boundary f.e.                 Yes             Yes             Yes   

Year f.e.                     Yes             Yes             Yes   
--------------------------------------------------------------------
Observations                50374           21925            3609   
R-squared                   0.642           0.620           0.641   
--------------------------------------------------------------------
Standard errors in parentheses
* p<0.05, ** p<0.01, *** p<0.001

.         
. * Part 3b: Rents w/o 500-1400$
. quietly eststo rent_du2: reg log_mfrent ib26.dist3 i.lam_seg i.year if only_du==1 & `regression_conditions' & (comb_rent2<500 | comb_rent2>1400), vce(cluster lam_seg)

. sum comb_rent2 if only_du == 1 & (year>=2010 & year<=2018) & (dist_both<=0.02 & dist_both>0) & res_typex != "Condominiums" & (comb_rent2<500 | comb_rent2>1400)

    Variable |        Obs        Mean    Std. dev.       Min        Max
-------------+---------------------------------------------------------
  comb_rent2 |      3,460    1946.545    812.1541          0   4986.459

. sum comb_rent2 if only_du == 1 & (year>=2010 & year<=2018) & (dist_both<=0 & dist_both>-0.02) & res_typex != "Condominiums" & (comb_rent2<500 | comb_rent2>1400)

    Variable |        Obs        Mean    Std. dev.       Min        Max
-------------+---------------------------------------------------------
  comb_rent2 |      3,576    2026.278    815.5648          0   4994.965

.         
. quietly eststo rent_duhe2: reg log_mfrent ib26.dist3 i.lam_seg i.year if du_he == 1 & `regression_conditions' & (comb_rent2<500 | comb_rent2>1400), vce(cluster lam_seg)

. sum comb_rent2 if du_he == 1 & (year>=2010 & year<=2018) & (dist_both<=0.02 & dist_both>0) & res_typex != "Condominiums" & (comb_rent2<500 | comb_rent2>1400)

    Variable |        Obs        Mean    Std. dev.       Min        Max
-------------+---------------------------------------------------------
  comb_rent2 |      1,008    1810.195    1083.713          0   4994.113

. sum comb_rent2 if du_he == 1 & (year>=2010 & year<=2018) & (dist_both<=0 & dist_both>-0.02) & res_typex != "Condominiums" & (comb_rent2<500 | comb_rent2>1400)

    Variable |        Obs        Mean    Std. dev.       Min        Max
-------------+---------------------------------------------------------
  comb_rent2 |      1,519    1918.139     913.763          0   4993.777

. 
. quietly eststo rent_he2: reg log_mfrent ib26.dist3 i.lam_seg i.year if only_he == 1 & `regression_conditions' & (comb_rent2<500 | comb_rent2>1400), vce(cluster lam_seg)

. sum comb_rent2 if only_he == 1 & (year>=2010 & year<=2018) & (dist_both<=0.02 & dist_both>0) & res_typex != "Condominiums" & (comb_rent2<500 | comb_rent2>1400)

    Variable |        Obs        Mean    Std. dev.       Min        Max
-------------+---------------------------------------------------------
  comb_rent2 |        108    1577.355    1139.492   191.5127   4571.508

. sum comb_rent2 if only_he == 1 & (year>=2010 & year<=2018) & (dist_both<=0 & dist_both>-0.02) & res_typex != "Condominiums" & (comb_rent2<500 | comb_rent2>1400)

    Variable |        Obs        Mean    Std. dev.       Min        Max
-------------+---------------------------------------------------------
  comb_rent2 |         97    1049.716    710.7453   216.5848   2428.172

.         
. esttab rent_du2 rent_duhe2 rent_he2, se r2 ///
>         indicate("Boundary f.e.=*lam_seg" "Year f.e.=*year") interaction(" X ") ///
>         label mtitles("rent_du2" "rent_duhe2" "rent_he2") ///
>         title("Rents, not between $500 - $1400") 

Rents, not between $500 - $1400
--------------------------------------------------------------------
                              (1)             (2)             (3)   
                         rent_du2      rent_duhe2        rent_he2   
--------------------------------------------------------------------
-.2                         0.148         -0.0243          -0.686** 
                         (0.0960)         (0.138)         (0.213)   

-.18                        0.157***        0.522***       -0.645** 
                         (0.0456)         (0.108)         (0.213)   

-.16                        0.124        -0.00467          -0.791***
                         (0.0826)        (0.0989)         (0.211)   

-.14                        0.209*          0.265*                  
                         (0.0960)         (0.115)                   

-.12                       0.0616           0.208*          0.190   
                         (0.0602)        (0.0913)         (0.158)   

-.1                        0.0722         0.00383           0.337   
                         (0.0509)         (0.132)         (0.292)   

-.08                       0.0781*          0.123           0.239   
                         (0.0367)         (0.119)         (0.210)   

-.06                        0.110*          0.118           0.191   
                         (0.0484)         (0.119)         (0.229)   

-.04                       0.0728          0.0302           0.184   
                         (0.0394)         (0.135)         (0.155)   

-.02                       0.0984*         0.0689          -0.138   
                         (0.0403)         (0.113)         (0.135)   

0                               0               0               0   
                              (.)             (.)             (.)   

.02                        0.0147          0.0542          0.0995   
                         (0.0499)        (0.0935)         (0.140)   

.04                        -0.136          0.0361           0.170   
                         (0.0823)         (0.148)         (0.138)   

.06                        0.0144           0.155          -0.174   
                         (0.0713)         (0.178)         (0.105)   

.08                        0.0615           0.163        -0.00205   
                         (0.0428)         (0.224)         (0.141)   

.1                         0.0422           0.138           0.172   
                         (0.0573)         (0.117)         (0.157)   

.12                       -0.0320           0.182          0.0260   
                         (0.0403)         (0.140)         (0.263)   

.14                         0.115          0.0300           0.431** 
                         (0.0667)        (0.0904)         (0.133)   

.16                        0.0133           0.441           0.134   
                         (0.0677)         (0.306)         (0.208)   

.18                         0.221                                   
                          (0.122)                                   

.2                         -0.511                                   
                          (0.366)                                   

Constant                    6.242***        6.251***        7.076***
                         (0.0688)         (0.138)         (0.215)   

Boundary f.e.                 Yes             Yes             Yes   

Year f.e.                     Yes             Yes             Yes   
--------------------------------------------------------------------
Observations                20886            7838             926   
R-squared                   0.665           0.655           0.859   
--------------------------------------------------------------------
Standard errors in parentheses
* p<0.05, ** p<0.01, *** p<0.001

. 
. esttab rent_du2 rent_duhe2 rent_he2 using "$EXPORTPATH/rents_table_5001400.tex", replace keep(25.dist3) se r2 ///
>         indicate("Boundary f.e.=*lam_seg" "Year f.e.=*year") interaction(" X ") ///
>         label mtitles("rent_du2" "rent_duhe2" "rent_he2") ///
>         title("Rents, not between $500 - $1400") 
(file /shared/boston_zoning/working_paper/replication_package/analysis/robustness_mtlines_output/rents_table_5001400.tex not found)
(output written to /shared/boston_zoning/working_paper/replication_package/analysis/robustness_mtlines_output/rents_table_5001400.tex)

.         
. * robust s.e.
. quietly eststo rent_du2_robust: reg log_mfrent ib26.dist3 i.lam_seg i.year if only_du==1 & `regression_conditions' & (comb_rent2<500 | comb_rent2>1400), vce(robust)

.         
. quietly eststo rent_duhe2_robust: reg log_mfrent ib26.dist3 i.lam_seg i.year if du_he == 1 & `regression_conditions' & (comb_rent2<500 | comb_rent2>1400), vce(robust)

. 
. quietly eststo rent_he2_robust: reg log_mfrent ib26.dist3 i.lam_seg i.year if only_he == 1 & `regression_conditions' & (comb_rent2<500 | comb_rent2>1400), vce(robust)

.         
. esttab rent_du2_robust rent_duhe2_robust rent_he2_robust, se r2 ///
>         indicate("Boundary f.e.=*lam_seg" "Year f.e.=*year") interaction(" X ") ///
>         label mtitles("rent_du2" "rent_duhe2" "rent_he2") ///
>         title("Rents, not between $500 - $1400, robust s.e.") 

Rents, not between $500 - $1400, robust s.e.
--------------------------------------------------------------------
                              (1)             (2)             (3)   
                         rent_du2      rent_duhe2        rent_he2   
--------------------------------------------------------------------
-.2                         0.148***      -0.0243          -0.686***
                         (0.0411)         (0.135)         (0.141)   

-.18                        0.157***        0.522***       -0.645***
                         (0.0296)        (0.0312)         (0.141)   

-.16                        0.124***     -0.00467          -0.791***
                         (0.0217)        (0.0399)         (0.137)   

-.14                        0.209***        0.265***                
                         (0.0203)        (0.0397)                   

-.12                       0.0616*          0.208***        0.190   
                         (0.0243)        (0.0355)         (0.143)   

-.1                        0.0722***      0.00383           0.337** 
                         (0.0172)        (0.0334)         (0.115)   

-.08                       0.0781***        0.123***        0.239** 
                         (0.0122)        (0.0291)        (0.0823)   

-.06                        0.110***        0.118***        0.191*  
                         (0.0125)        (0.0284)        (0.0940)   

-.04                       0.0728***       0.0302           0.184** 
                         (0.0109)        (0.0288)        (0.0618)   

-.02                       0.0984***       0.0689**        -0.138   
                         (0.0105)        (0.0225)        (0.0707)   

0                               0               0               0   
                              (.)             (.)             (.)   

.02                        0.0147          0.0542          0.0995   
                         (0.0136)        (0.0283)        (0.0559)   

.04                        -0.136***       0.0361           0.170*  
                         (0.0200)        (0.0440)        (0.0731)   

.06                        0.0144           0.155**        -0.174** 
                         (0.0219)        (0.0493)        (0.0549)   

.08                        0.0615***        0.163**      -0.00205   
                         (0.0169)        (0.0621)        (0.0984)   

.1                         0.0422           0.138**         0.172   
                         (0.0227)        (0.0426)         (0.101)   

.12                       -0.0320           0.182***       0.0260   
                         (0.0180)        (0.0459)         (0.111)   

.14                         0.115***       0.0300           0.431***
                         (0.0294)        (0.0528)         (0.119)   

.16                        0.0133           0.441*          0.134   
                         (0.0299)         (0.190)         (0.124)   

.18                         0.221***                                
                         (0.0514)                                   

.2                         -0.511***                                
                          (0.152)                                   

Constant                    6.242***        6.251***        7.076***
                         (0.0287)        (0.0378)         (0.141)   

Boundary f.e.                 Yes             Yes             Yes   

Year f.e.                     Yes             Yes             Yes   
--------------------------------------------------------------------
Observations                20886            7838             926   
R-squared                   0.665           0.655           0.859   
--------------------------------------------------------------------
Standard errors in parentheses
* p<0.05, ** p<0.01, *** p<0.001

.                 
. * coefplots, Rents both
. local plot_list rent_du rent_duhe rent_he

. local suffix "coef_rent_robustness_5001400_both"

. local l1_title "Log Monthly Rent"

. local b1_title "<- More restrictive  |  Less restrictive ->"

. local b2_title "Distance to Boundary (miles)"

. 
. foreach r in `plot_list' {
  2.         
.         local pos = ustrpos("`r'", "_") + 1
  3.         local str = substr("`r'", `pos', .)
  4. 
.         if "`str'" == "du" {
  5.                 local title "Only DUPAC Changes"
  6.         }
  7.         
.         if "`str'" == "duhe" {
  8.                 local title "DUPAC and Height Change"
  9.         }
 10.         
.         if "`str'" == "he" {
 11.                 local title "Only Height Changes"
 12.         }
 13.         
.         * coefplots
.         #delimit;
delimiter now ;
.         coefplot 
>                 /* relaxed side graphing variables */
>                 (`r', keep(16.dist3 17.dist3 18.dist3 19.dist3 20.dist3 21.dist3 22.dist3 23.dist3 24.dist3 25.dist3) 
>                         recast(line) color(midblue) 
>                         ciopts(recast(rarea) color(midblue%30) lwidth(none))
>                         )
>                 
>                 /* strict side graphing variables */
>                 (`r', keep(26.dist3 27.dist3 28.dist3 29.dist3 30.dist3 31.dist3 32.dist3 33.dist3 34.dist3 35.dist3) 
>                         recast(line) color(maroon)
>                         ciopts(recast(rarea) color(maroon%30) lwidth(none))
>                         )
>                         
>                 (`r'2, keep(16.dist3 17.dist3 18.dist3 19.dist3 20.dist3 21.dist3 22.dist3 23.dist3 24.dist3 25.dist3) 
>                         recast(line) color(gs5%30) 
>                         ciopts(recast(rarea) color(gs5%30) lwidth(none))
>                         )
>                 
>                 /* strict side graphing variables */
>                 (`r'2, keep(26.dist3 27.dist3 28.dist3 29.dist3 30.dist3 31.dist3 32.dist3 33.dist3 34.dist3 35.dist3) 
>                         recast(line) color(gs5%30)
>                         ciopts(recast(rarea) color(gs5%30) lwidth(none))
>                         ),
> 
>                 /* plot region */
>                 vertical levels(95) baselevels offset(0)
>                 graphregion(fc(white) lcolor(white)) plotregion(fc(white) lcolor(white))
> 
>                 xline(10.5, lpattern(dash) lwidth(thin) lcolor(black))
>                 yline(0, lpattern(dash) lwidth(thin) lcolor(black))
> 
>                 /* titles, subtitles, notes */          
>                 title("{bf:`title'}", size(3) pos(12) margin(t=0 b=0 l=0 r=0) span)
> 
>                 /* axis titles and labels */            
>                 ylabel(, labsize(4) gmin gmax) ymtick() 
>                 
>                 xlabel(1 "-.20" 2 "-.18" 3 "-.16" 4 "-.14" 5 "-.12" 6 "-.10" 7 "-.08" 8 "-.06" 9 "-.04" 10 "-.02" 10.5 "0"
>                         11 ".02" 12 ".04" 13 ".06" 14 ".08" 15 ".10" 16 ".12" 17 ".14" 18 ".16" 19 ".18" 20 ".20", labsize(3) angle(45) gmax)
>                         
>                 /* legend */
>                 legend(off position(6) 
>                         order()
>                         symy(2) symx(3) 
>                         rows(1) cols() size(2) 
>                         nobox fcolor()
>                         region(fcolor(none) lpattern(blank))
>                         margin(t=1 b=1 l=0 r=0)span)
>                 name(`r'3, replace) ;
 14.                         graph combine `r'3,
>                 graphregion(fc(white) lcolor(white))
>                 l1title("{bf:`l1_title'}", size(3) margin(t=0 b=0 l=0 r=1))
>                 b1title("`b1_title'", size(2))
>                 b2title("{bf:`b2_title'}", size(3) margin(t=1 b=0 l=0 r=0))
>                 name("`r'a", replace);
 15.                 graph save "`r'a" "$EXPORTPATH/`suffix'_`str'", replace;
 16.         graph close "`r'a";
 17.         #delimit cr
delimiter now cr
. }
(file /shared/boston_zoning/working_paper/replication_package/analysis/robustness_mtlines_output/coef_rent_robustness_5001400_both_du.gph not found)
file /shared/boston_zoning/working_paper/replication_package/analysis/robustness_mtlines_output/coef_rent_robustness_5001400_both_du.gph saved
(file /shared/boston_zoning/working_paper/replication_package/analysis/robustness_mtlines_output/coef_rent_robustness_5001400_both_duhe.gph not found)
file /shared/boston_zoning/working_paper/replication_package/analysis/robustness_mtlines_output/coef_rent_robustness_5001400_both_duhe.gph saved
(file /shared/boston_zoning/working_paper/replication_package/analysis/robustness_mtlines_output/coef_rent_robustness_5001400_both_he.gph not found)
file /shared/boston_zoning/working_paper/replication_package/analysis/robustness_mtlines_output/coef_rent_robustness_5001400_both_he.gph saved

. 
. * combine all
. #delimit ;
delimiter now ;
. graph combine rent_du3 rent_duhe3 rent_he3,
>         rows(3) cols(2) ysize() xsize() iscale() imargin(0)
>         graphregion(fc(white) lcolor(white))
>         l1title("{bf:`l1_title'}", size(3) margin(t=0 b=0 l=0 r=1))
>         b1title("`b1_title'", size(2))
>         b2title("{bf:`b2_title'}", size(3) margin(t=1 b=0 l=0 r=0))
>         name("final_graph", replace);
(note:  named style 0 not found in class margin, default attributes used)
(note:  named style 0 not found in class margin, default attributes used)
(note:  named style 0 not found in class margin, default attributes used)

.                 graph save "final_graph" "$EXPORTPATH/`suffix'_all", replace;
(file /shared/boston_zoning/working_paper/replication_package/analysis/robustness_mtlines_output/coef_rent_robustness_5001400_both_all.gph not found)
file /shared/boston_zoning/working_paper/replication_package/analysis/robustness_mtlines_output/coef_rent_robustness_5001400_both_all.gph saved

. #delimit cr     
delimiter now cr
. 
. 
. eststo clear

. graph close _all

. 
. 
. ********************************************************************************
. ** Part 4: Rents
. * Part 4a: Rents, baseline
. * Part 4c: CoStar imputation dummy 
. ********************************************************************************
. ** regressions
. * set regression conditions
. local regression_conditions (year>=2010 & year<=2018) & (dist_both<=0.21 & dist_both>=-0.2) & res_typex != "Condominiums"

. 
. * Part 4a: Rents all
. quietly eststo rent_du: reg log_mfrent ib26.dist3 i.lam_seg i.year if only_du==1 & `regression_conditions', vce(cluster lam_seg)

.         
. quietly eststo rent_duhe: reg log_mfrent ib26.dist3 i.lam_seg i.year if du_he == 1 & `regression_conditions', vce(cluster lam_seg)

. 
. quietly eststo rent_he: reg log_mfrent ib26.dist3 i.lam_seg i.year if only_he == 1 & `regression_conditions', vce(cluster lam_seg)

.         
. esttab rent_du rent_duhe rent_he, se r2 ///
>         indicate("Boundary f.e.=*lam_seg" "Year f.e.=*year") interaction(" X ") ///
>         label mtitles("rent_du" "rent_duhe" "rent_he") ///
>         title("Rents, baseline") 

Rents, baseline
--------------------------------------------------------------------
                              (1)             (2)             (3)   
                          rent_du       rent_duhe         rent_he   
--------------------------------------------------------------------
-.2                         0.165**         0.199***       -0.126   
                         (0.0614)        (0.0558)         (0.131)   

-.18                       0.0982*         0.0878          -0.307** 
                         (0.0384)        (0.0598)        (0.0900)   

-.16                       0.0712           0.129          -0.244***
                         (0.0621)        (0.0719)        (0.0647)   

-.14                        0.203***        0.181*          0.123*  
                         (0.0496)        (0.0739)        (0.0547)   

-.12                        0.135***        0.171**         0.130*  
                         (0.0328)        (0.0620)        (0.0571)   

-.1                        0.0898**        0.0497           0.109   
                         (0.0285)        (0.0539)        (0.0875)   

-.08                       0.0700**         0.107           0.174** 
                         (0.0255)        (0.0582)        (0.0529)   

-.06                       0.0812*         0.0783           0.138   
                         (0.0324)        (0.0620)        (0.0757)   

-.04                       0.0558*         0.0762           0.144*  
                         (0.0270)        (0.0642)        (0.0645)   

-.02                       0.0686**        0.0418          0.0190   
                         (0.0252)        (0.0570)        (0.0700)   

0                               0               0               0   
                              (.)             (.)             (.)   

.02                       -0.0207        -0.00250        -0.00566   
                         (0.0262)        (0.0461)        (0.0620)   

.04                       -0.0834*         -0.109          0.0229   
                         (0.0382)        (0.0641)        (0.0998)   

.06                       -0.0351         -0.0478          0.0427   
                         (0.0340)        (0.0774)        (0.0541)   

.08                        0.0141         -0.0424          -0.302***
                         (0.0259)        (0.0940)        (0.0823)   

.1                        0.00207          -0.115          -0.331***
                         (0.0331)        (0.0660)        (0.0819)   

.12                       -0.0281         -0.0835          -0.180   
                         (0.0267)        (0.0702)         (0.270)   

.14                        0.0469           0.250           0.107   
                         (0.0451)         (0.208)         (0.106)   

.16                       0.00577           0.260           0.309   
                         (0.0419)         (0.160)         (0.266)   

.18                       0.00794                                   
                         (0.0651)                                   

.2                         -0.143                                   
                         (0.0921)                                   

Constant                    6.414***        6.489***        7.116***
                         (0.0326)        (0.0535)        (0.0676)   

Boundary f.e.                 Yes             Yes             Yes   

Year f.e.                     Yes             Yes             Yes   
--------------------------------------------------------------------
Observations                50374           21925            3609   
R-squared                   0.642           0.620           0.641   
--------------------------------------------------------------------
Standard errors in parentheses
* p<0.05, ** p<0.01, *** p<0.001

.         
. local regression_conditions (year>=2010 & year<=2018) & (dist_both<=0.21 & dist_both>=-0.2) & res_typex != "Condominiums"

. 
. * Part 4b: CoStar imputation dummy
. cap drop imputation_dummy  // dummy = 1 if no rent from costar, else 0

. 
. gen imputation_dummy = 0

. replace imputation_dummy = 1 if AvgAskingUnit == .
(960,742 real changes made)

. 
. quietly eststo rent_du3: reg log_mfrent ib26.dist3 imputation_dummy i.lam_seg i.year if only_du==1 & `regression_conditions', vce(cluster lam_seg)

.         
. quietly eststo rent_duhe3: reg log_mfrent ib26.dist3 imputation_dummy i.lam_seg i.year if du_he == 1 & `regression_conditions', vce(cluster lam_seg)

. 
. quietly eststo rent_he3: reg log_mfrent ib26.dist3 imputation_dummy i.lam_seg i.year if only_he == 1 & `regression_conditions', vce(cluster lam_seg)

.         
. esttab rent_du3 rent_duhe3 rent_he3, se r2 ///
>         indicate("Boundary f.e.=*lam_seg" "Year f.e.=*year") interaction(" X ") ///
>         label mtitles("rent_du" "rent_duhe" "rent_he") ///
>         title("Rents, baseline") 

Rents, baseline
--------------------------------------------------------------------
                              (1)             (2)             (3)   
                          rent_du       rent_duhe         rent_he   
--------------------------------------------------------------------
-.2                         0.169**         0.200***       -0.128   
                         (0.0616)        (0.0557)         (0.130)   

-.18                        0.107**        0.0887          -0.323** 
                         (0.0376)        (0.0596)         (0.101)   

-.16                       0.0769           0.131          -0.247***
                         (0.0622)        (0.0719)        (0.0661)   

-.14                        0.199***        0.182*          0.120*  
                         (0.0484)        (0.0740)        (0.0555)   

-.12                        0.135***        0.173**         0.130*  
                         (0.0335)        (0.0622)        (0.0570)   

-.1                        0.0920**        0.0523           0.108   
                         (0.0285)        (0.0532)        (0.0877)   

-.08                       0.0723**         0.108           0.174** 
                         (0.0260)        (0.0583)        (0.0529)   

-.06                       0.0824*         0.0803           0.138   
                         (0.0325)        (0.0619)        (0.0754)   

-.04                       0.0590*         0.0741           0.144*  
                         (0.0277)        (0.0647)        (0.0645)   

-.02                       0.0720**        0.0439          0.0191   
                         (0.0259)        (0.0569)        (0.0700)   

0                               0               0               0   
                              (.)             (.)             (.)   

.02                       -0.0197        -0.00325        -0.00567   
                         (0.0266)        (0.0460)        (0.0620)   

.04                       -0.0845*         -0.115          0.0232   
                         (0.0385)        (0.0629)        (0.0999)   

.06                       -0.0340         -0.0414          0.0428   
                         (0.0338)        (0.0773)        (0.0541)   

.08                        0.0141         -0.0473          -0.302***
                         (0.0259)         (0.100)        (0.0823)   

.1                        0.00712          -0.117          -0.331***
                         (0.0330)        (0.0630)        (0.0819)   

.12                       -0.0254         -0.0807          -0.181   
                         (0.0269)        (0.0716)         (0.270)   

.14                        0.0465           0.252           0.107   
                         (0.0451)         (0.208)         (0.106)   

.16                       0.00942           0.261           0.309   
                         (0.0423)         (0.177)         (0.266)   

.18                       -0.0101                                   
                         (0.0604)                                   

.2                         -0.142                                   
                         (0.0925)                                   

imputation_dummy           -0.383***       -0.453***       0.0689   
                         (0.0773)        (0.0799)        (0.0767)   

Constant                    6.797***        6.941***        7.046***
                         (0.0824)        (0.0937)        (0.0843)   

Boundary f.e.                 Yes             Yes             Yes   

Year f.e.                     Yes             Yes             Yes   
--------------------------------------------------------------------
Observations                50374           21925            3609   
R-squared                   0.645           0.625           0.641   
--------------------------------------------------------------------
Standard errors in parentheses
* p<0.05, ** p<0.01, *** p<0.001

.           
. esttab rent_du3 rent_duhe3 rent_he3 using "$EXPORTPATH/rents_table_costardummy.tex", replace keep(25.dist3) se r2 ///
>         indicate("Boundary f.e.=*lam_seg" "Year f.e.=*year") interaction(" X ") ///
>         label mtitles("rent_du" "rent_duhe" "rent_he") ///
>         title("Rents, baseline") 
(file /shared/boston_zoning/working_paper/replication_package/analysis/robustness_mtlines_output/rents_table_costardummy.tex not found)
(output written to /shared/boston_zoning/working_paper/replication_package/analysis/robustness_mtlines_output/rents_table_costardummy.tex)

.         
. * robust s.e.
. quietly eststo rent_du3_robust: reg log_mfrent ib26.dist3 imputation_dummy i.lam_seg i.year if only_du==1 & `regression_conditions', vce(robust)

.         
. quietly eststo rent_duhe3_robust: reg log_mfrent ib26.dist3 imputation_dummy i.lam_seg i.year if du_he == 1 & `regression_conditions', vce(robust)

. 
. quietly eststo rent_he3_robust: reg log_mfrent ib26.dist3 imputation_dummy i.lam_seg i.year if only_he == 1 & `regression_conditions', vce(robust)

.         
. esttab rent_du3_robust rent_duhe3_robust rent_he3_robust, se r2 ///
>         indicate("Boundary f.e.=*lam_seg" "Year f.e.=*year") interaction(" X ") ///
>         label mtitles("rent_du" "rent_duhe" "rent_he") ///
>         title("Rents, baseline, robust s.e.") 

Rents, baseline, robust s.e.
--------------------------------------------------------------------
                              (1)             (2)             (3)   
                          rent_du       rent_duhe         rent_he   
--------------------------------------------------------------------
-.2                         0.169***        0.200***       -0.128   
                         (0.0203)        (0.0154)        (0.0740)   

-.18                        0.107***       0.0887***       -0.323***
                         (0.0171)        (0.0183)        (0.0586)   

-.16                       0.0769***        0.131***       -0.247***
                         (0.0149)        (0.0162)        (0.0564)   

-.14                        0.199***        0.182***        0.120*  
                         (0.0131)        (0.0153)        (0.0478)   

-.12                        0.135***        0.173***        0.130***
                         (0.0124)        (0.0141)        (0.0341)   

-.1                        0.0920***       0.0523***        0.108***
                        (0.00952)        (0.0133)        (0.0327)   

-.08                       0.0723***        0.108***        0.174***
                        (0.00765)        (0.0118)        (0.0269)   

-.06                       0.0824***       0.0803***        0.138***
                        (0.00760)        (0.0138)        (0.0280)   

-.04                       0.0590***       0.0741***        0.144***
                        (0.00696)        (0.0130)        (0.0289)   

-.02                       0.0720***       0.0439***       0.0191   
                        (0.00631)        (0.0104)        (0.0257)   

0                               0               0               0   
                              (.)             (.)             (.)   

.02                       -0.0197**      -0.00325        -0.00567   
                        (0.00703)        (0.0121)        (0.0260)   

.04                       -0.0845***       -0.115***       0.0232   
                        (0.00873)        (0.0161)        (0.0325)   

.06                       -0.0340***      -0.0414*         0.0428   
                        (0.00965)        (0.0192)        (0.0295)   

.08                        0.0141         -0.0473          -0.302***
                        (0.00838)        (0.0246)        (0.0454)   

.1                        0.00712          -0.117***       -0.331***
                         (0.0102)        (0.0231)        (0.0410)   

.12                       -0.0254**       -0.0807***       -0.181*  
                        (0.00942)        (0.0234)        (0.0789)   

.14                        0.0465**         0.252***        0.107   
                         (0.0142)        (0.0658)         (0.104)   

.16                       0.00942           0.261**         0.309***
                         (0.0128)        (0.0836)        (0.0894)   

.18                       -0.0101                                   
                         (0.0195)                                   

.2                         -0.142***                                
                         (0.0284)                                   

imputation_dummy           -0.383***       -0.453***       0.0689   
                         (0.0223)        (0.0318)         (0.126)   

Constant                    6.797***        6.941***        7.046***
                         (0.0476)        (0.0416)         (0.160)   

Boundary f.e.                 Yes             Yes             Yes   

Year f.e.                     Yes             Yes             Yes   
--------------------------------------------------------------------
Observations                50374           21925            3609   
R-squared                   0.645           0.625           0.641   
--------------------------------------------------------------------
Standard errors in parentheses
* p<0.05, ** p<0.01, *** p<0.001

. 
. * coefplots, Rents both
. local plot_list rent_du rent_duhe rent_he

. local suffix "coef_rent_robustness_costardummy_both"

. local l1_title "Log Monthly Rent"

. local b1_title "<- More restrictive  |  Less restrictive ->"

. local b2_title "Distance to Boundary (miles)"

. 
. foreach r in `plot_list' {
  2.         
.         local pos = ustrpos("`r'", "_") + 1
  3.         local str = substr("`r'", `pos', .)
  4. 
.         if "`str'" == "du" {
  5.                 local title "Only DUPAC Changes"
  6.         }
  7.         
.         if "`str'" == "duhe" {
  8.                 local title "DUPAC and Height Change"
  9.         }
 10. 
.         if "`str'" == "he" {
 11.                 local title "Only Height Changes"
 12.         }
 13.         
.         * coefplots
.         #delimit;
delimiter now ;
.         coefplot 
>                 /* relaxed side graphing variables */
>                 (`r', keep(16.dist3 17.dist3 18.dist3 19.dist3 20.dist3 21.dist3 22.dist3 23.dist3 24.dist3 25.dist3) 
>                         recast(line) color(midblue) 
>                         ciopts(recast(rarea) color(midblue%30) lwidth(none))
>                         )
>                 
>                 /* strict side graphing variables */
>                 (`r', keep(26.dist3 27.dist3 28.dist3 29.dist3 30.dist3 31.dist3 32.dist3 33.dist3 34.dist3 35.dist3) 
>                         recast(line) color(maroon)
>                         ciopts(recast(rarea) color(maroon%30) lwidth(none))
>                         )
>                         
>                 (`r'3, keep(16.dist3 17.dist3 18.dist3 19.dist3 20.dist3 21.dist3 22.dist3 23.dist3 24.dist3 25.dist3) 
>                         recast(line) color(gs5%30) 
>                         ciopts(recast(rarea) color(gs5%30) lwidth(none))
>                         )
>                 
>                 /* strict side graphing variables */
>                 (`r'3, keep(26.dist3 27.dist3 28.dist3 29.dist3 30.dist3 31.dist3 32.dist3 33.dist3 34.dist3 35.dist3) 
>                         recast(line) color(gs5%30)
>                         ciopts(recast(rarea) color(gs5%30) lwidth(none))
>                         ),
> 
>                 /* plot region */
>                 vertical levels(95) baselevels offset(0)
>                 graphregion(fc(white) lcolor(white)) plotregion(fc(white) lcolor(white))
> 
>                 xline(10.5, lpattern(dash) lwidth(thin) lcolor(black))
>                 yline(0, lpattern(dash) lwidth(thin) lcolor(black))
> 
>                 /* titles, subtitles, notes */          
>                 title("{bf:`title'}", size(3) pos(12) margin(t=0 b=0 l=0 r=0) span)
> 
>                 /* axis titles and labels */            
>                 ylabel(, labsize(4) gmin gmax) ymtick() 
>                 
>                 xlabel(1 "-.20" 2 "-.18" 3 "-.16" 4 "-.14" 5 "-.12" 6 "-.10" 7 "-.08" 8 "-.06" 9 "-.04" 10 "-.02" 10.5 "0"
>                         11 ".02" 12 ".04" 13 ".06" 14 ".08" 15 ".10" 16 ".12" 17 ".14" 18 ".16" 19 ".18" 20 ".20", labsize(3) angle(45) gmax)
>                         
>                 /* legend */
>                 legend(off position(6) 
>                         order()
>                         symy(2) symx(3) 
>                         rows(1) cols() size(2) 
>                         nobox fcolor()
>                         region(fcolor(none) lpattern(blank))
>                         margin(t=1 b=1 l=0 r=0)span)
>                 name(`r'3, replace) ;
 14.                         graph combine `r'3,
>                 graphregion(fc(white) lcolor(white))
>                 l1title("{bf:`l1_title'}", size(3) margin(t=0 b=0 l=0 r=1))
>                 b1title("`b1_title'", size(2))
>                 b2title("{bf:`b2_title'}", size(3) margin(t=1 b=0 l=0 r=0))
>                 name("`r'a", replace);
 15.                 graph save "`r'a" "$EXPORTPATH/`suffix'_`str'", replace;
 16.         graph close "`r'a";
 17.         #delimit cr
delimiter now cr
. }
(file /shared/boston_zoning/working_paper/replication_package/analysis/robustness_mtlines_output/coef_rent_robustness_costardummy_both_du.gph not found)
file /shared/boston_zoning/working_paper/replication_package/analysis/robustness_mtlines_output/coef_rent_robustness_costardummy_both_du.gph saved
(file /shared/boston_zoning/working_paper/replication_package/analysis/robustness_mtlines_output/coef_rent_robustness_costardummy_both_duhe.gph not found)
file /shared/boston_zoning/working_paper/replication_package/analysis/robustness_mtlines_output/coef_rent_robustness_costardummy_both_duhe.gph saved
(file /shared/boston_zoning/working_paper/replication_package/analysis/robustness_mtlines_output/coef_rent_robustness_costardummy_both_he.gph not found)
file /shared/boston_zoning/working_paper/replication_package/analysis/robustness_mtlines_output/coef_rent_robustness_costardummy_both_he.gph saved

. 
. * combine all
. #delimit ;
delimiter now ;
. graph combine rent_du3 rent_duhe3 rent_he3,
>         rows(3) cols(2) ysize() xsize() iscale() imargin(0)
>         graphregion(fc(white) lcolor(white))
>         l1title("{bf:`l1_title'}", size(3) margin(t=0 b=0 l=0 r=1))
>         b1title("`b1_title'", size(2))
>         b2title("{bf:`b2_title'}", size(3) margin(t=1 b=0 l=0 r=0))
>         name("final_graph", replace);
(note:  named style 0 not found in class margin, default attributes used)
(note:  named style 0 not found in class margin, default attributes used)
(note:  named style 0 not found in class margin, default attributes used)

.                 graph save "final_graph" "$EXPORTPATH/`suffix'_all", replace;
(file /shared/boston_zoning/working_paper/replication_package/analysis/robustness_mtlines_output/coef_rent_robustness_costardummy_both_all.gph not found)
file /shared/boston_zoning/working_paper/replication_package/analysis/robustness_mtlines_output/coef_rent_robustness_costardummy_both_all.gph saved

. #delimit cr     
delimiter now cr
. 
. eststo clear

. graph close _all

. 
. 
. ********************************************************************************
. ** Part 5: Sales prices
. * Part 5a: Sales prices, baseline
. * Part 5b: Sales prices with ACS controls
. ********************************************************************************
. ** regressions
. * set regression conditions
. local regression_conditions (last_saleyr>=2010 & last_saleyr<=2018) & (dist_both<=0.21 & dist_both>=-0.2) & res_typex=="Single Family Res"

. 
. * Part 5a: Sales price w/ ACS controls
. quietly eststo price_du: reg log_saleprice ib26.dist3 i.lam_seg i.last_saleyr if only_du==1 & `regression_conditions', vce(cluster lam_seg)

.         
. quietly eststo price_duhe: reg log_saleprice ib26.dist3 i.lam_seg i.last_saleyr if du_he == 1 & `regression_conditions', vce(cluster lam_seg)

. 
. quietly eststo price_mfdu: reg log_saleprice ib26.dist3 i.lam_seg i.last_saleyr if  mf_du == 1 & `regression_conditions', vce(cluster lam_seg)

. 
. quietly eststo price_mf: reg log_saleprice ib26.dist3 i.lam_seg i.last_saleyr if only_mf== 1 & `regression_conditions', vce(cluster lam_seg)

. 
. quietly eststo price_mfhe: reg log_saleprice ib26.dist3 i.lam_seg i.last_saleyr if mf_he == 1 & `regression_conditions', vce(cluster lam_seg)

. 
. quietly eststo price_he: reg log_saleprice ib26.dist3 i.lam_seg i.last_saleyr if only_he == 1 & `regression_conditions', vce(cluster lam_seg)

.         
. esttab price_du price_duhe price_mfdu price_mf price_mfhe price_he, ///
>         se r2 indicate("Boundary f.e.=*lam_seg" "Year f.e.=*last_saleyr") interaction(" X ") ///
>         label mtitles("price_du" "price_duhe" "price_mfdu" "price_mf" "price_mfhe" "price_he") ///
>         title("Sales Prices baseline") 

Sales Prices baseline
--------------------------------------------------------------------------------------------------------------------
                              (1)             (2)             (3)             (4)             (5)             (6)   
                         price_du      price_duhe      price_mfdu        price_mf      price_mfhe        price_he   
--------------------------------------------------------------------------------------------------------------------
-.2                         0.167***      -0.0331           0.159***        0.529*          0.266**                 
                         (0.0317)        (0.0733)        (0.0410)         (0.223)        (0.0828)                   

-.18                        0.151***      -0.0113          0.0867          0.0498           0.193         -0.0473   
                         (0.0368)         (0.140)        (0.0460)        (0.0869)        (0.0936)        (0.0606)   

-.16                        0.132***       0.0857           0.124**       -0.0143           0.372***       -0.381***
                         (0.0366)        (0.0709)        (0.0471)         (0.141)        (0.0806)        (0.0787)   

-.14                        0.105***      -0.0422           0.122          0.0990         -0.0321                   
                         (0.0314)        (0.0867)        (0.0717)        (0.0698)         (0.108)                   

-.12                        0.135***       0.0639           0.107*          0.139*          0.217          -0.212   
                         (0.0307)        (0.0719)        (0.0464)        (0.0679)         (0.105)         (0.268)   

-.1                         0.131***      -0.0252           0.128**        0.0431           0.311*          0.191   
                         (0.0353)        (0.0955)        (0.0399)        (0.0915)         (0.130)         (0.129)   

-.08                        0.118***      -0.0456          0.0780          0.0322           0.227         -0.0666   
                         (0.0257)        (0.0633)        (0.0405)        (0.0618)         (0.181)        (0.0700)   

-.06                        0.119***      -0.0913          0.0679          0.0286         -0.0977           0.158*  
                         (0.0272)        (0.0651)        (0.0369)        (0.0795)        (0.0886)        (0.0765)   

-.04                       0.0994***      0.00544          0.0767*        -0.0203           0.181*         0.0788   
                         (0.0247)        (0.0485)        (0.0340)        (0.0828)        (0.0716)         (0.101)   

-.02                       0.0443*        -0.0111          0.0215          0.0669           0.198*        -0.0217   
                         (0.0222)        (0.0493)        (0.0285)        (0.0470)        (0.0933)        (0.0967)   

0                               0               0               0               0               0               0   
                              (.)             (.)             (.)             (.)             (.)             (.)   

.02                       -0.0317         -0.0300         -0.0146         -0.0450         -0.0693         0.00526   
                         (0.0210)        (0.0775)        (0.0317)        (0.0565)        (0.0623)        (0.0535)   

.04                       -0.0581*        -0.0659         -0.0328          0.0248          -0.126         -0.0721   
                         (0.0232)        (0.0475)        (0.0326)        (0.0488)        (0.0793)        (0.0556)   

.06                       -0.0651**        0.0672         -0.0487          -0.111         -0.0748          -0.142*  
                         (0.0221)        (0.0440)        (0.0337)        (0.0785)         (0.130)        (0.0602)   

.08                       -0.0679**         0.339         -0.0680*       -0.00510          -0.146          -0.213** 
                         (0.0255)         (0.205)        (0.0330)        (0.0942)         (0.136)        (0.0663)   

.1                        -0.0874**        0.0173         -0.0459         -0.0586          -0.238*         -0.125   
                         (0.0267)        (0.0362)        (0.0466)         (0.128)         (0.109)        (0.0961)   

.12                       -0.0556*         -0.167         -0.0483        -0.00608          -0.477***      -0.0269   
                         (0.0261)         (0.101)        (0.0409)         (0.101)        (0.0695)        (0.0961)   

.14                       -0.0771**         0.112*         -0.113*          0.165           0.189          -0.140   
                         (0.0277)        (0.0527)        (0.0479)         (0.118)         (0.114)        (0.0888)   

.16                       -0.0659*          0.231***       -0.100          -0.159*          0.138         -0.0465   
                         (0.0255)        (0.0502)        (0.0555)        (0.0744)         (0.138)         (0.101)   

.18                       -0.0626                         -0.0116          0.0693           0.248*         -0.221   
                         (0.0321)                        (0.0700)         (0.137)         (0.114)         (0.146)   

.2                        -0.0816*                         -0.184          0.0807           0.426**       -0.0989   
                         (0.0396)                         (0.115)        (0.0541)         (0.119)        (0.0682)   

Constant                    13.23***        12.46***        13.14***        12.66***        13.20***        12.85***
                         (0.0249)        (0.0509)        (0.0478)        (0.0540)         (0.112)        (0.0642)   

Boundary f.e.                 Yes             Yes             Yes             Yes             Yes             Yes   

Year f.e.                     Yes             Yes             Yes             Yes             Yes             Yes   
--------------------------------------------------------------------------------------------------------------------
Observations                56561            3117           18815            2178             990            3140   
R-squared                   0.616           0.848           0.728           0.667           0.884           0.643   
--------------------------------------------------------------------------------------------------------------------
Standard errors in parentheses
* p<0.05, ** p<0.01, *** p<0.001

. 
. * Part 5b: Sales price w/ ACS and house controls
. quietly eststo price_du2: reg log_saleprice ib26.dist3 i.lam_seg i.last_saleyr $acs_vars if only_du==1 & `regression_conditions', vce(cluster lam_seg)

.         
. quietly eststo price_duhe2: reg log_saleprice ib26.dist3 i.lam_seg i.last_saleyr $acs_vars if du_he == 1 & `regression_conditions', vce(cluster lam_seg)

. 
. quietly eststo price_mfdu2: reg log_saleprice ib26.dist3 i.lam_seg i.last_saleyr $acs_vars if  mf_du == 1 & `regression_conditions', vce(cluster lam_seg)

. 
. quietly eststo price_mf2: reg log_saleprice ib26.dist3 i.lam_seg i.last_saleyr $acs_vars if only_mf== 1 & `regression_conditions', vce(cluster lam_seg)

. 
. quietly eststo price_mfhe2: reg log_saleprice ib26.dist3 i.lam_seg i.last_saleyr $acs_vars  if mf_he == 1 & `regression_conditions', vce(cluster lam_seg)

. 
. quietly eststo price_he2: reg log_saleprice ib26.dist3 i.lam_seg i.last_saleyr $acs_vars if only_he == 1 & `regression_conditions', vce(cluster lam_seg)

.         
. esttab price_du2 price_duhe2 price_mfdu2 price_mf2 price_mfhe2 price_he2, ///
>         se r2 indicate("Boundary f.e.=*lam_seg" "Year f.e.=*last_saleyr") interaction(" X ") ///
>         label mtitles("price_du2" "price_duhe2" "price_mfdu2" "price_mf2" "price_mfhe2" "price_he2") ///
>         title("Sales Prices w/ characteristics") 

Sales Prices w/ characteristics
--------------------------------------------------------------------------------------------------------------------
                              (1)             (2)             (3)             (4)             (5)             (6)   
                        price_du2     price_duhe2     price_mfdu2       price_mf2     price_mfhe2       price_he2   
--------------------------------------------------------------------------------------------------------------------
-.2                         0.160***      -0.0765           0.183***        0.521*          0.270*                  
                         (0.0335)        (0.0566)        (0.0452)         (0.244)         (0.115)                   

-.18                        0.137***      -0.0691           0.108*         0.0214           0.251*         -0.150** 
                         (0.0340)        (0.0945)        (0.0522)        (0.0837)         (0.102)        (0.0517)   

-.16                        0.134***       0.0612           0.123**       -0.0144           0.461***       -0.480*  
                         (0.0360)        (0.0666)        (0.0406)         (0.120)        (0.0854)         (0.227)   

-.14                        0.127***      -0.0563           0.148*         0.0915         -0.0108                   
                         (0.0270)        (0.0744)        (0.0659)        (0.0849)         (0.138)                   

-.12                        0.141***       0.0655           0.120*          0.118           0.249*         -0.329   
                         (0.0325)        (0.0743)        (0.0466)        (0.0916)         (0.101)         (0.212)   

-.1                         0.134***      0.00938           0.130**        0.0883           0.360*         0.0851   
                         (0.0362)        (0.0994)        (0.0446)         (0.113)         (0.141)         (0.147)   

-.08                        0.124***      -0.0337          0.0795          0.0256           0.217          -0.174*  
                         (0.0278)        (0.0591)        (0.0417)        (0.0703)         (0.200)        (0.0718)   

-.06                        0.119***      -0.0931          0.0653          0.0232         -0.0517           0.177*  
                         (0.0289)        (0.0683)        (0.0377)        (0.0891)        (0.0917)        (0.0654)   

-.04                        0.103***       0.0634          0.0912**       -0.0253           0.184*         0.0842   
                         (0.0253)        (0.0457)        (0.0320)        (0.0872)        (0.0744)         (0.101)   

-.02                       0.0472*        -0.0113          0.0330          0.0699           0.162         -0.0298   
                         (0.0232)        (0.0502)        (0.0275)        (0.0616)        (0.0961)         (0.100)   

0                               0               0               0               0               0               0   
                              (.)             (.)             (.)             (.)             (.)             (.)   

.02                       -0.0286         -0.0167        -0.00568         -0.0743         -0.0503          0.0380   
                         (0.0218)        (0.0544)        (0.0322)        (0.0558)        (0.0756)        (0.0488)   

.04                       -0.0552*        -0.0548         -0.0296         0.00586         -0.0558         -0.0327   
                         (0.0233)        (0.0611)        (0.0337)        (0.0584)        (0.0842)        (0.0570)   

.06                       -0.0627**        0.0578         -0.0439          -0.113         -0.0504         -0.0813   
                         (0.0227)        (0.0421)        (0.0368)        (0.0698)         (0.148)        (0.0603)   

.08                       -0.0614*          0.231         -0.0461        -0.00786          -0.115          -0.148*  
                         (0.0263)         (0.184)        (0.0316)         (0.106)        (0.0948)        (0.0560)   

.1                        -0.0771**       -0.0116         -0.0338         -0.0815          -0.197*        -0.0881   
                         (0.0275)        (0.0352)        (0.0486)         (0.109)        (0.0856)        (0.0928)   

.12                       -0.0527          -0.176*        -0.0236         -0.0165          -0.195*         0.0219   
                         (0.0271)        (0.0795)        (0.0414)        (0.0897)        (0.0710)        (0.0914)   

.14                       -0.0706*          0.128*         -0.112*          0.224*          0.185*         -0.108   
                         (0.0285)        (0.0624)        (0.0528)        (0.0930)        (0.0846)        (0.0842)   

.16                       -0.0594*          0.230***      -0.0865          -0.208           0.136          0.0156   
                         (0.0267)        (0.0471)        (0.0627)         (0.106)         (0.141)        (0.0877)   

.18                       -0.0719*                        0.00804          0.0765           0.279**        -0.187   
                         (0.0315)                        (0.0823)         (0.109)        (0.0856)         (0.151)   

.2                        -0.0767                          -0.142          0.0955           0.448***      -0.0563   
                         (0.0422)                         (0.176)        (0.0661)        (0.0967)        (0.0555)   

frac_under18                0.114          -0.532           0.299*          0.302          0.0532           0.180   
                         (0.0922)         (0.323)         (0.144)         (0.309)         (0.445)         (0.273)   

frac_over65                -0.168*          0.237          0.0152           0.230          -0.318           0.735** 
                         (0.0692)         (0.215)         (0.117)         (0.192)         (0.329)         (0.247)   

frac_black                  0.248          -0.573           0.522          -0.566         -0.0460           0.841   
                          (0.201)         (0.485)         (0.273)         (0.983)         (0.605)         (1.082)   

frac_asian                  0.352          -0.689           0.608*         -1.617          -0.847          -1.709** 
                          (0.197)         (0.708)         (0.304)         (0.950)         (0.570)         (0.621)   

frac_hispanic              0.0656          -0.894           0.825**        -0.895          -1.451*          0.270   
                          (0.193)         (0.494)         (0.312)         (0.665)         (0.580)         (0.718)   

frac_nonhispanicwh~e        0.322          -0.412           0.654**        -0.766          -0.990**         0.755   
                          (0.175)         (0.487)         (0.239)         (0.892)         (0.284)         (0.595)   

frac_morethan4              0.167*          0.259          0.0207          -0.116           0.240           0.198   
                         (0.0754)         (0.244)         (0.126)         (0.464)         (0.319)         (0.220)   

Families: Median F~i  0.000000417*      -6.21e-08     0.000000155    -0.000000238    -0.000000209    -0.000000229   
                     (0.000000201)    (0.000000265)    (0.000000199)    (0.000000476)    (0.000000476)    (0.000000433)   

Constant                    12.86***        12.98***        12.34***        13.33***        14.17***        11.97***
                          (0.181)         (0.473)         (0.243)         (0.813)         (0.347)         (0.623)   

Boundary f.e.                 Yes             Yes             Yes             Yes             Yes             Yes   

Year f.e.                     Yes             Yes             Yes             Yes             Yes             Yes   
--------------------------------------------------------------------------------------------------------------------
Observations                38318            2086           12357            1487             687            2142   
R-squared                   0.619           0.862           0.721           0.669           0.895           0.658   
--------------------------------------------------------------------------------------------------------------------
Standard errors in parentheses
* p<0.05, ** p<0.01, *** p<0.001

. 
. esttab price_du2 price_duhe2 price_mfdu2 price_mf2 price_mfhe2 price_he2 using "$EXPORTPATH/salesprice_table_onlyACScontrols.tex", replace keep(25.dist3) se r2 ///
>         indicate("Boundary f.e.=*lam_seg" "Year f.e.=*last_saleyr") interaction(" X ") ///
>         label mtitles("price_du2" "price_duhe2" "price_mfdu2" "price_mf2" "price_mfhe2" "price_he2") ///
>         title("Sales Prices w/ characteristics")        
(file /shared/boston_zoning/working_paper/replication_package/analysis/robustness_mtlines_output/salesprice_table_onlyACScontrols.tex not found)
(output written to /shared/boston_zoning/working_paper/replication_package/analysis/robustness_mtlines_output/salesprice_table_onlyACScontrols.tex)

.         
. local regression_conditions (last_saleyr>=2010 & last_saleyr<=2018) & (dist_both<=0.21 & dist_both>=-0.2) & res_typex=="Single Family Res"

.         
. * robust s.e.
. quietly eststo price_du2_robust: reg log_saleprice ib26.dist3 i.lam_seg i.last_saleyr $acs_vars if only_du==1 & `regression_conditions', vce(robust)

. 
. quietly eststo price_duhe2_robust: reg log_saleprice ib26.dist3 i.lam_seg i.last_saleyr $acs_vars if du_he == 1 & `regression_conditions', vce(robust)

. 
. quietly eststo price_mfdu2_robust: reg log_saleprice ib26.dist3 i.lam_seg i.last_saleyr $acs_vars if  mf_du == 1 & `regression_conditions', vce(robust)

. 
. quietly eststo price_mf2_robust: reg log_saleprice ib26.dist3 i.lam_seg i.last_saleyr $acs_vars if only_mf== 1 & `regression_conditions', vce(robust)

. 
. quietly eststo price_mfhe2_robust: reg log_saleprice ib26.dist3 i.lam_seg i.last_saleyr $acs_vars  if mf_he == 1 & `regression_conditions', vce(robust)

. 
. quietly eststo price_he2_robust: reg log_saleprice ib26.dist3 i.lam_seg i.last_saleyr $acs_vars if only_he == 1 & `regression_conditions', vce(robust)

.         
. esttab price_du2_robust price_duhe2_robust price_mfdu2_robust price_mf2_robust price_mfhe2_robust price_he2_robust, ///
>         se r2 indicate("Boundary f.e.=*lam_seg" "Year f.e.=*last_saleyr") interaction(" X ") ///
>         label mtitles("price_du2" "price_duhe2" "price_mfdu2" "price_mf2" "price_mfhe2" "price_he2") ///
>         title("Sales Prices w/ characteristics, robust s.e.") 

Sales Prices w/ characteristics, robust s.e.
--------------------------------------------------------------------------------------------------------------------
                              (1)             (2)             (3)             (4)             (5)             (6)   
                        price_du2     price_duhe2     price_mfdu2       price_mf2     price_mfhe2       price_he2   
--------------------------------------------------------------------------------------------------------------------
-.2                         0.160***      -0.0765*          0.183***        0.521***        0.270***                
                         (0.0143)        (0.0326)        (0.0211)        (0.0912)        (0.0699)                   

-.18                        0.137***      -0.0691           0.108***       0.0214           0.251**        -0.150   
                         (0.0132)        (0.0573)        (0.0203)        (0.0795)        (0.0909)         (0.297)   

-.16                        0.134***       0.0612           0.123***      -0.0144           0.461***       -0.480   
                         (0.0131)        (0.0373)        (0.0228)        (0.0619)        (0.0715)         (0.307)   

-.14                        0.127***      -0.0563           0.148***       0.0915         -0.0108                   
                         (0.0104)        (0.0402)        (0.0216)        (0.0654)        (0.0684)                   

-.12                        0.141***       0.0655*          0.120***        0.118           0.249***       -0.329** 
                         (0.0114)        (0.0334)        (0.0189)        (0.0609)        (0.0466)         (0.116)   

-.1                         0.134***      0.00938           0.130***       0.0883           0.360***       0.0851   
                         (0.0105)        (0.0374)        (0.0215)        (0.0629)        (0.0891)        (0.0730)   

-.08                        0.124***      -0.0337          0.0795***       0.0256           0.217**        -0.174*  
                        (0.00997)        (0.0306)        (0.0157)        (0.0408)        (0.0836)        (0.0726)   

-.06                        0.119***      -0.0931**        0.0653***       0.0232         -0.0517           0.177***
                        (0.00930)        (0.0350)        (0.0170)        (0.0419)        (0.0501)        (0.0365)   

-.04                        0.103***       0.0634*         0.0912***      -0.0253           0.184***       0.0842*  
                        (0.00873)        (0.0278)        (0.0135)        (0.0397)        (0.0495)        (0.0399)   

-.02                       0.0472***      -0.0113          0.0330**        0.0699           0.162***      -0.0298   
                        (0.00864)        (0.0239)        (0.0125)        (0.0371)        (0.0475)        (0.0354)   

0                               0               0               0               0               0               0   
                              (.)             (.)             (.)             (.)             (.)             (.)   

.02                       -0.0286***      -0.0167        -0.00568         -0.0743         -0.0503          0.0380   
                        (0.00763)        (0.0322)        (0.0142)        (0.0471)        (0.0497)        (0.0354)   

.04                       -0.0552***      -0.0548         -0.0296*        0.00586         -0.0558         -0.0327   
                        (0.00815)        (0.0381)        (0.0143)        (0.0596)        (0.0578)        (0.0333)   

.06                       -0.0627***       0.0578         -0.0439**        -0.113*        -0.0504         -0.0813*  
                        (0.00870)        (0.0382)        (0.0168)        (0.0560)        (0.0726)        (0.0321)   

.08                       -0.0614***        0.231         -0.0461**      -0.00786          -0.115          -0.148***
                        (0.00835)         (0.176)        (0.0154)        (0.0765)        (0.0769)        (0.0331)   

.1                        -0.0771***      -0.0116         -0.0338         -0.0815          -0.197*        -0.0881*  
                        (0.00899)        (0.0527)        (0.0177)        (0.0733)        (0.0766)        (0.0346)   

.12                       -0.0527***       -0.176***      -0.0236         -0.0165          -0.195          0.0219   
                        (0.00982)        (0.0485)        (0.0176)        (0.0640)         (0.117)        (0.0364)   

.14                       -0.0706***        0.128          -0.112***        0.224           0.185**        -0.108*  
                         (0.0107)        (0.0780)        (0.0281)         (0.118)        (0.0655)        (0.0445)   

.16                       -0.0594***        0.230*        -0.0865***       -0.208*          0.136          0.0156   
                         (0.0116)         (0.109)        (0.0250)        (0.0831)        (0.0781)        (0.0391)   

.18                       -0.0719***                      0.00804          0.0765           0.279***       -0.187***
                         (0.0116)                        (0.0261)        (0.0790)        (0.0689)        (0.0445)   

.2                        -0.0767***                       -0.142*         0.0955           0.448***      -0.0563   
                         (0.0150)                        (0.0650)         (0.111)        (0.0630)        (0.0389)   

frac_under18                0.114**        -0.532***        0.299***        0.302          0.0532           0.180   
                         (0.0361)         (0.147)        (0.0705)         (0.157)         (0.313)         (0.158)   

frac_over65                -0.168***        0.237*         0.0152           0.230          -0.318           0.735***
                         (0.0284)         (0.101)        (0.0509)         (0.147)         (0.223)         (0.117)   

frac_black                  0.248**        -0.573*          0.522***       -0.566         -0.0460           0.841   
                         (0.0822)         (0.272)         (0.131)         (0.450)         (0.403)         (0.506)   

frac_asian                  0.352***       -0.689*          0.608***       -1.617**        -0.847          -1.709***
                         (0.0746)         (0.314)         (0.154)         (0.497)         (0.493)         (0.401)   

frac_hispanic              0.0656          -0.894***        0.825***       -0.895**        -1.451**         0.270   
                         (0.0827)         (0.241)         (0.149)         (0.326)         (0.495)         (0.330)   

frac_nonhispanicwh~e        0.322***       -0.412           0.654***       -0.766          -0.990**         0.755***
                         (0.0649)         (0.250)         (0.126)         (0.402)         (0.344)         (0.216)   

frac_morethan4              0.167***        0.259          0.0207          -0.116           0.240           0.198   
                         (0.0296)         (0.135)        (0.0536)         (0.164)         (0.265)         (0.109)   

Families: Median F~i  0.000000417***    -6.21e-08     0.000000155    -0.000000238    -0.000000209    -0.000000229   
                       (7.23e-08)    (0.000000241)    (0.000000120)    (0.000000366)    (0.000000441)    (0.000000301)   

Constant                    12.86***        12.98***        12.34***        13.33***        14.17***        11.97***
                         (0.0787)         (0.250)         (0.142)         (0.395)         (0.400)         (0.233)   

Boundary f.e.                 Yes             Yes             Yes             Yes             Yes             Yes   

Year f.e.                     Yes             Yes             Yes             Yes             Yes             Yes   
--------------------------------------------------------------------------------------------------------------------
Observations                38318            2086           12357            1487             687            2142   
R-squared                   0.619           0.862           0.721           0.669           0.895           0.658   
--------------------------------------------------------------------------------------------------------------------
Standard errors in parentheses
* p<0.05, ** p<0.01, *** p<0.001

.         
. * coefplots, sales prices both
. local plot_list price_du price_duhe price_mfdu price_mf price_mfhe price_he

. local suffix "coef_price_robustness_acs_both"

. local l1_title "Log Sales Price"

. local b1_title "<- More restrictive  |  Less restrictive ->"

. local b2_title "Distance to Boundary (miles)"

. 
. foreach r in `plot_list' {
  2.         
.         local pos = ustrpos("`r'", "_") + 1
  3.         local str = substr("`r'", `pos', .)
  4. 
.         if "`str'" == "du" {
  5.                 local title "Only DUPAC Changes"
  6.         }
  7.         
.         if "`str'" == "duhe" {
  8.                 local title "DUPAC and Height Change"
  9.         }
 10. 
.         if "`str'" == "mfdu" {
 11.                 local title "MF Allowed and DUPAC Change"
 12.         }
 13.         
.         if "`str'" == "mf" {
 14.                 local title "Only MF Allowed Changes"
 15.         }
 16.         
.         if "`str'" == "mfhe" {
 17.                 local title "MF Allowed and Height Change"
 18.         }
 19.         
.         if "`str'" == "he" {
 20.                 local title "Only Height Changes"
 21.         }
 22.         
.         * coefplots
.         #delimit;
delimiter now ;
.         coefplot 
>                 /* relaxed side graphing variables */
>                 (`r', keep(16.dist3 17.dist3 18.dist3 19.dist3 20.dist3 21.dist3 22.dist3 23.dist3 24.dist3 25.dist3) 
>                         recast(line) color(midblue) 
>                         ciopts(recast(rarea) color(midblue%30) lwidth(none))
>                         )
>                 
>                 /* strict side graphing variables */
>                 (`r', keep(26.dist3 27.dist3 28.dist3 29.dist3 30.dist3 31.dist3 32.dist3 33.dist3 34.dist3 35.dist3) 
>                         recast(line) color(maroon)
>                         ciopts(recast(rarea) color(maroon%30) lwidth(none))
>                         )
>                         
>                 (`r'2, keep(16.dist3 17.dist3 18.dist3 19.dist3 20.dist3 21.dist3 22.dist3 23.dist3 24.dist3 25.dist3) 
>                         recast(line) color(gs5%30) 
>                         ciopts(recast(rarea) color(gs5%30) lwidth(none))
>                         )
>                 
>                 /* strict side graphing variables */
>                 (`r'2, keep(26.dist3 27.dist3 28.dist3 29.dist3 30.dist3 31.dist3 32.dist3 33.dist3 34.dist3 35.dist3) 
>                         recast(line) color(gs5%30)
>                         ciopts(recast(rarea) color(gs5%30) lwidth(1))
>                         ),
> 
>                 /* plot region */
>                 vertical levels(95) baselevels offset(0)
>                 graphregion(fc(white) lcolor(white)) plotregion(fc(white) lcolor(white))
> 
>                 xline(10.5, lpattern(dash) lwidth(thin) lcolor(black))
>                 yline(0, lpattern(dash) lwidth(thin) lcolor(black))
> 
>                 /* titles, subtitles, notes */          
>                 title("{bf:`title'}", size(3) pos(12) margin(t=0 b=0 l=0 r=0) span)
> 
>                 /* axis titles and labels */            
>                 ylabel(, labsize(4) gmin gmax) ymtick() 
>                 
>                 xlabel(1 "-.20" 2 "-.18" 3 "-.16" 4 "-.14" 5 "-.12" 6 "-.10" 7 "-.08" 8 "-.06" 9 "-.04" 10 "-.02" 10.5 "0"
>                         11 ".02" 12 ".04" 13 ".06" 14 ".08" 15 ".10" 16 ".12" 17 ".14" 18 ".16" 19 ".18" 20 ".20", labsize(3) angle(45) gmax)
>                         
>                 /* legend */
>                 legend(off position(6) 
>                         order()
>                         symy(2) symx(3) 
>                         rows(1) cols() size(2) 
>                         nobox fcolor()
>                         region(fcolor(none) lpattern(blank))
>                         margin(t=1 b=1 l=0 r=0)span)
>                 name(`r'3, replace) ;
 23.                         graph combine `r'3,
>                 graphregion(fc(white) lcolor(white))
>                 l1title("{bf:`l1_title'}", size(3) margin(t=0 b=0 l=0 r=1))
>                 b1title("`b1_title'", size(2))
>                 b2title("{bf:`b2_title'}", size(3) margin(t=1 b=0 l=0 r=0))
>                 name("`r'a", replace);
 24.                 graph save "`r'a" "$EXPORTPATH/`suffix'_`str'", replace;
 25.         graph close "`r'a";
 26.         #delimit cr
delimiter now cr
. }
(file /shared/boston_zoning/working_paper/replication_package/analysis/robustness_mtlines_output/coef_price_robustness_acs_both_du.gph not found)
file /shared/boston_zoning/working_paper/replication_package/analysis/robustness_mtlines_output/coef_price_robustness_acs_both_du.gph saved
(file /shared/boston_zoning/working_paper/replication_package/analysis/robustness_mtlines_output/coef_price_robustness_acs_both_duhe.gph not found)
file /shared/boston_zoning/working_paper/replication_package/analysis/robustness_mtlines_output/coef_price_robustness_acs_both_duhe.gph saved
(file /shared/boston_zoning/working_paper/replication_package/analysis/robustness_mtlines_output/coef_price_robustness_acs_both_mfdu.gph not found)
file /shared/boston_zoning/working_paper/replication_package/analysis/robustness_mtlines_output/coef_price_robustness_acs_both_mfdu.gph saved
(file /shared/boston_zoning/working_paper/replication_package/analysis/robustness_mtlines_output/coef_price_robustness_acs_both_mf.gph not found)
file /shared/boston_zoning/working_paper/replication_package/analysis/robustness_mtlines_output/coef_price_robustness_acs_both_mf.gph saved
(file /shared/boston_zoning/working_paper/replication_package/analysis/robustness_mtlines_output/coef_price_robustness_acs_both_mfhe.gph not found)
file /shared/boston_zoning/working_paper/replication_package/analysis/robustness_mtlines_output/coef_price_robustness_acs_both_mfhe.gph saved
(file /shared/boston_zoning/working_paper/replication_package/analysis/robustness_mtlines_output/coef_price_robustness_acs_both_he.gph not found)
file /shared/boston_zoning/working_paper/replication_package/analysis/robustness_mtlines_output/coef_price_robustness_acs_both_he.gph saved

. 
. * combine all
. #delimit ;
delimiter now ;
. graph combine price_du3 price_duhe3 price_mfdu3 price_mf3 price_mfhe3 price_he3,
>         rows(3) cols(2) ysize() xsize() iscale() imargin(0)
>         graphregion(fc(white) lcolor(white))
>         l1title("{bf:`l1_title'}", size(3) margin(t=0 b=0 l=0 r=1))
>         b1title("`b1_title'", size(2))
>         b2title("{bf:`b2_title'}", size(3) margin(t=1 b=0 l=0 r=0))
>         name("final_graph", replace);
(note:  named style 0 not found in class margin, default attributes used)
(note:  named style 0 not found in class margin, default attributes used)
(note:  named style 0 not found in class margin, default attributes used)
(note:  named style 0 not found in class margin, default attributes used)
(note:  named style 0 not found in class margin, default attributes used)
(note:  named style 0 not found in class margin, default attributes used)

.                 graph save "final_graph" "$EXPORTPATH/`suffix'_all", replace;
(file /shared/boston_zoning/working_paper/replication_package/analysis/robustness_mtlines_output/coef_price_robustness_acs_both_all.gph not found)
file /shared/boston_zoning/working_paper/replication_package/analysis/robustness_mtlines_output/coef_price_robustness_acs_both_all.gph saved

. #delimit cr     
delimiter now cr
. 
. eststo clear

. graph close _all

. 
. 
. ********************************************************************************
. ** Part 7: Rents
. * Part 7a: Rents, baseline
. * Part 7b: Rents, w/ ACS controls 
. ********************************************************************************
. ** regressions
. * set regression conditions
. local regression_conditions (year>=2010 & year<=2018) & (dist_both<=0.21 & dist_both>=-0.2) & res_typex != "Condominiums"

. 
. * Part 7a: Rents w/ ACS controls
. quietly eststo rent_du: reg log_mfrent ib26.dist3 i.lam_seg i.year if only_du==1 & `regression_conditions', vce(cluster lam_seg)

.         
. quietly eststo rent_duhe: reg log_mfrent ib26.dist3 i.lam_seg i.year if du_he == 1 & `regression_conditions', vce(cluster lam_seg)

. 
. quietly eststo rent_he: reg log_mfrent ib26.dist3 i.lam_seg i.year if only_he == 1 & `regression_conditions', vce(cluster lam_seg)

.         
. esttab rent_du rent_duhe rent_he, se r2 ///
>         indicate("Boundary f.e.=*lam_seg" "Year f.e.=*year") interaction(" X ") ///
>         label mtitles("rent_du" "rent_duhe" "rent_he") ///
>         title("Rents, baseline") 

Rents, baseline
--------------------------------------------------------------------
                              (1)             (2)             (3)   
                          rent_du       rent_duhe         rent_he   
--------------------------------------------------------------------
-.2                         0.165**         0.199***       -0.126   
                         (0.0614)        (0.0558)         (0.131)   

-.18                       0.0982*         0.0878          -0.307** 
                         (0.0384)        (0.0598)        (0.0900)   

-.16                       0.0712           0.129          -0.244***
                         (0.0621)        (0.0719)        (0.0647)   

-.14                        0.203***        0.181*          0.123*  
                         (0.0496)        (0.0739)        (0.0547)   

-.12                        0.135***        0.171**         0.130*  
                         (0.0328)        (0.0620)        (0.0571)   

-.1                        0.0898**        0.0497           0.109   
                         (0.0285)        (0.0539)        (0.0875)   

-.08                       0.0700**         0.107           0.174** 
                         (0.0255)        (0.0582)        (0.0529)   

-.06                       0.0812*         0.0783           0.138   
                         (0.0324)        (0.0620)        (0.0757)   

-.04                       0.0558*         0.0762           0.144*  
                         (0.0270)        (0.0642)        (0.0645)   

-.02                       0.0686**        0.0418          0.0190   
                         (0.0252)        (0.0570)        (0.0700)   

0                               0               0               0   
                              (.)             (.)             (.)   

.02                       -0.0207        -0.00250        -0.00566   
                         (0.0262)        (0.0461)        (0.0620)   

.04                       -0.0834*         -0.109          0.0229   
                         (0.0382)        (0.0641)        (0.0998)   

.06                       -0.0351         -0.0478          0.0427   
                         (0.0340)        (0.0774)        (0.0541)   

.08                        0.0141         -0.0424          -0.302***
                         (0.0259)        (0.0940)        (0.0823)   

.1                        0.00207          -0.115          -0.331***
                         (0.0331)        (0.0660)        (0.0819)   

.12                       -0.0281         -0.0835          -0.180   
                         (0.0267)        (0.0702)         (0.270)   

.14                        0.0469           0.250           0.107   
                         (0.0451)         (0.208)         (0.106)   

.16                       0.00577           0.260           0.309   
                         (0.0419)         (0.160)         (0.266)   

.18                       0.00794                                   
                         (0.0651)                                   

.2                         -0.143                                   
                         (0.0921)                                   

Constant                    6.414***        6.489***        7.116***
                         (0.0326)        (0.0535)        (0.0676)   

Boundary f.e.                 Yes             Yes             Yes   

Year f.e.                     Yes             Yes             Yes   
--------------------------------------------------------------------
Observations                50374           21925            3609   
R-squared                   0.642           0.620           0.641   
--------------------------------------------------------------------
Standard errors in parentheses
* p<0.05, ** p<0.01, *** p<0.001

.         
. * Part 7b: Rents w/ ACS and house controls
. quietly eststo rent_du2: reg log_mfrent ib26.dist3 i.lam_seg i.year $acs_vars if only_du==1 & `regression_conditions', vce(cluster lam_seg)

.         
. quietly eststo rent_duhe2: reg log_mfrent ib26.dist3 i.lam_seg i.year $acs_vars if du_he == 1 & `regression_conditions', vce(cluster lam_seg)

. 
. quietly eststo rent_he2: reg log_mfrent ib26.dist3 i.lam_seg i.year $acs_vars if only_he == 1 & `regression_conditions', vce(cluster lam_seg)

.         
. esttab rent_du2 rent_duhe2 rent_he2, se r2 ///
>         indicate("Boundary f.e.=*lam_seg" "Year f.e.=*year") interaction(" X ") ///
>         label mtitles("rent_du2" "rent_duhe2" "rent_he2") ///
>         title("Rents, w/ characteristics") 

Rents, w/ characteristics
--------------------------------------------------------------------
                              (1)             (2)             (3)   
                         rent_du2      rent_duhe2        rent_he2   
--------------------------------------------------------------------
-.2                         0.156**         0.152**        -0.156   
                         (0.0596)        (0.0547)         (0.167)   

-.18                       0.0816*         0.0759          -0.297***
                         (0.0388)        (0.0553)        (0.0736)   

-.16                       0.0548           0.127          -0.264** 
                         (0.0634)        (0.0651)        (0.0792)   

-.14                        0.191***        0.198**         0.207** 
                         (0.0467)        (0.0596)        (0.0769)   

-.12                        0.119***        0.175**        0.0987*  
                         (0.0306)        (0.0547)        (0.0449)   

-.1                        0.0750**        0.0526           0.124   
                         (0.0274)        (0.0479)        (0.0909)   

-.08                       0.0565*          0.101           0.167*  
                         (0.0245)        (0.0534)        (0.0639)   

-.06                       0.0683*         0.0798           0.134   
                         (0.0298)        (0.0550)        (0.0676)   

-.04                       0.0478          0.0802           0.127** 
                         (0.0274)        (0.0552)        (0.0446)   

-.02                       0.0585*         0.0447          0.0302   
                         (0.0251)        (0.0533)        (0.0788)   

0                               0               0               0   
                              (.)             (.)             (.)   

.02                       -0.0181         -0.0120         0.00525   
                         (0.0268)        (0.0407)        (0.0605)   

.04                       -0.0661          -0.121*         0.0641   
                         (0.0341)        (0.0572)         (0.101)   

.06                       -0.0248         -0.0411          0.0622   
                         (0.0351)        (0.0677)        (0.0557)   

.08                        0.0224         -0.0539          -0.251***
                         (0.0256)        (0.0850)        (0.0587)   

.1                         0.0201         -0.0933          -0.311***
                         (0.0319)        (0.0674)        (0.0576)   

.12                       -0.0218         -0.0691          -0.488***
                         (0.0270)        (0.0538)         (0.137)   

.14                        0.0530           0.208                   
                         (0.0435)         (0.183)                   

.16                        0.0258           0.165           0.244   
                         (0.0417)         (0.136)         (0.229)   

.18                        0.0204                                   
                         (0.0700)                                   

.2                         -0.118                                   
                         (0.0901)                                   

frac_under18               -0.220           0.111           0.392   
                          (0.141)         (0.280)         (0.599)   

frac_over65                0.0329           0.443*          0.326   
                          (0.115)         (0.190)         (0.214)   

frac_black                 -0.227          0.0115           1.125   
                          (0.179)         (0.268)         (0.852)   

frac_asian                 -0.225         -0.0783           1.009   
                          (0.252)         (0.421)         (0.710)   

frac_hispanic              -0.446*        -0.0393           0.819   
                          (0.197)         (0.244)         (0.751)   

frac_nonhispanicwh~e      -0.0456           0.114           1.118   
                          (0.204)         (0.250)         (0.689)   

frac_morethan4              0.422**       -0.0420           1.165*  
                          (0.138)         (0.277)         (0.437)   

Families: Median F~i  0.000000441***     1.69e-08    -0.000000422   
                     (0.000000127)    (0.000000191)    (0.000000434)   

Constant                    6.405***        6.324***        5.844***
                          (0.184)         (0.262)         (0.649)   

Boundary f.e.                 Yes             Yes             Yes   

Year f.e.                     Yes             Yes             Yes   
--------------------------------------------------------------------
Observations                37545           16155            2542   
R-squared                   0.654           0.639           0.651   
--------------------------------------------------------------------
Standard errors in parentheses
* p<0.05, ** p<0.01, *** p<0.001

.         
. esttab rent_du2 rent_duhe2 rent_he2 using "$EXPORTPATH/rents_table_onlyACScontrols.tex", replace keep(25.dist3) se r2 ///
>         indicate("Boundary f.e.=*lam_seg" "Year f.e.=*year") interaction(" X ") ///
>         label mtitles("rent_du2" "rent_duhe2" "rent_he2") ///
>         title("Rents, w/ characteristics")      
(file /shared/boston_zoning/working_paper/replication_package/analysis/robustness_mtlines_output/rents_table_onlyACScontrols.tex not found)
(output written to /shared/boston_zoning/working_paper/replication_package/analysis/robustness_mtlines_output/rents_table_onlyACScontrols.tex)

.         
. * robust s.e.
. quietly eststo rent_du2_robust: reg log_mfrent ib26.dist3 i.lam_seg i.year $acs_vars if only_du==1 & `regression_conditions', vce(robust)

.         
. quietly eststo rent_duhe2_robust: reg log_mfrent ib26.dist3 i.lam_seg i.year $acs_vars if du_he == 1 & `regression_conditions', vce(robust)

. 
. quietly eststo rent_he2_robust: reg log_mfrent ib26.dist3 i.lam_seg i.year $acs_vars if only_he == 1 & `regression_conditions', vce(robust)

.         
. esttab rent_du2_robust rent_duhe2_robust rent_he2_robust, se r2 ///
>         indicate("Boundary f.e.=*lam_seg" "Year f.e.=*year") interaction(" X ") ///
>         label mtitles("rent_du2" "rent_duhe2" "rent_he2") ///
>         title("Rents, w/ characteristics, robust s.e.") 

Rents, w/ characteristics, robust s.e.
--------------------------------------------------------------------
                              (1)             (2)             (3)   
                         rent_du2      rent_duhe2        rent_he2   
--------------------------------------------------------------------
-.2                         0.156***        0.152***       -0.156   
                         (0.0225)        (0.0196)        (0.0901)   

-.18                       0.0816***       0.0759***       -0.297***
                         (0.0206)        (0.0206)        (0.0576)   

-.16                       0.0548**         0.127***       -0.264***
                         (0.0171)        (0.0188)        (0.0673)   

-.14                        0.191***        0.198***        0.207***
                         (0.0146)        (0.0187)        (0.0563)   

-.12                        0.119***        0.175***       0.0987*  
                         (0.0140)        (0.0162)        (0.0407)   

-.1                        0.0750***       0.0526***        0.124** 
                         (0.0109)        (0.0152)        (0.0384)   

-.08                       0.0565***        0.101***        0.167***
                        (0.00883)        (0.0134)        (0.0329)   

-.06                       0.0683***       0.0798***        0.134***
                        (0.00880)        (0.0158)        (0.0324)   

-.04                       0.0478***       0.0802***        0.127***
                        (0.00808)        (0.0147)        (0.0335)   

-.02                       0.0585***       0.0447***       0.0302   
                        (0.00734)        (0.0119)        (0.0301)   

0                               0               0               0   
                              (.)             (.)             (.)   

.02                       -0.0181*        -0.0120         0.00525   
                        (0.00805)        (0.0139)        (0.0295)   

.04                       -0.0661***       -0.121***       0.0641   
                         (0.0100)        (0.0184)        (0.0373)   

.06                       -0.0248*        -0.0411          0.0622   
                         (0.0113)        (0.0218)        (0.0351)   

.08                        0.0224*        -0.0539          -0.251***
                        (0.00951)        (0.0281)        (0.0480)   

.1                         0.0201         -0.0933***       -0.311***
                         (0.0117)        (0.0255)        (0.0460)   

.12                       -0.0218*        -0.0691**        -0.488***
                         (0.0109)        (0.0258)        (0.0825)   

.14                        0.0530***        0.208**                 
                         (0.0161)        (0.0714)                   

.16                        0.0258           0.165*          0.244** 
                         (0.0146)        (0.0752)        (0.0901)   

.18                        0.0204                                   
                         (0.0257)                                   

.2                         -0.118***                                
                         (0.0313)                                   

frac_under18               -0.220***        0.111           0.392*  
                         (0.0423)        (0.0841)         (0.192)   

frac_over65                0.0329           0.443***        0.326***
                         (0.0388)        (0.0664)        (0.0963)   

frac_black                 -0.227***       0.0115           1.125***
                         (0.0647)        (0.0937)         (0.341)   

frac_asian                 -0.225**       -0.0783           1.009***
                         (0.0807)         (0.114)         (0.300)   

frac_hispanic              -0.446***      -0.0393           0.819*  
                         (0.0625)        (0.0874)         (0.320)   

frac_nonhispanicwh~e      -0.0456           0.114           1.118***
                         (0.0608)        (0.0846)         (0.299)   

frac_morethan4              0.422***      -0.0420           1.165***
                         (0.0386)        (0.0733)         (0.162)   

Families: Median F~i  0.000000441***     1.69e-08    -0.000000422   
                       (7.07e-08)    (0.000000147)    (0.000000282)   

Constant                    6.405***        6.324***        5.844***
                         (0.0735)        (0.0956)         (0.318)   

Boundary f.e.                 Yes             Yes             Yes   

Year f.e.                     Yes             Yes             Yes   
--------------------------------------------------------------------
Observations                37545           16155            2542   
R-squared                   0.654           0.639           0.651   
--------------------------------------------------------------------
Standard errors in parentheses
* p<0.05, ** p<0.01, *** p<0.001

.         
. * coefplots, Rents both
. local plot_list rent_du rent_duhe rent_he

. local suffix "coef_rent_robustness_acs_both"

. local l1_title "Log Monthly Rent"

. local b1_title "<- More restrictive  |  Less restrictive ->"

. local b2_title "Distance to Boundary (miles)"

. 
. foreach r in `plot_list' {
  2.         
.         local pos = ustrpos("`r'", "_") + 1
  3.         local str = substr("`r'", `pos', .)
  4. 
.         if "`str'" == "du" {
  5.                 local title "Only DUPAC Changes"
  6.         }
  7.         
.         if "`str'" == "duhe" {
  8.                 local title "DUPAC and Height Change"
  9.         }
 10.         
.         if "`str'" == "he" {
 11.                 local title "Only Height Changes"
 12.         }
 13.         
.         * coefplots
.         #delimit;
delimiter now ;
.         coefplot 
>                 /* relaxed side graphing variables */
>                 (`r', keep(16.dist3 17.dist3 18.dist3 19.dist3 20.dist3 21.dist3 22.dist3 23.dist3 24.dist3 25.dist3) 
>                         recast(line) color(midblue) 
>                         ciopts(recast(rarea) color(midblue%30) lwidth(none))
>                         )
>                 
>                 /* strict side graphing variables */
>                 (`r', keep(26.dist3 27.dist3 28.dist3 29.dist3 30.dist3 31.dist3 32.dist3 33.dist3 34.dist3 35.dist3) 
>                         recast(line) color(maroon)
>                         ciopts(recast(rarea) color(maroon%30) lwidth(none))
>                         )
>                         
>                 (`r'2, keep(16.dist3 17.dist3 18.dist3 19.dist3 20.dist3 21.dist3 22.dist3 23.dist3 24.dist3 25.dist3) 
>                         recast(line) color(gs5%30) 
>                         ciopts(recast(rarea) color(gs5%30) lwidth(none))
>                         )
>                 
>                 /* strict side graphing variables */
>                 (`r'2, keep(26.dist3 27.dist3 28.dist3 29.dist3 30.dist3 31.dist3 32.dist3 33.dist3 34.dist3 35.dist3) 
>                         recast(line) color(gs5%30)
>                         ciopts(recast(rarea) color(gs5%30) lwidth(none))
>                         ),
> 
>                 /* plot region */
>                 vertical levels(95) baselevels offset(0)
>                 graphregion(fc(white) lcolor(white)) plotregion(fc(white) lcolor(white))
> 
>                 xline(10.5, lpattern(dash) lwidth(thin) lcolor(black))
>                 yline(0, lpattern(dash) lwidth(thin) lcolor(black))
> 
>                 /* titles, subtitles, notes */          
>                 title("{bf:`title'}", size(3) pos(12) margin(t=0 b=0 l=0 r=0) span)
> 
>                 /* axis titles and labels */            
>                 ylabel(, labsize(4) gmin gmax) ymtick() 
>                 
>                 xlabel(1 "-.20" 2 "-.18" 3 "-.16" 4 "-.14" 5 "-.12" 6 "-.10" 7 "-.08" 8 "-.06" 9 "-.04" 10 "-.02" 10.5 "0"
>                         11 ".02" 12 ".04" 13 ".06" 14 ".08" 15 ".10" 16 ".12" 17 ".14" 18 ".16" 19 ".18" 20 ".20", labsize(3) angle(45) gmax)
>                         
>                 /* legend */
>                 legend(off position(6) 
>                         order()
>                         symy(2) symx(3) 
>                         rows(1) cols() size(2) 
>                         nobox fcolor()
>                         region(fcolor(none) lpattern(blank))
>                         margin(t=1 b=1 l=0 r=0)span)
>                 name(`r'3, replace) ;
 14.                         graph combine `r'3,
>                 graphregion(fc(white) lcolor(white))
>                 l1title("{bf:`l1_title'}", size(3) margin(t=0 b=0 l=0 r=1))
>                 b1title("`b1_title'", size(2))
>                 b2title("{bf:`b2_title'}", size(3) margin(t=1 b=0 l=0 r=0))
>                 name("`r'a", replace);
 15.                 graph save "`r'a" "$EXPORTPATH/`suffix'_`str'", replace;
 16.         graph close "`r'a";
 17.         #delimit cr
delimiter now cr
. }
(file /shared/boston_zoning/working_paper/replication_package/analysis/robustness_mtlines_output/coef_rent_robustness_acs_both_du.gph not found)
file /shared/boston_zoning/working_paper/replication_package/analysis/robustness_mtlines_output/coef_rent_robustness_acs_both_du.gph saved
(file /shared/boston_zoning/working_paper/replication_package/analysis/robustness_mtlines_output/coef_rent_robustness_acs_both_duhe.gph not found)
file /shared/boston_zoning/working_paper/replication_package/analysis/robustness_mtlines_output/coef_rent_robustness_acs_both_duhe.gph saved
(file /shared/boston_zoning/working_paper/replication_package/analysis/robustness_mtlines_output/coef_rent_robustness_acs_both_he.gph not found)
file /shared/boston_zoning/working_paper/replication_package/analysis/robustness_mtlines_output/coef_rent_robustness_acs_both_he.gph saved

. 
. * combine all
. #delimit ;
delimiter now ;
. graph combine rent_du3 rent_duhe3 rent_he3,
>         rows(3) cols(2) ysize() xsize() iscale() imargin(0)
>         graphregion(fc(white) lcolor(white))
>         l1title("{bf:`l1_title'}", size(3) margin(t=0 b=0 l=0 r=1))
>         b1title("`b1_title'", size(2))
>         b2title("{bf:`b2_title'}", size(3) margin(t=1 b=0 l=0 r=0))
>         name("final_graph", replace);
(note:  named style 0 not found in class margin, default attributes used)
(note:  named style 0 not found in class margin, default attributes used)
(note:  named style 0 not found in class margin, default attributes used)

.                 graph save "final_graph" "$EXPORTPATH/`suffix'_all", replace;
(file /shared/boston_zoning/working_paper/replication_package/analysis/robustness_mtlines_output/coef_rent_robustness_acs_both_all.gph not found)
file /shared/boston_zoning/working_paper/replication_package/analysis/robustness_mtlines_output/coef_rent_robustness_acs_both_all.gph saved

. #delimit cr     
delimiter now cr
. 
. eststo clear

. graph close _all

. 
. 
. ********************************************************************************
. ** Part 9: Sales prices (baseline is salesprice_table_baseline.tex from point 1)
. * Part 9a: Sales prices, relaxed2 definition 
. * Part 9b: Sales prices, relaxed3 definition
. * Part 9c: Sales prices, relaxed4 definition
. * Part 9d: Sales prices, only clear boundaries
. ********************************************************************************
. ** regressions
. * set regression conditions
. local regression_conditions (last_saleyr>=2010 & last_saleyr<=2018) & (dist_both2<=0.21 & dist_both2>=-0.2) & res_typex=="Single Family Res"

. 
. * Part 9a: Sales price (relaxed 2 definition)
. quietly eststo price_du: reg log_saleprice ib26.dist3_2 i.lam_seg i.last_saleyr if only_du==1 & `regression_conditions', vce(cluster lam_seg)

. sum def_saleprice if only_du == 1 & (last_saleyr>=2010 & last_saleyr<=2018) & (dist_both2<=0.02 & dist_both2>0) & res_typex=="Single Family Res" & last_salepr > 0

    Variable |        Obs        Mean    Std. dev.       Min        Max
-------------+---------------------------------------------------------
def_salepr~e |      5,551    624149.2    377675.7   37285.19    2068167

. sum def_saleprice if only_du == 1 & (last_saleyr>=2010 & last_saleyr<=2018) & (dist_both2<=0 & dist_both2>-0.02) & res_typex=="Single Family Res" & last_salepr > 0

    Variable |        Obs        Mean    Std. dev.       Min        Max
-------------+---------------------------------------------------------
def_salepr~e |      4,182    623843.2    346605.5   123868.7    2076372

. 
. quietly eststo price_duhe: reg log_saleprice ib26.dist3_2 i.lam_seg i.last_saleyr if du_he == 1 & `regression_conditions', vce(cluster lam_seg)

. sum def_saleprice if du_he == 1 & (last_saleyr>=2010 & last_saleyr<=2018) & (dist_both2<=0.02 & dist_both2>0) & res_typex=="Single Family Res" & last_salepr > 0

    Variable |        Obs        Mean    Std. dev.       Min        Max
-------------+---------------------------------------------------------
def_salepr~e |        372    536629.7    366874.2   131963.5    1953939

. sum def_saleprice if du_he == 1 & (last_saleyr>=2010 & last_saleyr<=2018) & (dist_both2<=0 & dist_both2>-0.02) & res_typex=="Single Family Res" & last_salepr > 0

    Variable |        Obs        Mean    Std. dev.       Min        Max
-------------+---------------------------------------------------------
def_salepr~e |        524    526963.3      403571   120863.4    2036865

. 
. quietly eststo price_mfdu: reg log_saleprice ib26.dist3_2 i.lam_seg i.last_saleyr if  mf_du == 1 & `regression_conditions', vce(cluster lam_seg)

. sum def_saleprice if mf_du == 1 & (last_saleyr>=2010 & last_saleyr<=2018) & (dist_both2<=0.02 & dist_both2>0) & res_typex=="Single Family Res" & last_salepr > 0

    Variable |        Obs        Mean    Std. dev.       Min        Max
-------------+---------------------------------------------------------
def_salepr~e |      2,170    540016.4    352152.9   83950.88    2082549

. sum def_saleprice if mf_du == 1 & (last_saleyr>=2010 & last_saleyr<=2018) & (dist_both2<=0 & dist_both2>-0.02) & res_typex=="Single Family Res" & last_salepr > 0

    Variable |        Obs        Mean    Std. dev.       Min        Max
-------------+---------------------------------------------------------
def_salepr~e |      1,960    637312.5    433886.4   105264.3    2091146

. 
. quietly eststo price_mf: reg log_saleprice ib26.dist3_2 i.lam_seg i.last_saleyr if only_mf== 1 & `regression_conditions', vce(cluster lam_seg)

. sum def_saleprice if only_mf == 1 & (last_saleyr>=2010 & last_saleyr<=2018) & (dist_both2<=0.02 & dist_both2>0) & res_typex=="Single Family Res" & last_salepr > 0

    Variable |        Obs        Mean    Std. dev.       Min        Max
-------------+---------------------------------------------------------
def_salepr~e |        248    506414.3      195635   150136.7    1038877

. sum def_saleprice if only_mf == 1 & (last_saleyr>=2010 & last_saleyr<=2018) & (dist_both2<=0 & dist_both2>-0.02) & res_typex=="Single Family Res" & last_salepr > 0

    Variable |        Obs        Mean    Std. dev.       Min        Max
-------------+---------------------------------------------------------
def_salepr~e |        443    646885.7    234756.5   206057.1    1656613

. 
. quietly eststo price_mfhe: reg log_saleprice ib26.dist3_2 i.lam_seg i.last_saleyr if mf_he == 1 & `regression_conditions', vce(cluster lam_seg)

. sum def_saleprice if mf_he == 1 & (last_saleyr>=2010 & last_saleyr<=2018) & (dist_both2<=0.02 & dist_both2>0) & res_typex=="Single Family Res" & last_salepr > 0

    Variable |        Obs        Mean    Std. dev.       Min        Max
-------------+---------------------------------------------------------
def_salepr~e |        136    704548.1    467653.6   176649.2    1896467

. sum def_saleprice if mf_he == 1 & (last_saleyr>=2010 & last_saleyr<=2018) & (dist_both2<=0 & dist_both2>-0.02) & res_typex=="Single Family Res" & last_salepr > 0

    Variable |        Obs        Mean    Std. dev.       Min        Max
-------------+---------------------------------------------------------
def_salepr~e |        188    736497.8    440508.5     212187    2041975

. 
. quietly eststo price_he: reg log_saleprice ib26.dist3_2 i.lam_seg i.last_saleyr if only_he == 1 & `regression_conditions', vce(cluster lam_seg)

. sum def_saleprice if only_he == 1 & (last_saleyr>=2010 & last_saleyr<=2018) & (dist_both2<=0.02 & dist_both2>0) & res_typex=="Single Family Res" & last_salepr > 0

    Variable |        Obs        Mean    Std. dev.       Min        Max
-------------+---------------------------------------------------------
def_salepr~e |        377      771412    438842.3     186592    1977911

. sum def_saleprice if only_he == 1 & (last_saleyr>=2010 & last_saleyr<=2018) & (dist_both2<=0 & dist_both2>-0.02) & res_typex=="Single Family Res" & last_salepr > 0

    Variable |        Obs        Mean    Std. dev.       Min        Max
-------------+---------------------------------------------------------
def_salepr~e |        247    838266.5    484622.5   144302.2    2027565

.         
. esttab price_du price_duhe price_mfdu price_mf price_mfhe price_he, ///
>         se r2 indicate("Boundary f.e.=*lam_seg" "Year f.e.=*last_saleyr") interaction(" X ") ///
>         label mtitles("price_du" "price_duhe" "price_mfdu" "price_mf" "price_mfhe" "price_he") ///
>         title("Sales Prices baseline") 

Sales Prices baseline
--------------------------------------------------------------------------------------------------------------------
                              (1)             (2)             (3)             (4)             (5)             (6)   
                         price_du      price_duhe      price_mfdu        price_mf      price_mfhe        price_he   
--------------------------------------------------------------------------------------------------------------------
-.2                         0.167***      -0.0331           0.111           0.529*                                  
                         (0.0317)        (0.0733)        (0.0623)         (0.223)                                   

-.18                        0.151***      -0.0113          0.0821          0.0498          0.0924         -0.0473   
                         (0.0368)         (0.140)        (0.0464)        (0.0869)        (0.0854)        (0.0606)   

-.16                        0.132***       0.0857          0.0891         -0.0143           0.416***       -0.381***
                         (0.0366)        (0.0709)        (0.0471)         (0.141)        (0.0918)        (0.0787)   

-.14                        0.105***      -0.0422          0.0888          0.0990          0.0495                   
                         (0.0314)        (0.0867)        (0.0462)        (0.0698)         (0.167)                   

-.12                        0.135***       0.0639          0.0432           0.139*          0.186*         -0.212   
                         (0.0307)        (0.0719)        (0.0443)        (0.0679)        (0.0687)         (0.268)   

-.1                         0.131***      -0.0252          0.0479          0.0431           0.389*          0.191   
                         (0.0353)        (0.0955)        (0.0374)        (0.0915)         (0.171)         (0.129)   

-.08                        0.118***      -0.0456          0.0406          0.0322           0.195         -0.0666   
                         (0.0257)        (0.0633)        (0.0345)        (0.0618)         (0.247)        (0.0700)   

-.06                        0.119***      -0.0913          0.0375          0.0286         -0.0907           0.158*  
                         (0.0272)        (0.0651)        (0.0463)        (0.0795)         (0.126)        (0.0765)   

-.04                       0.0994***      0.00544          0.0510         -0.0203        -0.00271          0.0788   
                         (0.0247)        (0.0485)        (0.0330)        (0.0828)         (0.110)         (0.101)   

-.02                       0.0443*        -0.0111          0.0279          0.0669           0.197         -0.0217   
                         (0.0222)        (0.0493)        (0.0285)        (0.0470)         (0.107)        (0.0967)   

0                               0               0               0               0               0               0   
                              (.)             (.)             (.)             (.)             (.)             (.)   

.02                       -0.0317         -0.0300         0.00915         -0.0450          0.0446         0.00526   
                         (0.0210)        (0.0775)        (0.0281)        (0.0565)        (0.0555)        (0.0535)   

.04                       -0.0581*        -0.0659         0.00613          0.0248          -0.133         -0.0721   
                         (0.0232)        (0.0475)        (0.0250)        (0.0488)        (0.0746)        (0.0556)   

.06                       -0.0651**        0.0672         0.00676          -0.111         -0.0452          -0.142*  
                         (0.0221)        (0.0440)        (0.0341)        (0.0785)         (0.139)        (0.0602)   

.08                       -0.0679**         0.339          0.0112        -0.00510         0.00640          -0.213** 
                         (0.0255)         (0.205)        (0.0398)        (0.0942)         (0.132)        (0.0663)   

.1                        -0.0874**        0.0173         0.00989         -0.0586          0.0474          -0.125   
                         (0.0267)        (0.0362)        (0.0470)         (0.128)         (0.164)        (0.0961)   

.12                       -0.0556*         -0.167         -0.0139        -0.00608          -0.232         -0.0269   
                         (0.0261)         (0.101)        (0.0579)         (0.101)         (0.115)        (0.0961)   

.14                       -0.0771**         0.112*        -0.0652           0.165           0.245*         -0.140   
                         (0.0277)        (0.0527)        (0.0427)         (0.118)         (0.114)        (0.0888)   

.16                       -0.0659*          0.231***      -0.0902          -0.159*          0.188         -0.0465   
                         (0.0255)        (0.0502)        (0.0548)        (0.0744)         (0.149)         (0.101)   

.18                       -0.0626                          0.0517          0.0693           0.291*         -0.221   
                         (0.0321)                        (0.0562)         (0.137)         (0.123)         (0.146)   

.2                        -0.0816*                        -0.0851          0.0807           0.490***      -0.0989   
                         (0.0396)                        (0.0900)        (0.0541)         (0.108)        (0.0682)   

Constant                    13.23***        12.46***        13.08***        12.66***        13.12***        12.85***
                         (0.0249)        (0.0509)        (0.0481)        (0.0540)         (0.130)        (0.0642)   

Boundary f.e.                 Yes             Yes             Yes             Yes             Yes             Yes   

Year f.e.                     Yes             Yes             Yes             Yes             Yes             Yes   
--------------------------------------------------------------------------------------------------------------------
Observations                56561            3117           18810            2178             990            3140   
R-squared                   0.616           0.848           0.723           0.667           0.869           0.643   
--------------------------------------------------------------------------------------------------------------------
Standard errors in parentheses
* p<0.05, ** p<0.01, *** p<0.001

.           
. esttab price_du price_duhe price_mfdu price_mf price_mfhe price_he using "$EXPORTPATH/salesprice_table_relaxed2.tex", replace keep(25.dist3_2) ///
>         se r2 indicate("Boundary f.e.=*lam_seg" "Year f.e.=*last_saleyr") interaction(" X ") ///
>         label mtitles("price_du" "price_duhe" "price_mfdu" "price_mf" "price_mfhe" "price_he") ///
>         title("Sales Prices baseline") 
(file /shared/boston_zoning/working_paper/replication_package/analysis/robustness_mtlines_output/salesprice_table_relaxed2.tex not found)
(output written to /shared/boston_zoning/working_paper/replication_package/analysis/robustness_mtlines_output/salesprice_table_relaxed2.tex)

.         
. * robust s.e.
. quietly eststo price_du_robust: reg log_saleprice ib26.dist3_2 i.lam_seg i.last_saleyr if only_du==1 & `regression_conditions', vce(robust)

. 
. quietly eststo price_duhe_robust: reg log_saleprice ib26.dist3_2 i.lam_seg i.last_saleyr if du_he == 1 & `regression_conditions', vce(robust)

. 
. quietly eststo price_mfdu_robust: reg log_saleprice ib26.dist3_2 i.lam_seg i.last_saleyr if  mf_du == 1 & `regression_conditions', vce(robust)

. 
. quietly eststo price_mf_robust: reg log_saleprice ib26.dist3_2 i.lam_seg i.last_saleyr if only_mf== 1 & `regression_conditions', vce(robust)

. 
. quietly eststo price_mfhe_robust: reg log_saleprice ib26.dist3_2 i.lam_seg i.last_saleyr if mf_he == 1 & `regression_conditions', vce(robust)

. 
. quietly eststo price_he_robust: reg log_saleprice ib26.dist3_2 i.lam_seg i.last_saleyr if only_he == 1 & `regression_conditions', vce(robust)

.         
. esttab price_du_robust price_duhe_robust price_mfdu_robust price_mf_robust price_mfhe_robust price_he_robust, ///
>         se r2 indicate("Boundary f.e.=*lam_seg" "Year f.e.=*last_saleyr") interaction(" X ") ///
>         label mtitles("price_du" "price_duhe" "price_mfdu" "price_mf" "price_mfhe" "price_he") ///
>         title("Sales Prices baseline, robust s.e.") 

Sales Prices baseline, robust s.e.
--------------------------------------------------------------------------------------------------------------------
                              (1)             (2)             (3)             (4)             (5)             (6)   
                         price_du      price_duhe      price_mfdu        price_mf      price_mfhe        price_he   
--------------------------------------------------------------------------------------------------------------------
-.2                         0.167***      -0.0331           0.111***        0.529***                                
                         (0.0115)        (0.0301)        (0.0160)        (0.0665)                                   

-.18                        0.151***      -0.0113          0.0821***       0.0498          0.0924         -0.0473   
                         (0.0107)        (0.0511)        (0.0152)        (0.0725)        (0.0782)         (0.236)   

-.16                        0.132***       0.0857**        0.0891***      -0.0143           0.416***       -0.381   
                         (0.0106)        (0.0315)        (0.0255)        (0.0541)        (0.0534)         (0.256)   

-.14                        0.105***      -0.0422          0.0888***       0.0990          0.0495                   
                        (0.00885)        (0.0336)        (0.0156)        (0.0519)        (0.0701)                   

-.12                        0.135***       0.0639*         0.0432**         0.139**         0.186***       -0.212   
                        (0.00914)        (0.0271)        (0.0153)        (0.0446)        (0.0413)         (0.134)   

-.1                         0.131***      -0.0252          0.0479***       0.0431           0.389***        0.191***
                        (0.00872)        (0.0292)        (0.0121)        (0.0441)        (0.0905)        (0.0553)   

-.08                        0.118***      -0.0456          0.0406**        0.0322           0.195*        -0.0666   
                        (0.00821)        (0.0245)        (0.0127)        (0.0299)        (0.0787)        (0.0595)   

-.06                        0.119***      -0.0913**        0.0375**        0.0286         -0.0907           0.158***
                        (0.00758)        (0.0279)        (0.0127)        (0.0296)        (0.0508)        (0.0308)   

-.04                       0.0994***      0.00544          0.0510***      -0.0203        -0.00271          0.0788*  
                        (0.00714)        (0.0223)        (0.0123)        (0.0291)        (0.0442)        (0.0341)   

-.02                       0.0443***      -0.0111          0.0279**        0.0669*          0.197***      -0.0217   
                        (0.00703)        (0.0193)       (0.00994)        (0.0264)        (0.0355)        (0.0292)   

0                               0               0               0               0               0               0   
                              (.)             (.)             (.)             (.)             (.)             (.)   

.02                       -0.0317***      -0.0300         0.00915         -0.0450          0.0446         0.00526   
                        (0.00629)        (0.0269)       (0.00954)        (0.0370)        (0.0373)        (0.0301)   

.04                       -0.0581***      -0.0659*        0.00613          0.0248          -0.133**       -0.0721** 
                        (0.00671)        (0.0323)        (0.0106)        (0.0401)        (0.0444)        (0.0277)   

.06                       -0.0651***       0.0672*        0.00676          -0.111**       -0.0452          -0.142***
                        (0.00705)        (0.0302)        (0.0113)        (0.0426)        (0.0677)        (0.0256)   

.08                       -0.0679***        0.339*         0.0112        -0.00510         0.00640          -0.213***
                        (0.00686)         (0.161)        (0.0158)        (0.0595)        (0.0615)        (0.0267)   

.1                        -0.0874***       0.0173         0.00989         -0.0586          0.0474          -0.125***
                        (0.00736)        (0.0407)        (0.0137)        (0.0584)        (0.0687)        (0.0284)   

.12                       -0.0556***       -0.167***      -0.0139        -0.00608          -0.232***      -0.0269   
                        (0.00800)        (0.0432)        (0.0152)        (0.0476)        (0.0632)        (0.0297)   

.14                       -0.0771***        0.112         -0.0652***        0.165           0.245***       -0.140***
                        (0.00848)        (0.0663)        (0.0156)        (0.0947)        (0.0605)        (0.0353)   

.16                       -0.0659***        0.231*        -0.0902***       -0.159*          0.188**       -0.0465   
                        (0.00906)        (0.0999)        (0.0191)        (0.0758)        (0.0666)        (0.0336)   

.18                       -0.0626***                       0.0517**        0.0693           0.291***       -0.221***
                        (0.00930)                        (0.0190)        (0.0663)        (0.0534)        (0.0377)   

.2                        -0.0816***                      -0.0851**        0.0807           0.490***      -0.0989** 
                         (0.0124)                        (0.0310)        (0.0840)        (0.0592)        (0.0338)   

Constant                    13.23***        12.46***        13.08***        12.66***        13.12***        12.85***
                         (0.0329)        (0.0252)        (0.0485)        (0.0417)        (0.0732)        (0.0419)   

Boundary f.e.                 Yes             Yes             Yes             Yes             Yes             Yes   

Year f.e.                     Yes             Yes             Yes             Yes             Yes             Yes   
--------------------------------------------------------------------------------------------------------------------
Observations                56561            3117           18810            2178             990            3140   
R-squared                   0.616           0.848           0.723           0.667           0.869           0.643   
--------------------------------------------------------------------------------------------------------------------
Standard errors in parentheses
* p<0.05, ** p<0.01, *** p<0.001

. 
. eststo clear    

.         
. * Part 9b: Sales price (relaxed 3 definition)
. local regression_conditions (last_saleyr>=2010 & last_saleyr<=2018) & (dist_both3<=0.21 & dist_both3>=-0.2) & res_typex=="Single Family Res"

. 
. quietly eststo price_du: reg log_saleprice ib26.dist3_3 i.lam_seg i.last_saleyr if only_du==1 & `regression_conditions', vce(cluster lam_seg)

. sum def_saleprice if only_du == 1 & (last_saleyr>=2010 & last_saleyr<=2018) & (dist_both3<=0.02 & dist_both3>0) & res_typex=="Single Family Res" & last_salepr > 0

    Variable |        Obs        Mean    Std. dev.       Min        Max
-------------+---------------------------------------------------------
def_salepr~e |      5,551    624149.2    377675.7   37285.19    2068167

. sum def_saleprice if only_du == 1 & (last_saleyr>=2010 & last_saleyr<=2018) & (dist_both3<=0 & dist_both3>-0.02) & res_typex=="Single Family Res" & last_salepr > 0

    Variable |        Obs        Mean    Std. dev.       Min        Max
-------------+---------------------------------------------------------
def_salepr~e |      4,182    623843.2    346605.5   123868.7    2076372

.         
. quietly eststo price_duhe: reg log_saleprice ib26.dist3_3 i.lam_seg i.last_saleyr if du_he == 1 & `regression_conditions', vce(cluster lam_seg)

. sum def_saleprice if du_he == 1 & (last_saleyr>=2010 & last_saleyr<=2018) & (dist_both3<=0.02 & dist_both3>0) & res_typex=="Single Family Res" & last_salepr > 0

    Variable |        Obs        Mean    Std. dev.       Min        Max
-------------+---------------------------------------------------------
def_salepr~e |        457    510297.6    370116.4   120863.4    2036865

. sum def_saleprice if du_he == 1 & (last_saleyr>=2010 & last_saleyr<=2018) & (dist_both3<=0 & dist_both3>-0.02) & res_typex=="Single Family Res" & last_salepr > 0

    Variable |        Obs        Mean    Std. dev.       Min        Max
-------------+---------------------------------------------------------
def_salepr~e |        439    552503.4    406207.3   129089.7    2014910

. 
. quietly eststo price_mfdu: reg log_saleprice ib26.dist3_3 i.lam_seg i.last_saleyr if  mf_du == 1 & `regression_conditions', vce(cluster lam_seg)

. sum def_saleprice if mf_du == 1 & (last_saleyr>=2010 & last_saleyr<=2018) & (dist_both3<=0.02 & dist_both3>0) & res_typex=="Single Family Res" & last_salepr > 0

    Variable |        Obs        Mean    Std. dev.       Min        Max
-------------+---------------------------------------------------------
def_salepr~e |      2,170    540016.4    352152.9   83950.88    2082549

. sum def_saleprice if mf_du == 1 & (last_saleyr>=2010 & last_saleyr<=2018) & (dist_both3<=0 & dist_both3>-0.02) & res_typex=="Single Family Res" & last_salepr > 0

    Variable |        Obs        Mean    Std. dev.       Min        Max
-------------+---------------------------------------------------------
def_salepr~e |      1,960    637312.5    433886.4   105264.3    2091146

. 
. quietly eststo price_mf: reg log_saleprice ib26.dist3_3 i.lam_seg i.last_saleyr if only_mf== 1 & `regression_conditions', vce(cluster lam_seg)

. sum def_saleprice if only_mf == 1 & (last_saleyr>=2010 & last_saleyr<=2018) & (dist_both3<=0.02 & dist_both3>0) & res_typex=="Single Family Res" & last_salepr > 0

    Variable |        Obs        Mean    Std. dev.       Min        Max
-------------+---------------------------------------------------------
def_salepr~e |        248    506414.3      195635   150136.7    1038877

. sum def_saleprice if only_mf == 1 & (last_saleyr>=2010 & last_saleyr<=2018) & (dist_both3<=0 & dist_both3>-0.02) & res_typex=="Single Family Res" & last_salepr > 0

    Variable |        Obs        Mean    Std. dev.       Min        Max
-------------+---------------------------------------------------------
def_salepr~e |        443    646885.7    234756.5   206057.1    1656613

. 
. quietly eststo price_mfhe: reg log_saleprice ib26.dist3_3 i.lam_seg i.last_saleyr if mf_he == 1 & `regression_conditions', vce(cluster lam_seg)

. sum def_saleprice if mf_he == 1 & (last_saleyr>=2010 & last_saleyr<=2018) & (dist_both3<=0.02 & dist_both3>0) & res_typex=="Single Family Res" & last_salepr > 0

    Variable |        Obs        Mean    Std. dev.       Min        Max
-------------+---------------------------------------------------------
def_salepr~e |        136    704548.1    467653.6   176649.2    1896467

. sum def_saleprice if mf_he == 1 & (last_saleyr>=2010 & last_saleyr<=2018) & (dist_both3<=0 & dist_both3>-0.02) & res_typex=="Single Family Res" & last_salepr > 0

    Variable |        Obs        Mean    Std. dev.       Min        Max
-------------+---------------------------------------------------------
def_salepr~e |        188    736497.8    440508.5     212187    2041975

. 
. quietly eststo price_he: reg log_saleprice ib26.dist3_3 i.lam_seg i.last_saleyr if only_he == 1 & `regression_conditions', vce(cluster lam_seg)

. sum def_saleprice if only_he == 1 & (last_saleyr>=2010 & last_saleyr<=2018) & (dist_both3<=0.02 & dist_both3>0) & res_typex=="Single Family Res" & last_salepr > 0

    Variable |        Obs        Mean    Std. dev.       Min        Max
-------------+---------------------------------------------------------
def_salepr~e |        377      771412    438842.3     186592    1977911

. sum def_saleprice if only_he == 1 & (last_saleyr>=2010 & last_saleyr<=2018) & (dist_both3<=0 & dist_both3>-0.02) & res_typex=="Single Family Res" & last_salepr > 0

    Variable |        Obs        Mean    Std. dev.       Min        Max
-------------+---------------------------------------------------------
def_salepr~e |        247    838266.5    484622.5   144302.2    2027565

. 
. esttab price_du price_duhe price_mfdu price_mf price_mfhe price_he, ///
>         se r2 indicate("Boundary f.e.=*lam_seg" "Year f.e.=*last_saleyr") interaction(" X ") ///
>         label mtitles("price_du" "price_duhe" "price_mfdu" "price_mf" "price_mfhe" "price_he") ///
>         title("Sales Prices, relaxed 3") 

Sales Prices, relaxed 3
--------------------------------------------------------------------------------------------------------------------
                              (1)             (2)             (3)             (4)             (5)             (6)   
                         price_du      price_duhe      price_mfdu        price_mf      price_mfhe        price_he   
--------------------------------------------------------------------------------------------------------------------
-.2                         0.167***       0.0734           0.111           0.529*                                  
                         (0.0317)        (0.0886)        (0.0623)         (0.223)                                   

-.18                        0.151***       0.0753          0.0821          0.0498          0.0924         -0.0473   
                         (0.0368)        (0.0905)        (0.0464)        (0.0869)        (0.0854)        (0.0606)   

-.16                        0.132***        0.141          0.0891         -0.0143           0.416***       -0.381***
                         (0.0366)        (0.0750)        (0.0471)         (0.141)        (0.0918)        (0.0787)   

-.14                        0.105***        0.144*         0.0888          0.0990          0.0495                   
                         (0.0314)        (0.0704)        (0.0462)        (0.0698)         (0.167)                   

-.12                        0.135***       0.0627          0.0432           0.139*          0.186*         -0.212   
                         (0.0307)        (0.0964)        (0.0443)        (0.0679)        (0.0687)         (0.268)   

-.1                         0.131***      -0.0620          0.0479          0.0431           0.389*          0.191   
                         (0.0353)        (0.0933)        (0.0374)        (0.0915)         (0.171)         (0.129)   

-.08                        0.118***     -0.00597          0.0406          0.0322           0.195         -0.0666   
                         (0.0257)        (0.0580)        (0.0345)        (0.0618)         (0.247)        (0.0700)   

-.06                        0.119***      -0.0453          0.0375          0.0286         -0.0907           0.158*  
                         (0.0272)        (0.0646)        (0.0463)        (0.0795)         (0.126)        (0.0765)   

-.04                       0.0994***       0.0294          0.0510         -0.0203        -0.00271          0.0788   
                         (0.0247)        (0.0502)        (0.0330)        (0.0828)         (0.110)         (0.101)   

-.02                       0.0443*         0.0182          0.0279          0.0669           0.197         -0.0217   
                         (0.0222)        (0.0506)        (0.0285)        (0.0470)         (0.107)        (0.0967)   

0                               0               0               0               0               0               0   
                              (.)             (.)             (.)             (.)             (.)             (.)   

.02                       -0.0317         -0.0208         0.00915         -0.0450          0.0446         0.00526   
                         (0.0210)        (0.0663)        (0.0281)        (0.0565)        (0.0555)        (0.0535)   

.04                       -0.0581*        -0.0985         0.00613          0.0248          -0.133         -0.0721   
                         (0.0232)        (0.0562)        (0.0250)        (0.0488)        (0.0746)        (0.0556)   

.06                       -0.0651**      -0.00338         0.00676          -0.111         -0.0452          -0.142*  
                         (0.0221)        (0.0742)        (0.0341)        (0.0785)         (0.139)        (0.0602)   

.08                       -0.0679**         0.226**        0.0112        -0.00510         0.00640          -0.213** 
                         (0.0255)        (0.0808)        (0.0398)        (0.0942)         (0.132)        (0.0663)   

.1                        -0.0874**         0.112*        0.00989         -0.0586          0.0474          -0.125   
                         (0.0267)        (0.0427)        (0.0470)         (0.128)         (0.164)        (0.0961)   

.12                       -0.0556*         -0.137*        -0.0139        -0.00608          -0.232         -0.0269   
                         (0.0261)        (0.0673)        (0.0579)         (0.101)         (0.115)        (0.0961)   

.14                       -0.0771**         0.147***      -0.0652           0.165           0.245*         -0.140   
                         (0.0277)        (0.0421)        (0.0427)         (0.118)         (0.114)        (0.0888)   

.16                       -0.0659*         0.0126         -0.0902          -0.159*          0.188         -0.0465   
                         (0.0255)         (0.221)        (0.0548)        (0.0744)         (0.149)         (0.101)   

.18                       -0.0626         -0.0180          0.0517          0.0693           0.291*         -0.221   
                         (0.0321)        (0.0355)        (0.0562)         (0.137)         (0.123)         (0.146)   

.2                        -0.0816*        0.00606         -0.0851          0.0807           0.490***      -0.0989   
                         (0.0396)         (0.122)        (0.0900)        (0.0541)         (0.108)        (0.0682)   

Constant                    13.23***        12.47***        13.08***        12.66***        13.12***        12.85***
                         (0.0249)        (0.0526)        (0.0481)        (0.0540)         (0.130)        (0.0642)   

Boundary f.e.                 Yes             Yes             Yes             Yes             Yes             Yes   

Year f.e.                     Yes             Yes             Yes             Yes             Yes             Yes   
--------------------------------------------------------------------------------------------------------------------
Observations                56561            3137           18810            2178             990            3140   
R-squared                   0.616           0.850           0.723           0.667           0.869           0.643   
--------------------------------------------------------------------------------------------------------------------
Standard errors in parentheses
* p<0.05, ** p<0.01, *** p<0.001

.           
. esttab price_du price_duhe price_mfdu price_mf price_mfhe price_he using "$EXPORTPATH/salesprice_table_relaxed3.tex", replace keep(25.dist3_3) ///
>         se r2 indicate("Boundary f.e.=*lam_seg" "Year f.e.=*last_saleyr") interaction(" X ") ///
>         label mtitles("price_du" "price_duhe" "price_mfdu" "price_mf" "price_mfhe" "price_he") ///
>         title("Sales Prices, relaxed 3") 
(file /shared/boston_zoning/working_paper/replication_package/analysis/robustness_mtlines_output/salesprice_table_relaxed3.tex not found)
(output written to /shared/boston_zoning/working_paper/replication_package/analysis/robustness_mtlines_output/salesprice_table_relaxed3.tex)

.         
. * robust s.e.
. quietly eststo price_du_robust: reg log_saleprice ib26.dist3_3 i.lam_seg i.last_saleyr if only_du==1 & `regression_conditions', vce(robust)

.         
. quietly eststo price_duhe_robust: reg log_saleprice ib26.dist3_3 i.lam_seg i.last_saleyr if du_he == 1 & `regression_conditions', vce(robust)

. 
. quietly eststo price_mfdu_robust: reg log_saleprice ib26.dist3_3 i.lam_seg i.last_saleyr if  mf_du == 1 & `regression_conditions', vce(robust)

. 
. quietly eststo price_mf_robust: reg log_saleprice ib26.dist3_3 i.lam_seg i.last_saleyr if only_mf== 1 & `regression_conditions', vce(robust)

. 
. quietly eststo price_mfhe_robust: reg log_saleprice ib26.dist3_3 i.lam_seg i.last_saleyr if mf_he == 1 & `regression_conditions', vce(robust)

. 
. quietly eststo price_he_robust: reg log_saleprice ib26.dist3_3 i.lam_seg i.last_saleyr if only_he == 1 & `regression_conditions', vce(robust)

.         
. esttab price_du_robust price_duhe_robust price_mfdu_robust price_mf_robust price_mfhe_robust price_he_robust, ///
>         se r2 indicate("Boundary f.e.=*lam_seg" "Year f.e.=*last_saleyr") interaction(" X ") ///
>         label mtitles("price_du" "price_duhe" "price_mfdu" "price_mf" "price_mfhe" "price_he") ///
>         title("Sales Prices baseline, robust s.e.") 

Sales Prices baseline, robust s.e.
--------------------------------------------------------------------------------------------------------------------
                              (1)             (2)             (3)             (4)             (5)             (6)   
                         price_du      price_duhe      price_mfdu        price_mf      price_mfhe        price_he   
--------------------------------------------------------------------------------------------------------------------
-.2                         0.167***       0.0734*          0.111***        0.529***                                
                         (0.0115)        (0.0366)        (0.0160)        (0.0665)                                   

-.18                        0.151***       0.0753          0.0821***       0.0498          0.0924         -0.0473   
                         (0.0107)        (0.0673)        (0.0152)        (0.0725)        (0.0782)         (0.236)   

-.16                        0.132***        0.141***       0.0891***      -0.0143           0.416***       -0.381   
                         (0.0106)        (0.0373)        (0.0255)        (0.0541)        (0.0534)         (0.256)   

-.14                        0.105***        0.144***       0.0888***       0.0990          0.0495                   
                        (0.00885)        (0.0345)        (0.0156)        (0.0519)        (0.0701)                   

-.12                        0.135***       0.0627*         0.0432**         0.139**         0.186***       -0.212   
                        (0.00914)        (0.0312)        (0.0153)        (0.0446)        (0.0413)         (0.134)   

-.1                         0.131***      -0.0620          0.0479***       0.0431           0.389***        0.191***
                        (0.00872)        (0.0343)        (0.0121)        (0.0441)        (0.0905)        (0.0553)   

-.08                        0.118***     -0.00597          0.0406**        0.0322           0.195*        -0.0666   
                        (0.00821)        (0.0231)        (0.0127)        (0.0299)        (0.0787)        (0.0595)   

-.06                        0.119***      -0.0453          0.0375**        0.0286         -0.0907           0.158***
                        (0.00758)        (0.0276)        (0.0127)        (0.0296)        (0.0508)        (0.0308)   

-.04                       0.0994***       0.0294          0.0510***      -0.0203        -0.00271          0.0788*  
                        (0.00714)        (0.0221)        (0.0123)        (0.0291)        (0.0442)        (0.0341)   

-.02                       0.0443***       0.0182          0.0279**        0.0669*          0.197***      -0.0217   
                        (0.00703)        (0.0193)       (0.00994)        (0.0264)        (0.0355)        (0.0292)   

0                               0               0               0               0               0               0   
                              (.)             (.)             (.)             (.)             (.)             (.)   

.02                       -0.0317***      -0.0208         0.00915         -0.0450          0.0446         0.00526   
                        (0.00629)        (0.0240)       (0.00954)        (0.0370)        (0.0373)        (0.0301)   

.04                       -0.0581***      -0.0985**       0.00613          0.0248          -0.133**       -0.0721** 
                        (0.00671)        (0.0312)        (0.0106)        (0.0401)        (0.0444)        (0.0277)   

.06                       -0.0651***     -0.00338         0.00676          -0.111**       -0.0452          -0.142***
                        (0.00705)        (0.0330)        (0.0113)        (0.0426)        (0.0677)        (0.0256)   

.08                       -0.0679***        0.226***       0.0112        -0.00510         0.00640          -0.213***
                        (0.00686)        (0.0519)        (0.0158)        (0.0595)        (0.0615)        (0.0267)   

.1                        -0.0874***        0.112***      0.00989         -0.0586          0.0474          -0.125***
                        (0.00736)        (0.0290)        (0.0137)        (0.0584)        (0.0687)        (0.0284)   

.12                       -0.0556***       -0.137***      -0.0139        -0.00608          -0.232***      -0.0269   
                        (0.00800)        (0.0331)        (0.0152)        (0.0476)        (0.0632)        (0.0297)   

.14                       -0.0771***        0.147***      -0.0652***        0.165           0.245***       -0.140***
                        (0.00848)        (0.0412)        (0.0156)        (0.0947)        (0.0605)        (0.0353)   

.16                       -0.0659***       0.0126         -0.0902***       -0.159*          0.188**       -0.0465   
                        (0.00906)        (0.0676)        (0.0191)        (0.0758)        (0.0666)        (0.0336)   

.18                       -0.0626***      -0.0180          0.0517**        0.0693           0.291***       -0.221***
                        (0.00930)        (0.0362)        (0.0190)        (0.0663)        (0.0534)        (0.0377)   

.2                        -0.0816***      0.00606         -0.0851**        0.0807           0.490***      -0.0989** 
                         (0.0124)        (0.0511)        (0.0310)        (0.0840)        (0.0592)        (0.0338)   

Constant                    13.23***        12.47***        13.08***        12.66***        13.12***        12.85***
                         (0.0329)        (0.0254)        (0.0485)        (0.0417)        (0.0732)        (0.0419)   

Boundary f.e.                 Yes             Yes             Yes             Yes             Yes             Yes   

Year f.e.                     Yes             Yes             Yes             Yes             Yes             Yes   
--------------------------------------------------------------------------------------------------------------------
Observations                56561            3137           18810            2178             990            3140   
R-squared                   0.616           0.850           0.723           0.667           0.869           0.643   
--------------------------------------------------------------------------------------------------------------------
Standard errors in parentheses
* p<0.05, ** p<0.01, *** p<0.001

. 
. eststo clear    

. 
. * Part 9c: Sales price (relaxed 4 definition)
. local regression_conditions (last_saleyr>=2010 & last_saleyr<=2018) & (dist_both4<=0.21 & dist_both4>=-0.2) & res_typex=="Single Family Res"

. 
. quietly eststo price_du: reg log_saleprice ib26.dist3_4 i.lam_seg i.last_saleyr if only_du==1 & `regression_conditions', vce(cluster lam_seg)

. sum def_saleprice if only_du == 1 & (last_saleyr>=2010 & last_saleyr<=2018) & (dist_both4<=0.02 & dist_both4>0) & res_typex=="Single Family Res" & last_salepr > 0

    Variable |        Obs        Mean    Std. dev.       Min        Max
-------------+---------------------------------------------------------
def_salepr~e |      5,551    624149.2    377675.7   37285.19    2068167

. sum def_saleprice if only_du == 1 & (last_saleyr>=2010 & last_saleyr<=2018) & (dist_both4<=0 & dist_both4>-0.02) & res_typex=="Single Family Res" & last_salepr > 0

    Variable |        Obs        Mean    Std. dev.       Min        Max
-------------+---------------------------------------------------------
def_salepr~e |      4,182    623843.2    346605.5   123868.7    2076372

.         
. quietly eststo price_duhe: reg log_saleprice ib26.dist3_4 i.lam_seg i.last_saleyr if du_he == 1 & `regression_conditions', vce(cluster lam_seg)

. sum def_saleprice if du_he == 1 & (last_saleyr>=2010 & last_saleyr<=2018) & (dist_both4<=0.02 & dist_both4>0) & res_typex=="Single Family Res" & last_salepr > 0

    Variable |        Obs        Mean    Std. dev.       Min        Max
-------------+---------------------------------------------------------
def_salepr~e |        366    539250.5      369085   131963.5    1953939

. sum def_saleprice if du_he == 1 & (last_saleyr>=2010 & last_saleyr<=2018) & (dist_both4<=0 & dist_both4>-0.02) & res_typex=="Single Family Res" & last_salepr > 0

    Variable |        Obs        Mean    Std. dev.       Min        Max
-------------+---------------------------------------------------------
def_salepr~e |        530    525262.9      401727   120863.4    2036865

. 
. quietly eststo price_mfdu: reg log_saleprice ib26.dist3_4 i.lam_seg i.last_saleyr if  mf_du == 1 & `regression_conditions', vce(cluster lam_seg)

. sum def_saleprice if mf_du == 1 & (last_saleyr>=2010 & last_saleyr<=2018) & (dist_both4<=0.02 & dist_both4>0) & res_typex=="Single Family Res" & last_salepr > 0

    Variable |        Obs        Mean    Std. dev.       Min        Max
-------------+---------------------------------------------------------
def_salepr~e |      2,170    540016.4    352152.9   83950.88    2082549

. sum def_saleprice if mf_du == 1 & (last_saleyr>=2010 & last_saleyr<=2018) & (dist_both4<=0 & dist_both4>-0.02) & res_typex=="Single Family Res" & last_salepr > 0

    Variable |        Obs        Mean    Std. dev.       Min        Max
-------------+---------------------------------------------------------
def_salepr~e |      1,960    637312.5    433886.4   105264.3    2091146

. 
. quietly eststo price_mf: reg log_saleprice ib26.dist3_4 i.lam_seg i.last_saleyr if only_mf== 1 & `regression_conditions', vce(cluster lam_seg)

. sum def_saleprice if only_mf == 1 & (last_saleyr>=2010 & last_saleyr<=2018) & (dist_both4<=0.02 & dist_both4>0) & res_typex=="Single Family Res" & last_salepr > 0

    Variable |        Obs        Mean    Std. dev.       Min        Max
-------------+---------------------------------------------------------
def_salepr~e |        248    506414.3      195635   150136.7    1038877

. sum def_saleprice if only_mf == 1 & (last_saleyr>=2010 & last_saleyr<=2018) & (dist_both4<=0 & dist_both4>-0.02) & res_typex=="Single Family Res" & last_salepr > 0

    Variable |        Obs        Mean    Std. dev.       Min        Max
-------------+---------------------------------------------------------
def_salepr~e |        443    646885.7    234756.5   206057.1    1656613

. 
. quietly eststo price_mfhe: reg log_saleprice ib26.dist3_4 i.lam_seg i.last_saleyr if mf_he == 1 & `regression_conditions', vce(cluster lam_seg)

. sum def_saleprice if mf_he == 1 & (last_saleyr>=2010 & last_saleyr<=2018) & (dist_both4<=0.02 & dist_both4>0) & res_typex=="Single Family Res" & last_salepr > 0

    Variable |        Obs        Mean    Std. dev.       Min        Max
-------------+---------------------------------------------------------
def_salepr~e |        136    704548.1    467653.6   176649.2    1896467

. sum def_saleprice if mf_he == 1 & (last_saleyr>=2010 & last_saleyr<=2018) & (dist_both4<=0 & dist_both4>-0.02) & res_typex=="Single Family Res" & last_salepr > 0

    Variable |        Obs        Mean    Std. dev.       Min        Max
-------------+---------------------------------------------------------
def_salepr~e |        188    736497.8    440508.5     212187    2041975

. 
. quietly eststo price_he: reg log_saleprice ib26.dist3_4 i.lam_seg i.last_saleyr if only_he == 1 & `regression_conditions', vce(cluster lam_seg)

. sum def_saleprice if only_he == 1 & (last_saleyr>=2010 & last_saleyr<=2018) & (dist_both4<=0.02 & dist_both4>0) & res_typex=="Single Family Res" & last_salepr > 0

    Variable |        Obs        Mean    Std. dev.       Min        Max
-------------+---------------------------------------------------------
def_salepr~e |        377      771412    438842.3     186592    1977911

. sum def_saleprice if only_he == 1 & (last_saleyr>=2010 & last_saleyr<=2018) & (dist_both4<=0 & dist_both4>-0.02) & res_typex=="Single Family Res" & last_salepr > 0

    Variable |        Obs        Mean    Std. dev.       Min        Max
-------------+---------------------------------------------------------
def_salepr~e |        247    838266.5    484622.5   144302.2    2027565

. 
. esttab price_du price_duhe price_mfdu price_mf price_mfhe price_he, ///
>         se r2 indicate("Boundary f.e.=*lam_seg" "Year f.e.=*last_saleyr") interaction(" X ") ///
>         label mtitles("price_du" "price_duhe" "price_mfdu" "price_mf" "price_mfhe" "price_he") ///
>         title("Sales Prices, relaxed 4") 

Sales Prices, relaxed 4
--------------------------------------------------------------------------------------------------------------------
                              (1)             (2)             (3)             (4)             (5)             (6)   
                         price_du      price_duhe      price_mfdu        price_mf      price_mfhe        price_he   
--------------------------------------------------------------------------------------------------------------------
-.2                         0.167***      -0.0331           0.111           0.529*                                  
                         (0.0317)        (0.0733)        (0.0623)         (0.223)                                   

-.18                        0.151***      -0.0113          0.0821          0.0498          0.0924         -0.0473   
                         (0.0368)         (0.140)        (0.0464)        (0.0869)        (0.0854)        (0.0606)   

-.16                        0.132***       0.0857          0.0891         -0.0143           0.416***       -0.381***
                         (0.0366)        (0.0709)        (0.0471)         (0.141)        (0.0918)        (0.0787)   

-.14                        0.105***      -0.0422          0.0888          0.0990          0.0495                   
                         (0.0314)        (0.0867)        (0.0462)        (0.0698)         (0.167)                   

-.12                        0.135***       0.0639          0.0432           0.139*          0.186*         -0.212   
                         (0.0307)        (0.0719)        (0.0443)        (0.0679)        (0.0687)         (0.268)   

-.1                         0.131***      -0.0252          0.0479          0.0431           0.389*          0.191   
                         (0.0353)        (0.0955)        (0.0374)        (0.0915)         (0.171)         (0.129)   

-.08                        0.118***      -0.0456          0.0406          0.0322           0.195         -0.0666   
                         (0.0257)        (0.0633)        (0.0345)        (0.0618)         (0.247)        (0.0700)   

-.06                        0.119***      -0.0913          0.0375          0.0286         -0.0907           0.158*  
                         (0.0272)        (0.0651)        (0.0463)        (0.0795)         (0.126)        (0.0765)   

-.04                       0.0994***      0.00544          0.0510         -0.0203        -0.00271          0.0788   
                         (0.0247)        (0.0485)        (0.0330)        (0.0828)         (0.110)         (0.101)   

-.02                       0.0443*        -0.0111          0.0279          0.0669           0.197         -0.0217   
                         (0.0222)        (0.0493)        (0.0285)        (0.0470)         (0.107)        (0.0967)   

0                               0               0               0               0               0               0   
                              (.)             (.)             (.)             (.)             (.)             (.)   

.02                       -0.0317         -0.0300         0.00915         -0.0450          0.0446         0.00526   
                         (0.0210)        (0.0775)        (0.0281)        (0.0565)        (0.0555)        (0.0535)   

.04                       -0.0581*        -0.0659         0.00613          0.0248          -0.133         -0.0721   
                         (0.0232)        (0.0475)        (0.0250)        (0.0488)        (0.0746)        (0.0556)   

.06                       -0.0651**        0.0672         0.00676          -0.111         -0.0452          -0.142*  
                         (0.0221)        (0.0440)        (0.0341)        (0.0785)         (0.139)        (0.0602)   

.08                       -0.0679**         0.339          0.0112        -0.00510         0.00640          -0.213** 
                         (0.0255)         (0.205)        (0.0398)        (0.0942)         (0.132)        (0.0663)   

.1                        -0.0874**        0.0173         0.00989         -0.0586          0.0474          -0.125   
                         (0.0267)        (0.0362)        (0.0470)         (0.128)         (0.164)        (0.0961)   

.12                       -0.0556*         -0.167         -0.0139        -0.00608          -0.232         -0.0269   
                         (0.0261)         (0.101)        (0.0579)         (0.101)         (0.115)        (0.0961)   

.14                       -0.0771**         0.112*        -0.0652           0.165           0.245*         -0.140   
                         (0.0277)        (0.0527)        (0.0427)         (0.118)         (0.114)        (0.0888)   

.16                       -0.0659*          0.231***      -0.0902          -0.159*          0.188         -0.0465   
                         (0.0255)        (0.0502)        (0.0548)        (0.0744)         (0.149)         (0.101)   

.18                       -0.0626                          0.0517          0.0693           0.291*         -0.221   
                         (0.0321)                        (0.0562)         (0.137)         (0.123)         (0.146)   

.2                        -0.0816*                        -0.0851          0.0807           0.490***      -0.0989   
                         (0.0396)                        (0.0900)        (0.0541)         (0.108)        (0.0682)   

Constant                    13.23***        12.46***        13.08***        12.66***        13.12***        12.85***
                         (0.0249)        (0.0509)        (0.0481)        (0.0540)         (0.130)        (0.0642)   

Boundary f.e.                 Yes             Yes             Yes             Yes             Yes             Yes   

Year f.e.                     Yes             Yes             Yes             Yes             Yes             Yes   
--------------------------------------------------------------------------------------------------------------------
Observations                56561            3117           18810            2178             990            3140   
R-squared                   0.616           0.848           0.723           0.667           0.869           0.643   
--------------------------------------------------------------------------------------------------------------------
Standard errors in parentheses
* p<0.05, ** p<0.01, *** p<0.001

.           
. esttab price_du price_duhe price_mfdu price_mf price_mfhe price_he using "$EXPORTPATH/salesprice_table_relaxed4.tex", replace keep(25.dist3_4) ///
>         se r2 indicate("Boundary f.e.=*lam_seg" "Year f.e.=*last_saleyr") interaction(" X ") ///
>         label mtitles("price_du" "price_duhe" "price_mfdu" "price_mf" "price_mfhe" "price_he") ///
>         title("Sales Prices, relaxed 4") 
(file /shared/boston_zoning/working_paper/replication_package/analysis/robustness_mtlines_output/salesprice_table_relaxed4.tex not found)
(output written to /shared/boston_zoning/working_paper/replication_package/analysis/robustness_mtlines_output/salesprice_table_relaxed4.tex)

.         
. * robust s.e.
. quietly eststo price_du_robust: reg log_saleprice ib26.dist3_4 i.lam_seg i.last_saleyr if only_du==1 & `regression_conditions', vce(robust)

.         
. quietly eststo price_duhe_robust: reg log_saleprice ib26.dist3_4 i.lam_seg i.last_saleyr if du_he == 1 & `regression_conditions', vce(robust)

. 
. quietly eststo price_mfdu_robust: reg log_saleprice ib26.dist3_4 i.lam_seg i.last_saleyr if  mf_du == 1 & `regression_conditions', vce(robust)

. 
. quietly eststo price_mf_robust: reg log_saleprice ib26.dist3_4 i.lam_seg i.last_saleyr if only_mf== 1 & `regression_conditions', vce(robust)

. 
. quietly eststo price_mfhe_robust: reg log_saleprice ib26.dist3_4 i.lam_seg i.last_saleyr if mf_he == 1 & `regression_conditions', vce(robust)

. 
. quietly eststo price_he_robust: reg log_saleprice ib26.dist3_4 i.lam_seg i.last_saleyr if only_he == 1 & `regression_conditions', vce(robust)

.         
. esttab price_du_robust price_duhe_robust price_mfdu_robust price_mf_robust price_mfhe_robust price_he_robust, ///
>         se r2 indicate("Boundary f.e.=*lam_seg" "Year f.e.=*last_saleyr") interaction(" X ") ///
>         label mtitles("price_du" "price_duhe" "price_mfdu" "price_mf" "price_mfhe" "price_he") ///
>         title("Sales Prices, relaxed 4, robust s.e.") 

Sales Prices, relaxed 4, robust s.e.
--------------------------------------------------------------------------------------------------------------------
                              (1)             (2)             (3)             (4)             (5)             (6)   
                         price_du      price_duhe      price_mfdu        price_mf      price_mfhe        price_he   
--------------------------------------------------------------------------------------------------------------------
-.2                         0.167***      -0.0331           0.111***        0.529***                                
                         (0.0115)        (0.0301)        (0.0160)        (0.0665)                                   

-.18                        0.151***      -0.0113          0.0821***       0.0498          0.0924         -0.0473   
                         (0.0107)        (0.0511)        (0.0152)        (0.0725)        (0.0782)         (0.236)   

-.16                        0.132***       0.0857**        0.0891***      -0.0143           0.416***       -0.381   
                         (0.0106)        (0.0315)        (0.0255)        (0.0541)        (0.0534)         (0.256)   

-.14                        0.105***      -0.0422          0.0888***       0.0990          0.0495                   
                        (0.00885)        (0.0336)        (0.0156)        (0.0519)        (0.0701)                   

-.12                        0.135***       0.0639*         0.0432**         0.139**         0.186***       -0.212   
                        (0.00914)        (0.0271)        (0.0153)        (0.0446)        (0.0413)         (0.134)   

-.1                         0.131***      -0.0252          0.0479***       0.0431           0.389***        0.191***
                        (0.00872)        (0.0292)        (0.0121)        (0.0441)        (0.0905)        (0.0553)   

-.08                        0.118***      -0.0456          0.0406**        0.0322           0.195*        -0.0666   
                        (0.00821)        (0.0245)        (0.0127)        (0.0299)        (0.0787)        (0.0595)   

-.06                        0.119***      -0.0913**        0.0375**        0.0286         -0.0907           0.158***
                        (0.00758)        (0.0279)        (0.0127)        (0.0296)        (0.0508)        (0.0308)   

-.04                       0.0994***      0.00544          0.0510***      -0.0203        -0.00271          0.0788*  
                        (0.00714)        (0.0223)        (0.0123)        (0.0291)        (0.0442)        (0.0341)   

-.02                       0.0443***      -0.0111          0.0279**        0.0669*          0.197***      -0.0217   
                        (0.00703)        (0.0193)       (0.00994)        (0.0264)        (0.0355)        (0.0292)   

0                               0               0               0               0               0               0   
                              (.)             (.)             (.)             (.)             (.)             (.)   

.02                       -0.0317***      -0.0300         0.00915         -0.0450          0.0446         0.00526   
                        (0.00629)        (0.0269)       (0.00954)        (0.0370)        (0.0373)        (0.0301)   

.04                       -0.0581***      -0.0659*        0.00613          0.0248          -0.133**       -0.0721** 
                        (0.00671)        (0.0323)        (0.0106)        (0.0401)        (0.0444)        (0.0277)   

.06                       -0.0651***       0.0672*        0.00676          -0.111**       -0.0452          -0.142***
                        (0.00705)        (0.0302)        (0.0113)        (0.0426)        (0.0677)        (0.0256)   

.08                       -0.0679***        0.339*         0.0112        -0.00510         0.00640          -0.213***
                        (0.00686)         (0.161)        (0.0158)        (0.0595)        (0.0615)        (0.0267)   

.1                        -0.0874***       0.0173         0.00989         -0.0586          0.0474          -0.125***
                        (0.00736)        (0.0407)        (0.0137)        (0.0584)        (0.0687)        (0.0284)   

.12                       -0.0556***       -0.167***      -0.0139        -0.00608          -0.232***      -0.0269   
                        (0.00800)        (0.0432)        (0.0152)        (0.0476)        (0.0632)        (0.0297)   

.14                       -0.0771***        0.112         -0.0652***        0.165           0.245***       -0.140***
                        (0.00848)        (0.0663)        (0.0156)        (0.0947)        (0.0605)        (0.0353)   

.16                       -0.0659***        0.231*        -0.0902***       -0.159*          0.188**       -0.0465   
                        (0.00906)        (0.0999)        (0.0191)        (0.0758)        (0.0666)        (0.0336)   

.18                       -0.0626***                       0.0517**        0.0693           0.291***       -0.221***
                        (0.00930)                        (0.0190)        (0.0663)        (0.0534)        (0.0377)   

.2                        -0.0816***                      -0.0851**        0.0807           0.490***      -0.0989** 
                         (0.0124)                        (0.0310)        (0.0840)        (0.0592)        (0.0338)   

Constant                    13.23***        12.46***        13.08***        12.66***        13.12***        12.85***
                         (0.0329)        (0.0252)        (0.0485)        (0.0417)        (0.0732)        (0.0419)   

Boundary f.e.                 Yes             Yes             Yes             Yes             Yes             Yes   

Year f.e.                     Yes             Yes             Yes             Yes             Yes             Yes   
--------------------------------------------------------------------------------------------------------------------
Observations                56561            3117           18810            2178             990            3140   
R-squared                   0.616           0.848           0.723           0.667           0.869           0.643   
--------------------------------------------------------------------------------------------------------------------
Standard errors in parentheses
* p<0.05, ** p<0.01, *** p<0.001

. 
. eststo clear    

. 
. * Part 9d: Sales price (only clear boundaries)
. * Note: the first 3 shouldn't be different because these are automatically clear
. local regression_conditions (last_saleyr>=2010 & last_saleyr<=2018) & (dist_both<=0.21 & dist_both>=-0.2) & res_typex=="Single Family Res"

. 
. quietly eststo price_du: reg log_saleprice ib26.dist3 i.lam_seg i.last_saleyr if clear_relaxed_strict_lam == 1 & only_du==1 & `regression_conditions', vce(cluster lam_seg)

. sum def_saleprice if only_du == 1 & (last_saleyr>=2010 & last_saleyr<=2018) & (dist_both<=0.02 & dist_both>0) & res_typex=="Single Family Res" & last_salepr > 0 & clear_relaxed_strict_lam== 1

    Variable |        Obs        Mean    Std. dev.       Min        Max
-------------+---------------------------------------------------------
def_salepr~e |      5,551    624149.2    377675.7   37285.19    2068167

. sum def_saleprice if only_du == 1 & (last_saleyr>=2010 & last_saleyr<=2018) & (dist_both<=0 & dist_both>-0.02) & res_typex=="Single Family Res" & last_salepr > 0 & clear_relaxed_strict_lam== 1

    Variable |        Obs        Mean    Std. dev.       Min        Max
-------------+---------------------------------------------------------
def_salepr~e |      4,182    623843.2    346605.5   123868.7    2076372

.         
. quietly eststo price_duhe: reg log_saleprice ib26.dist3 i.lam_seg i.last_saleyr if clear_relaxed_strict_lam== 1 & du_he == 1 & `regression_conditions', vce(cluster lam_seg)

. sum def_saleprice if du_he == 1 & (last_saleyr>=2010 & last_saleyr<=2018) & (dist_both<=0.02 & dist_both>0) & res_typex=="Single Family Res" & last_salepr > 0 & clear_relaxed_strict_lam== 1

    Variable |        Obs        Mean    Std. dev.       Min        Max
-------------+---------------------------------------------------------
def_salepr~e |        267    606347.5    392351.8   162591.8    1953939

. sum def_saleprice if du_he == 1 & (last_saleyr>=2010 & last_saleyr<=2018) & (dist_both<=0 & dist_both>-0.02) & res_typex=="Single Family Res" & last_salepr > 0 & clear_relaxed_strict_lam== 1

    Variable |        Obs        Mean    Std. dev.       Min        Max
-------------+---------------------------------------------------------
def_salepr~e |        340    609053.2    431505.6   129089.7    2014910

. 
. quietly eststo price_mfdu: reg log_saleprice ib26.dist3 i.lam_seg i.last_saleyr if clear_relaxed_strict_lam== 1 & mf_du == 1 & `regression_conditions', vce(cluster lam_seg)

. sum def_saleprice if mf_du == 1 & (last_saleyr>=2010 & last_saleyr<=2018) & (dist_both<=0.02 & dist_both>0) & res_typex=="Single Family Res" & last_salepr > 0 & clear_relaxed_strict_lam ==1

    Variable |        Obs        Mean    Std. dev.       Min        Max
-------------+---------------------------------------------------------
def_salepr~e |      1,334    592778.7    417829.2   83950.88    2082549

. sum def_saleprice if mf_du == 1 & (last_saleyr>=2010 & last_saleyr<=2018) & (dist_both<=0 & dist_both>-0.02) & res_typex=="Single Family Res" & last_salepr > 0 & clear_relaxed_strict_lam== 1

    Variable |        Obs        Mean    Std. dev.       Min        Max
-------------+---------------------------------------------------------
def_salepr~e |      1,419    707872.2    475991.2   176217.4    2091146

. 
. quietly eststo price_mf: reg log_saleprice ib26.dist3 i.lam_seg i.last_saleyr if clear_relaxed_strict_lam== 1 & only_mf== 1 & `regression_conditions', vce(cluster lam_seg)

. sum def_saleprice if only_mf == 1 & (last_saleyr>=2010 & last_saleyr<=2018) & (dist_both<=0.02 & dist_both>0) & res_typex=="Single Family Res" & last_salepr > 0 & clear_relaxed_strict_lam== 1

    Variable |        Obs        Mean    Std. dev.       Min        Max
-------------+---------------------------------------------------------
def_salepr~e |        248    506414.3      195635   150136.7    1038877

. sum def_saleprice if only_mf == 1 & (last_saleyr>=2010 & last_saleyr<=2018) & (dist_both<=0 & dist_both>-0.02) & res_typex=="Single Family Res" & last_salepr > 0 & clear_relaxed_strict_lam== 1

    Variable |        Obs        Mean    Std. dev.       Min        Max
-------------+---------------------------------------------------------
def_salepr~e |        443    646885.7    234756.5   206057.1    1656613

. 
. quietly eststo price_mfhe: reg log_saleprice ib26.dist3 i.lam_seg i.last_saleyr if clear_relaxed_strict_lam ==1 & mf_he == 1 & `regression_conditions', vce(cluster lam_seg)

. sum def_saleprice if mf_he == 1 & (last_saleyr>=2010 & last_saleyr<=2018) & (dist_both<=0.02 & dist_both>0) & res_typex=="Single Family Res" & last_salepr > 0 & clear_relaxed_strict_lam== 1

    Variable |        Obs        Mean    Std. dev.       Min        Max
-------------+---------------------------------------------------------
def_salepr~e |         93    591176.8    464349.7   176649.2    1890883

. sum def_saleprice if mf_he == 1 & (last_saleyr>=2010 & last_saleyr<=2018) & (dist_both<=0 & dist_both>-0.02) & res_typex=="Single Family Res" & last_salepr > 0 & clear_relaxed_strict_lam== 1

    Variable |        Obs        Mean    Std. dev.       Min        Max
-------------+---------------------------------------------------------
def_salepr~e |        156    683903.1    461741.8     212187    2041975

. 
. quietly eststo price_he: reg log_saleprice ib26.dist3 i.lam_seg i.last_saleyr if clear_relaxed_strict_lam== 1 & only_he == 1 & `regression_conditions', vce(cluster lam_seg)

. sum def_saleprice if only_he == 1 & (last_saleyr>=2010 & last_saleyr<=2018) & (dist_both<=0.02 & dist_both>0) & res_typex=="Single Family Res" & last_salepr > 0 & clear_relaxed_strict_lam== 1

    Variable |        Obs        Mean    Std. dev.       Min        Max
-------------+---------------------------------------------------------
def_salepr~e |        377      771412    438842.3     186592    1977911

. sum def_saleprice if only_he == 1 & (last_saleyr>=2010 & last_saleyr<=2018) & (dist_both<=0 & dist_both>-0.02) & res_typex=="Single Family Res" & last_salepr > 0 & clear_relaxed_strict_lam== 1

    Variable |        Obs        Mean    Std. dev.       Min        Max
-------------+---------------------------------------------------------
def_salepr~e |        247    838266.5    484622.5   144302.2    2027565

.         
. esttab price_du price_duhe price_mfdu price_mf price_mfhe price_he, ///
>         se r2 indicate("Boundary f.e.=*lam_seg" "Year f.e.=*last_saleyr") interaction(" X ") ///
>         label mtitles("price_du" "price_duhe" "price_mfdu" "price_mf" "price_mfhe" "price_he") ///
>         title("Sales Prices baseline") 

Sales Prices baseline
--------------------------------------------------------------------------------------------------------------------
                              (1)             (2)             (3)             (4)             (5)             (6)   
                         price_du      price_duhe      price_mfdu        price_mf      price_mfhe        price_he   
--------------------------------------------------------------------------------------------------------------------
-.2                         0.167***       0.0818           0.166***        0.529*                                  
                         (0.0317)        (0.0896)        (0.0451)         (0.223)                                   

-.18                        0.151***       0.0700           0.126**        0.0498           0.124         -0.0473   
                         (0.0368)        (0.0950)        (0.0483)        (0.0869)        (0.0718)        (0.0606)   

-.16                        0.132***        0.143           0.154***      -0.0143           0.363***       -0.381***
                         (0.0366)        (0.0801)        (0.0450)         (0.141)        (0.0880)        (0.0787)   

-.14                        0.105***        0.157*          0.142*         0.0990          0.0936                   
                         (0.0314)        (0.0775)        (0.0548)        (0.0698)         (0.125)                   

-.12                        0.135***       0.0732           0.108*          0.139*          0.184**        -0.212   
                         (0.0307)         (0.104)        (0.0532)        (0.0679)        (0.0613)         (0.268)   

-.1                         0.131***      -0.0529           0.140***       0.0431           0.468**         0.191   
                         (0.0353)        (0.0960)        (0.0395)        (0.0915)         (0.151)         (0.129)   

-.08                        0.118***     -0.00811          0.0756          0.0322           0.441**       -0.0666   
                         (0.0257)        (0.0616)        (0.0416)        (0.0618)         (0.112)        (0.0700)   

-.06                        0.119***      -0.0545           0.101*         0.0286         -0.0583           0.158*  
                         (0.0272)        (0.0692)        (0.0451)        (0.0795)        (0.0821)        (0.0765)   

-.04                       0.0994***       0.0342           0.121**       -0.0203           0.148*         0.0788   
                         (0.0247)        (0.0558)        (0.0377)        (0.0828)        (0.0601)         (0.101)   

-.02                       0.0443*         0.0104          0.0380          0.0669           0.240*        -0.0217   
                         (0.0222)        (0.0599)        (0.0323)        (0.0470)         (0.106)        (0.0967)   

0                               0               0               0               0               0               0   
                              (.)             (.)             (.)             (.)             (.)             (.)   

.02                       -0.0317        -0.00683         0.00590         -0.0450         -0.0415         0.00526   
                         (0.0210)        (0.0871)        (0.0361)        (0.0565)        (0.0455)        (0.0535)   

.04                       -0.0581*        -0.0607        -0.00464          0.0248         -0.0889         -0.0721   
                         (0.0232)        (0.0478)        (0.0273)        (0.0488)        (0.0689)        (0.0556)   

.06                       -0.0651**        0.0757         -0.0512          -0.111          0.0714          -0.142*  
                         (0.0221)        (0.0425)        (0.0372)        (0.0785)         (0.148)        (0.0602)   

.08                       -0.0679**         0.391*        -0.0654        -0.00510         -0.0826          -0.213** 
                         (0.0255)         (0.185)        (0.0424)        (0.0942)         (0.140)        (0.0663)   

.1                        -0.0874**        0.0225         -0.0326         -0.0586          -0.173          -0.125   
                         (0.0267)        (0.0376)        (0.0555)         (0.128)         (0.107)        (0.0961)   

.12                       -0.0556*         -0.119         -0.0491        -0.00608          -0.505***      -0.0269   
                         (0.0261)         (0.119)        (0.0435)         (0.101)        (0.0840)        (0.0961)   

.14                       -0.0771**         0.125         -0.0918           0.165           0.283*         -0.140   
                         (0.0277)        (0.0643)        (0.0490)         (0.118)         (0.112)        (0.0888)   

.16                       -0.0659*          0.227***       -0.101          -0.159*          0.244         -0.0465   
                         (0.0255)        (0.0589)        (0.0655)        (0.0744)         (0.149)         (0.101)   

.18                       -0.0626                         0.00951          0.0693           0.329*         -0.221   
                         (0.0321)                        (0.0707)         (0.137)         (0.114)         (0.146)   

.2                        -0.0816*                        -0.0851          0.0807           0.517***      -0.0989   
                         (0.0396)                        (0.0959)        (0.0541)         (0.109)        (0.0682)   

Constant                    13.23***        12.45***        13.14***        12.66***        13.11***        12.85***
                         (0.0249)        (0.0644)        (0.0518)        (0.0540)         (0.115)        (0.0642)   

Boundary f.e.                 Yes             Yes             Yes             Yes             Yes             Yes   

Year f.e.                     Yes             Yes             Yes             Yes             Yes             Yes   
--------------------------------------------------------------------------------------------------------------------
Observations                56561            2250           12929            2178             714            3140   
R-squared                   0.616           0.857           0.770           0.667           0.876           0.643   
--------------------------------------------------------------------------------------------------------------------
Standard errors in parentheses
* p<0.05, ** p<0.01, *** p<0.001

.           
. esttab price_du price_duhe price_mfdu price_mf price_mfhe price_he using "$EXPORTPATH/salesprice_table_clear_boundaries.tex", replace keep(25.dist3) ///
>         se r2 indicate("Boundary f.e.=*lam_seg" "Year f.e.=*last_saleyr") interaction(" X ") ///
>         label mtitles("price_du" "price_duhe" "price_mfdu" "price_mf" "price_mfhe" "price_he") ///
>         title("Sales Prices baseline") 
(file /shared/boston_zoning/working_paper/replication_package/analysis/robustness_mtlines_output/salesprice_table_clear_boundaries.tex not found)
(output written to /shared/boston_zoning/working_paper/replication_package/analysis/robustness_mtlines_output/salesprice_table_clear_boundaries.tex)

.         
. * robust s.e.
. quietly eststo price_du_robust: reg log_saleprice ib26.dist3 i.lam_seg i.last_saleyr if clear_relaxed_strict_lam== 1 & only_du==1 & `regression_conditions', vce(robust)

.         
. quietly eststo price_duhe_robust: reg log_saleprice ib26.dist3 i.lam_seg i.last_saleyr if clear_relaxed_strict_lam== 1 & du_he == 1 & `regression_conditions', vce(robust)

. 
. quietly eststo price_mfdu_robust: reg log_saleprice ib26.dist3 i.lam_seg i.last_saleyr if clear_relaxed_strict_lam== 1 & mf_du == 1 & `regression_conditions', vce(robust)

. 
. quietly eststo price_mf_robust: reg log_saleprice ib26.dist3 i.lam_seg i.last_saleyr if clear_relaxed_strict_lam== 1 & only_mf== 1 & `regression_conditions', vce(robust)

. 
. quietly eststo price_mfhe_robust: reg log_saleprice ib26.dist3 i.lam_seg i.last_saleyr if clear_relaxed_strict_lam== 1 & mf_he == 1 & `regression_conditions', vce(robust)

. 
. quietly eststo price_he_robust: reg log_saleprice ib26.dist3 i.lam_seg i.last_saleyr if clear_relaxed_strict_lam== 1 & only_he == 1 & `regression_conditions', vce(robust)

.         
. esttab price_du_robust price_duhe_robust price_mfdu_robust price_mf_robust price_mfhe_robust price_he_robust, ///
>         se r2 indicate("Boundary f.e.=*lam_seg" "Year f.e.=*last_saleyr") interaction(" X ") ///
>         label mtitles("price_du" "price_duhe" "price_mfdu" "price_mf" "price_mfhe" "price_he") ///
>         title("Sales Prices baseline, robust s.e.") 

Sales Prices baseline, robust s.e.
--------------------------------------------------------------------------------------------------------------------
                              (1)             (2)             (3)             (4)             (5)             (6)   
                         price_du      price_duhe      price_mfdu        price_mf      price_mfhe        price_he   
--------------------------------------------------------------------------------------------------------------------
-.2                         0.167***       0.0818*          0.166***        0.529***                                
                         (0.0115)        (0.0386)        (0.0174)        (0.0665)                                   

-.18                        0.151***       0.0700           0.126***       0.0498           0.124         -0.0473   
                         (0.0107)        (0.0691)        (0.0167)        (0.0725)        (0.0655)         (0.236)   

-.16                        0.132***        0.143***        0.154***      -0.0143           0.363***       -0.381   
                         (0.0106)        (0.0394)        (0.0204)        (0.0541)        (0.0583)         (0.256)   

-.14                        0.105***        0.157***        0.142***       0.0990          0.0936                   
                        (0.00885)        (0.0384)        (0.0191)        (0.0519)        (0.0695)                   

-.12                        0.135***       0.0732*          0.108***        0.139**         0.184***       -0.212   
                        (0.00914)        (0.0352)        (0.0184)        (0.0446)        (0.0467)         (0.134)   

-.1                         0.131***      -0.0529           0.140***       0.0431           0.468***        0.191***
                        (0.00872)        (0.0369)        (0.0159)        (0.0441)        (0.0912)        (0.0553)   

-.08                        0.118***     -0.00811          0.0756***       0.0322           0.441***      -0.0666   
                        (0.00821)        (0.0274)        (0.0158)        (0.0299)        (0.0632)        (0.0595)   

-.06                        0.119***      -0.0545           0.101***       0.0286         -0.0583           0.158***
                        (0.00758)        (0.0317)        (0.0153)        (0.0296)        (0.0510)        (0.0308)   

-.04                       0.0994***       0.0342           0.121***      -0.0203           0.148**        0.0788*  
                        (0.00714)        (0.0267)        (0.0137)        (0.0291)        (0.0475)        (0.0341)   

-.02                       0.0443***       0.0104          0.0380**        0.0669*          0.240***      -0.0217   
                        (0.00703)        (0.0259)        (0.0121)        (0.0264)        (0.0387)        (0.0292)   

0                               0               0               0               0               0               0   
                              (.)             (.)             (.)             (.)             (.)             (.)   

.02                       -0.0317***     -0.00683         0.00590         -0.0450         -0.0415         0.00526   
                        (0.00629)        (0.0300)        (0.0126)        (0.0370)        (0.0493)        (0.0301)   

.04                       -0.0581***      -0.0607        -0.00464          0.0248         -0.0889         -0.0721** 
                        (0.00671)        (0.0355)        (0.0127)        (0.0401)        (0.0496)        (0.0277)   

.06                       -0.0651***       0.0757*        -0.0512***       -0.111**        0.0714          -0.142***
                        (0.00705)        (0.0351)        (0.0149)        (0.0426)        (0.0791)        (0.0256)   

.08                       -0.0679***        0.391*        -0.0654***     -0.00510         -0.0826          -0.213***
                        (0.00686)         (0.166)        (0.0158)        (0.0595)        (0.0658)        (0.0267)   

.1                        -0.0874***       0.0225         -0.0326*        -0.0586          -0.173**        -0.125***
                        (0.00736)        (0.0478)        (0.0160)        (0.0584)        (0.0666)        (0.0284)   

.12                       -0.0556***       -0.119**       -0.0491**      -0.00608          -0.505***      -0.0269   
                        (0.00800)        (0.0452)        (0.0156)        (0.0476)        (0.0921)        (0.0297)   

.14                       -0.0771***        0.125         -0.0918***        0.165           0.283***       -0.140***
                        (0.00848)        (0.0692)        (0.0167)        (0.0947)        (0.0639)        (0.0353)   

.16                       -0.0659***        0.227*         -0.101***       -0.159*          0.244***      -0.0465   
                        (0.00906)         (0.106)        (0.0226)        (0.0758)        (0.0691)        (0.0336)   

.18                       -0.0626***                      0.00951          0.0693           0.329***       -0.221***
                        (0.00930)                        (0.0221)        (0.0663)        (0.0636)        (0.0377)   

.2                        -0.0816***                      -0.0851*         0.0807           0.517***      -0.0989** 
                         (0.0124)                        (0.0337)        (0.0840)        (0.0677)        (0.0338)   

Constant                    13.23***        12.45***        13.14***        12.66***        13.11***        12.85***
                         (0.0329)        (0.0315)        (0.0480)        (0.0417)        (0.0825)        (0.0419)   

Boundary f.e.                 Yes             Yes             Yes             Yes             Yes             Yes   

Year f.e.                     Yes             Yes             Yes             Yes             Yes             Yes   
--------------------------------------------------------------------------------------------------------------------
Observations                56561            2250           12929            2178             714            3140   
R-squared                   0.616           0.857           0.770           0.667           0.876           0.643   
--------------------------------------------------------------------------------------------------------------------
Standard errors in parentheses
* p<0.05, ** p<0.01, *** p<0.001

.         
. eststo clear    

. 
. 
. ********************************************************************************
. ** Part 10: Rents (baseline is rents_table_baseline.tex from point 2)
. * Part 10a: Rents, relaxed2 definition 
. * Part 10b: Rents, relaxed3 definition
. * Part 10c: Rents, relaxed4 definition
. * Part 10d: Rents, only clear boundaries
. ********************************************************************************
. ** regressions
. * set regression conditions
. local regression_conditions (year>=2010 & year<=2018) & (dist_both2<=0.21 & dist_both2>=-0.2) & res_typex != "Condominiums"

. 
. * Part 10a: Rents, relaxed 2
. quietly eststo rent_du: reg log_mfrent ib26.dist3_2 i.lam_seg i.year if only_du==1 & `regression_conditions', vce(cluster lam_seg)

. sum comb_rent2 if only_du == 1 & (year>=2010 & year<=2018) & (dist_both2<=0.02 & dist_both2>0) & res_typex != "Condominiums" & comb_rent2>0

    Variable |        Obs        Mean    Std. dev.       Min        Max
-------------+---------------------------------------------------------
  comb_rent2 |      7,886    1410.349    737.3632   26.94084   4986.459

. sum comb_rent2 if only_du == 1 & (year>=2010 & year<=2018) & (dist_both2<=0 & dist_both2>-0.02) & res_typex != "Condominiums" & comb_rent2>0

    Variable |        Obs        Mean    Std. dev.       Min        Max
-------------+---------------------------------------------------------
  comb_rent2 |      7,162    1509.583    789.8579   20.47254   4994.965

. 
. quietly eststo rent_duhe: reg log_mfrent ib26.dist3_2 i.lam_seg i.year if du_he == 1 & `regression_conditions', vce(cluster lam_seg)

. sum comb_rent2 if du_he == 1 & (year>=2010 & year<=2018) & (dist_both2<=0.02 & dist_both2>0) & res_typex != "Condominiums" & comb_rent2>0

    Variable |        Obs        Mean    Std. dev.       Min        Max
-------------+---------------------------------------------------------
  comb_rent2 |      2,885    1196.015    806.9506   116.5614   4994.113

. sum comb_rent2 if du_he == 1 & (year>=2010 & year<=2018) & (dist_both2<=0 & dist_both2>-0.02) & res_typex != "Condominiums" & comb_rent2>0

    Variable |        Obs        Mean    Std. dev.       Min        Max
-------------+---------------------------------------------------------
  comb_rent2 |      3,573    1337.656    797.7988   25.10605   4993.777

. 
. quietly eststo rent_he: reg log_mfrent ib26.dist3_2 i.lam_seg i.year if only_he == 1 & `regression_conditions', vce(cluster lam_seg)

. sum comb_rent2 if only_he == 1 & (year>=2010 & year<=2018) & (dist_both2<=0.02 & dist_both2>0) & res_typex != "Condominiums" & comb_rent2>0

    Variable |        Obs        Mean    Std. dev.       Min        Max
-------------+---------------------------------------------------------
  comb_rent2 |        412    1116.156    672.3269   191.5127   4571.508

. sum comb_rent2 if only_he == 1 & (year>=2010 & year<=2018) & (dist_both2<=0 & dist_both2>-0.02) & res_typex != "Condominiums" & comb_rent2>0

    Variable |        Obs        Mean    Std. dev.       Min        Max
-------------+---------------------------------------------------------
  comb_rent2 |        533    944.5037    370.3408   216.5848   2428.172

. 
. esttab rent_du rent_duhe rent_he, se r2 ///
>         indicate("Boundary f.e.=*lam_seg" "Year f.e.=*year") interaction(" X ") ///
>         label mtitles("rent_du" "rent_duhe" "rent_he") ///
>         title("Rents, baseline") 

Rents, baseline
--------------------------------------------------------------------
                              (1)             (2)             (3)   
                          rent_du       rent_duhe         rent_he   
--------------------------------------------------------------------
-.2                         0.165**         0.199***       -0.126   
                         (0.0614)        (0.0558)         (0.131)   

-.18                       0.0982*         0.0878          -0.307** 
                         (0.0384)        (0.0598)        (0.0900)   

-.16                       0.0712           0.129          -0.244***
                         (0.0621)        (0.0719)        (0.0647)   

-.14                        0.203***        0.181*          0.123*  
                         (0.0496)        (0.0739)        (0.0547)   

-.12                        0.135***        0.171**         0.130*  
                         (0.0328)        (0.0620)        (0.0571)   

-.1                        0.0898**        0.0497           0.109   
                         (0.0285)        (0.0539)        (0.0875)   

-.08                       0.0700**         0.107           0.174** 
                         (0.0255)        (0.0582)        (0.0529)   

-.06                       0.0812*         0.0783           0.138   
                         (0.0324)        (0.0620)        (0.0757)   

-.04                       0.0558*         0.0762           0.144*  
                         (0.0270)        (0.0642)        (0.0645)   

-.02                       0.0686**        0.0418          0.0190   
                         (0.0252)        (0.0570)        (0.0700)   

0                               0               0               0   
                              (.)             (.)             (.)   

.02                       -0.0207        -0.00250        -0.00566   
                         (0.0262)        (0.0461)        (0.0620)   

.04                       -0.0834*         -0.109          0.0229   
                         (0.0382)        (0.0641)        (0.0998)   

.06                       -0.0351         -0.0478          0.0427   
                         (0.0340)        (0.0774)        (0.0541)   

.08                        0.0141         -0.0424          -0.302***
                         (0.0259)        (0.0940)        (0.0823)   

.1                        0.00207          -0.115          -0.331***
                         (0.0331)        (0.0660)        (0.0819)   

.12                       -0.0281         -0.0835          -0.180   
                         (0.0267)        (0.0702)         (0.270)   

.14                        0.0469           0.250           0.107   
                         (0.0451)         (0.208)         (0.106)   

.16                       0.00577           0.260           0.309   
                         (0.0419)         (0.160)         (0.266)   

.18                       0.00794                                   
                         (0.0651)                                   

.2                         -0.143                                   
                         (0.0921)                                   

Constant                    6.414***        6.489***        7.116***
                         (0.0326)        (0.0535)        (0.0676)   

Boundary f.e.                 Yes             Yes             Yes   

Year f.e.                     Yes             Yes             Yes   
--------------------------------------------------------------------
Observations                50374           21925            3609   
R-squared                   0.642           0.620           0.641   
--------------------------------------------------------------------
Standard errors in parentheses
* p<0.05, ** p<0.01, *** p<0.001

. 
. esttab rent_du rent_duhe rent_he using "$EXPORTPATH/rents_table_relaxed2.tex", replace keep(25.dist3_2) se r2 ///
>         indicate("Boundary f.e.=*lam_seg" "Year f.e.=*year") interaction(" X ") ///
>         label mtitles("rent_du" "rent_duhe" "rent_he") ///
>         title("Rents, baseline") 
(file /shared/boston_zoning/working_paper/replication_package/analysis/robustness_mtlines_output/rents_table_relaxed2.tex not found)
(output written to /shared/boston_zoning/working_paper/replication_package/analysis/robustness_mtlines_output/rents_table_relaxed2.tex)

.         
. * robust s.e.
. quietly eststo rent_du_robust: reg log_mfrent ib26.dist3_2 i.lam_seg i.year if only_du==1 & `regression_conditions', vce(robust)

. 
. quietly eststo rent_duhe_robust: reg log_mfrent ib26.dist3_2 i.lam_seg i.year if du_he == 1 & `regression_conditions', vce(robust)

. 
. quietly eststo rent_he_robust: reg log_mfrent ib26.dist3_2 i.lam_seg i.year if only_he == 1 & `regression_conditions', vce(robust)

.         
. esttab rent_du_robust rent_duhe_robust rent_he_robust, se r2 ///
>         indicate("Boundary f.e.=*lam_seg" "Year f.e.=*year") interaction(" X ") ///
>         label mtitles("rent_du" "rent_duhe" "rent_he") ///
>         title("Rents, baseline, robust s.e.") 

Rents, baseline, robust s.e.
--------------------------------------------------------------------
                              (1)             (2)             (3)   
                          rent_du       rent_duhe         rent_he   
--------------------------------------------------------------------
-.2                         0.165***        0.199***       -0.126   
                         (0.0201)        (0.0154)        (0.0737)   

-.18                       0.0982***       0.0878***       -0.307***
                         (0.0174)        (0.0183)        (0.0475)   

-.16                       0.0712***        0.129***       -0.244***
                         (0.0150)        (0.0162)        (0.0560)   

-.14                        0.203***        0.181***        0.123** 
                         (0.0128)        (0.0153)        (0.0473)   

-.12                        0.135***        0.171***        0.130***
                         (0.0123)        (0.0141)        (0.0341)   

-.1                        0.0898***       0.0497***        0.109***
                        (0.00953)        (0.0133)        (0.0327)   

-.08                       0.0700***        0.107***        0.174***
                        (0.00768)        (0.0118)        (0.0269)   

-.06                       0.0812***       0.0783***        0.138***
                        (0.00765)        (0.0139)        (0.0280)   

-.04                       0.0558***       0.0762***        0.144***
                        (0.00697)        (0.0131)        (0.0289)   

-.02                       0.0686***       0.0418***       0.0190   
                        (0.00633)        (0.0104)        (0.0257)   

0                               0               0               0   
                              (.)             (.)             (.)   

.02                       -0.0207**      -0.00250        -0.00566   
                        (0.00705)        (0.0122)        (0.0260)   

.04                       -0.0834***       -0.109***       0.0229   
                        (0.00885)        (0.0168)        (0.0325)   

.06                       -0.0351***      -0.0478*         0.0427   
                        (0.00977)        (0.0196)        (0.0295)   

.08                        0.0141         -0.0424          -0.302***
                        (0.00840)        (0.0247)        (0.0454)   

.1                        0.00207          -0.115***       -0.331***
                         (0.0102)        (0.0235)        (0.0410)   

.12                       -0.0281**       -0.0835***       -0.180*  
                        (0.00944)        (0.0234)        (0.0790)   

.14                        0.0469**         0.250***        0.107   
                         (0.0147)        (0.0658)         (0.104)   

.16                       0.00577           0.260**         0.309***
                         (0.0128)        (0.0814)        (0.0894)   

.18                       0.00794                                   
                         (0.0211)                                   

.2                         -0.143***                                
                         (0.0285)                                   

Constant                    6.414***        6.489***        7.116***
                         (0.0424)        (0.0270)        (0.0970)   

Boundary f.e.                 Yes             Yes             Yes   

Year f.e.                     Yes             Yes             Yes   
--------------------------------------------------------------------
Observations                50374           21925            3609   
R-squared                   0.642           0.620           0.641   
--------------------------------------------------------------------
Standard errors in parentheses
* p<0.05, ** p<0.01, *** p<0.001

.         
. eststo clear

. 
. * Part 10b: Rents relaxed3      
. * set regression conditions
. local regression_conditions (year>=2010 & year<=2018) & (dist_both3<=0.21 & dist_both3>=-0.2) & res_typex != "Condominiums"

. 
. quietly eststo rent_du: reg log_mfrent ib26.dist3_3 i.lam_seg i.year if only_du==1 & `regression_conditions', vce(cluster lam_seg)

. sum comb_rent2 if only_du == 1 & (year>=2010 & year<=2018) & (dist_both3<=0.02 & dist_both3>0) & res_typex != "Condominiums" & comb_rent2>0

    Variable |        Obs        Mean    Std. dev.       Min        Max
-------------+---------------------------------------------------------
  comb_rent2 |      7,886    1410.349    737.3632   26.94084   4986.459

. sum comb_rent2 if only_du == 1 & (year>=2010 & year<=2018) & (dist_both3<=0 & dist_both3>-0.02) & res_typex != "Condominiums" & comb_rent2>0

    Variable |        Obs        Mean    Std. dev.       Min        Max
-------------+---------------------------------------------------------
  comb_rent2 |      7,162    1509.583    789.8579   20.47254   4994.965

.         
. quietly eststo rent_duhe: reg log_mfrent ib26.dist3_3 i.lam_seg i.year if du_he == 1 & `regression_conditions', vce(cluster lam_seg)

. sum comb_rent2 if du_he == 1 & (year>=2010 & year<=2018) & (dist_both3<=0.02 & dist_both3>0) & res_typex != "Condominiums" & comb_rent2>0

    Variable |        Obs        Mean    Std. dev.       Min        Max
-------------+---------------------------------------------------------
  comb_rent2 |      2,925    1173.278    765.5622   25.10605    4959.51

. sum comb_rent2 if du_he == 1 & (year>=2010 & year<=2018) & (dist_both3<=0 & dist_both3>-0.02) & res_typex != "Condominiums" & comb_rent2>0

    Variable |        Obs        Mean    Std. dev.       Min        Max
-------------+---------------------------------------------------------
  comb_rent2 |      3,533    1358.083    826.9159   66.48407   4994.113

. 
. quietly eststo rent_he: reg log_mfrent ib26.dist3_3 i.lam_seg i.year if only_he == 1 & `regression_conditions', vce(cluster lam_seg)

. sum comb_rent2 if only_he == 1 & (year>=2010 & year<=2018) & (dist_both3<=0.02 & dist_both3>0) & res_typex != "Condominiums" & comb_rent2>0

    Variable |        Obs        Mean    Std. dev.       Min        Max
-------------+---------------------------------------------------------
  comb_rent2 |        412    1116.156    672.3269   191.5127   4571.508

. sum comb_rent2 if only_he == 1 & (year>=2010 & year<=2018) & (dist_both3<=0 & dist_both3>-0.02) & res_typex != "Condominiums" & comb_rent2>0

    Variable |        Obs        Mean    Std. dev.       Min        Max
-------------+---------------------------------------------------------
  comb_rent2 |        533    944.5037    370.3408   216.5848   2428.172

.         
. esttab rent_du rent_duhe rent_he, se r2 ///
>         indicate("Boundary f.e.=*lam_seg" "Year f.e.=*year") interaction(" X ") ///
>         label mtitles("rent_du" "rent_duhe" "rent_he") ///
>         title("Rents, baseline") 

Rents, baseline
--------------------------------------------------------------------
                              (1)             (2)             (3)   
                          rent_du       rent_duhe         rent_he   
--------------------------------------------------------------------
-.2                         0.165**         0.233***       -0.126   
                         (0.0614)        (0.0587)         (0.131)   

-.18                       0.0982*          0.153          -0.307** 
                         (0.0384)        (0.0886)        (0.0900)   

-.16                       0.0712           0.182*         -0.244***
                         (0.0621)        (0.0837)        (0.0647)   

-.14                        0.203***        0.208**         0.123*  
                         (0.0496)        (0.0782)        (0.0547)   

-.12                        0.135***        0.195**         0.130*  
                         (0.0328)        (0.0639)        (0.0571)   

-.1                        0.0898**        0.0690           0.109   
                         (0.0285)        (0.0547)        (0.0875)   

-.08                       0.0700**         0.123*          0.174** 
                         (0.0255)        (0.0584)        (0.0529)   

-.06                       0.0812*         0.0887           0.138   
                         (0.0324)        (0.0633)        (0.0757)   

-.04                       0.0558*         0.0944           0.144*  
                         (0.0270)        (0.0635)        (0.0645)   

-.02                       0.0686**        0.0730          0.0190   
                         (0.0252)        (0.0563)        (0.0700)   

0                               0               0               0   
                              (.)             (.)             (.)   

.02                       -0.0207          0.0157        -0.00566   
                         (0.0262)        (0.0486)        (0.0620)   

.04                       -0.0834*        -0.0778          0.0229   
                         (0.0382)        (0.0669)        (0.0998)   

.06                       -0.0351         -0.0412          0.0427   
                         (0.0340)        (0.0827)        (0.0541)   

.08                        0.0141         -0.0301          -0.302***
                         (0.0259)         (0.104)        (0.0823)   

.1                        0.00207          -0.105          -0.331***
                         (0.0331)        (0.0649)        (0.0819)   

.12                       -0.0281         -0.0682          -0.180   
                         (0.0267)        (0.0714)         (0.270)   

.14                        0.0469          0.0725           0.107   
                         (0.0451)         (0.157)         (0.106)   

.16                       0.00577          0.0984           0.309   
                         (0.0419)        (0.0780)         (0.266)   

.18                       0.00794           0.122*                  
                         (0.0651)        (0.0559)                   

.2                         -0.143                                   
                         (0.0921)                                   

Constant                    6.414***        6.466***        7.116***
                         (0.0326)        (0.0547)        (0.0676)   

Boundary f.e.                 Yes             Yes             Yes   

Year f.e.                     Yes             Yes             Yes   
--------------------------------------------------------------------
Observations                50374           21925            3609   
R-squared                   0.642           0.620           0.641   
--------------------------------------------------------------------
Standard errors in parentheses
* p<0.05, ** p<0.01, *** p<0.001

.           
. esttab rent_du rent_duhe rent_he using "$EXPORTPATH/rents_table_relaxed3.tex", replace keep(25.dist3_3) se r2 ///
>         indicate("Boundary f.e.=*lam_seg" "Year f.e.=*year") interaction(" X ") ///
>         label mtitles("rent_du" "rent_duhe" "rent_he") ///
>         title("Rents, baseline") 
(file /shared/boston_zoning/working_paper/replication_package/analysis/robustness_mtlines_output/rents_table_relaxed3.tex not found)
(output written to /shared/boston_zoning/working_paper/replication_package/analysis/robustness_mtlines_output/rents_table_relaxed3.tex)

.         
. * robust s.e. 
. quietly eststo rent_du_robust: reg log_mfrent ib26.dist3_3 i.lam_seg i.year if only_du==1 & `regression_conditions', vce(robust)

.         
. quietly eststo rent_duhe_robust: reg log_mfrent ib26.dist3_3 i.lam_seg i.year if du_he == 1 & `regression_conditions', vce(robust)

. 
. quietly eststo rent_he_robust: reg log_mfrent ib26.dist3_3 i.lam_seg i.year if only_he == 1 & `regression_conditions', vce(robust)

.         
. esttab rent_du_robust rent_duhe_robust rent_he_robust, se r2 ///
>         indicate("Boundary f.e.=*lam_seg" "Year f.e.=*year") interaction(" X ") ///
>         label mtitles("rent_du" "rent_duhe" "rent_he") ///
>         title("Rents, baseline, robust s.e.") 

Rents, baseline, robust s.e.
--------------------------------------------------------------------
                              (1)             (2)             (3)   
                          rent_du       rent_duhe         rent_he   
--------------------------------------------------------------------
-.2                         0.165***        0.233***       -0.126   
                         (0.0201)        (0.0172)        (0.0737)   

-.18                       0.0982***        0.153***       -0.307***
                         (0.0174)        (0.0308)        (0.0475)   

-.16                       0.0712***        0.182***       -0.244***
                         (0.0150)        (0.0198)        (0.0560)   

-.14                        0.203***        0.208***        0.123** 
                         (0.0128)        (0.0155)        (0.0473)   

-.12                        0.135***        0.195***        0.130***
                         (0.0123)        (0.0149)        (0.0341)   

-.1                        0.0898***       0.0690***        0.109***
                        (0.00953)        (0.0138)        (0.0327)   

-.08                       0.0700***        0.123***        0.174***
                        (0.00768)        (0.0128)        (0.0269)   

-.06                       0.0812***       0.0887***        0.138***
                        (0.00765)        (0.0144)        (0.0280)   

-.04                       0.0558***       0.0944***        0.144***
                        (0.00697)        (0.0134)        (0.0289)   

-.02                       0.0686***       0.0730***       0.0190   
                        (0.00633)        (0.0106)        (0.0257)   

0                               0               0               0   
                              (.)             (.)             (.)   

.02                       -0.0207**        0.0157        -0.00566   
                        (0.00705)        (0.0130)        (0.0260)   

.04                       -0.0834***      -0.0778***       0.0229   
                        (0.00885)        (0.0173)        (0.0325)   

.06                       -0.0351***      -0.0412*         0.0427   
                        (0.00977)        (0.0205)        (0.0295)   

.08                        0.0141         -0.0301          -0.302***
                        (0.00840)        (0.0273)        (0.0454)   

.1                        0.00207          -0.105***       -0.331***
                         (0.0102)        (0.0234)        (0.0410)   

.12                       -0.0281**       -0.0682**        -0.180*  
                        (0.00944)        (0.0245)        (0.0790)   

.14                        0.0469**        0.0725           0.107   
                         (0.0147)        (0.0595)         (0.104)   

.16                       0.00577          0.0984           0.309***
                         (0.0128)        (0.0532)        (0.0894)   

.18                       0.00794           0.122**                 
                         (0.0211)        (0.0415)                   

.2                         -0.143***                                
                         (0.0285)                                   

Constant                    6.414***        6.466***        7.116***
                         (0.0424)        (0.0276)        (0.0970)   

Boundary f.e.                 Yes             Yes             Yes   

Year f.e.                     Yes             Yes             Yes   
--------------------------------------------------------------------
Observations                50374           21925            3609   
R-squared                   0.642           0.620           0.641   
--------------------------------------------------------------------
Standard errors in parentheses
* p<0.05, ** p<0.01, *** p<0.001

. 
. eststo clear

. 
. * Part 10c: Rents relaxed4      
. * set regression conditions
. local regression_conditions (year>=2010 & year<=2018) & (dist_both4<=0.21 & dist_both4>=-0.2) & res_typex != "Condominiums"

. 
. quietly eststo rent_du: reg log_mfrent ib26.dist3_4 i.lam_seg i.year if only_du==1 & `regression_conditions', vce(cluster lam_seg)

. sum comb_rent2 if only_du == 1 & (year>=2010 & year<=2018) & (dist_both4<=0.02 & dist_both4>0) & res_typex != "Condominiums" & comb_rent2>0

    Variable |        Obs        Mean    Std. dev.       Min        Max
-------------+---------------------------------------------------------
  comb_rent2 |      7,886    1410.349    737.3632   26.94084   4986.459

. sum comb_rent2 if only_du == 1 & (year>=2010 & year<=2018) & (dist_both4<=0 & dist_both4>-0.02) & res_typex != "Condominiums" & comb_rent2>0

    Variable |        Obs        Mean    Std. dev.       Min        Max
-------------+---------------------------------------------------------
  comb_rent2 |      7,162    1509.583    789.8579   20.47254   4994.965

.         
. quietly eststo rent_duhe: reg log_mfrent ib26.dist3_4 i.lam_seg i.year if du_he == 1 & `regression_conditions', vce(cluster lam_seg)

. sum comb_rent2 if du_he == 1 & (year>=2010 & year<=2018) & (dist_both4<=0.02 & dist_both4>0) & res_typex != "Condominiums" & comb_rent2>0

    Variable |        Obs        Mean    Std. dev.       Min        Max
-------------+---------------------------------------------------------
  comb_rent2 |      2,796    1179.014    778.5179   116.5614   4994.113

. sum comb_rent2 if du_he == 1 & (year>=2010 & year<=2018) & (dist_both4<=0 & dist_both4>-0.02) & res_typex != "Condominiums" & comb_rent2>0

    Variable |        Obs        Mean    Std. dev.       Min        Max
-------------+---------------------------------------------------------
  comb_rent2 |      3,662    1347.194    817.1618   25.10605   4993.777

. 
. quietly eststo rent_he: reg log_mfrent ib26.dist3_4 i.lam_seg i.year if only_he == 1 & `regression_conditions', vce(cluster lam_seg)

. sum comb_rent2 if only_he == 1 & (year>=2010 & year<=2018) & (dist_both4<=0.02 & dist_both4>0) & res_typex != "Condominiums" & comb_rent2>0

    Variable |        Obs        Mean    Std. dev.       Min        Max
-------------+---------------------------------------------------------
  comb_rent2 |        412    1116.156    672.3269   191.5127   4571.508

. sum comb_rent2 if only_he == 1 & (year>=2010 & year<=2018) & (dist_both4<=0 & dist_both4>-0.02) & res_typex != "Condominiums" & comb_rent2>0

    Variable |        Obs        Mean    Std. dev.       Min        Max
-------------+---------------------------------------------------------
  comb_rent2 |        533    944.5037    370.3408   216.5848   2428.172

.         
. esttab rent_du rent_duhe rent_he, se r2 ///
>         indicate("Boundary f.e.=*lam_seg" "Year f.e.=*year") interaction(" X ") ///
>         label mtitles("rent_du" "rent_duhe" "rent_he") ///
>         title("Rents, relaxed 4") 

Rents, relaxed 4
--------------------------------------------------------------------
                              (1)             (2)             (3)   
                          rent_du       rent_duhe         rent_he   
--------------------------------------------------------------------
-.2                         0.165**         0.184**        -0.126   
                         (0.0614)        (0.0573)         (0.131)   

-.18                       0.0982*         0.0919          -0.307** 
                         (0.0384)        (0.0647)        (0.0900)   

-.16                       0.0712           0.115          -0.244***
                         (0.0621)        (0.0732)        (0.0647)   

-.14                        0.203***        0.165*          0.123*  
                         (0.0496)        (0.0755)        (0.0547)   

-.12                        0.135***        0.164*          0.130*  
                         (0.0328)        (0.0639)        (0.0571)   

-.1                        0.0898**        0.0326           0.109   
                         (0.0285)        (0.0558)        (0.0875)   

-.08                       0.0700**        0.0772           0.174** 
                         (0.0255)        (0.0614)        (0.0529)   

-.06                       0.0812*         0.0602           0.138   
                         (0.0324)        (0.0639)        (0.0757)   

-.04                       0.0558*         0.0551           0.144*  
                         (0.0270)        (0.0643)        (0.0645)   

-.02                       0.0686**        0.0191          0.0190   
                         (0.0252)        (0.0588)        (0.0700)   

0                               0               0               0   
                              (.)             (.)             (.)   

.02                       -0.0207        -0.00719        -0.00566   
                         (0.0262)        (0.0491)        (0.0620)   

.04                       -0.0834*         -0.124          0.0229   
                         (0.0382)        (0.0658)        (0.0998)   

.06                       -0.0351         -0.0268          0.0427   
                         (0.0340)        (0.0747)        (0.0541)   

.08                        0.0141         -0.0528          -0.302***
                         (0.0259)        (0.0942)        (0.0823)   

.1                        0.00207          -0.161**        -0.331***
                         (0.0331)        (0.0560)        (0.0819)   

.12                       -0.0281         -0.0948          -0.180   
                         (0.0267)        (0.0699)         (0.270)   

.14                        0.0469           0.240           0.107   
                         (0.0451)         (0.211)         (0.106)   

.16                       0.00577           0.254           0.309   
                         (0.0419)         (0.189)         (0.266)   

.18                       0.00794                                   
                         (0.0651)                                   

.2                         -0.143                                   
                         (0.0921)                                   

Constant                    6.414***        6.505***        7.116***
                         (0.0326)        (0.0551)        (0.0676)   

Boundary f.e.                 Yes             Yes             Yes   

Year f.e.                     Yes             Yes             Yes   
--------------------------------------------------------------------
Observations                50374           21925            3609   
R-squared                   0.642           0.620           0.641   
--------------------------------------------------------------------
Standard errors in parentheses
* p<0.05, ** p<0.01, *** p<0.001

.           
. esttab rent_du rent_duhe rent_he using "$EXPORTPATH/rents_table_relaxed3.tex", replace keep(25.dist3_4) se r2 ///
>         indicate("Boundary f.e.=*lam_seg" "Year f.e.=*year") interaction(" X ") ///
>         label mtitles("rent_du" "rent_duhe" "rent_he") ///
>         title("Rents, relaxed 4") 
(output written to /shared/boston_zoning/working_paper/replication_package/analysis/robustness_mtlines_output/rents_table_relaxed3.tex)

.         
. * robust s.e. 
. quietly eststo rent_du_robust: reg log_mfrent ib26.dist3_4 i.lam_seg i.year if only_du==1 & `regression_conditions', vce(robust)

.         
. quietly eststo rent_duhe_robust: reg log_mfrent ib26.dist3_4 i.lam_seg i.year if du_he == 1 & `regression_conditions', vce(robust)

. 
. quietly eststo rent_he_robust: reg log_mfrent ib26.dist3_4 i.lam_seg i.year if only_he == 1 & `regression_conditions', vce(robust)

.         
. esttab rent_du_robust rent_duhe_robust rent_he_robust, se r2 ///
>         indicate("Boundary f.e.=*lam_seg" "Year f.e.=*year") interaction(" X ") ///
>         label mtitles("rent_du" "rent_duhe" "rent_he") ///
>         title("Rents, relaxed 4, robust s.e.") 

Rents, relaxed 4, robust s.e.
--------------------------------------------------------------------
                              (1)             (2)             (3)   
                          rent_du       rent_duhe         rent_he   
--------------------------------------------------------------------
-.2                         0.165***        0.184***       -0.126   
                         (0.0201)        (0.0156)        (0.0737)   

-.18                       0.0982***       0.0919***       -0.307***
                         (0.0174)        (0.0192)        (0.0475)   

-.16                       0.0712***        0.115***       -0.244***
                         (0.0150)        (0.0164)        (0.0560)   

-.14                        0.203***        0.165***        0.123** 
                         (0.0128)        (0.0155)        (0.0473)   

-.12                        0.135***        0.164***        0.130***
                         (0.0123)        (0.0143)        (0.0341)   

-.1                        0.0898***       0.0326*          0.109***
                        (0.00953)        (0.0135)        (0.0327)   

-.08                       0.0700***       0.0772***        0.174***
                        (0.00768)        (0.0123)        (0.0269)   

-.06                       0.0812***       0.0602***        0.138***
                        (0.00765)        (0.0140)        (0.0280)   

-.04                       0.0558***       0.0551***        0.144***
                        (0.00697)        (0.0128)        (0.0289)   

-.02                       0.0686***       0.0191          0.0190   
                        (0.00633)        (0.0105)        (0.0257)   

0                               0               0               0   
                              (.)             (.)             (.)   

.02                       -0.0207**      -0.00719        -0.00566   
                        (0.00705)        (0.0131)        (0.0260)   

.04                       -0.0834***       -0.124***       0.0229   
                        (0.00885)        (0.0169)        (0.0325)   

.06                       -0.0351***      -0.0268          0.0427   
                        (0.00977)        (0.0190)        (0.0295)   

.08                        0.0141         -0.0528*         -0.302***
                        (0.00840)        (0.0248)        (0.0454)   

.1                        0.00207          -0.161***       -0.331***
                         (0.0102)        (0.0225)        (0.0410)   

.12                       -0.0281**       -0.0948***       -0.180*  
                        (0.00944)        (0.0235)        (0.0790)   

.14                        0.0469**         0.240***        0.107   
                         (0.0147)        (0.0664)         (0.104)   

.16                       0.00577           0.254**         0.309***
                         (0.0128)        (0.0955)        (0.0894)   

.18                       0.00794                                   
                         (0.0211)                                   

.2                         -0.143***                                
                         (0.0285)                                   

Constant                    6.414***        6.505***        7.116***
                         (0.0424)        (0.0269)        (0.0970)   

Boundary f.e.                 Yes             Yes             Yes   

Year f.e.                     Yes             Yes             Yes   
--------------------------------------------------------------------
Observations                50374           21925            3609   
R-squared                   0.642           0.620           0.641   
--------------------------------------------------------------------
Standard errors in parentheses
* p<0.05, ** p<0.01, *** p<0.001

. 
. eststo clear

.         
. * Part 10d: Rents, only clear boundaries
. * set regression conditions - first 3 regs should not differ from baseline
. local regression_conditions (year>=2010 & year<=2018) & (dist_both<=0.21 & dist_both>=-0.2) & res_typex != "Condominiums"

. 
. quietly eststo rent_du: reg log_mfrent ib26.dist3 i.lam_seg i.year if clear_relaxed_strict_lam== 1 & only_du==1 & `regression_conditions', vce(cluster lam_seg)

. sum comb_rent2 if only_du == 1 & (year>=2010 & year<=2018) & (dist_both<=0.02 & dist_both>0) & res_typex != "Condominiums" & comb_rent2>0 & clear_relaxed_strict_lam== 1

    Variable |        Obs        Mean    Std. dev.       Min        Max
-------------+---------------------------------------------------------
  comb_rent2 |      7,886    1410.349    737.3632   26.94084   4986.459

. sum comb_rent2 if only_du == 1 & (year>=2010 & year<=2018) & (dist_both<=0 & dist_both>-0.02) & res_typex != "Condominiums" & comb_rent2>0 & clear_relaxed_strict_lam== 1

    Variable |        Obs        Mean    Std. dev.       Min        Max
-------------+---------------------------------------------------------
  comb_rent2 |      7,162    1509.583    789.8579   20.47254   4994.965

.         
. quietly eststo rent_duhe: reg log_mfrent ib26.dist3 i.lam_seg i.year if clear_relaxed_strict_lam== 1 & du_he == 1 & `regression_conditions', vce(cluster lam_seg)

. sum comb_rent2 if du_he == 1 & (year>=2010 & year<=2018) & (dist_both<=0.02 & dist_both>0) & res_typex != "Condominiums" & comb_rent2>0 & clear_relaxed_strict_lam== 1

    Variable |        Obs        Mean    Std. dev.       Min        Max
-------------+---------------------------------------------------------
  comb_rent2 |      2,492    1159.317    715.4086   116.5614    4959.51

. sum comb_rent2 if du_he == 1 & (year>=2010 & year<=2018) & (dist_both<=0 & dist_both>-0.02) & res_typex != "Condominiums" & comb_rent2>0 & clear_relaxed_strict_lam== 1

    Variable |        Obs        Mean    Std. dev.       Min        Max
-------------+---------------------------------------------------------
  comb_rent2 |      3,229    1359.741    788.0833   66.48407   4993.777

. 
. quietly eststo rent_he: reg log_mfrent ib26.dist3 i.lam_seg i.year if clear_relaxed_strict_lam== 1 & only_he == 1 & `regression_conditions', vce(cluster lam_seg)

. sum comb_rent2 if only_he == 1 & (year>=2010 & year<=2018) & (dist_both<=0.02 & dist_both>0) & res_typex != "Condominiums" & comb_rent2>0 & clear_relaxed_strict_lam== 1

    Variable |        Obs        Mean    Std. dev.       Min        Max
-------------+---------------------------------------------------------
  comb_rent2 |        412    1116.156    672.3269   191.5127   4571.508

. sum comb_rent2 if only_he == 1 & (year>=2010 & year<=2018) & (dist_both<=0 & dist_both>-0.02) & res_typex != "Condominiums" & comb_rent2>0 & clear_relaxed_strict_lam== 1

    Variable |        Obs        Mean    Std. dev.       Min        Max
-------------+---------------------------------------------------------
  comb_rent2 |        533    944.5037    370.3408   216.5848   2428.172

. 
. esttab rent_du rent_duhe rent_he, se r2 ///
>         indicate("Boundary f.e.=*lam_seg" "Year f.e.=*year") interaction(" X ") ///
>         label mtitles("rent_du" "rent_duhe" "rent_he") ///
>         title("Rents, baseline") 

Rents, baseline
--------------------------------------------------------------------
                              (1)             (2)             (3)   
                          rent_du       rent_duhe         rent_he   
--------------------------------------------------------------------
-.2                         0.165**         0.212***       -0.126   
                         (0.0614)        (0.0598)         (0.131)   

-.18                       0.0982*         0.0794          -0.307** 
                         (0.0384)        (0.0644)        (0.0900)   

-.16                       0.0712           0.137          -0.244***
                         (0.0621)        (0.0750)        (0.0647)   

-.14                        0.203***        0.191*          0.123*  
                         (0.0496)        (0.0780)        (0.0547)   

-.12                        0.135***        0.179**         0.130*  
                         (0.0328)        (0.0652)        (0.0571)   

-.1                        0.0898**        0.0570           0.109   
                         (0.0285)        (0.0574)        (0.0875)   

-.08                       0.0700**         0.115           0.174** 
                         (0.0255)        (0.0620)        (0.0529)   

-.06                       0.0812*         0.0845           0.138   
                         (0.0324)        (0.0665)        (0.0757)   

-.04                       0.0558*         0.0845           0.144*  
                         (0.0270)        (0.0681)        (0.0645)   

-.02                       0.0686**        0.0523          0.0190   
                         (0.0252)        (0.0613)        (0.0700)   

0                               0               0               0   
                              (.)             (.)             (.)   

.02                       -0.0207         0.00673        -0.00566   
                         (0.0262)        (0.0535)        (0.0620)   

.04                       -0.0834*         -0.108          0.0229   
                         (0.0382)        (0.0711)        (0.0998)   

.06                       -0.0351         -0.0156          0.0427   
                         (0.0340)        (0.0825)        (0.0541)   

.08                        0.0141         -0.0410          -0.302***
                         (0.0259)         (0.106)        (0.0823)   

.1                        0.00207          -0.150**        -0.331***
                         (0.0331)        (0.0547)        (0.0819)   

.12                       -0.0281         -0.0823          -0.180   
                         (0.0267)        (0.0738)         (0.270)   

.14                        0.0469          0.0632           0.107   
                         (0.0451)         (0.158)         (0.106)   

.16                       0.00577         -0.0280           0.309   
                         (0.0419)        (0.0756)         (0.266)   

.18                       0.00794                                   
                         (0.0651)                                   

.2                         -0.143                                   
                         (0.0921)                                   

Constant                    6.414***        6.483***        7.116***
                         (0.0326)        (0.0577)        (0.0676)   

Boundary f.e.                 Yes             Yes             Yes   

Year f.e.                     Yes             Yes             Yes   
--------------------------------------------------------------------
Observations                50374           19577            3609   
R-squared                   0.642           0.605           0.641   
--------------------------------------------------------------------
Standard errors in parentheses
* p<0.05, ** p<0.01, *** p<0.001

. 
. esttab rent_du rent_duhe rent_he using "$EXPORTPATH/rents_table_clear_boundaries.tex", replace keep(25.dist3) se r2 ///
>         indicate("Boundary f.e.=*lam_seg" "Year f.e.=*year") interaction(" X ") ///
>         label mtitles("rent_du" "rent_duhe" "rent_he") ///
>         title("Rents, baseline") 
(file /shared/boston_zoning/working_paper/replication_package/analysis/robustness_mtlines_output/rents_table_clear_boundaries.tex not found)
(output written to /shared/boston_zoning/working_paper/replication_package/analysis/robustness_mtlines_output/rents_table_clear_boundaries.tex)

.         
. * robust s.e.
. quietly eststo rent_du_robust: reg log_mfrent ib26.dist3 i.lam_seg i.year if clear_relaxed_strict_lam== 1 & only_du==1 & `regression_conditions', vce(robust)

.         
. quietly eststo rent_duhe_robust: reg log_mfrent ib26.dist3 i.lam_seg i.year if clear_relaxed_strict_lam== 1 & du_he == 1 & `regression_conditions', vce(robust)

. 
. quietly eststo rent_he_robust: reg log_mfrent ib26.dist3 i.lam_seg i.year if clear_relaxed_strict_lam== 1 & only_he == 1 & `regression_conditions', vce(robust)

.         
. esttab rent_du_robust rent_duhe_robust rent_he_robust, se r2 ///
>         indicate("Boundary f.e.=*lam_seg" "Year f.e.=*year") interaction(" X ") ///
>         label mtitles("rent_du" "rent_duhe" "rent_he") ///
>         title("Rents, baseline, robust s.e.") 

Rents, baseline, robust s.e.
--------------------------------------------------------------------
                              (1)             (2)             (3)   
                          rent_du       rent_duhe         rent_he   
--------------------------------------------------------------------
-.2                         0.165***        0.212***       -0.126   
                         (0.0201)        (0.0164)        (0.0737)   

-.18                       0.0982***       0.0794***       -0.307***
                         (0.0174)        (0.0192)        (0.0475)   

-.16                       0.0712***        0.137***       -0.244***
                         (0.0150)        (0.0166)        (0.0560)   

-.14                        0.203***        0.191***        0.123** 
                         (0.0128)        (0.0150)        (0.0473)   

-.12                        0.135***        0.179***        0.130***
                         (0.0123)        (0.0145)        (0.0341)   

-.1                        0.0898***       0.0570***        0.109***
                        (0.00953)        (0.0138)        (0.0327)   

-.08                       0.0700***        0.115***        0.174***
                        (0.00768)        (0.0124)        (0.0269)   

-.06                       0.0812***       0.0845***        0.138***
                        (0.00765)        (0.0145)        (0.0280)   

-.04                       0.0558***       0.0845***        0.144***
                        (0.00697)        (0.0137)        (0.0289)   

-.02                       0.0686***       0.0523***       0.0190   
                        (0.00633)        (0.0108)        (0.0257)   

0                               0               0               0   
                              (.)             (.)             (.)   

.02                       -0.0207**       0.00673        -0.00566   
                        (0.00705)        (0.0139)        (0.0260)   

.04                       -0.0834***       -0.108***       0.0229   
                        (0.00885)        (0.0178)        (0.0325)   

.06                       -0.0351***      -0.0156          0.0427   
                        (0.00977)        (0.0202)        (0.0295)   

.08                        0.0141         -0.0410          -0.302***
                        (0.00840)        (0.0278)        (0.0454)   

.1                        0.00207          -0.150***       -0.331***
                         (0.0102)        (0.0227)        (0.0410)   

.12                       -0.0281**       -0.0823***       -0.180*  
                        (0.00944)        (0.0238)        (0.0790)   

.14                        0.0469**        0.0632           0.107   
                         (0.0147)        (0.0595)         (0.104)   

.16                       0.00577         -0.0280           0.309***
                         (0.0128)         (0.112)        (0.0894)   

.18                       0.00794                                   
                         (0.0211)                                   

.2                         -0.143***                                
                         (0.0285)                                   

Constant                    6.414***        6.483***        7.116***
                         (0.0424)        (0.0274)        (0.0970)   

Boundary f.e.                 Yes             Yes             Yes   

Year f.e.                     Yes             Yes             Yes   
--------------------------------------------------------------------
Observations                50374           19577            3609   
R-squared                   0.642           0.605           0.641   
--------------------------------------------------------------------
Standard errors in parentheses
* p<0.05, ** p<0.01, *** p<0.001

. 
. 
. ********************************************************************************
. ** Part 11: Sales prices
. * Part 11a: Sales prices, minlotsize by-right boundaries
. ********************************************************************************
. ** regressions
. * set regression conditions, minlotsize_esval = 0 means mnls is in the bylaws (notimputed)
. local regression_conditions (last_saleyr>=2010 & last_saleyr<=2018) & (dist_both<=0.21 & dist_both>=-0.2) & res_typex=="Single Family Res" & mnls_esval==0

. 
. * Part 11a: Sales price baseline
. quietly eststo price_du: reg log_saleprice ib26.dist3 i.lam_seg i.last_saleyr if only_du==1 & `regression_conditions', vce(cluster lam_seg)

. sum def_saleprice if only_du == 1 & (last_saleyr>=2010 & last_saleyr<=2018) & (dist_both<=0.02 & dist_both>0) & res_typex=="Single Family Res" & last_salepr & mnls_esval==0

    Variable |        Obs        Mean    Std. dev.       Min        Max
-------------+---------------------------------------------------------
def_salepr~e |      5,049    622419.1    382274.6   37285.19    2068167

. sum def_saleprice if only_du == 1 & (last_saleyr>=2010 & last_saleyr<=2018) & (dist_both<=0 & dist_both>-0.02) & res_typex=="Single Family Res" & last_salepr& mnls_esval==0

    Variable |        Obs        Mean    Std. dev.       Min        Max
-------------+---------------------------------------------------------
def_salepr~e |      3,902    623841.3    353173.2   123868.7    2076372

. 
. * number of boundaries
. unique lam_seg if only_du==1 & `regression_conditions'
Number of unique values of lam_seg is  635
Number of records is  53846

. 
. quietly eststo price_duhe: reg log_saleprice ib26.dist3 i.lam_seg i.last_saleyr if du_he == 1 & `regression_conditions', vce(cluster lam_seg)

. sum def_saleprice if du_he == 1 & (last_saleyr>=2010 & last_saleyr<=2018) & (dist_both<=0.02 & dist_both>0) & res_typex=="Single Family Res" & last_salepr & mnls_esval==0

    Variable |        Obs        Mean    Std. dev.       Min        Max
-------------+---------------------------------------------------------
def_salepr~e |        283      566362    394347.5   131963.5    1953939

. sum def_saleprice if du_he == 1 & (last_saleyr>=2010 & last_saleyr<=2018) & (dist_both<=0 & dist_both>-0.02) & res_typex=="Single Family Res" & last_salepr& mnls_esval==0

    Variable |        Obs        Mean    Std. dev.       Min        Max
-------------+---------------------------------------------------------
def_salepr~e |        431    561022.7    433183.7   129089.7    2036865

. 
. * number of boundaries
. unique lam_seg if du_he==1 & `regression_conditions'
Number of unique values of lam_seg is  108
Number of records is  2846

. 
. 
. quietly eststo price_mfdu: reg log_saleprice ib26.dist3 i.lam_seg i.last_saleyr if  mf_du == 1 & `regression_conditions', vce(cluster lam_seg)

. sum def_saleprice if mf_du == 1 & (last_saleyr>=2010 & last_saleyr<=2018) & (dist_both<=0.02 & dist_both>0) & res_typex=="Single Family Res" & last_salepr > 0& mnls_esval==0

    Variable |        Obs        Mean    Std. dev.       Min        Max
-------------+---------------------------------------------------------
def_salepr~e |      1,802    555300.1    379344.9   83950.88    2082549

. sum def_saleprice if mf_du == 1 & (last_saleyr>=2010 & last_saleyr<=2018) & (dist_both<=0 & dist_both>-0.02) & res_typex=="Single Family Res" & last_salepr > 0 & mnls_esval==0

    Variable |        Obs        Mean    Std. dev.       Min        Max
-------------+---------------------------------------------------------
def_salepr~e |      1,463    687787.1    468025.5   176217.4    2091146

. 
. * number of boundaries
. unique lam_seg if mf_du==1 & `regression_conditions'
Number of unique values of lam_seg is  307
Number of records is  15893

. 
. esttab price_du price_duhe price_mfdu, ///
>         se r2 indicate("Boundary f.e.=*lam_seg" "Year f.e.=*last_saleyr") interaction(" X ") ///
>         label mtitles("price_du" "price_duhe" "price_mfdu") ///
>         title("Sales Prices minimum lot size in bylaws, clustered s.e.") 

Sales Prices minimum lot size in bylaws, clustered s.e.
--------------------------------------------------------------------
                              (1)             (2)             (3)   
                         price_du      price_duhe      price_mfdu   
--------------------------------------------------------------------
-.2                         0.170***      -0.0262           0.200***
                         (0.0330)        (0.0778)        (0.0431)   

-.18                        0.154***    -0.000172           0.138** 
                         (0.0383)         (0.140)        (0.0466)   

-.16                        0.134***       0.0926           0.183***
                         (0.0375)        (0.0720)        (0.0480)   

-.14                        0.111***      -0.0371           0.188** 
                         (0.0326)        (0.0891)        (0.0714)   

-.12                        0.137***       0.0716           0.164** 
                         (0.0316)        (0.0731)        (0.0527)   

-.1                         0.134***      -0.0245           0.187***
                         (0.0365)        (0.0985)        (0.0462)   

-.08                        0.122***      -0.0427           0.119*  
                         (0.0269)        (0.0622)        (0.0565)   

-.06                        0.120***      -0.0823           0.135** 
                         (0.0290)        (0.0619)        (0.0469)   

-.04                       0.0974***       0.0109           0.140***
                         (0.0263)        (0.0466)        (0.0374)   

-.02                       0.0470*         0.0103          0.0523   
                         (0.0237)        (0.0446)        (0.0305)   

0                               0               0               0   
                              (.)             (.)             (.)   

.02                       -0.0285         -0.0273         0.00309   
                         (0.0226)        (0.0817)        (0.0314)   

.04                       -0.0601*        -0.0978*       -0.00842   
                         (0.0246)        (0.0484)        (0.0304)   

.06                       -0.0604**        0.0865         -0.0256   
                         (0.0233)        (0.0458)        (0.0322)   

.08                       -0.0700**         0.318         -0.0483   
                         (0.0271)         (0.194)        (0.0330)   

.1                        -0.0884**       0.00369         -0.0243   
                         (0.0281)        (0.0339)        (0.0462)   

.12                       -0.0552*         -0.200         -0.0217   
                         (0.0276)         (0.116)        (0.0410)   

.14                       -0.0682*          1.643***      -0.0855   
                         (0.0275)        (0.0414)        (0.0472)   

.16                       -0.0537*          0.205***      -0.0711   
                         (0.0244)        (0.0562)        (0.0556)   

.18                       -0.0601                          0.0125   
                         (0.0336)                        (0.0672)   

.2                        -0.0882*                         -0.150   
                         (0.0416)                         (0.111)   

Constant                    13.23***        12.47***        13.12***
                         (0.0263)        (0.0524)        (0.0467)   

Boundary f.e.                 Yes             Yes             Yes   

Year f.e.                     Yes             Yes             Yes   
--------------------------------------------------------------------
Observations                53846            2846           15893   
R-squared                   0.620           0.852           0.747   
--------------------------------------------------------------------
Standard errors in parentheses
* p<0.05, ** p<0.01, *** p<0.001

. 
. esttab price_du price_duhe price_mfdu  using "$EXPORTPATH/salesprice_table_minlotsize.tex", replace keep(25.dist3) ///
>         se r2 indicate("Boundary f.e.=*lam_seg" "Year f.e.=*last_saleyr") interaction(" X ") ///
>         label mtitles("price_du" "price_duhe" "price_mfdu") ///
>         title("Sales Prices minimum lot size in bylaws, clustered s.e.") 
(file /shared/boston_zoning/working_paper/replication_package/analysis/robustness_mtlines_output/salesprice_table_minlotsize.tex not found)
(output written to /shared/boston_zoning/working_paper/replication_package/analysis/robustness_mtlines_output/salesprice_table_minlotsize.tex)

.         
. * robust s.e.
. quietly eststo price_du_robust: reg log_saleprice ib26.dist3 i.lam_seg i.last_saleyr if only_du==1 & `regression_conditions', vce(robust)

.         
. quietly eststo price_duhe_robust: reg log_saleprice ib26.dist3 i.lam_seg i.last_saleyr if du_he == 1 & `regression_conditions', vce(robust)

. 
. quietly eststo price_mfdu_robust: reg log_saleprice ib26.dist3 i.lam_seg i.last_saleyr if  mf_du == 1 & `regression_conditions', vce(robust)

. 
. esttab price_du_robust price_duhe_robust price_mfdu_robust , ///
>         se r2 indicate("Boundary f.e.=*lam_seg" "Year f.e.=*last_saleyr") interaction(" X ") ///
>         label mtitles("price_du" "price_duhe" "price_mfdu" ) ///
>         title("Sales Prices minimum lot size in bylaws, robust s.e.") 

Sales Prices minimum lot size in bylaws, robust s.e.
--------------------------------------------------------------------
                              (1)             (2)             (3)   
                         price_du      price_duhe      price_mfdu   
--------------------------------------------------------------------
-.2                         0.170***      -0.0262           0.200***
                         (0.0119)        (0.0325)        (0.0164)   

-.18                        0.154***    -0.000172           0.138***
                         (0.0110)        (0.0525)        (0.0157)   

-.16                        0.134***       0.0926**         0.183***
                         (0.0108)        (0.0337)        (0.0196)   

-.14                        0.111***      -0.0371           0.188***
                        (0.00907)        (0.0353)        (0.0184)   

-.12                        0.137***       0.0716*          0.164***
                        (0.00930)        (0.0294)        (0.0171)   

-.1                         0.134***      -0.0245           0.187***
                        (0.00895)        (0.0315)        (0.0149)   

-.08                        0.122***      -0.0427           0.119***
                        (0.00850)        (0.0274)        (0.0155)   

-.06                        0.120***      -0.0823**         0.135***
                        (0.00796)        (0.0290)        (0.0147)   

-.04                       0.0974***       0.0109           0.140***
                        (0.00753)        (0.0242)        (0.0130)   

-.02                       0.0470***       0.0103          0.0523***
                        (0.00745)        (0.0227)        (0.0114)   

0                               0               0               0   
                              (.)             (.)             (.)   

.02                       -0.0285***      -0.0273         0.00309   
                        (0.00668)        (0.0296)        (0.0117)   

.04                       -0.0601***      -0.0978**      -0.00842   
                        (0.00704)        (0.0328)        (0.0115)   

.06                       -0.0604***       0.0865*        -0.0256*  
                        (0.00720)        (0.0411)        (0.0129)   

.08                       -0.0700***        0.318*        -0.0483***
                        (0.00717)         (0.158)        (0.0128)   

.1                        -0.0884***      0.00369         -0.0243   
                        (0.00770)        (0.0407)        (0.0142)   

.12                       -0.0552***       -0.200***      -0.0217   
                        (0.00842)        (0.0478)        (0.0139)   

.14                       -0.0682***        1.643***      -0.0855***
                        (0.00843)        (0.0656)        (0.0197)   

.16                       -0.0537***        0.205*        -0.0711***
                        (0.00875)         (0.104)        (0.0195)   

.18                       -0.0601***                       0.0125   
                        (0.00968)                        (0.0192)   

.2                        -0.0882***                       -0.150***
                         (0.0128)                        (0.0389)   

Constant                    13.23***        12.47***        13.12***
                         (0.0330)        (0.0263)        (0.0468)   

Boundary f.e.                 Yes             Yes             Yes   

Year f.e.                     Yes             Yes             Yes   
--------------------------------------------------------------------
Observations                53846            2846           15893   
R-squared                   0.620           0.852           0.747   
--------------------------------------------------------------------
Standard errors in parentheses
* p<0.05, ** p<0.01, *** p<0.001

.                 
. * coefplots, sales prices w/o characteristics
. local plot_list price_du price_duhe price_mfdu 

. local suffix "coef_price_minlotsize_clustered"

. local l1_title "Log Sales Price"

. local b1_title "<- More restrictive  |  Less restrictive ->"

. local b2_title "Distance to Boundary (miles)"

. 
. foreach r in `plot_list' {
  2.         
.         local pos = ustrpos("`r'", "_") + 1
  3.         local str = substr("`r'", `pos', .)
  4. 
.         if "`str'" == "du" {
  5.                 local title "Only DUPAC Changes"
  6.         }
  7.         
.         if "`str'" == "duhe" {
  8.                 local title "DUPAC and Height Change"
  9.         }
 10. 
.         if "`str'" == "mfdu" {
 11.                 local title "MF Allowed and DUPAC Change"
 12.         }
 13.         
.         * coefplots
.         #delimit;
delimiter now ;
.         coefplot 
>                 /* relaxed side graphing variables */
>                 (`r', keep(16.dist3 17.dist3 18.dist3 19.dist3 20.dist3 21.dist3 22.dist3 23.dist3 24.dist3 25.dist3) 
>                         recast(line) color(midblue) 
>                         ciopts(recast(rarea) color(midblue%30) lwidth(none))
>                         )
>                 
>                 /* strict side graphing variables */
>                 (`r', keep(26.dist3 27.dist3 28.dist3 29.dist3 30.dist3 31.dist3 32.dist3 33.dist3 34.dist3 35.dist3) 
>                         recast(line) color(maroon)
>                         ciopts(recast(rarea) color(maroon%30) lwidth(none))
>                         ),
> 
>                 /* plot region */
>                 vertical levels(95) baselevels offset(0)
>                 graphregion(fc(white) lcolor(white)) plotregion(fc(white) lcolor(white))
> 
>                 xline(10.5, lpattern(dash) lwidth(thin) lcolor(black))
>                 yline(0, lpattern(dash) lwidth(thin) lcolor(black))
> 
>                 /* titles, subtitles, notes */          
>                 title("{bf:`title'}", size(3) pos(12) margin(t=0 b=0 l=0 r=0) span)
> 
>                 /* axis titles and labels */            
>                 ylabel(, labsize(4) gmin gmax) ymtick() 
>                 
>                 xlabel(1 "-.20" 2 "-.18" 3 "-.16" 4 "-.14" 5 "-.12" 6 "-.10" 7 "-.08" 8 "-.06" 9 "-.04" 10 "-.02" 10.5 "0"
>                         11 ".02" 12 ".04" 13 ".06" 14 ".08" 15 ".10" 16 ".12" 17 ".14" 18 ".16" 19 ".18" 20 ".20", labsize(3) angle(45) gmax)
>                         
>                 /* legend */
>                 legend(off position(6) 
>                         order()
>                         symy(2) symx(3) 
>                         rows(1) cols() size(2) 
>                         nobox fcolor()
>                         region(fcolor(none) lpattern(blank))
>                         margin(t=1 b=1 l=0 r=0)span)
>                 name(`r', replace) ;
 14.                         graph combine `r',
>                 graphregion(fc(white) lcolor(white))
>                 l1title("{bf:`l1_title'}", size(3) margin(t=0 b=0 l=0 r=1))
>                 b1title("`b1_title'", size(2))
>                 b2title("{bf:`b2_title'}", size(3) margin(t=1 b=0 l=0 r=0))
>                 name("`r'a", replace);
 15.                 graph save "`r'a" "$EXPORTPATH/`suffix'_`str'", replace;
 16.         graph close "`r'a";
 17.         #delimit cr
delimiter now cr
. }
(file /shared/boston_zoning/working_paper/replication_package/analysis/robustness_mtlines_output/coef_price_minlotsize_clustered_du.gph not found)
file /shared/boston_zoning/working_paper/replication_package/analysis/robustness_mtlines_output/coef_price_minlotsize_clustered_du.gph saved
(file /shared/boston_zoning/working_paper/replication_package/analysis/robustness_mtlines_output/coef_price_minlotsize_clustered_duhe.gph not found)
file /shared/boston_zoning/working_paper/replication_package/analysis/robustness_mtlines_output/coef_price_minlotsize_clustered_duhe.gph saved
(file /shared/boston_zoning/working_paper/replication_package/analysis/robustness_mtlines_output/coef_price_minlotsize_clustered_mfdu.gph not found)
file /shared/boston_zoning/working_paper/replication_package/analysis/robustness_mtlines_output/coef_price_minlotsize_clustered_mfdu.gph saved

. 
. * combine all
. #delimit ;
delimiter now ;
. graph combine price_du price_duhe price_mfdu ,
>         rows(3) cols(2) ysize() xsize() iscale() imargin(0)
>         graphregion(fc(white) lcolor(white))
>         l1title("{bf:`l1_title'}", size(3) margin(t=0 b=0 l=0 r=1))
>         b1title("`b1_title'", size(2))
>         b2title("{bf:`b2_title'}", size(3) margin(t=1 b=0 l=0 r=0))
>         name("final_graph_clustered", replace);
(note:  named style 0 not found in class margin, default attributes used)
(note:  named style 0 not found in class margin, default attributes used)
(note:  named style 0 not found in class margin, default attributes used)

.                 graph save "final_graph_clustered" "$EXPORTPATH/`suffix'_all", replace;
(file /shared/boston_zoning/working_paper/replication_package/analysis/robustness_mtlines_output/coef_price_minlotsize_clustered_all.gph not found)
file /shared/boston_zoning/working_paper/replication_package/analysis/robustness_mtlines_output/coef_price_minlotsize_clustered_all.gph saved

. #delimit cr     
delimiter now cr
. 
. eststo clear

. graph close _all

. 
. 
. ********************************************************************************
. ** Part 12: Rents
. * Part 12a: Rents, baseline
. ********************************************************************************
. ** regressions
. * set regression conditions
. local regression_conditions (year>=2010 & year<=2018) & (dist_both<=0.21 & dist_both>=-0.2) & res_typex != "Condominiums" & mnls_esval==0

.         
. * Part 12a: Rents w/o characteristics
. quietly eststo rent_du: reg log_mfrent ib26.dist3 i.lam_seg i.year if only_du==1 & `regression_conditions', vce(cluster lam_seg)

. sum comb_rent2 if only_du == 1 & (year>=2010 & year<=2018) & (dist_both<=0.02 & dist_both>0) & res_typex != "Condominiums" & comb_rent2>0 & mnls_esval==0

    Variable |        Obs        Mean    Std. dev.       Min        Max
-------------+---------------------------------------------------------
  comb_rent2 |      5,775    1411.033    779.0933   26.94084   4986.459

. sum comb_rent2 if only_du == 1 & (year>=2010 & year<=2018) & (dist_both<=0 & dist_both>-0.02) & res_typex != "Condominiums" & comb_rent2>0 & mnls_esval==0

    Variable |        Obs        Mean    Std. dev.       Min        Max
-------------+---------------------------------------------------------
  comb_rent2 |      6,441    1516.453    794.7828   20.47254   4994.965

. *number of boundaries
. unique lam_seg if only_du==1 & `regression_conditions' 
Number of unique values of lam_seg is  832
Number of records is  357907

. 
. quietly eststo rent_duhe: reg log_mfrent ib26.dist3 i.lam_seg i.year if du_he == 1 & `regression_conditions', vce(cluster lam_seg)

. sum comb_rent2 if du_he == 1 & (year>=2010 & year<=2018) & (dist_both<=0.02 & dist_both>0) & res_typex != "Condominiums" & comb_rent2>0 & mnls_esval==0

    Variable |        Obs        Mean    Std. dev.       Min        Max
-------------+---------------------------------------------------------
  comb_rent2 |      2,697     1203.92    819.9412   116.5614   4994.113

. sum comb_rent2 if du_he == 1 & (year>=2010 & year<=2018) & (dist_both<=0 & dist_both>-0.02) & res_typex != "Condominiums" & comb_rent2>0 & mnls_esval==0

    Variable |        Obs        Mean    Std. dev.       Min        Max
-------------+---------------------------------------------------------
  comb_rent2 |      3,038     1411.43     827.384   66.48407   4993.777

. 
. * number of boundaries
. unique lam_seg if du_he==1 & `regression_conditions' 
Number of unique values of lam_seg is  246
Number of records is  37447

. * number of boundaries
. unique lam_seg if mf_du==1 & `regression_conditions' 
Number of unique values of lam_seg is  404
Number of records is  126325

. 
. esttab rent_du rent_duhe, se r2 ///
>         indicate("Boundary f.e.=*lam_seg" "Year f.e.=*year") interaction(" X ") ///
>         label mtitles("rent_du" "rent_duhe") ///
>         title("Rents, minimum lot size in bylaws, clustered s.e.") 

Rents, minimum lot size in bylaws, clustered s.e.
----------------------------------------------------
                              (1)             (2)   
                          rent_du       rent_duhe   
----------------------------------------------------
-.2                         0.153*          0.200** 
                         (0.0674)        (0.0632)   

-.18                       0.0955*         0.0879   
                         (0.0426)        (0.0652)   

-.16                       0.0649           0.133   
                         (0.0647)        (0.0786)   

-.14                        0.197***        0.184*  
                         (0.0520)        (0.0789)   

-.12                        0.131***        0.175*  
                         (0.0357)        (0.0676)   

-.1                        0.0864**        0.0568   
                         (0.0319)        (0.0591)   

-.08                       0.0633*          0.110   
                         (0.0269)        (0.0658)   

-.06                       0.0704*         0.0899   
                         (0.0340)        (0.0746)   

-.04                       0.0433          0.0837   
                         (0.0281)        (0.0655)   

-.02                       0.0564*         0.0622   
                         (0.0284)        (0.0661)   

0                               0               0   
                              (.)             (.)   

.02                       -0.0122        -0.00936   
                         (0.0312)        (0.0487)   

.04                       -0.0360          -0.133*  
                         (0.0390)        (0.0661)   

.06                       -0.0430          -0.137*  
                         (0.0416)        (0.0610)   

.08                        0.0199          -0.140*  
                         (0.0289)        (0.0605)   

.1                        0.00555          -0.152** 
                         (0.0383)        (0.0558)   

.12                       -0.0295          -0.153***
                         (0.0323)        (0.0404)   

.14                        0.0569           0.143   
                         (0.0524)         (0.142)   

.16                        0.0126         -0.0286   
                         (0.0501)        (0.0768)   

.18                       -0.0107                   
                         (0.0668)                   

.2                         -0.139                   
                         (0.0935)                   

Constant                    6.422***        6.483***
                         (0.0404)        (0.0609)   

Boundary f.e.                 Yes             Yes   

Year f.e.                     Yes             Yes   
----------------------------------------------------
Observations                42729           20509   
R-squared                   0.658           0.628   
----------------------------------------------------
Standard errors in parentheses
* p<0.05, ** p<0.01, *** p<0.001

.         
. esttab rent_du rent_duhe using "$EXPORTPATH/rents_table_minlotsize.tex", replace keep(25.dist3) se r2 ///
>         indicate("Boundary f.e.=*lam_seg" "Year f.e.=*year") interaction(" X ") ///
>         label mtitles("rent_du" "rent_duhe" ) ///
>         title("Rents, minimum lot size in bylaws, clustered s.e.") 
(file /shared/boston_zoning/working_paper/replication_package/analysis/robustness_mtlines_output/rents_table_minlotsize.tex not found)
(output written to /shared/boston_zoning/working_paper/replication_package/analysis/robustness_mtlines_output/rents_table_minlotsize.tex)

.         
. * robust s.e.
. quietly eststo rent_du_robust: reg log_mfrent ib26.dist3 i.lam_seg i.year if only_du==1 & `regression_conditions', vce(robust)

.         
. quietly eststo rent_duhe_robust: reg log_mfrent ib26.dist3 i.lam_seg i.year if du_he == 1 & `regression_conditions', vce(robust)

. 
. esttab rent_du_robust rent_duhe_robust, se r2 ///
>         indicate("Boundary f.e.=*lam_seg" "Year f.e.=*year") interaction(" X ") ///
>         label mtitles("rent_du" "rent_duhe" ) ///
>         title("Rents, minimum lot size in bylaws, robust s.e.") 

Rents, minimum lot size in bylaws, robust s.e.
----------------------------------------------------
                              (1)             (2)   
                          rent_du       rent_duhe   
----------------------------------------------------
-.2                         0.153***        0.200***
                         (0.0219)        (0.0162)   

-.18                       0.0955***       0.0879***
                         (0.0193)        (0.0189)   

-.16                       0.0649***        0.133***
                         (0.0156)        (0.0169)   

-.14                        0.197***        0.184***
                         (0.0133)        (0.0159)   

-.12                        0.131***        0.175***
                         (0.0132)        (0.0148)   

-.1                        0.0864***       0.0568***
                         (0.0105)        (0.0141)   

-.08                       0.0633***        0.110***
                        (0.00842)        (0.0132)   

-.06                       0.0704***       0.0899***
                        (0.00871)        (0.0153)   

-.04                       0.0433***       0.0837***
                        (0.00803)        (0.0133)   

-.02                       0.0564***       0.0622***
                        (0.00731)        (0.0118)   

0                               0               0   
                              (.)             (.)   

.02                       -0.0122        -0.00936   
                        (0.00827)        (0.0125)   

.04                       -0.0360***       -0.133***
                        (0.00975)        (0.0170)   

.06                       -0.0430***       -0.137***
                         (0.0112)        (0.0174)   

.08                        0.0199*         -0.140***
                        (0.00963)        (0.0232)   

.1                        0.00555          -0.152***
                         (0.0115)        (0.0233)   

.12                       -0.0295**        -0.153***
                         (0.0108)        (0.0212)   

.14                        0.0569***        0.143** 
                         (0.0162)        (0.0501)   

.16                        0.0126         -0.0286   
                         (0.0146)        (0.0569)   

.18                       -0.0107                   
                         (0.0216)                   

.2                         -0.139***                
                         (0.0286)                   

Constant                    6.422***        6.483***
                         (0.0414)        (0.0277)   

Boundary f.e.                 Yes             Yes   

Year f.e.                     Yes             Yes   
----------------------------------------------------
Observations                42729           20509   
R-squared                   0.658           0.628   
----------------------------------------------------
Standard errors in parentheses
* p<0.05, ** p<0.01, *** p<0.001

.         
. ** coefplots
. 
. local plot_list rent_du rent_duhe

. local suffix "coef_rent_minlotsize_clustered"

. local l1_title "Log Monthly Rent"

. local b1_title "<- More restrictive  |  Less restrictive ->"

. local b2_title "Distance to Boundary (miles)"

. 
. foreach r in `plot_list' {
  2.         
.         local pos = ustrpos("`r'", "_") + 1
  3.         local str = substr("`r'", `pos', .)
  4. 
.         if "`str'" == "du" {
  5.                 local title "Only DUPAC Changes"
  6.         }
  7.         
.         if "`str'" == "duhe" {
  8.                 local title "DUPAC and Height Change"
  9.         }
 10. 
.         if "`str'" == "mfdu" {
 11.                 local title "MF Allowed and DUPAC Change"
 12.         }
 13.         
.         * coefplots
.         #delimit;
delimiter now ;
.         coefplot 
>                 /* relaxed side graphing variables */
>                 (`r', keep(16.dist3 17.dist3 18.dist3 19.dist3 20.dist3 21.dist3 22.dist3 23.dist3 24.dist3 25.dist3) 
>                         recast(line) color(midblue) 
>                         ciopts(recast(rarea) color(midblue%30) lwidth(none))
>                         )
>                 
>                 /* strict side graphing variables */
>                 (`r', keep(26.dist3 27.dist3 28.dist3 29.dist3 30.dist3 31.dist3 32.dist3 33.dist3 34.dist3 35.dist3) 
>                         recast(line) color(maroon)
>                         ciopts(recast(rarea) color(maroon%30) lwidth(none))
>                         ),
> 
>                 /* plot region */
>                 vertical levels(95) baselevels offset(0)
>                 graphregion(fc(white) lcolor(white)) plotregion(fc(white) lcolor(white))
> 
>                 xline(10.5, lpattern(dash) lwidth(thin) lcolor(black))
>                 yline(0, lpattern(dash) lwidth(thin) lcolor(black))
> 
>                 /* titles, subtitles, notes */          
>                 title("{bf:`title'}", size(3) pos(12) margin(t=0 b=0 l=0 r=0) span)
> 
>                 /* axis titles and labels */            
>                 ylabel(, labsize(4) gmin gmax) ymtick() 
>                 
>                 xlabel(1 "-.20" 2 "-.18" 3 "-.16" 4 "-.14" 5 "-.12" 6 "-.10" 7 "-.08" 8 "-.06" 9 "-.04" 10 "-.02" 10.5 "0"
>                         11 ".02" 12 ".04" 13 ".06" 14 ".08" 15 ".10" 16 ".12" 17 ".14" 18 ".16" 19 ".18" 20 ".20", labsize(3) angle(45) gmax)
>                         
>                 /* legend */
>                 legend(off position(6) 
>                         order()
>                         symy(2) symx(3) 
>                         rows(1) cols() size(2) 
>                         nobox fcolor()
>                         region(fcolor(none) lpattern(blank))
>                         margin(t=1 b=1 l=0 r=0)span)
>                 name(`r', replace) ;
 14.                         graph combine `r',
>                 graphregion(fc(white) lcolor(white))
>                 l1title("{bf:`l1_title'}", size(3) margin(t=0 b=0 l=0 r=1))
>                 b1title("`b1_title'", size(2))
>                 b2title("{bf:`b2_title'}", size(3) margin(t=1 b=0 l=0 r=0))
>                 name("`r'a", replace);
 15.                 graph save "`r'a" "$EXPORTPATH/`suffix'_`str'", replace;
 16.         graph close "`r'a";
 17.         #delimit cr
delimiter now cr
. }
(file /shared/boston_zoning/working_paper/replication_package/analysis/robustness_mtlines_output/coef_rent_minlotsize_clustered_du.gph not found)
file /shared/boston_zoning/working_paper/replication_package/analysis/robustness_mtlines_output/coef_rent_minlotsize_clustered_du.gph saved
(file /shared/boston_zoning/working_paper/replication_package/analysis/robustness_mtlines_output/coef_rent_minlotsize_clustered_duhe.gph not found)
file /shared/boston_zoning/working_paper/replication_package/analysis/robustness_mtlines_output/coef_rent_minlotsize_clustered_duhe.gph saved

. 
. * combine all
. #delimit ;
delimiter now ;
. graph combine rent_du rent_duhe,
>         rows(3) cols(2) ysize() xsize() iscale() imargin(0)
>         graphregion(fc(white) lcolor(white))
>         l1title("{bf:`l1_title'}", size(3) margin(t=0 b=0 l=0 r=1))
>         b1title("`b1_title'", size(2))
>         b2title("{bf:`b2_title'}", size(3) margin(t=1 b=0 l=0 r=0))
>         name("final_graph_clustered", replace);
(note:  named style 0 not found in class margin, default attributes used)
(note:  named style 0 not found in class margin, default attributes used)

.                 graph save "final_graph_clustered" "$EXPORTPATH/`suffix'_all", replace;
(file /shared/boston_zoning/working_paper/replication_package/analysis/robustness_mtlines_output/coef_rent_minlotsize_clustered_all.gph not found)
file /shared/boston_zoning/working_paper/replication_package/analysis/robustness_mtlines_output/coef_rent_minlotsize_clustered_all.gph saved

. #delimit cr     
delimiter now cr
.         
. eststo clear

. graph close _all

. 
. 
. ********************************************************************************
. ** Part 15: Sales prices
. * Part 15a: Sales prices, baseline
. * Part 15b: Sales prices, w/ control discontinuous amenities 
. ********************************************************************************
. ** regressions
. * set regression conditions
. local regression_conditions (last_saleyr>=2010 & last_saleyr<=2018) & (dist_both<=0.21 & dist_both>=-0.2) & res_typex=="Single Family Res"

. 
. * Part 1a: Sales price baseline
. quietly eststo price_du: reg log_saleprice ib26.dist3 i.lam_seg i.last_saleyr if only_du==1 & `regression_conditions', vce(cluster lam_seg)

.         
. quietly eststo price_duhe: reg log_saleprice ib26.dist3 i.lam_seg i.last_saleyr if du_he == 1 & `regression_conditions', vce(cluster lam_seg)

. 
. quietly eststo price_mfdu: reg log_saleprice ib26.dist3 i.lam_seg i.last_saleyr if  mf_du == 1 & `regression_conditions', vce(cluster lam_seg)

. 
. quietly eststo price_mf: reg log_saleprice ib26.dist3 i.lam_seg i.last_saleyr if only_mf== 1 & `regression_conditions', vce(cluster lam_seg)

. 
. quietly eststo price_mfhe: reg log_saleprice ib26.dist3 i.lam_seg i.last_saleyr if mf_he == 1 & `regression_conditions', vce(cluster lam_seg)

. 
. quietly eststo price_he: reg log_saleprice ib26.dist3 i.lam_seg i.last_saleyr if only_he == 1 & `regression_conditions', vce(cluster lam_seg)

. 
. esttab price_du price_duhe price_mfdu price_mf price_mfhe price_he, ///
>         se r2 indicate("Boundary f.e.=*lam_seg" "Year f.e.=*last_saleyr") interaction(" X ") ///
>         label mtitles("price_du" "price_duhe" "price_mfdu" "price_mf" "price_mfhe" "price_he") ///
>         title("Sales Prices baseline") 

Sales Prices baseline
--------------------------------------------------------------------------------------------------------------------
                              (1)             (2)             (3)             (4)             (5)             (6)   
                         price_du      price_duhe      price_mfdu        price_mf      price_mfhe        price_he   
--------------------------------------------------------------------------------------------------------------------
-.2                         0.167***      -0.0331           0.159***        0.529*          0.266**                 
                         (0.0317)        (0.0733)        (0.0410)         (0.223)        (0.0828)                   

-.18                        0.151***      -0.0113          0.0867          0.0498           0.193         -0.0473   
                         (0.0368)         (0.140)        (0.0460)        (0.0869)        (0.0936)        (0.0606)   

-.16                        0.132***       0.0857           0.124**       -0.0143           0.372***       -0.381***
                         (0.0366)        (0.0709)        (0.0471)         (0.141)        (0.0806)        (0.0787)   

-.14                        0.105***      -0.0422           0.122          0.0990         -0.0321                   
                         (0.0314)        (0.0867)        (0.0717)        (0.0698)         (0.108)                   

-.12                        0.135***       0.0639           0.107*          0.139*          0.217          -0.212   
                         (0.0307)        (0.0719)        (0.0464)        (0.0679)         (0.105)         (0.268)   

-.1                         0.131***      -0.0252           0.128**        0.0431           0.311*          0.191   
                         (0.0353)        (0.0955)        (0.0399)        (0.0915)         (0.130)         (0.129)   

-.08                        0.118***      -0.0456          0.0780          0.0322           0.227         -0.0666   
                         (0.0257)        (0.0633)        (0.0405)        (0.0618)         (0.181)        (0.0700)   

-.06                        0.119***      -0.0913          0.0679          0.0286         -0.0977           0.158*  
                         (0.0272)        (0.0651)        (0.0369)        (0.0795)        (0.0886)        (0.0765)   

-.04                       0.0994***      0.00544          0.0767*        -0.0203           0.181*         0.0788   
                         (0.0247)        (0.0485)        (0.0340)        (0.0828)        (0.0716)         (0.101)   

-.02                       0.0443*        -0.0111          0.0215          0.0669           0.198*        -0.0217   
                         (0.0222)        (0.0493)        (0.0285)        (0.0470)        (0.0933)        (0.0967)   

0                               0               0               0               0               0               0   
                              (.)             (.)             (.)             (.)             (.)             (.)   

.02                       -0.0317         -0.0300         -0.0146         -0.0450         -0.0693         0.00526   
                         (0.0210)        (0.0775)        (0.0317)        (0.0565)        (0.0623)        (0.0535)   

.04                       -0.0581*        -0.0659         -0.0328          0.0248          -0.126         -0.0721   
                         (0.0232)        (0.0475)        (0.0326)        (0.0488)        (0.0793)        (0.0556)   

.06                       -0.0651**        0.0672         -0.0487          -0.111         -0.0748          -0.142*  
                         (0.0221)        (0.0440)        (0.0337)        (0.0785)         (0.130)        (0.0602)   

.08                       -0.0679**         0.339         -0.0680*       -0.00510          -0.146          -0.213** 
                         (0.0255)         (0.205)        (0.0330)        (0.0942)         (0.136)        (0.0663)   

.1                        -0.0874**        0.0173         -0.0459         -0.0586          -0.238*         -0.125   
                         (0.0267)        (0.0362)        (0.0466)         (0.128)         (0.109)        (0.0961)   

.12                       -0.0556*         -0.167         -0.0483        -0.00608          -0.477***      -0.0269   
                         (0.0261)         (0.101)        (0.0409)         (0.101)        (0.0695)        (0.0961)   

.14                       -0.0771**         0.112*         -0.113*          0.165           0.189          -0.140   
                         (0.0277)        (0.0527)        (0.0479)         (0.118)         (0.114)        (0.0888)   

.16                       -0.0659*          0.231***       -0.100          -0.159*          0.138         -0.0465   
                         (0.0255)        (0.0502)        (0.0555)        (0.0744)         (0.138)         (0.101)   

.18                       -0.0626                         -0.0116          0.0693           0.248*         -0.221   
                         (0.0321)                        (0.0700)         (0.137)         (0.114)         (0.146)   

.2                        -0.0816*                         -0.184          0.0807           0.426**       -0.0989   
                         (0.0396)                         (0.115)        (0.0541)         (0.119)        (0.0682)   

Constant                    13.23***        12.46***        13.14***        12.66***        13.20***        12.85***
                         (0.0249)        (0.0509)        (0.0478)        (0.0540)         (0.112)        (0.0642)   

Boundary f.e.                 Yes             Yes             Yes             Yes             Yes             Yes   

Year f.e.                     Yes             Yes             Yes             Yes             Yes             Yes   
--------------------------------------------------------------------------------------------------------------------
Observations                56561            3117           18815            2178             990            3140   
R-squared                   0.616           0.848           0.728           0.667           0.884           0.643   
--------------------------------------------------------------------------------------------------------------------
Standard errors in parentheses
* p<0.05, ** p<0.01, *** p<0.001

.         
. * robust s.e.
. quietly eststo price_du_robust: reg log_saleprice ib26.dist3 i.lam_seg i.last_saleyr if only_du==1 & `regression_conditions', vce(robust)

.         
. quietly eststo price_duhe_robust: reg log_saleprice ib26.dist3 i.lam_seg i.last_saleyr if du_he == 1 & `regression_conditions', vce(robust)

. 
. quietly eststo price_mfdu_robust: reg log_saleprice ib26.dist3 i.lam_seg i.last_saleyr if  mf_du == 1 & `regression_conditions', vce(robust)

. 
. quietly eststo price_mf_robust: reg log_saleprice ib26.dist3 i.lam_seg i.last_saleyr if only_mf== 1 & `regression_conditions', vce(robust)

. 
. quietly eststo price_mfhe_robust: reg log_saleprice ib26.dist3 i.lam_seg i.last_saleyr if mf_he == 1 & `regression_conditions', vce(robust)

. 
. quietly eststo price_he_robust: reg log_saleprice ib26.dist3 i.lam_seg i.last_saleyr if only_he == 1 & `regression_conditions', vce(robust)

. 
. esttab price_du_robust price_duhe_robust price_mfdu_robust price_mf_robust price_mfhe_robust price_he_robust, ///
>         se r2 indicate("Boundary f.e.=*lam_seg" "Year f.e.=*last_saleyr") interaction(" X ") ///
>         label mtitles("price_du" "price_duhe" "price_mfdu" "price_mf" "price_mfhe" "price_he") ///
>         title("Sales Prices baseline, robust s.e.") 

Sales Prices baseline, robust s.e.
--------------------------------------------------------------------------------------------------------------------
                              (1)             (2)             (3)             (4)             (5)             (6)   
                         price_du      price_duhe      price_mfdu        price_mf      price_mfhe        price_he   
--------------------------------------------------------------------------------------------------------------------
-.2                         0.167***      -0.0331           0.159***        0.529***        0.266***                
                         (0.0115)        (0.0301)        (0.0157)        (0.0665)        (0.0508)                   

-.18                        0.151***      -0.0113          0.0867***       0.0498           0.193*        -0.0473   
                         (0.0107)        (0.0511)        (0.0154)        (0.0725)        (0.0774)         (0.236)   

-.16                        0.132***       0.0857**         0.124***      -0.0143           0.372***       -0.381   
                         (0.0106)        (0.0315)        (0.0190)        (0.0541)        (0.0500)         (0.256)   

-.14                        0.105***      -0.0422           0.122***       0.0990         -0.0321                   
                        (0.00885)        (0.0336)        (0.0179)        (0.0519)        (0.0521)                   

-.12                        0.135***       0.0639*          0.107***        0.139**         0.217***       -0.212   
                        (0.00914)        (0.0271)        (0.0155)        (0.0446)        (0.0410)         (0.134)   

-.1                         0.131***      -0.0252           0.128***       0.0431           0.311***        0.191***
                        (0.00872)        (0.0292)        (0.0158)        (0.0441)        (0.0658)        (0.0553)   

-.08                        0.118***      -0.0456          0.0780***       0.0322           0.227***      -0.0666   
                        (0.00821)        (0.0245)        (0.0122)        (0.0299)        (0.0646)        (0.0595)   

-.06                        0.119***      -0.0913**        0.0679***       0.0286         -0.0977*          0.158***
                        (0.00758)        (0.0279)        (0.0127)        (0.0296)        (0.0400)        (0.0308)   

-.04                       0.0994***      0.00544          0.0767***      -0.0203           0.181***       0.0788*  
                        (0.00714)        (0.0223)        (0.0109)        (0.0291)        (0.0377)        (0.0341)   

-.02                       0.0443***      -0.0111          0.0215*         0.0669*          0.198***      -0.0217   
                        (0.00703)        (0.0193)        (0.0100)        (0.0264)        (0.0347)        (0.0292)   

0                               0               0               0               0               0               0   
                              (.)             (.)             (.)             (.)             (.)             (.)   

.02                       -0.0317***      -0.0300         -0.0146         -0.0450         -0.0693         0.00526   
                        (0.00629)        (0.0269)        (0.0113)        (0.0370)        (0.0383)        (0.0301)   

.04                       -0.0581***      -0.0659*        -0.0328**        0.0248          -0.126**       -0.0721** 
                        (0.00671)        (0.0323)        (0.0114)        (0.0401)        (0.0479)        (0.0277)   

.06                       -0.0651***       0.0672*        -0.0487***       -0.111**       -0.0748          -0.142***
                        (0.00705)        (0.0302)        (0.0127)        (0.0426)        (0.0624)        (0.0256)   

.08                       -0.0679***        0.339*        -0.0680***     -0.00510          -0.146*         -0.213***
                        (0.00686)         (0.161)        (0.0124)        (0.0595)        (0.0607)        (0.0267)   

.1                        -0.0874***       0.0173         -0.0459**       -0.0586          -0.238***       -0.125***
                        (0.00736)        (0.0407)        (0.0141)        (0.0584)        (0.0607)        (0.0284)   

.12                       -0.0556***       -0.167***      -0.0483***     -0.00608          -0.477***      -0.0269   
                        (0.00800)        (0.0432)        (0.0138)        (0.0476)        (0.0810)        (0.0297)   

.14                       -0.0771***        0.112          -0.113***        0.165           0.189**        -0.140***
                        (0.00848)        (0.0663)        (0.0196)        (0.0947)        (0.0572)        (0.0353)   

.16                       -0.0659***        0.231*         -0.100***       -0.159*          0.138*        -0.0465   
                        (0.00906)        (0.0999)        (0.0194)        (0.0758)        (0.0578)        (0.0336)   

.18                       -0.0626***                      -0.0116          0.0693           0.248***       -0.221***
                        (0.00930)                        (0.0191)        (0.0663)        (0.0563)        (0.0377)   

.2                        -0.0816***                       -0.184***       0.0807           0.426***      -0.0989** 
                         (0.0124)                        (0.0387)        (0.0840)        (0.0572)        (0.0338)   

Constant                    13.23***        12.46***        13.14***        12.66***        13.20***        12.85***
                         (0.0329)        (0.0252)        (0.0457)        (0.0417)        (0.0508)        (0.0419)   

Boundary f.e.                 Yes             Yes             Yes             Yes             Yes             Yes   

Year f.e.                     Yes             Yes             Yes             Yes             Yes             Yes   
--------------------------------------------------------------------------------------------------------------------
Observations                56561            3117           18815            2178             990            3140   
R-squared                   0.616           0.848           0.728           0.667           0.884           0.643   
--------------------------------------------------------------------------------------------------------------------
Standard errors in parentheses
* p<0.05, ** p<0.01, *** p<0.001

.                         
. * Part 15b: Sales prices, w/ control for amenities
. quietly eststo price_du2: reg log_saleprice dist_center dist_road ib26.dist3 i.lam_seg i.last_saleyr   if only_du==1 & `regression_conditions', vce(cluster lam_seg)

.         
. quietly eststo price_duhe2: reg log_saleprice dist_road ib26.dist3 i.lam_seg i.last_saleyr if du_he == 1 & `regression_conditions', vce(cluster lam_seg)

. 
. quietly eststo price_mfdu2: reg log_saleprice ib26.dist3 transit_dist dist_road natwalkind i.lam_seg i.last_saleyr if  mf_du == 1 & `regression_conditions', vce(cluster lam_seg)

. 
. quietly eststo price_mf2: reg log_saleprice ib26.dist3 dist_center dist_road natwalkind i.lam_seg i.last_saleyr if only_mf== 1 & `regression_conditions', vce(cluster lam_seg)

. 
. quietly eststo price_mfhe2: reg log_saleprice ib26.dist3 soil_avgslope dist_road i.lam_seg i.last_saleyr  if mf_he == 1 & `regression_conditions', vce(cluster lam_seg)

. 
. quietly eststo price_he2: reg log_saleprice ib26.dist3 soil_slope15 dist_space dist_road i.lam_seg i.last_saleyr if only_he == 1 & `regression_conditions', vce(cluster lam_seg)

. 
. esttab price_du2 price_duhe2 price_mfdu2 price_mf2 price_mfhe2 price_he2, ///
>         se r2 indicate("Boundary f.e.=*lam_seg" "Year f.e.=*last_saleyr") interaction(" X ") ///
>         label mtitles("price_du2" "price_duhe2" "price_mfdu2" "price_mf2" "price_mfhe2" "price_he2") ///
>         title("Sales Prices w/ amenities") 

Sales Prices w/ amenities
--------------------------------------------------------------------------------------------------------------------
                              (1)             (2)             (3)             (4)             (5)             (6)   
                        price_du2     price_duhe2     price_mfdu2       price_mf2     price_mfhe2       price_he2   
--------------------------------------------------------------------------------------------------------------------
dist_center               -0.0180                                        -0.00577                                   
                         (0.0299)                                         (0.213)                                   

dist_road                   0.170**         0.425           0.188           0.506          -0.343           1.050***
                         (0.0523)         (0.296)         (0.131)         (0.259)         (0.393)         (0.197)   

-.2                         0.162***      -0.0495           0.145***        0.467           0.252*                  
                         (0.0319)        (0.0726)        (0.0398)         (0.242)         (0.107)                   

-.18                        0.144***      -0.0246          0.0740          0.0494         -0.0551           0.268***
                         (0.0362)         (0.138)        (0.0460)         (0.111)         (0.131)        (0.0618)   

-.16                        0.128***       0.0722           0.112*        -0.0702           0.421***      -0.0634   
                         (0.0362)        (0.0728)        (0.0474)         (0.133)        (0.0657)        (0.0654)   

-.14                        0.101**       -0.0635           0.115         -0.0114         -0.0628                   
                         (0.0323)        (0.0883)        (0.0690)        (0.0979)         (0.106)                   

-.12                        0.130***       0.0470           0.101*          0.101           0.223*         0.0797   
                         (0.0306)        (0.0754)        (0.0452)        (0.0646)        (0.0981)         (0.218)   

-.1                         0.128***      -0.0346           0.124**        0.0172           0.275*          0.220***
                         (0.0349)        (0.0951)        (0.0388)        (0.0854)         (0.127)        (0.0545)   

-.08                        0.117***      -0.0582          0.0718         0.00525          0.0232           0.180***
                         (0.0252)        (0.0668)        (0.0391)        (0.0611)         (0.150)        (0.0488)   

-.06                        0.116***       -0.102          0.0675         0.00811         -0.0894           0.120   
                         (0.0267)        (0.0658)        (0.0357)        (0.0736)        (0.0694)         (0.110)   

-.04                       0.0995***    -0.000188          0.0755*        -0.0359           0.170**         0.137   
                         (0.0239)        (0.0494)        (0.0334)        (0.0775)        (0.0591)         (0.104)   

-.02                       0.0447*        -0.0123          0.0180          0.0577           0.187*         -0.107   
                         (0.0223)        (0.0495)        (0.0279)        (0.0426)        (0.0851)         (0.112)   

0                               0               0               0               0               0               0   
                              (.)             (.)             (.)             (.)             (.)             (.)   

.02                       -0.0274         -0.0263        -0.00991         -0.0393         -0.0593          0.0633   
                         (0.0200)        (0.0769)        (0.0313)        (0.0575)        (0.0751)        (0.0490)   

.04                       -0.0537*        -0.0766         -0.0331          0.0305          -0.194**        0.0115   
                         (0.0224)        (0.0469)        (0.0328)        (0.0442)        (0.0689)        (0.0599)   

.06                       -0.0620**        0.0656         -0.0486         -0.0891         -0.0807         -0.0476   
                         (0.0214)        (0.0452)        (0.0335)        (0.0676)         (0.118)        (0.0657)   

.08                       -0.0614*          0.332         -0.0581          0.0228          -0.130          -0.134*  
                         (0.0242)         (0.195)        (0.0324)        (0.0841)         (0.111)        (0.0500)   

.1                        -0.0823**        0.0113         -0.0149         -0.0555          -0.273*        -0.0109   
                         (0.0264)        (0.0339)        (0.0393)         (0.125)         (0.109)        (0.0704)   

.12                       -0.0494          -0.174         -0.0420          0.0139          -0.477***       0.0596   
                         (0.0257)         (0.103)        (0.0400)         (0.103)        (0.0825)         (0.104)   

.14                       -0.0689*         0.0828         -0.0898           0.203          0.0446         -0.0499   
                         (0.0268)        (0.0594)        (0.0475)         (0.118)         (0.124)        (0.0583)   

.16                       -0.0588*          0.213***      -0.0879          -0.133                         -0.0129   
                         (0.0255)        (0.0519)        (0.0551)        (0.0971)                        (0.0554)   

.18                       -0.0551                          0.0368           0.171          0.0763          -0.167   
                         (0.0299)                        (0.0609)         (0.132)         (0.116)         (0.105)   

.2                        -0.0794*                         -0.169          0.0688           0.261*         -0.174   
                         (0.0381)                         (0.108)        (0.0845)         (0.125)         (0.158)   

transit_dist                                              -0.0113                                                   
                                                         (0.0107)                                                   

NatWalkInd                                               -0.00617        -0.00246                                   
                                                        (0.00630)        (0.0157)                                   

soil_avgslope                                                                             0.00861                   
                                                                                        (0.00821)                   

soil_slope15                                                                                                0.304***
                                                                                                         (0.0431)   

dist_space                                                                                                 -0.201   
                                                                                                          (0.175)   

Constant                    13.23***        12.38***        13.50***        12.62***        13.32***        12.99***
                         (0.0737)        (0.0708)         (0.346)         (0.199)         (0.256)         (0.263)   

Boundary f.e.                 Yes             Yes             Yes             Yes             Yes             Yes   

Year f.e.                     Yes             Yes             Yes             Yes             Yes             Yes   
--------------------------------------------------------------------------------------------------------------------
Observations                56561            3117           18597            2178             837            2391   
R-squared                   0.618           0.848           0.726           0.672           0.898           0.676   
--------------------------------------------------------------------------------------------------------------------
Standard errors in parentheses
* p<0.05, ** p<0.01, *** p<0.001

.           
. esttab price_du2 price_duhe2 price_mfdu2 price_mf2 price_mfhe2 price_he2 using "$EXPORTPATH/salesprice_table_amenities_control_new.tex", replace keep(25.dist3) ///
>         se r2 indicate("Boundary f.e.=*lam_seg" "Year f.e.=*last_saleyr") interaction(" X ") ///
>         label mtitles("price_du2" "price_duhe2" "price_mfdu2" "price_mf2" "price_mfhe2" "price_he2") ///
>         title("Sales Prices w/ amenities") 
(file /shared/boston_zoning/working_paper/replication_package/analysis/robustness_mtlines_output/salesprice_table_amenities_control_new.tex not found)
(output written to /shared/boston_zoning/working_paper/replication_package/analysis/robustness_mtlines_output/salesprice_table_amenities_control_new.tex)

.         
. * robust s.e.
. quietly eststo price_du2_robust: reg log_saleprice dist_center dist_road  ib26.dist3 i.lam_seg i.last_saleyr  if only_du==1 & `regression_conditions', vce(robust)

.         
. quietly eststo price_duhe2_robust: reg log_saleprice dist_road ib26.dist3 i.lam_seg i.last_saleyr if du_he == 1 & `regression_conditions', vce(robust)

. 
. quietly eststo price_mfdu2_robust: reg log_saleprice transit_dist dist_road natwalkind  ib26.dist3 i.lam_seg i.last_saleyr if  mf_du == 1 & `regression_conditions', vce(robust)

. 
. quietly eststo price_mf2_robust: reg log_saleprice dist_center dist_road natwalkind ib26.dist3 i.lam_seg i.last_saleyr  if only_mf== 1 & `regression_conditions', vce(robust)

. 
. quietly eststo price_mfhe2_robust: reg log_saleprice soil_avgslope dist_road ib26.dist3 i.lam_seg i.last_saleyr  if mf_he == 1 & `regression_conditions', vce(robust)

. 
. quietly eststo price_he2_robust: reg log_saleprice soil_slope15 dist_space dist_road ib26.dist3 i.lam_seg i.last_saleyr if only_he == 1 & `regression_conditions', vce(robust)

. 
. * older esttab version, pre REStat
. esttab price_du2_robust price_duhe2_robust price_mfdu2_robust price_mf2_robust price_mfhe2_robust price_he2_robust, ///
>         se r2 indicate("Boundary f.e.=*lam_seg" "Year f.e.=*last_saleyr") interaction(" X ") ///
>         label mtitles("price_du2" "price_duhe2" "price_mfdu2" "price_mf2" "price_mfhe2" "price_he2") ///
>         title("Sales Prices w/ amenities, robust s.e.") 

Sales Prices w/ amenities, robust s.e.
--------------------------------------------------------------------------------------------------------------------
                              (1)             (2)             (3)             (4)             (5)             (6)   
                        price_du2     price_duhe2     price_mfdu2       price_mf2     price_mfhe2       price_he2   
--------------------------------------------------------------------------------------------------------------------
dist_center               -0.0180**                                      -0.00577                                   
                        (0.00656)                                        (0.0877)                                   

dist_road                   0.170***        0.425**         0.188***        0.506***       -0.343           1.050***
                         (0.0108)         (0.154)        (0.0348)         (0.113)         (0.223)        (0.0914)   

-.2                         0.162***      -0.0495           0.145***        0.467***        0.252***                
                         (0.0114)        (0.0297)        (0.0160)        (0.0699)        (0.0670)                   

-.18                        0.144***      -0.0246          0.0740***       0.0494         -0.0551           0.268   
                         (0.0107)        (0.0506)        (0.0156)        (0.0718)        (0.0566)         (0.227)   

-.16                        0.128***       0.0722*          0.112***      -0.0702           0.421***      -0.0634   
                         (0.0106)        (0.0315)        (0.0192)        (0.0549)        (0.0527)         (0.248)   

-.14                        0.101***      -0.0635           0.115***      -0.0114         -0.0628                   
                        (0.00892)        (0.0338)        (0.0179)        (0.0561)        (0.0567)                   

-.12                        0.130***       0.0470           0.101***        0.101*          0.223***       0.0797   
                        (0.00920)        (0.0274)        (0.0156)        (0.0453)        (0.0437)         (0.131)   

-.1                         0.128***      -0.0346           0.124***       0.0172           0.275***        0.220***
                        (0.00870)        (0.0290)        (0.0157)        (0.0435)        (0.0708)        (0.0579)   

-.08                        0.117***      -0.0582*         0.0718***      0.00525          0.0232           0.180*  
                        (0.00820)        (0.0247)        (0.0122)        (0.0303)        (0.0595)        (0.0702)   

-.06                        0.116***       -0.102***       0.0675***      0.00811         -0.0894*          0.120***
                        (0.00757)        (0.0273)        (0.0127)        (0.0292)        (0.0382)        (0.0356)   

-.04                       0.0995***    -0.000188          0.0755***      -0.0359           0.170***        0.137***
                        (0.00712)        (0.0220)        (0.0110)        (0.0290)        (0.0441)        (0.0394)   

-.02                       0.0447***      -0.0123          0.0180          0.0577*          0.187***       -0.107** 
                        (0.00703)        (0.0192)        (0.0100)        (0.0262)        (0.0373)        (0.0361)   

0                               0               0               0               0               0               0   
                              (.)             (.)             (.)             (.)             (.)             (.)   

.02                       -0.0274***      -0.0263        -0.00991         -0.0393         -0.0593          0.0633*  
                        (0.00625)        (0.0272)        (0.0114)        (0.0375)        (0.0406)        (0.0320)   

.04                       -0.0537***      -0.0766*        -0.0331**        0.0305          -0.194***       0.0115   
                        (0.00667)        (0.0328)        (0.0114)        (0.0402)        (0.0522)        (0.0334)   

.06                       -0.0620***       0.0656*        -0.0486***      -0.0891*        -0.0807         -0.0476   
                        (0.00701)        (0.0303)        (0.0126)        (0.0425)        (0.0660)        (0.0274)   

.08                       -0.0614***        0.332*        -0.0581***       0.0228          -0.130*         -0.134***
                        (0.00680)         (0.158)        (0.0124)        (0.0591)        (0.0551)        (0.0279)   

.1                        -0.0823***       0.0113         -0.0149         -0.0555          -0.273***      -0.0109   
                        (0.00732)        (0.0404)        (0.0141)        (0.0571)        (0.0605)        (0.0284)   

.12                       -0.0494***       -0.174***      -0.0420**        0.0139          -0.477***       0.0596*  
                        (0.00795)        (0.0432)        (0.0137)        (0.0483)        (0.0817)        (0.0301)   

.14                       -0.0689***       0.0828         -0.0898***        0.203*         0.0446         -0.0499   
                        (0.00845)        (0.0667)        (0.0198)        (0.0943)        (0.0469)        (0.0346)   

.16                       -0.0588***        0.213*        -0.0879***       -0.133                         -0.0129   
                        (0.00909)         (0.100)        (0.0195)        (0.0764)                        (0.0315)   

.18                       -0.0551***                       0.0368*          0.171*         0.0763          -0.167***
                        (0.00922)                        (0.0167)        (0.0760)        (0.0588)        (0.0411)   

.2                        -0.0794***                       -0.169***       0.0688           0.261***       -0.174*  
                         (0.0123)                        (0.0370)        (0.0903)        (0.0653)        (0.0764)   

transit_dist                                              -0.0113                                                   
                                                        (0.00595)                                                   

NatWalkInd                                               -0.00617***     -0.00246                                   
                                                        (0.00187)       (0.00572)                                   

soil_avgslope                                                                             0.00861**                 
                                                                                        (0.00295)                   

soil_slope15                                                                                                0.304***
                                                                                                         (0.0346)   

dist_space                                                                                                 -0.201***
                                                                                                         (0.0361)   

Constant                    13.23***        12.38***        13.50***        12.62***        13.32***        12.99***
                         (0.0372)        (0.0357)         (0.196)        (0.0772)         (0.110)        (0.0698)   

Boundary f.e.                 Yes             Yes             Yes             Yes             Yes             Yes   

Year f.e.                     Yes             Yes             Yes             Yes             Yes             Yes   
--------------------------------------------------------------------------------------------------------------------
Observations                56561            3117           18597            2178             837            2391   
R-squared                   0.618           0.848           0.726           0.672           0.898           0.676   
--------------------------------------------------------------------------------------------------------------------
Standard errors in parentheses
* p<0.05, ** p<0.01, *** p<0.001

.         
. * coefplots, sales prices both
. local plot_list price_du price_duhe price_mfdu price_mf price_mfhe price_he

. local suffix "coef_price_robustness_amenitiesnew_both"

. local l1_title "Log Sales Price"

. local b1_title "<- More restrictive  |  Less restrictive ->"

. local b2_title "Distance to Boundary (miles)"

. 
. foreach r in `plot_list' {
  2.         
.         local pos = ustrpos("`r'", "_") + 1
  3.         local str = substr("`r'", `pos', .)
  4. 
.         if "`str'" == "du" {
  5.                 local title "Only DUPAC Changes"
  6.         }
  7.         
.         if "`str'" == "duhe" {
  8.                 local title "DUPAC and Height Change"
  9.         }
 10. 
.         if "`str'" == "mfdu" {
 11.                 local title "MF Allowed and DUPAC Change"
 12.         }
 13.         
.         if "`str'" == "mf" {
 14.                 local title "Only MF Allowed Changes"
 15.         }
 16.         
.         if "`str'" == "mfhe" {
 17.                 local title "MF Allowed and Height Change"
 18.         }
 19.         
.         if "`str'" == "he" {
 20.                 local title "Only Height Changes"
 21.         }
 22.         
.         * coefplots
.         #delimit;
delimiter now ;
.         coefplot 
>                 /* relaxed side graphing variables */
>                 (`r', keep(16.dist3 17.dist3 18.dist3 19.dist3 20.dist3 21.dist3 22.dist3 23.dist3 24.dist3 25.dist3) 
>                         recast(line) color(midblue) 
>                         ciopts(recast(rarea) color(midblue%30) lwidth(none))
>                         )
>                 
>                 /* strict side graphing variables */
>                 (`r', keep(26.dist3 27.dist3 28.dist3 29.dist3 30.dist3 31.dist3 32.dist3 33.dist3 34.dist3 35.dist3) 
>                         recast(line) color(maroon)
>                         ciopts(recast(rarea) color(maroon%30) lwidth(none))
>                         )
>                         
>                 (`r'2, keep(16.dist3 17.dist3 18.dist3 19.dist3 20.dist3 21.dist3 22.dist3 23.dist3 24.dist3 25.dist3) 
>                         recast(line) color(gs5%30) 
>                         ciopts(recast(rarea) color(gs5%30) lwidth(none))
>                         )
>                 
>                 /* strict side graphing variables */
>                 (`r'2, keep(26.dist3 27.dist3 28.dist3 29.dist3 30.dist3 31.dist3 32.dist3 33.dist3 34.dist3 35.dist3) 
>                         recast(line) color(gs5%30)
>                         ciopts(recast(rarea) color(gs5%30) lwidth(1))
>                         ),
> 
>                 /* plot region */
>                 vertical levels(95) baselevels offset(0)
>                 graphregion(fc(white) lcolor(white)) plotregion(fc(white) lcolor(white))
> 
>                 xline(10.5, lpattern(dash) lwidth(thin) lcolor(black))
>                 yline(0, lpattern(dash) lwidth(thin) lcolor(black))
> 
>                 /* titles, subtitles, notes */          
>                 title("{bf:`title'}", size(3) pos(12) margin(t=0 b=0 l=0 r=0) span)
> 
>                 /* axis titles and labels */            
>                 ylabel(, labsize(4) gmin gmax) ymtick() 
>                 
>                 xlabel(1 "-.20" 2 "-.18" 3 "-.16" 4 "-.14" 5 "-.12" 6 "-.10" 7 "-.08" 8 "-.06" 9 "-.04" 10 "-.02" 10.5 "0"
>                         11 ".02" 12 ".04" 13 ".06" 14 ".08" 15 ".10" 16 ".12" 17 ".14" 18 ".16" 19 ".18" 20 ".20", labsize(3) angle(45) gmax)
>                         
>                 /* legend */
>                 legend(off position(6) 
>                         order()
>                         symy(2) symx(3) 
>                         rows(1) cols() size(2) 
>                         nobox fcolor()
>                         region(fcolor(none) lpattern(blank))
>                         margin(t=1 b=1 l=0 r=0)span)
>                 name(`r'3, replace) ;
 23.                         graph combine `r'3,
>                 graphregion(fc(white) lcolor(white))
>                 l1title("{bf:`l1_title'}", size(3) margin(t=0 b=0 l=0 r=1))
>                 b1title("`b1_title'", size(2))
>                 b2title("{bf:`b2_title'}", size(3) margin(t=1 b=0 l=0 r=0))
>                 name("`r'a", replace);
 24.                 graph save "`r'a" "$EXPORTPATH/`suffix'_`str'", replace;
 25.         graph close "`r'a";
 26.         #delimit cr
delimiter now cr
. }
(file /shared/boston_zoning/working_paper/replication_package/analysis/robustness_mtlines_output/coef_price_robustness_amenitiesnew_both_du.gph not found)
file /shared/boston_zoning/working_paper/replication_package/analysis/robustness_mtlines_output/coef_price_robustness_amenitiesnew_both_du.gph saved
(file /shared/boston_zoning/working_paper/replication_package/analysis/robustness_mtlines_output/coef_price_robustness_amenitiesnew_both_duhe.gph not found)
file /shared/boston_zoning/working_paper/replication_package/analysis/robustness_mtlines_output/coef_price_robustness_amenitiesnew_both_duhe.gph saved
(file /shared/boston_zoning/working_paper/replication_package/analysis/robustness_mtlines_output/coef_price_robustness_amenitiesnew_both_mfdu.gph not found)
file /shared/boston_zoning/working_paper/replication_package/analysis/robustness_mtlines_output/coef_price_robustness_amenitiesnew_both_mfdu.gph saved
(file /shared/boston_zoning/working_paper/replication_package/analysis/robustness_mtlines_output/coef_price_robustness_amenitiesnew_both_mf.gph not found)
file /shared/boston_zoning/working_paper/replication_package/analysis/robustness_mtlines_output/coef_price_robustness_amenitiesnew_both_mf.gph saved
(file /shared/boston_zoning/working_paper/replication_package/analysis/robustness_mtlines_output/coef_price_robustness_amenitiesnew_both_mfhe.gph not found)
file /shared/boston_zoning/working_paper/replication_package/analysis/robustness_mtlines_output/coef_price_robustness_amenitiesnew_both_mfhe.gph saved
(file /shared/boston_zoning/working_paper/replication_package/analysis/robustness_mtlines_output/coef_price_robustness_amenitiesnew_both_he.gph not found)
file /shared/boston_zoning/working_paper/replication_package/analysis/robustness_mtlines_output/coef_price_robustness_amenitiesnew_both_he.gph saved

. 
. * combine all
. #delimit ;
delimiter now ;
. graph combine price_du3 price_duhe3 price_mfdu3 price_mf3 price_mfhe3 price_he3,
>         rows(3) cols(2) ysize() xsize() iscale() imargin(0)
>         graphregion(fc(white) lcolor(white))
>         l1title("{bf:`l1_title'}", size(3) margin(t=0 b=0 l=0 r=1))
>         b1title("`b1_title'", size(2))
>         b2title("{bf:`b2_title'}", size(3) margin(t=1 b=0 l=0 r=0))
>         name("final_graph", replace);
(note:  named style 0 not found in class margin, default attributes used)
(note:  named style 0 not found in class margin, default attributes used)
(note:  named style 0 not found in class margin, default attributes used)
(note:  named style 0 not found in class margin, default attributes used)
(note:  named style 0 not found in class margin, default attributes used)
(note:  named style 0 not found in class margin, default attributes used)

.                 graph save "final_graph" "$EXPORTPATH/`suffix'_all", replace;
(file /shared/boston_zoning/working_paper/replication_package/analysis/robustness_mtlines_output/coef_price_robustness_amenitiesnew_both_all.gph not found)
file /shared/boston_zoning/working_paper/replication_package/analysis/robustness_mtlines_output/coef_price_robustness_amenitiesnew_both_all.gph saved

. #delimit cr     
delimiter now cr
. 
. eststo clear

. graph close _all

. 
. 
. ********************************************************************************
. ** Part 16: Sales prices
. * Part 16a: Sales prices, baseline
. * Part 16b: Sales prices, w/ control discontinuous amenities 
. ********************************************************************************
. ** regressions
. * set regression conditions
. local regression_conditions (year>=2010 & year<=2018) & (dist_both<=0.21 & dist_both>=-0.2) & res_typex != "Condominiums"

. 
. * Part 16a: Rents w/ ACS controls
. quietly eststo rent_du: reg log_mfrent ib26.dist3 i.lam_seg i.year if only_du==1 & `regression_conditions', vce(cluster lam_seg)

.         
. quietly eststo rent_duhe: reg log_mfrent ib26.dist3 i.lam_seg i.year if du_he == 1 & `regression_conditions', vce(cluster lam_seg)

. 
. quietly eststo rent_he: reg log_mfrent ib26.dist3 i.lam_seg i.year if only_he == 1 & `regression_conditions', vce(cluster lam_seg)

.         
. esttab rent_du rent_duhe rent_he, se r2 ///
>         indicate("Boundary f.e.=*lam_seg" "Year f.e.=*year") interaction(" X ") ///
>         label mtitles("rent_du" "rent_duhe" "rent_he") ///
>         title("Rents, baseline") 

Rents, baseline
--------------------------------------------------------------------
                              (1)             (2)             (3)   
                          rent_du       rent_duhe         rent_he   
--------------------------------------------------------------------
-.2                         0.165**         0.199***       -0.126   
                         (0.0614)        (0.0558)         (0.131)   

-.18                       0.0982*         0.0878          -0.307** 
                         (0.0384)        (0.0598)        (0.0900)   

-.16                       0.0712           0.129          -0.244***
                         (0.0621)        (0.0719)        (0.0647)   

-.14                        0.203***        0.181*          0.123*  
                         (0.0496)        (0.0739)        (0.0547)   

-.12                        0.135***        0.171**         0.130*  
                         (0.0328)        (0.0620)        (0.0571)   

-.1                        0.0898**        0.0497           0.109   
                         (0.0285)        (0.0539)        (0.0875)   

-.08                       0.0700**         0.107           0.174** 
                         (0.0255)        (0.0582)        (0.0529)   

-.06                       0.0812*         0.0783           0.138   
                         (0.0324)        (0.0620)        (0.0757)   

-.04                       0.0558*         0.0762           0.144*  
                         (0.0270)        (0.0642)        (0.0645)   

-.02                       0.0686**        0.0418          0.0190   
                         (0.0252)        (0.0570)        (0.0700)   

0                               0               0               0   
                              (.)             (.)             (.)   

.02                       -0.0207        -0.00250        -0.00566   
                         (0.0262)        (0.0461)        (0.0620)   

.04                       -0.0834*         -0.109          0.0229   
                         (0.0382)        (0.0641)        (0.0998)   

.06                       -0.0351         -0.0478          0.0427   
                         (0.0340)        (0.0774)        (0.0541)   

.08                        0.0141         -0.0424          -0.302***
                         (0.0259)        (0.0940)        (0.0823)   

.1                        0.00207          -0.115          -0.331***
                         (0.0331)        (0.0660)        (0.0819)   

.12                       -0.0281         -0.0835          -0.180   
                         (0.0267)        (0.0702)         (0.270)   

.14                        0.0469           0.250           0.107   
                         (0.0451)         (0.208)         (0.106)   

.16                       0.00577           0.260           0.309   
                         (0.0419)         (0.160)         (0.266)   

.18                       0.00794                                   
                         (0.0651)                                   

.2                         -0.143                                   
                         (0.0921)                                   

Constant                    6.414***        6.489***        7.116***
                         (0.0326)        (0.0535)        (0.0676)   

Boundary f.e.                 Yes             Yes             Yes   

Year f.e.                     Yes             Yes             Yes   
--------------------------------------------------------------------
Observations                50374           21925            3609   
R-squared                   0.642           0.620           0.641   
--------------------------------------------------------------------
Standard errors in parentheses
* p<0.05, ** p<0.01, *** p<0.001

.         
. * Part 16b: Rents w/ control for amenities 
. quietly eststo rent_du2: reg log_mfrent dist_center dist_road ib26.dist3 i.lam_seg i.year  if only_du==1 & `regression_conditions', vce(cluster lam_seg)

.         
. quietly eststo rent_duhe2: reg log_mfrent dist_road ib26.dist3 i.lam_seg i.year if du_he == 1 & `regression_conditions', vce(cluster lam_seg)

. 
. quietly eststo rent_he2: reg log_mfrent soil_slope15 dist_space dist_road ib26.dist3 i.lam_seg i.year  if only_he == 1 & `regression_conditions', vce(cluster lam_seg)

.         
. esttab rent_du2 rent_duhe2 rent_he2, se r2 ///
>         indicate("Boundary f.e.=*lam_seg" "Year f.e.=*year") interaction(" X ") ///
>         label mtitles("rent_du2" "rent_duhe2" "rent_he2") ///
>         title("Rents, w/ amenities") 

Rents, w/ amenities
--------------------------------------------------------------------
                              (1)             (2)             (3)   
                         rent_du2      rent_duhe2        rent_he2   
--------------------------------------------------------------------
dist_center               -0.0307                                   
                         (0.0918)                                   

dist_road                  0.0550           0.868*          0.369   
                          (0.117)         (0.387)         (0.684)   

-.2                         0.162**         0.147*         -0.343*  
                         (0.0616)        (0.0631)         (0.133)   

-.18                       0.0971*         0.0309          -0.467***
                         (0.0402)        (0.0603)        (0.0652)   

-.16                       0.0705          0.0933          -0.477***
                         (0.0612)        (0.0723)        (0.0851)   

-.14                        0.203***        0.154*                  
                         (0.0494)        (0.0677)                   

-.12                        0.135***        0.135*         0.0357   
                         (0.0335)        (0.0623)        (0.0728)   

-.1                        0.0887**        0.0119           0.135   
                         (0.0291)        (0.0559)        (0.0877)   

-.08                       0.0691**        0.0706           0.161*  
                         (0.0257)        (0.0576)        (0.0716)   

-.06                       0.0805*         0.0531           0.118   
                         (0.0326)        (0.0598)        (0.0779)   

-.04                       0.0552*         0.0579           0.169*  
                         (0.0270)        (0.0674)        (0.0709)   

-.02                       0.0683**        0.0347          0.0166   
                         (0.0251)        (0.0564)        (0.0920)   

0                               0               0               0   
                              (.)             (.)             (.)   

.02                       -0.0205        -0.00490         0.00190   
                         (0.0262)        (0.0458)        (0.0668)   

.04                       -0.0831*         -0.120          0.0776   
                         (0.0382)        (0.0638)         (0.121)   

.06                       -0.0344         -0.0676          0.0655   
                         (0.0340)        (0.0697)        (0.0717)   

.08                        0.0147         -0.0657          -0.226** 
                         (0.0261)        (0.0804)        (0.0780)   

.1                        0.00280          -0.124*         -0.371***
                         (0.0330)        (0.0553)        (0.0622)   

.12                       -0.0283         -0.0991          -0.417   
                         (0.0269)        (0.0588)         (0.262)   

.14                        0.0477           0.230                   
                         (0.0452)         (0.206)                   

.16                       0.00500           0.214           0.454   
                         (0.0436)         (0.141)         (0.293)   

.18                       0.00812                                   
                         (0.0654)                                   

.2                         -0.144                                   
                         (0.0907)                                   

soil_slope15                                                444.6*  
                                                          (172.4)   

dist_space                                                  0.477   
                                                          (0.537)   

Constant                    6.461***        6.498***        6.327***
                          (0.148)        (0.0523)         (0.786)   

Boundary f.e.                 Yes             Yes             Yes   

Year f.e.                     Yes             Yes             Yes   
--------------------------------------------------------------------
Observations                50374           21925            2866   
R-squared                   0.642           0.622           0.655   
--------------------------------------------------------------------
Standard errors in parentheses
* p<0.05, ** p<0.01, *** p<0.001

.         
. esttab rent_du2 rent_duhe2 rent_he2 using "$EXPORTPATH/rents_table_amenities_control_new.tex", replace keep(25.dist3) se r2 ///
>         indicate("Boundary f.e.=*lam_seg" "Year f.e.=*year") interaction(" X ") ///
>         label mtitles("rent_du2" "rent_duhe2" "rent_he2") ///
>         title("Rents, w/ amenities")    
(file /shared/boston_zoning/working_paper/replication_package/analysis/robustness_mtlines_output/rents_table_amenities_control_new.tex not found)
(output written to /shared/boston_zoning/working_paper/replication_package/analysis/robustness_mtlines_output/rents_table_amenities_control_new.tex)

. 
. * robust s.e.
. quietly eststo rent_du2_robust: reg log_mfrent dist_center dist_road ib26.dist3 i.lam_seg i.year if only_du==1 & `regression_conditions', vce(robust)

.         
. quietly eststo rent_duhe2_robust: reg log_mfrent dist_road ib26.dist3 i.lam_seg i.year  if du_he == 1 & `regression_conditions', vce(robust)

. 
. quietly eststo rent_he2_robust: reg log_mfrent soil_slope15 dist_space dist_road ib26.dist3 i.lam_seg i.year if only_he == 1 & `regression_conditions', vce(robust)

.         
. esttab rent_du2_robust rent_duhe2_robust rent_he2_robust, se r2 ///
>         indicate("Boundary f.e.=*lam_seg" "Year f.e.=*year") interaction(" X ") ///
>         label mtitles("rent_du2" "rent_duhe2" "rent_he2") ///
>         title("Rents, w/ amenities, robust s.e.") 

Rents, w/ amenities, robust s.e.
--------------------------------------------------------------------
                              (1)             (2)             (3)   
                         rent_du2      rent_duhe2        rent_he2   
--------------------------------------------------------------------
dist_center               -0.0307                                   
                         (0.0161)                                   

dist_road                  0.0550           0.868***        0.369   
                         (0.0332)         (0.106)         (0.195)   

-.2                         0.162***        0.147***       -0.343***
                         (0.0202)        (0.0174)        (0.0739)   

-.18                       0.0971***       0.0309          -0.467***
                         (0.0175)        (0.0189)        (0.0432)   

-.16                       0.0705***       0.0933***       -0.477***
                         (0.0151)        (0.0166)        (0.0772)   

-.14                        0.203***        0.154***                
                         (0.0129)        (0.0156)                   

-.12                        0.135***        0.135***       0.0357   
                         (0.0124)        (0.0150)        (0.0348)   

-.1                        0.0887***       0.0119           0.135***
                        (0.00960)        (0.0140)        (0.0378)   

-.08                       0.0691***       0.0706***        0.161***
                        (0.00774)        (0.0122)        (0.0290)   

-.06                       0.0805***       0.0531***        0.118***
                        (0.00771)        (0.0140)        (0.0290)   

-.04                       0.0552***       0.0579***        0.169***
                        (0.00699)        (0.0137)        (0.0281)   

-.02                       0.0683***       0.0347***       0.0166   
                        (0.00635)        (0.0104)        (0.0268)   

0                               0               0               0   
                              (.)             (.)             (.)   

.02                       -0.0205**      -0.00490         0.00190   
                        (0.00705)        (0.0121)        (0.0275)   

.04                       -0.0831***       -0.120***       0.0776*  
                        (0.00886)        (0.0168)        (0.0352)   

.06                       -0.0344***      -0.0676***       0.0655*  
                        (0.00975)        (0.0188)        (0.0312)   

.08                        0.0147         -0.0657**        -0.226***
                        (0.00842)        (0.0236)        (0.0488)   

.1                        0.00280          -0.124***       -0.371***
                         (0.0102)        (0.0230)        (0.0500)   

.12                       -0.0283**       -0.0991***       -0.417***
                        (0.00948)        (0.0224)         (0.108)   

.14                        0.0477**         0.230***                
                         (0.0147)        (0.0665)                   

.16                       0.00500           0.214**         0.454***
                         (0.0128)        (0.0795)        (0.0954)   

.18                       0.00812                                   
                         (0.0211)                                   

.2                         -0.144***                                
                         (0.0283)                                   

soil_slope15                                                444.6***
                                                          (86.02)   

dist_space                                                  0.477***
                                                          (0.141)   

Constant                    6.461***        6.498***        6.327***
                         (0.0495)        (0.0298)         (0.232)   

Boundary f.e.                 Yes             Yes             Yes   

Year f.e.                     Yes             Yes             Yes   
--------------------------------------------------------------------
Observations                50374           21925            2866   
R-squared                   0.642           0.622           0.655   
--------------------------------------------------------------------
Standard errors in parentheses
* p<0.05, ** p<0.01, *** p<0.001

.                 
. * coefplots, Rents both
. local plot_list rent_du rent_duhe rent_he

. local suffix "coef_rent_robustness_amenitiesnew_both"

. local l1_title "Log Monthly Rent"

. local b1_title "<- More restrictive  |  Less restrictive ->"

. local b2_title "Distance to Boundary (miles)"

. 
. foreach r in `plot_list' {
  2.         
.         local pos = ustrpos("`r'", "_") + 1
  3.         local str = substr("`r'", `pos', .)
  4. 
.         if "`str'" == "du" {
  5.                 local title "Only DUPAC Changes"
  6.         }
  7.         
.         if "`str'" == "duhe" {
  8.                 local title "DUPAC and Height Change"
  9.         }
 10. 
.         if "`str'" == "he" {
 11.                 local title "Only Height Changes"
 12.         }
 13.         
.         * coefplots
.         #delimit;
delimiter now ;
.         coefplot 
>                 /* relaxed side graphing variables */
>                 (`r', keep(16.dist3 17.dist3 18.dist3 19.dist3 20.dist3 21.dist3 22.dist3 23.dist3 24.dist3 25.dist3) 
>                         recast(line) color(midblue) 
>                         ciopts(recast(rarea) color(midblue%30) lwidth(none))
>                         )
>                 
>                 /* strict side graphing variables */
>                 (`r', keep(26.dist3 27.dist3 28.dist3 29.dist3 30.dist3 31.dist3 32.dist3 33.dist3 34.dist3 35.dist3) 
>                         recast(line) color(maroon)
>                         ciopts(recast(rarea) color(maroon%30) lwidth(none))
>                         )
>                         
>                 (`r'2, keep(16.dist3 17.dist3 18.dist3 19.dist3 20.dist3 21.dist3 22.dist3 23.dist3 24.dist3 25.dist3) 
>                         recast(line) color(gs5%30) 
>                         ciopts(recast(rarea) color(gs5%30) lwidth(none))
>                         )
>                 
>                 /* strict side graphing variables */
>                 (`r'2, keep(26.dist3 27.dist3 28.dist3 29.dist3 30.dist3 31.dist3 32.dist3 33.dist3 34.dist3 35.dist3) 
>                         recast(line) color(gs5%30)
>                         ciopts(recast(rarea) color(gs5%30) lwidth(none))
>                         ),
> 
>                 /* plot region */
>                 vertical levels(95) baselevels offset(0)
>                 graphregion(fc(white) lcolor(white)) plotregion(fc(white) lcolor(white))
> 
>                 xline(10.5, lpattern(dash) lwidth(thin) lcolor(black))
>                 yline(0, lpattern(dash) lwidth(thin) lcolor(black))
> 
>                 /* titles, subtitles, notes */          
>                 title("{bf:`title'}", size(3) pos(12) margin(t=0 b=0 l=0 r=0) span)
> 
>                 /* axis titles and labels */            
>                 ylabel(, labsize(4) gmin gmax) ymtick() 
>                 
>                 xlabel(1 "-.20" 2 "-.18" 3 "-.16" 4 "-.14" 5 "-.12" 6 "-.10" 7 "-.08" 8 "-.06" 9 "-.04" 10 "-.02" 10.5 "0"
>                         11 ".02" 12 ".04" 13 ".06" 14 ".08" 15 ".10" 16 ".12" 17 ".14" 18 ".16" 19 ".18" 20 ".20", labsize(3) angle(45) gmax)
>                         
>                 /* legend */
>                 legend(off position(6) 
>                         order()
>                         symy(2) symx(3) 
>                         rows(1) cols() size(2) 
>                         nobox fcolor()
>                         region(fcolor(none) lpattern(blank))
>                         margin(t=1 b=1 l=0 r=0)span)
>                 name(`r'3, replace) ;
 14.                         graph combine `r'3,
>                 graphregion(fc(white) lcolor(white))
>                 l1title("{bf:`l1_title'}", size(3) margin(t=0 b=0 l=0 r=1))
>                 b1title("`b1_title'", size(2))
>                 b2title("{bf:`b2_title'}", size(3) margin(t=1 b=0 l=0 r=0))
>                 name("`r'a", replace);
 15.                 graph save "`r'a" "$EXPORTPATH/`suffix'_`str'", replace;
 16.         graph close "`r'a";
 17.         #delimit cr
delimiter now cr
. }
(file /shared/boston_zoning/working_paper/replication_package/analysis/robustness_mtlines_output/coef_rent_robustness_amenitiesnew_both_du.gph not found)
file /shared/boston_zoning/working_paper/replication_package/analysis/robustness_mtlines_output/coef_rent_robustness_amenitiesnew_both_du.gph saved
(file /shared/boston_zoning/working_paper/replication_package/analysis/robustness_mtlines_output/coef_rent_robustness_amenitiesnew_both_duhe.gph not found)
file /shared/boston_zoning/working_paper/replication_package/analysis/robustness_mtlines_output/coef_rent_robustness_amenitiesnew_both_duhe.gph saved
(file /shared/boston_zoning/working_paper/replication_package/analysis/robustness_mtlines_output/coef_rent_robustness_amenitiesnew_both_he.gph not found)
file /shared/boston_zoning/working_paper/replication_package/analysis/robustness_mtlines_output/coef_rent_robustness_amenitiesnew_both_he.gph saved

. 
. * combine all
. #delimit ;
delimiter now ;
. graph combine rent_du3 rent_duhe3 rent_he3,
>         rows(3) cols(2) ysize() xsize() iscale() imargin(0)
>         graphregion(fc(white) lcolor(white))
>         l1title("{bf:`l1_title'}", size(3) margin(t=0 b=0 l=0 r=1))
>         b1title("`b1_title'", size(2))
>         b2title("{bf:`b2_title'}", size(3) margin(t=1 b=0 l=0 r=0))
>         name("final_graph", replace);
(note:  named style 0 not found in class margin, default attributes used)
(note:  named style 0 not found in class margin, default attributes used)
(note:  named style 0 not found in class margin, default attributes used)

.                 graph save "final_graph" "$EXPORTPATH/`suffix'_all", replace;
(file /shared/boston_zoning/working_paper/replication_package/analysis/robustness_mtlines_output/coef_rent_robustness_amenitiesnew_both_all.gph not found)
file /shared/boston_zoning/working_paper/replication_package/analysis/robustness_mtlines_output/coef_rent_robustness_amenitiesnew_both_all.gph saved

. #delimit cr     
delimiter now cr
. 
. eststo clear

. graph close _all

.  
.  
. ********************************************************************************
. ** end
. ********************************************************************************
. log off
      name:  <unnamed>
       log:  /shared/boston_zoning/working_paper/replication_package/analysis/robustness_mtlines_output/robustness_mtlines_log_2025-04-18.log
  log type:  text
 paused on:  18 Apr 2025, 15:09:43
---------------------------------------------------------------------------------------------------------------------------------------------------------------------------------------------------------------------------------------------------------------
